observation_id,mdd_id,verbatim_taxon_name,taxon_match_method,reference_id,locator,method_id,call_phase,call_variant,variant_label,signal_direction,recording_condition,habitat_class,country,locality,date_or_season,n_individuals,n_calls,parameter,statistic,value,value_min,value_max,unit,dispersion_type,dispersion_value,harmonic,verbatim_value,quality_flag,notes
mst-00db61c13b2876,1005560,Histiotus velatus,exact,arias-aguilar-2018,supplied worksheet record BAT01937 (southamerica_aa18_satr),arias-aguilar-2018-compiled,unspecified,,,,free_flying_wild,,"SA-WT | South America, warm temperate",,,,,peak_frequency,range,,15,25,kHz,,,,15-25,definition_unstated,"Imported from MASTER_call_records.csv record BAT01937; upload archive sha256 17ffdda2ba6929d03dabcce39119e90d4ee10712fdf690885b3d4a5128d3e464. [trait_class=call_parameter] | Row tagged SA-Tr (South America, tropical) in Arias-Aguilar et al. 2018 Table 1-6. Reference numbers point to Appendix 1 of that paper, which was not itself retrieved, so the underlying primary citation is unresolved for every row here."
mst-0226bf70a688a8,1005197,Molossus coibensis,exact,arias-aguilar-2018,supplied worksheet record BAT00518 (centralamerica),arias-aguilar-2018-compiled,search,type II,type II,,free_flying_wild,,CA,,,,,peak_frequency,mean,39.7,,,kHz,sd,2.1,,39.7 +/- 2.1,ok,"Imported from MASTER_call_records.csv record BAT00518; upload archive sha256 17ffdda2ba6929d03dabcce39119e90d4ee10712fdf690885b3d4a5128d3e464. [trait_class=call_parameter] | From Arias-Aguilar et al. 2018 Table, rows tagged CA-Tr (Central America, tropical) - i.e. recordings actually made in Central America, not merely of species that occur there."
mst-026f40b0f36410,1005202,Molossus molossus,exact,arias-aguilar-2018,supplied worksheet record BAT01900 (southamerica_aa18_satr),arias-aguilar-2018-compiled,unspecified,,,,free_flying_wild,,"SA-Tr | South America, tropical (Arias-Aguilar region code)",,,,,peak_frequency,mean,38.16,,,kHz,,,,38.16 35.72-40.76,definition_unstated,"Imported from MASTER_call_records.csv record BAT01900; upload archive sha256 17ffdda2ba6929d03dabcce39119e90d4ee10712fdf690885b3d4a5128d3e464. [trait_class=call_parameter] | Row tagged SA-Tr (South America, tropical) in Arias-Aguilar et al. 2018 Table 1-6. Reference numbers point to Appendix 1 of that paper, which was not itself retrieved, so the underlying primary citation is unresolved for every row here."
mst-031b681aeff1e4,1004870,Noctilio albiventris,exact,arias-aguilar-2018,supplied worksheet record BAT00543 (centralamerica),arias-aguilar-2018-compiled,search,,,,free_flying_wild,,CA,,,,,peak_frequency,species_summary,70,,,kHz,,,,70,definition_unstated,"Imported from MASTER_call_records.csv record BAT00543; upload archive sha256 17ffdda2ba6929d03dabcce39119e90d4ee10712fdf690885b3d4a5128d3e464. [trait_class=call_parameter] | From Arias-Aguilar et al. 2018 Table, rows tagged CA-Tr (Central America, tropical) - i.e. recordings actually made in Central America, not merely of species that occur there. CF-FM structure, FME on the fundamental."
mst-06af5df6621121,1005205,Molossus rufus,exact,arias-aguilar-2018,supplied worksheet record BAT00519 (centralamerica),arias-aguilar-2018-compiled,search,,,,free_flying_wild,,CA,,,,,peak_frequency,mean,27.2,,,kHz,sd,4.43,,27.2 +/- 4.43,ok,"Imported from MASTER_call_records.csv record BAT00519; upload archive sha256 17ffdda2ba6929d03dabcce39119e90d4ee10712fdf690885b3d4a5128d3e464. [trait_class=call_parameter] | From Arias-Aguilar et al. 2018 Table, rows tagged CA-Tr (Central America, tropical) - i.e. recordings actually made in Central America, not merely of species that occur there."
mst-079806e57419c0,1005168,Cynomops greenhalli,exact,arias-aguilar-2018,supplied worksheet record BAT00527 (centralamerica),arias-aguilar-2018-compiled,search,,,,free_flying_wild,,CA,,,,,harmonic_emphasis,species_summary,1,,,count,,,,1,definition_unstated,"Imported from MASTER_call_records.csv record BAT00527; upload archive sha256 17ffdda2ba6929d03dabcce39119e90d4ee10712fdf690885b3d4a5128d3e464. [trait_class=call_structure] | Molossid FME is on the fundamental. Long, shallow-modulated, low-frequency signals with irregular frequency alternation, variable amplitude and great plasticity."
mst-0b7bbea63a5097,1004779,Centronycteris centralis,exact,arias-aguilar-2018,supplied worksheet record BAT00461 (centralamerica),arias-aguilar-2018-compiled,search,,,,free_flying_wild,,CA,,,,,duration,mean,5.9,,,ms,sd,1.4,,5.9 +/- 1.4,ok,"Imported from MASTER_call_records.csv record BAT00461; upload archive sha256 17ffdda2ba6929d03dabcce39119e90d4ee10712fdf690885b3d4a5128d3e464. [trait_class=call_parameter] | From Arias-Aguilar et al. 2018 Table, rows tagged CA-Tr (Central America, tropical) - i.e. recordings actually made in Central America, not merely of species that occur there."
mst-0c4173e5ce3636,1004791,Peropteryx trinitatis,exact,arias-aguilar-2018,supplied worksheet record BAT01871 (southamerica_aa18_satr),arias-aguilar-2018-compiled,unspecified,,,,free_flying_wild,,"SA-Tr | South America, tropical (Arias-Aguilar region code)",,,,,peak_frequency,species_summary,43.9,,,kHz,,,,43.9,definition_unstated,"Imported from MASTER_call_records.csv record BAT01871; upload archive sha256 17ffdda2ba6929d03dabcce39119e90d4ee10712fdf690885b3d4a5128d3e464. [trait_class=call_parameter] | Row tagged SA-Tr (South America, tropical) in Arias-Aguilar et al. 2018 Table 1-6. Reference numbers point to Appendix 1 of that paper, which was not itself retrieved, so the underlying primary citation is unresolved for every row here."
mst-0d9b609453d65d,1005280,Natalus tumidirostris,exact,arias-aguilar-2018,supplied worksheet record BAT02373 (southamerica_furipteridae_natalidae_thyropteridae),arias-aguilar-2018-compiled,unspecified,,,,free_flying_wild,,"SA-Tr | South America, tropical",,,,,peak_frequency,mean,120.2,,,kHz,sd,5.8,,120.2 +/- 5.8,ok,"Imported from MASTER_call_records.csv record BAT02373; upload archive sha256 17ffdda2ba6929d03dabcce39119e90d4ee10712fdf690885b3d4a5128d3e464. [trait_class=call_parameter] | From Arias-Aguilar et al. 2018 Table 2 (Furipteridae/Natalidae/Thyropteridae), previously fetched but NOT MINED into batch 1 - this was an outright omission, now corrected. Reference numbers point to the paper's Appendix 1, not itself retrieved. N. tumidirostris does NOT occur in Brazil; included here only because the source uses it as a proxy for the acoustic profile of the Brazilian species N. macrourus, which the source could not otherwise describe."
mst-10887254ad8a4b,1004849,Furipterus horrens,exact,arias-aguilar-2018,supplied worksheet record BAT02369 (southamerica_furipteridae_natalidae_thyropteridae),arias-aguilar-2018-compiled,unspecified,steep FM description,steep FM description,,free_flying_wild,,"SA-Tr | South America, tropical",,,,,peak_frequency,mean,152,,,kHz,sd,9.6,,152 +/- 9.6,ok,"Imported from MASTER_call_records.csv record BAT02369; upload archive sha256 17ffdda2ba6929d03dabcce39119e90d4ee10712fdf690885b3d4a5128d3e464. [trait_class=call_parameter] | From Arias-Aguilar et al. 2018 Table 2 (Furipteridae/Natalidae/Thyropteridae), previously fetched but NOT MINED into batch 1 - this was an outright omission, now corrected. Reference numbers point to the paper's Appendix 1, not itself retrieved."
mst-11eb5f748d4b9e,1005518,Eptesicus furinalis,synonym_via_mdd,arias-aguilar-2018,supplied worksheet record BAT00546 (centralamerica),arias-aguilar-2018-compiled,search,,,,free_flying_wild,,CA,,,,,peak_frequency,mean,52.6,,,kHz,sd,8.61,,52.6 +/- 8.61,ok,"Imported from MASTER_call_records.csv record BAT00546; upload archive sha256 17ffdda2ba6929d03dabcce39119e90d4ee10712fdf690885b3d4a5128d3e464. [trait_class=call_parameter] | From Arias-Aguilar et al. 2018 Table, rows tagged CA-Tr (Central America, tropical) - i.e. recordings actually made in Central America, not merely of species that occur there. Column assignment between EF/FME uncertain in this row."
mst-1285a196fce192,1004862,Pteronotus personatus,exact,arias-aguilar-2018,supplied worksheet record BAT00540 (centralamerica),arias-aguilar-2018-compiled,search,,,,free_flying_wild,,CA,,,,,harmonic_emphasis,species_summary,2,,,count,,,,2,definition_unstated,Imported from MASTER_call_records.csv record BAT00540; upload archive sha256 17ffdda2ba6929d03dabcce39119e90d4ee10712fdf690885b3d4a5128d3e464. [trait_class=call_structure] | Mormoopid FME is in the second harmonic; calls multiharmonic and shaped like a 'lazy Z'.
mst-128ab863d99254,1004792,Rhynchonycteris naso,exact,arias-aguilar-2018,supplied worksheet record BAT01873 (southamerica_aa18_satr),arias-aguilar-2018-compiled,unspecified,,,,free_flying_wild,,"SA-Tr | South America, tropical (Arias-Aguilar region code)",,,,,peak_frequency,mean,91,,,kHz,sd,1,,91.0 +/- 1.0,ok,"Imported from MASTER_call_records.csv record BAT01873; upload archive sha256 17ffdda2ba6929d03dabcce39119e90d4ee10712fdf690885b3d4a5128d3e464. [trait_class=call_parameter] | Row tagged SA-Tr (South America, tropical) in Arias-Aguilar et al. 2018 Table 1-6. Reference numbers point to Appendix 1 of that paper, which was not itself retrieved, so the underlying primary citation is unresolved for every row here. Straight/up call type, n reported as duration 5.6+/-0.3 ms, PI 74.5+/-50.0 ms."
mst-12e209eace5716,1004792,Rhynchonycteris naso,exact,arias-aguilar-2018,supplied worksheet record BAT00501 (centralamerica),arias-aguilar-2018-compiled,search,,,,free_flying_wild,,CA,,,,,duration,mean,4.8,,,ms,sd,0.9,,4.8 +/- 0.9,ok,"Imported from MASTER_call_records.csv record BAT00501; upload archive sha256 17ffdda2ba6929d03dabcce39119e90d4ee10712fdf690885b3d4a5128d3e464. [trait_class=call_parameter] | From Arias-Aguilar et al. 2018 Table, rows tagged CA-Tr (Central America, tropical) - i.e. recordings actually made in Central America, not merely of species that occur there."
mst-13c2c308c8e972,1005097,Thyroptera tricolor,exact,arias-aguilar-2018,supplied worksheet record BAT02384 (southamerica_furipteridae_natalidae_thyropteridae),arias-aguilar-2018-compiled,unspecified,,,,free_flying_wild,,"NA-Tr-Ar-WT | pooled across multiple regions incl. Mexico/French Guiana, NOT Brazil-specific",,,,,peak_frequency,mean,53.09,,,kHz,sd,2.46,,53.09 +/- 2.46,ok,"Imported from MASTER_call_records.csv record BAT02384; upload archive sha256 17ffdda2ba6929d03dabcce39119e90d4ee10712fdf690885b3d4a5128d3e464. [trait_class=call_parameter] | From Arias-Aguilar et al. 2018 Table 2 (Furipteridae/Natalidae/Thyropteridae), previously fetched but NOT MINED into batch 1 - this was an outright omission, now corrected. Reference numbers point to the paper's Appendix 1, not itself retrieved."
mst-13e1dd06e4def3,1005462,Myotis riparius,exact,arias-aguilar-2018,supplied worksheet record BAT01944 (southamerica_aa18_satr),arias-aguilar-2018-compiled,unspecified,,,,free_flying_wild,,"SA-Tr | South America, tropical (Arias-Aguilar region code)",,,,,peak_frequency,mean,58.1,,,kHz,sd,2.5,,58.1 +/- 2.5,ok,"Imported from MASTER_call_records.csv record BAT01944; upload archive sha256 17ffdda2ba6929d03dabcce39119e90d4ee10712fdf690885b3d4a5128d3e464. [trait_class=call_parameter] | Row tagged SA-Tr (South America, tropical) in Arias-Aguilar et al. 2018 Table 1-6. Reference numbers point to Appendix 1 of that paper, which was not itself retrieved, so the underlying primary citation is unresolved for every row here."
mst-14ab8e32dc33ee,1005174,Eumops auripendulus,exact,arias-aguilar-2018,supplied worksheet record BAT01892 (southamerica_aa18_satr),arias-aguilar-2018-compiled,unspecified,low/middle/high,low/middle/high,,free_flying_wild,,"SA-Tr | South America, tropical (Arias-Aguilar region code)",,,,,peak_frequency,range,,18.7,26.7,kHz,,,,18.7-26.7,definition_unstated,"Imported from MASTER_call_records.csv record BAT01892; upload archive sha256 17ffdda2ba6929d03dabcce39119e90d4ee10712fdf690885b3d4a5128d3e464. [trait_class=call_parameter] | Row tagged SA-Tr (South America, tropical) in Arias-Aguilar et al. 2018 Table 1-6. Reference numbers point to Appendix 1 of that paper, which was not itself retrieved, so the underlying primary citation is unresolved for every row here."
mst-14b7d412c73edc,1005205,Molossus rufus,exact,arias-aguilar-2018,supplied worksheet record BAT01901 (southamerica_aa18_satr),arias-aguilar-2018-compiled,unspecified,low/middle/high alternating,low/middle/high alternating,,free_flying_wild,,"SA-Tr | South America, tropical (Arias-Aguilar region code)",,,,,peak_frequency,range,,24.7,42,kHz,,,,24.7-42.0,definition_unstated,"Imported from MASTER_call_records.csv record BAT01901; upload archive sha256 17ffdda2ba6929d03dabcce39119e90d4ee10712fdf690885b3d4a5128d3e464. [trait_class=call_parameter] | Row tagged SA-Tr (South America, tropical) in Arias-Aguilar et al. 2018 Table 1-6. Reference numbers point to Appendix 1 of that paper, which was not itself retrieved, so the underlying primary citation is unresolved for every row here."
mst-15721b51275452,1005202,Molossus molossus,exact,arias-aguilar-2018,supplied worksheet record BAT00516 (centralamerica),arias-aguilar-2018-compiled,search,,,,free_flying_wild,,CA,,,,,duration,mean,9.3,,,ms,sd,2.97,,9.3 +/- 2.97,ok,"Imported from MASTER_call_records.csv record BAT00516; upload archive sha256 17ffdda2ba6929d03dabcce39119e90d4ee10712fdf690885b3d4a5128d3e464. [trait_class=call_parameter] | From Arias-Aguilar et al. 2018 Table, rows tagged CA-Tr (Central America, tropical) - i.e. recordings actually made in Central America, not merely of species that occur there."
mst-1707fcde8f29ad,1005202,Molossus molossus,exact,arias-aguilar-2018,supplied worksheet record BAT00515 (centralamerica),arias-aguilar-2018-compiled,search,,,,free_flying_wild,,CA,,,,,peak_frequency,mean,30.3,,,kHz,sd,4.76,,30.3 +/- 4.76,ok,"Imported from MASTER_call_records.csv record BAT00515; upload archive sha256 17ffdda2ba6929d03dabcce39119e90d4ee10712fdf690885b3d4a5128d3e464. [trait_class=call_parameter] | From Arias-Aguilar et al. 2018 Table, rows tagged CA-Tr (Central America, tropical) - i.e. recordings actually made in Central America, not merely of species that occur there. Separate CA-Tr study."
mst-18193627ec1326,1004781,Cormura brevirostris,exact,arias-aguilar-2018,supplied worksheet record BAT01863 (southamerica_aa18_satr),arias-aguilar-2018-compiled,unspecified,low/middle/high alternating bands,low/middle/high alternating bands,,free_flying_wild,,"SA-Tr | South America, tropical (Arias-Aguilar region code)",,,,,peak_frequency,range,,26,32.3,kHz,,,,26-32.3,definition_unstated,"Imported from MASTER_call_records.csv record BAT01863; upload archive sha256 17ffdda2ba6929d03dabcce39119e90d4ee10712fdf690885b3d4a5128d3e464. [trait_class=call_parameter] | Row tagged SA-Tr (South America, tropical) in Arias-Aguilar et al. 2018 Table 1-6. Reference numbers point to Appendix 1 of that paper, which was not itself retrieved, so the underlying primary citation is unresolved for every row here. Three alternating bands: ~26 (low), ~29.4 (middle), ~32.3 (high) kHz."
mst-1828e935fe2ddb,1004853,Pteronotus davyi,exact,arias-aguilar-2018,supplied worksheet record BAT00532 (centralamerica),arias-aguilar-2018-compiled,search,,,,free_flying_wild,,CA,,,,,duration,mean,6.6,,,ms,sd,0.7,,6.6 +/- 0.7,ok,"Imported from MASTER_call_records.csv record BAT00532; upload archive sha256 17ffdda2ba6929d03dabcce39119e90d4ee10712fdf690885b3d4a5128d3e464. [trait_class=call_parameter] | From Arias-Aguilar et al. 2018 Table, rows tagged CA-Tr (Central America, tropical) - i.e. recordings actually made in Central America, not merely of species that occur there."
mst-196885e14c0f54,1004856,Pteronotus gymnonotus,exact,arias-aguilar-2018,supplied worksheet record BAT00539 (centralamerica),arias-aguilar-2018-compiled,search,,,,free_flying_wild,,CA,,,,,harmonic_emphasis,species_summary,2,,,count,,,,2,definition_unstated,Imported from MASTER_call_records.csv record BAT00539; upload archive sha256 17ffdda2ba6929d03dabcce39119e90d4ee10712fdf690885b3d4a5128d3e464. [trait_class=call_structure] | Mormoopid FME is in the second harmonic; calls multiharmonic and shaped like a 'lazy Z'.
mst-1a2c873a370a59,1004781,Cormura brevirostris,exact,arias-aguilar-2018,supplied worksheet record BAT00479 (centralamerica),arias-aguilar-2018-compiled,search,high,high,,free_flying_wild,,CA,,,,,duration,mean,8.6,,,ms,sd,1.6,,8.6 +/- 1.6,ok,"Imported from MASTER_call_records.csv record BAT00479; upload archive sha256 17ffdda2ba6929d03dabcce39119e90d4ee10712fdf690885b3d4a5128d3e464. [trait_class=call_parameter] | From Arias-Aguilar et al. 2018 Table, rows tagged CA-Tr (Central America, tropical) - i.e. recordings actually made in Central America, not merely of species that occur there."
mst-1b25056196a004,1004797,Saccopteryx leptura,exact,arias-aguilar-2018,supplied worksheet record BAT00490 (centralamerica),arias-aguilar-2018-compiled,search,low,low,,free_flying_wild,,CA,,,,,peak_frequency,mean,51.3,,,kHz,sd,1.8,,51.3 +/- 1.8,ok,"Imported from MASTER_call_records.csv record BAT00490; upload archive sha256 17ffdda2ba6929d03dabcce39119e90d4ee10712fdf690885b3d4a5128d3e464. [trait_class=call_parameter] | From Arias-Aguilar et al. 2018 Table, rows tagged CA-Tr (Central America, tropical) - i.e. recordings actually made in Central America, not merely of species that occur there."
mst-1b56ddf54a78c5,1004871,Noctilio leporinus,exact,arias-aguilar-2018,supplied worksheet record BAT00544 (centralamerica),arias-aguilar-2018-compiled,search,,,,free_flying_wild,,CA,,,,,peak_frequency,species_summary,65,,,kHz,,,,65,definition_unstated,"Imported from MASTER_call_records.csv record BAT00544; upload archive sha256 17ffdda2ba6929d03dabcce39119e90d4ee10712fdf690885b3d4a5128d3e464. [trait_class=call_parameter] | From Arias-Aguilar et al. 2018 Table, rows tagged CA-Tr (Central America, tropical) - i.e. recordings actually made in Central America, not merely of species that occur there. A second CA-Tr row gives 56 kHz; and a third 40.7/51.2. Trawling/fishing bat."
mst-209c68d1fb9ff8,1005518,Eptesicus furinalis,synonym_via_mdd,arias-aguilar-2018,supplied worksheet record BAT00547 (centralamerica),arias-aguilar-2018-compiled,search,,,,free_flying_wild,,CA,,,,,duration,mean,5.5,,,ms,sd,1.58,,5.5 +/- 1.58,ok,"Imported from MASTER_call_records.csv record BAT00547; upload archive sha256 17ffdda2ba6929d03dabcce39119e90d4ee10712fdf690885b3d4a5128d3e464. [trait_class=call_parameter] | From Arias-Aguilar et al. 2018 Table, rows tagged CA-Tr (Central America, tropical) - i.e. recordings actually made in Central America, not merely of species that occur there."
mst-20e4ad52ae0545,1004853,Pteronotus davyi,exact,arias-aguilar-2018,supplied worksheet record BAT00533 (centralamerica),arias-aguilar-2018-compiled,search,,,,free_flying_wild,,CA,,,,,duty_cycle,mean,10.1,,,percent,sd,2.3,,10.1 +/- 2.3,ok,"Imported from MASTER_call_records.csv record BAT00533; upload archive sha256 17ffdda2ba6929d03dabcce39119e90d4ee10712fdf690885b3d4a5128d3e464. [trait_class=call_parameter] | From Arias-Aguilar et al. 2018 Table, rows tagged CA-Tr (Central America, tropical) - i.e. recordings actually made in Central America, not merely of species that occur there. Low duty cycle."
mst-210a83b7c40554,1005554,Histiotus diaphanopterus,exact,arias-aguilar-2018,supplied worksheet record BAT01933 (southamerica_aa18_satr),arias-aguilar-2018-compiled,unspecified,,,,free_flying_wild,,"SA-Tr | South America, tropical (Arias-Aguilar region code)",,,,,peak_frequency,mean,28.3,,,kHz,sd,4,,28.3 +/- 4.0,ok,"Imported from MASTER_call_records.csv record BAT01933; upload archive sha256 17ffdda2ba6929d03dabcce39119e90d4ee10712fdf690885b3d4a5128d3e464. [trait_class=call_parameter] | Row tagged SA-Tr (South America, tropical) in Arias-Aguilar et al. 2018 Table 1-6. Reference numbers point to Appendix 1 of that paper, which was not itself retrieved, so the underlying primary citation is unresolved for every row here."
mst-222940bf6d2a72,1005196,Molossus bondae,exact,arias-aguilar-2018,supplied worksheet record BAT01898 (southamerica_aa18_satr),arias-aguilar-2018-compiled,unspecified,,,,free_flying_wild,,"SA-Tr | South America, tropical (Arias-Aguilar region code)",,,,,peak_frequency,range,,32.4,34.9,kHz,,,,32.4-34.9,definition_unstated,"Imported from MASTER_call_records.csv record BAT01898; upload archive sha256 17ffdda2ba6929d03dabcce39119e90d4ee10712fdf690885b3d4a5128d3e464. [trait_class=call_parameter] | Row tagged SA-Tr (South America, tropical) in Arias-Aguilar et al. 2018 Table 1-6. Reference numbers point to Appendix 1 of that paper, which was not itself retrieved, so the underlying primary citation is unresolved for every row here."
mst-29eb595d6274af,1005236,Nyctinomops laticaudatus,exact,arias-aguilar-2018,supplied worksheet record BAT00530 (centralamerica),arias-aguilar-2018-compiled,search,,,,free_flying_wild,,CA,,,,,harmonic_emphasis,species_summary,1,,,count,,,,1,definition_unstated,"Imported from MASTER_call_records.csv record BAT00530; upload archive sha256 17ffdda2ba6929d03dabcce39119e90d4ee10712fdf690885b3d4a5128d3e464. [trait_class=call_structure] | Molossid FME is on the fundamental. Long, shallow-modulated, low-frequency signals with irregular frequency alternation, variable amplitude and great plasticity."
mst-2c10152414665b,1005202,Molossus molossus,exact,arias-aguilar-2018,supplied worksheet record BAT01899 (southamerica_aa18_satr),arias-aguilar-2018-compiled,unspecified,low/middle/high alternating,low/middle/high alternating,,free_flying_wild,,"SA-Tr | South America, tropical (Arias-Aguilar region code)",,,,,peak_frequency,range,,33,44.3,kHz,,,,33.0-44.3,definition_unstated,"Imported from MASTER_call_records.csv record BAT01899; upload archive sha256 17ffdda2ba6929d03dabcce39119e90d4ee10712fdf690885b3d4a5128d3e464. [trait_class=call_parameter] | Row tagged SA-Tr (South America, tropical) in Arias-Aguilar et al. 2018 Table 1-6. Reference numbers point to Appendix 1 of that paper, which was not itself retrieved, so the underlying primary citation is unresolved for every row here."
mst-2ffbec4fa965e5,1004781,Cormura brevirostris,exact,arias-aguilar-2018,supplied worksheet record BAT01864 (southamerica_aa18_satr),arias-aguilar-2018-compiled,unspecified,,,,free_flying_wild,,"SA-Tr | South America, tropical (Arias-Aguilar region code)",,,,,duration,range,,8.2,11.97,ms,,,,8.2-11.97,definition_unstated,"Imported from MASTER_call_records.csv record BAT01864; upload archive sha256 17ffdda2ba6929d03dabcce39119e90d4ee10712fdf690885b3d4a5128d3e464. [trait_class=call_parameter] | Row tagged SA-Tr (South America, tropical) in Arias-Aguilar et al. 2018 Table 1-6. Reference numbers point to Appendix 1 of that paper, which was not itself retrieved, so the underlying primary citation is unresolved for every row here."
mst-3051eafe05369f,1005095,Thyroptera discifera,exact,arias-aguilar-2018,supplied worksheet record BAT02379 (southamerica_furipteridae_natalidae_thyropteridae),arias-aguilar-2018-compiled,unspecified,fundamental,fundamental,,free_flying_wild,,"SA-Tr | South America, tropical",,,,,duration,mean,2.9,,,ms,sd,0.5,,2.9 +/- 0.5,ok,"Imported from MASTER_call_records.csv record BAT02379; upload archive sha256 17ffdda2ba6929d03dabcce39119e90d4ee10712fdf690885b3d4a5128d3e464. [trait_class=call_parameter] | From Arias-Aguilar et al. 2018 Table 2 (Furipteridae/Natalidae/Thyropteridae), previously fetched but NOT MINED into batch 1 - this was an outright omission, now corrected. Reference numbers point to the paper's Appendix 1, not itself retrieved."
mst-30ced0b5c87c50,1004797,Saccopteryx leptura,exact,arias-aguilar-2018,supplied worksheet record BAT00494 (centralamerica),arias-aguilar-2018-compiled,search,middle,middle,,free_flying_wild,,CA,,,,,duration,mean,6.8,,,ms,sd,1.2,,6.8 +/- 1.2,ok,"Imported from MASTER_call_records.csv record BAT00494; upload archive sha256 17ffdda2ba6929d03dabcce39119e90d4ee10712fdf690885b3d4a5128d3e464. [trait_class=call_parameter] | From Arias-Aguilar et al. 2018 Table, rows tagged CA-Tr (Central America, tropical) - i.e. recordings actually made in Central America, not merely of species that occur there."
mst-31ce65bb7a8500,1005518,Eptesicus furinalis,synonym_via_mdd,arias-aguilar-2018,supplied worksheet record BAT00556 (centralamerica),arias-aguilar-2018-compiled,search,,,,free_flying_wild,,CA,,,,,harmonic_emphasis,species_summary,1,,,count,,,,1,definition_unstated,Imported from MASTER_call_records.csv record BAT00556; upload archive sha256 17ffdda2ba6929d03dabcce39119e90d4ee10712fdf690885b3d4a5128d3e464. [trait_class=call_structure] | Neotropical vespertilionid FME is on the fundamental; broadband downward FM with a downward QCF termination. FME and minimum frequency are the key identification parameters.
mst-3231a32f06f99b,1004789,Peropteryx macrotis,exact,arias-aguilar-2018,supplied worksheet record BAT01869 (southamerica_aa18_satr),arias-aguilar-2018-compiled,unspecified,,,,free_flying_wild,,"SA-Tr | South America, tropical (Arias-Aguilar region code)",,,,,peak_frequency,species_summary,38.4,,,kHz,,,,38.4 36.7-39.7,definition_unstated,"Imported from MASTER_call_records.csv record BAT01869; upload archive sha256 17ffdda2ba6929d03dabcce39119e90d4ee10712fdf690885b3d4a5128d3e464. [trait_class=call_parameter] | Row tagged SA-Tr (South America, tropical) in Arias-Aguilar et al. 2018 Table 1-6. Reference numbers point to Appendix 1 of that paper, which was not itself retrieved, so the underlying primary citation is unresolved for every row here."
mst-3377a1597d4c8c,1004794,Saccopteryx bilineata,exact,arias-aguilar-2018,supplied worksheet record BAT00485 (centralamerica),arias-aguilar-2018-compiled,search,low,low,,free_flying_wild,,CA,,,,,duration,mean,7.5,,,ms,sd,1.5,,7.5 +/- 1.5,ok,"Imported from MASTER_call_records.csv record BAT00485; upload archive sha256 17ffdda2ba6929d03dabcce39119e90d4ee10712fdf690885b3d4a5128d3e464. [trait_class=call_parameter] | From Arias-Aguilar et al. 2018 Table, rows tagged CA-Tr (Central America, tropical) - i.e. recordings actually made in Central America, not merely of species that occur there."
mst-35c15bb44317ac,1005233,Neoplatymops mattogrossensis,exact,arias-aguilar-2018,supplied worksheet record BAT01897 (southamerica_aa18_satr),arias-aguilar-2018-compiled,unspecified,low/high,low/high,,free_flying_wild,,"SA-Tr | South America, tropical (Arias-Aguilar region code)",,,,,peak_frequency,range,,32.3,37.9,kHz,,,,32.3-37.9,definition_unstated,"Imported from MASTER_call_records.csv record BAT01897; upload archive sha256 17ffdda2ba6929d03dabcce39119e90d4ee10712fdf690885b3d4a5128d3e464. [trait_class=call_parameter] | Row tagged SA-Tr (South America, tropical) in Arias-Aguilar et al. 2018 Table 1-6. Reference numbers point to Appendix 1 of that paper, which was not itself retrieved, so the underlying primary citation is unresolved for every row here."
mst-363d484ab795ea,1005359,Myotis albescens,exact,arias-aguilar-2018,supplied worksheet record BAT01938 (southamerica_aa18_satr),arias-aguilar-2018-compiled,unspecified,,,,free_flying_wild,,"SA-Tr | South America, tropical (Arias-Aguilar region code)",,,,,peak_frequency,mean,64,,,kHz,,,,64.0 57.28-72.61,definition_unstated,"Imported from MASTER_call_records.csv record BAT01938; upload archive sha256 17ffdda2ba6929d03dabcce39119e90d4ee10712fdf690885b3d4a5128d3e464. [trait_class=call_parameter] | Row tagged SA-Tr (South America, tropical) in Arias-Aguilar et al. 2018 Table 1-6. Reference numbers point to Appendix 1 of that paper, which was not itself retrieved, so the underlying primary citation is unresolved for every row here."
mst-37498ab7cb8f03,1005205,Molossus rufus,exact,arias-aguilar-2018,supplied worksheet record BAT01902 (southamerica_aa18_satr),arias-aguilar-2018-compiled,unspecified,,,,free_flying_wild,,"SA-Tr | South America, tropical (Arias-Aguilar region code)",,,,,peak_frequency,mean,26.13,,,kHz,,,,26.13 25.36-26.98,definition_unstated,"Imported from MASTER_call_records.csv record BAT01902; upload archive sha256 17ffdda2ba6929d03dabcce39119e90d4ee10712fdf690885b3d4a5128d3e464. [trait_class=call_parameter] | Row tagged SA-Tr (South America, tropical) in Arias-Aguilar et al. 2018 Table 1-6. Reference numbers point to Appendix 1 of that paper, which was not itself retrieved, so the underlying primary citation is unresolved for every row here."
mst-39b116bee7b187,1005499,Rhogeessa hussoni,exact,arias-aguilar-2018,supplied worksheet record BAT01948 (southamerica_aa18_satr),arias-aguilar-2018-compiled,unspecified,,,,free_flying_wild,,"SA-Tr | South America, tropical (Arias-Aguilar region code)",,,,,peak_frequency,mean,59.8,,,kHz,sd,2.5,,59.8 +/- 2.5,ok,"Imported from MASTER_call_records.csv record BAT01948; upload archive sha256 17ffdda2ba6929d03dabcce39119e90d4ee10712fdf690885b3d4a5128d3e464. [trait_class=call_parameter] | Row tagged SA-Tr (South America, tropical) in Arias-Aguilar et al. 2018 Table 1-6. Reference numbers point to Appendix 1 of that paper, which was not itself retrieved, so the underlying primary citation is unresolved for every row here."
mst-3cfae5a132a670,1005518,Neoeptesicus furinalis,exact,arias-aguilar-2018,supplied worksheet record BAT01950 (southamerica_aa18_satr),arias-aguilar-2018-compiled,unspecified,Fm flat call type,Fm flat call type,,free_flying_wild,,"SA-Tr | South America, tropical",,,,,peak_frequency,mean,36.1,,,kHz,sd,9.8,,36.1 +/- 9.8,ok,"Imported from MASTER_call_records.csv record BAT01950; upload archive sha256 17ffdda2ba6929d03dabcce39119e90d4ee10712fdf690885b3d4a5128d3e464. [trait_class=call_parameter] | MISSED IN FIRST PASS - same table as other SA-Tr Vespertilionidae rows. Start freq 41.6+/-2, duration 6+/-1.3 ms. Maps to Neoeptesicus furinalis (formerly Eptesicus furinalis)."
mst-3ec318703aebb4,1005359,Myotis albescens,exact,arias-aguilar-2018,supplied worksheet record BAT01939 (southamerica_aa18_satr),arias-aguilar-2018-compiled,unspecified,FM-QCF down variant,FM-QCF down variant,,free_flying_wild,,"SA-Tr | South America, tropical (Arias-Aguilar region code)",,,,,peak_frequency,mean,125.9,,,kHz,sd,7,,125.9 +/- 7.0,ok,"Imported from MASTER_call_records.csv record BAT01939; upload archive sha256 17ffdda2ba6929d03dabcce39119e90d4ee10712fdf690885b3d4a5128d3e464. [trait_class=call_parameter] | Row tagged SA-Tr (South America, tropical) in Arias-Aguilar et al. 2018 Table 1-6. Reference numbers point to Appendix 1 of that paper, which was not itself retrieved, so the underlying primary citation is unresolved for every row here. SUSPECT: far above the other Myotis albescens value in the same table; flagged for verification."
mst-3fd59091fcb713,1004789,Peropteryx macrotis,exact,arias-aguilar-2018,supplied worksheet record BAT00469 (centralamerica),arias-aguilar-2018-compiled,search,,,,free_flying_wild,,CA,,,,,peak_frequency,mean,38.9,,,kHz,sd,0.9,,38.9 +/- 0.9,ok,"Imported from MASTER_call_records.csv record BAT00469; upload archive sha256 17ffdda2ba6929d03dabcce39119e90d4ee10712fdf690885b3d4a5128d3e464. [trait_class=call_parameter] | From Arias-Aguilar et al. 2018 Table, rows tagged CA-Tr (Central America, tropical) - i.e. recordings actually made in Central America, not merely of species that occur there."
mst-403558b7274efe,1005166,Cynomops abrasus,exact,arias-aguilar-2018,supplied worksheet record BAT01887 (southamerica_aa18_satr),arias-aguilar-2018-compiled,unspecified,low/middle,low/middle,,free_flying_wild,,"SA-Tr | South America, tropical (Arias-Aguilar region code)",,,,,peak_frequency,range,,22.3,30,kHz,,,,22.3-30,definition_unstated,"Imported from MASTER_call_records.csv record BAT01887; upload archive sha256 17ffdda2ba6929d03dabcce39119e90d4ee10712fdf690885b3d4a5128d3e464. [trait_class=call_parameter] | Row tagged SA-Tr (South America, tropical) in Arias-Aguilar et al. 2018 Table 1-6. Reference numbers point to Appendix 1 of that paper, which was not itself retrieved, so the underlying primary citation is unresolved for every row here."
mst-414462bde5973d,1004871,Noctilio leporinus,exact,arias-aguilar-2018,supplied worksheet record BAT01925 (southamerica_aa18_satr),arias-aguilar-2018-compiled,unspecified,,,,free_flying_wild,,"SA-Tr | South America, tropical (Arias-Aguilar region code)",,,,,peak_frequency,range,,53,61,kHz,,,,53-61,definition_unstated,"Imported from MASTER_call_records.csv record BAT01925; upload archive sha256 17ffdda2ba6929d03dabcce39119e90d4ee10712fdf690885b3d4a5128d3e464. [trait_class=call_parameter] | Row tagged SA-Tr (South America, tropical) in Arias-Aguilar et al. 2018 Table 1-6. Reference numbers point to Appendix 1 of that paper, which was not itself retrieved, so the underlying primary citation is unresolved for every row here."
mst-416a2976269e27,1004871,Noctilio leporinus,exact,arias-aguilar-2018,supplied worksheet record BAT00545 (centralamerica),arias-aguilar-2018-compiled,search,,,,free_flying_wild,,CA,,,,,duration,mean,7,,,ms,sd,3.62,,7.0 +/- 3.62,ok,"Imported from MASTER_call_records.csv record BAT00545; upload archive sha256 17ffdda2ba6929d03dabcce39119e90d4ee10712fdf690885b3d4a5128d3e464. [trait_class=call_parameter] | From Arias-Aguilar et al. 2018 Table, rows tagged CA-Tr (Central America, tropical) - i.e. recordings actually made in Central America, not merely of species that occur there."
mst-4297839d8a6e52,1005462,Myotis riparius,exact,arias-aguilar-2018,supplied worksheet record BAT00555 (centralamerica),arias-aguilar-2018-compiled,search,,,,free_flying_wild,,CA,,,,,peak_frequency,range,,58,60,kHz,,,,58-60,definition_unstated,"Imported from MASTER_call_records.csv record BAT00555; upload archive sha256 17ffdda2ba6929d03dabcce39119e90d4ee10712fdf690885b3d4a5128d3e464. [trait_class=call_parameter] | From Arias-Aguilar et al. 2018 Table, rows tagged CA-Tr (Central America, tropical) - i.e. recordings actually made in Central America, not merely of species that occur there."
mst-4506ee25757944,1004781,Cormura brevirostris,exact,arias-aguilar-2018,supplied worksheet record BAT00473 (centralamerica),arias-aguilar-2018-compiled,search,low,low,,free_flying_wild,,CA,,,,,duration,mean,8.2,,,ms,sd,2,,8.2 +/- 2.0,ok,"Imported from MASTER_call_records.csv record BAT00473; upload archive sha256 17ffdda2ba6929d03dabcce39119e90d4ee10712fdf690885b3d4a5128d3e464. [trait_class=call_parameter] | From Arias-Aguilar et al. 2018 Table, rows tagged CA-Tr (Central America, tropical) - i.e. recordings actually made in Central America, not merely of species that occur there."
mst-4679771a740564,1004787,Peropteryx kappleri,exact,arias-aguilar-2018,supplied worksheet record BAT01868 (southamerica_aa18_satr),arias-aguilar-2018-compiled,unspecified,,,,free_flying_wild,,"SA-Tr | South America, tropical (Arias-Aguilar region code)",,,,,peak_frequency,species_summary,31.3,,,kHz,,,,31.3 30.7-33,definition_unstated,"Imported from MASTER_call_records.csv record BAT01868; upload archive sha256 17ffdda2ba6929d03dabcce39119e90d4ee10712fdf690885b3d4a5128d3e464. [trait_class=call_parameter] | Row tagged SA-Tr (South America, tropical) in Arias-Aguilar et al. 2018 Table 1-6. Reference numbers point to Appendix 1 of that paper, which was not itself retrieved, so the underlying primary citation is unresolved for every row here."
mst-4693b74fe8367d,1005556,Histiotus laephotis,exact,arias-aguilar-2018,supplied worksheet record BAT01934 (southamerica_aa18_satr),arias-aguilar-2018-compiled,unspecified,,,,free_flying_wild,,"SA-Ar | South America, arid",,,,,peak_frequency,mean,30.3,,,kHz,sd,3.6,,30.3 +/- 3.6,ok,"Imported from MASTER_call_records.csv record BAT01934; upload archive sha256 17ffdda2ba6929d03dabcce39119e90d4ee10712fdf690885b3d4a5128d3e464. [trait_class=call_parameter] | Row tagged SA-Tr (South America, tropical) in Arias-Aguilar et al. 2018 Table 1-6. Reference numbers point to Appendix 1 of that paper, which was not itself retrieved, so the underlying primary citation is unresolved for every row here."
mst-46c34c8d9a6f65,1005359,Myotis albescens,exact,arias-aguilar-2018,supplied worksheet record BAT00559 (centralamerica),arias-aguilar-2018-compiled,search,,,,free_flying_wild,,CA,,,,,harmonic_emphasis,species_summary,1,,,count,,,,1,definition_unstated,Imported from MASTER_call_records.csv record BAT00559; upload archive sha256 17ffdda2ba6929d03dabcce39119e90d4ee10712fdf690885b3d4a5128d3e464. [trait_class=call_structure] | Neotropical vespertilionid FME is on the fundamental; broadband downward FM with a downward QCF termination. FME and minimum frequency are the key identification parameters.
mst-47724e4bf691d4,1004871,Noctilio leporinus,exact,arias-aguilar-2018,supplied worksheet record BAT01924 (southamerica_aa18_satr),arias-aguilar-2018-compiled,unspecified,,,,free_flying_wild,,"SA-Tr | South America, tropical (Arias-Aguilar region code)",,,,,peak_frequency,mean,34.61,,,kHz,,,,34.61 32.52-37.24,definition_unstated,"Imported from MASTER_call_records.csv record BAT01924; upload archive sha256 17ffdda2ba6929d03dabcce39119e90d4ee10712fdf690885b3d4a5128d3e464. [trait_class=call_parameter] | Row tagged SA-Tr (South America, tropical) in Arias-Aguilar et al. 2018 Table 1-6. Reference numbers point to Appendix 1 of that paper, which was not itself retrieved, so the underlying primary citation is unresolved for every row here."
mst-4a2c635b189abf,1004861,Pteronotus parnellii,exact,arias-aguilar-2018,supplied worksheet record BAT00536 (centralamerica),arias-aguilar-2018-compiled,search,phonic type 60 kHz,phonic type 60 kHz,,free_flying_wild,,CA,,,,,peak_frequency,species_summary,60,,,kHz,,,,60,definition_unstated,"Imported from MASTER_call_records.csv record BAT00536; upload archive sha256 17ffdda2ba6929d03dabcce39119e90d4ee10712fdf690885b3d4a5128d3e464. [trait_class=call_parameter] | From Arias-Aguilar et al. 2018 Table, rows tagged CA-Tr (Central America, tropical) - i.e. recordings actually made in Central America, not merely of species that occur there. CRITICAL: P. parnellii is a cryptic species COMPLEX with distinct sonotypes (53, 55, 59, 60, 62 kHz) that live in sympatry. A single value for 'P. parnellii' pools species."
mst-4b9a139f0d3ac2,1004794,Saccopteryx bilineata,exact,arias-aguilar-2018,supplied worksheet record BAT00508 (centralamerica),arias-aguilar-2018-compiled,search,,,,free_flying_wild,,CA,,,,,harmonic_emphasis,species_summary,2,,,count,,,,2,definition_unstated,"Imported from MASTER_call_records.csv record BAT00508; upload archive sha256 17ffdda2ba6929d03dabcce39119e90d4ee10712fdf690885b3d4a5128d3e464. [trait_class=call_structure] | Family-wide: most energy in the quasi-CF part of the SECOND harmonic. Rarely Diclidurus, Saccopteryx and Rhynchonycteris place FME on the fundamental."
mst-4c5389ca391c86,1005581,Lasiurus egregius,exact,arias-aguilar-2018,supplied worksheet record BAT01932 (southamerica_aa18_satr),arias-aguilar-2018-compiled,unspecified,,,,free_flying_wild,,"SA-Tr | South America, tropical (Arias-Aguilar region code)",,,,,peak_frequency,mean,30.2,,,kHz,sd,3.5,,30.2 +/- 3.5,ok,"Imported from MASTER_call_records.csv record BAT01932; upload archive sha256 17ffdda2ba6929d03dabcce39119e90d4ee10712fdf690885b3d4a5128d3e464. [trait_class=call_parameter] | Row tagged SA-Tr (South America, tropical) in Arias-Aguilar et al. 2018 Table 1-6. Reference numbers point to Appendix 1 of that paper, which was not itself retrieved, so the underlying primary citation is unresolved for every row here."
mst-50393152cab310,1004794,Saccopteryx bilineata,exact,arias-aguilar-2018,supplied worksheet record BAT00484 (centralamerica),arias-aguilar-2018-compiled,search,low,low,,free_flying_wild,,CA,,,,,peak_frequency,mean,44.5,,,kHz,sd,1.3,,44.5 +/- 1.3,ok,"Imported from MASTER_call_records.csv record BAT00484; upload archive sha256 17ffdda2ba6929d03dabcce39119e90d4ee10712fdf690885b3d4a5128d3e464. [trait_class=call_parameter] | From Arias-Aguilar et al. 2018 Table, rows tagged CA-Tr (Central America, tropical) - i.e. recordings actually made in Central America, not merely of species that occur there."
mst-51ff32fa6c93cb,1004851,Mormoops megalophylla,exact,arias-aguilar-2018,supplied worksheet record BAT00542 (centralamerica),arias-aguilar-2018-compiled,search,,,,free_flying_wild,,CA,,,,,harmonic_emphasis,species_summary,2,,,count,,,,2,definition_unstated,Imported from MASTER_call_records.csv record BAT00542; upload archive sha256 17ffdda2ba6929d03dabcce39119e90d4ee10712fdf690885b3d4a5128d3e464. [trait_class=call_structure] | Mormoopid FME is in the second harmonic; calls multiharmonic and shaped like a 'lazy Z'.
mst-522a40deb5e914,1004870,Noctilio albiventris,exact,arias-aguilar-2018,supplied worksheet record BAT01922 (southamerica_aa18_satr),arias-aguilar-2018-compiled,unspecified,broadband/narrowband CF-FM,broadband/narrowband CF-FM,,free_flying_wild,,"SA-Tr | South America, tropical (Arias-Aguilar region code)",,,,,peak_frequency,range,,68,76,kHz,,,,68-76,definition_unstated,"Imported from MASTER_call_records.csv record BAT01922; upload archive sha256 17ffdda2ba6929d03dabcce39119e90d4ee10712fdf690885b3d4a5128d3e464. [trait_class=call_parameter] | Row tagged SA-Tr (South America, tropical) in Arias-Aguilar et al. 2018 Table 1-6. Reference numbers point to Appendix 1 of that paper, which was not itself retrieved, so the underlying primary citation is unresolved for every row here."
mst-585dc9aa7439a5,1004781,Cormura brevirostris,exact,arias-aguilar-2018,supplied worksheet record BAT00475 (centralamerica),arias-aguilar-2018-compiled,search,middle,middle,,free_flying_wild,,CA,,,,,peak_frequency,mean,28.1,,,kHz,sd,0.6,,28.1 +/- 0.6,ok,"Imported from MASTER_call_records.csv record BAT00475; upload archive sha256 17ffdda2ba6929d03dabcce39119e90d4ee10712fdf690885b3d4a5128d3e464. [trait_class=call_parameter] | From Arias-Aguilar et al. 2018 Table, rows tagged CA-Tr (Central America, tropical) - i.e. recordings actually made in Central America, not merely of species that occur there."
mst-5b2a986c8474f3,1005280,Natalus tumidirostris,exact,arias-aguilar-2018,supplied worksheet record BAT02374 (southamerica_furipteridae_natalidae_thyropteridae),arias-aguilar-2018-compiled,unspecified,,,,free_flying_wild,,"SA-Tr | South America, tropical",,,,,end_frequency,mean,77.4,,,kHz,sd,29.5,,77.4 +/- 29.5,ok,"Imported from MASTER_call_records.csv record BAT02374; upload archive sha256 17ffdda2ba6929d03dabcce39119e90d4ee10712fdf690885b3d4a5128d3e464. [trait_class=call_parameter] | From Arias-Aguilar et al. 2018 Table 2 (Furipteridae/Natalidae/Thyropteridae), previously fetched but NOT MINED into batch 1 - this was an outright omission, now corrected. Reference numbers point to the paper's Appendix 1, not itself retrieved."
mst-5b7d97ec6a4009,1004782,Cyttarops alecto,exact,arias-aguilar-2018,supplied worksheet record BAT00464 (centralamerica),arias-aguilar-2018-compiled,search,,,,free_flying_wild,,CA,,,,,duration,mean,9.8,,,ms,sd,1.6,,9.8 +/- 1.6,ok,"Imported from MASTER_call_records.csv record BAT00464; upload archive sha256 17ffdda2ba6929d03dabcce39119e90d4ee10712fdf690885b3d4a5128d3e464. [trait_class=call_parameter] | From Arias-Aguilar et al. 2018 Table, rows tagged CA-Tr (Central America, tropical) - i.e. recordings actually made in Central America, not merely of species that occur there."
mst-60ac52fece0161,1004856,Pteronotus gymnonotus,exact,arias-aguilar-2018,supplied worksheet record BAT01913 (southamerica_aa18_satr),arias-aguilar-2018-compiled,unspecified,CF segment,CF segment,,free_flying_wild,,"SA-Tr | South America, tropical (Arias-Aguilar region code)",,,,,peak_frequency,species_summary,55,,,kHz,,,,55,definition_unstated,"Imported from MASTER_call_records.csv record BAT01913; upload archive sha256 17ffdda2ba6929d03dabcce39119e90d4ee10712fdf690885b3d4a5128d3e464. [trait_class=call_parameter] | Row tagged SA-Tr (South America, tropical) in Arias-Aguilar et al. 2018 Table 1-6. Reference numbers point to Appendix 1 of that paper, which was not itself retrieved, so the underlying primary citation is unresolved for every row here."
mst-62c97cec19a6a5,1005500,Rhogeessa io,exact,arias-aguilar-2018,supplied worksheet record BAT01949 (southamerica_aa18_satr),arias-aguilar-2018-compiled,unspecified,"FM down, irregular alternating","FM down, irregular alternating",,free_flying_wild,,"SA-Tr | South America, tropical (Arias-Aguilar region code)",,,,,peak_frequency,range,,40,45,kHz,,,,40-45,definition_unstated,"Imported from MASTER_call_records.csv record BAT01949; upload archive sha256 17ffdda2ba6929d03dabcce39119e90d4ee10712fdf690885b3d4a5128d3e464. [trait_class=call_parameter] | Row tagged SA-Tr (South America, tropical) in Arias-Aguilar et al. 2018 Table 1-6. Reference numbers point to Appendix 1 of that paper, which was not itself retrieved, so the underlying primary citation is unresolved for every row here."
mst-6339de5bff5a67,1004779,Centronycteris centralis,exact,arias-aguilar-2018,supplied worksheet record BAT00460 (centralamerica),arias-aguilar-2018-compiled,search,,,,free_flying_wild,,CA,,,,,peak_frequency,mean,41.3,,,kHz,sd,0.3,,41.3 +/- 0.3,ok,"Imported from MASTER_call_records.csv record BAT00460; upload archive sha256 17ffdda2ba6929d03dabcce39119e90d4ee10712fdf690885b3d4a5128d3e464. [trait_class=call_parameter] | From Arias-Aguilar et al. 2018 Table, rows tagged CA-Tr (Central America, tropical) - i.e. recordings actually made in Central America, not merely of species that occur there."
mst-64a574b329956d,1004867,Pteronotus rubiginosus,exact,arias-aguilar-2018,supplied worksheet record BAT01918 (southamerica_aa18_satr),arias-aguilar-2018-compiled,unspecified,phonic type 53 kHz,phonic type 53 kHz,,free_flying_wild,,"SA-Tr | South America, tropical (Arias-Aguilar region code)",,,,,peak_frequency,species_summary,53,,,kHz,,,,53,definition_unstated,"Imported from MASTER_call_records.csv record BAT01918; upload archive sha256 17ffdda2ba6929d03dabcce39119e90d4ee10712fdf690885b3d4a5128d3e464. [trait_class=call_parameter] | TAXONOMY CORRECTED 2026-09-08: originally logged under the old name Pteronotus parnellii. Pavan & Marroig 2016 restricted P. parnellii to the Antilles; Brazilian/mainland South American populations previously called P. parnellii are now P. rubiginosus (Garbino et al. 2024 Brazil checklist). Data collected under the old name almost certainly describes what is now P. rubiginosus, but this cannot be fully confirmed post hoc if the recording locality is unknown or if any Antillean sonotype data was pooled in. Row tagged SA-Tr (South America, tropical) in Arias-Aguilar et al. 2018 Table 1-6. Reference numbers point to Appendix 1 of that paper, which was not itself retrieved, so the underlying primary citation is unresolved for every row here."
mst-6593483b7c8bdf,1005095,Thyroptera discifera,exact,arias-aguilar-2018,supplied worksheet record BAT02378 (southamerica_furipteridae_natalidae_thyropteridae),arias-aguilar-2018-compiled,unspecified,fundamental harmonic,fundamental harmonic,,free_flying_wild,,"SA-Tr | South America, tropical",,,,,peak_frequency,mean,53,,,kHz,sd,2.7,,53 +/- 2.7,ok,"Imported from MASTER_call_records.csv record BAT02378; upload archive sha256 17ffdda2ba6929d03dabcce39119e90d4ee10712fdf690885b3d4a5128d3e464. [trait_class=call_parameter] | From Arias-Aguilar et al. 2018 Table 2 (Furipteridae/Natalidae/Thyropteridae), previously fetched but NOT MINED into batch 1 - this was an outright omission, now corrected. Reference numbers point to the paper's Appendix 1, not itself retrieved."
mst-665b7a9802bcc4,1005447,Myotis nigricans,exact,arias-aguilar-2018,supplied worksheet record BAT00554 (centralamerica),arias-aguilar-2018-compiled,search,,,,free_flying_wild,,CA,,,,,duration,mean,7.2,,,ms,sd,0.3,,7.2 +/- 0.3,ok,"Imported from MASTER_call_records.csv record BAT00554; upload archive sha256 17ffdda2ba6929d03dabcce39119e90d4ee10712fdf690885b3d4a5128d3e464. [trait_class=call_parameter] | From Arias-Aguilar et al. 2018 Table, rows tagged CA-Tr (Central America, tropical) - i.e. recordings actually made in Central America, not merely of species that occur there."
mst-6afb0ef8d7f937,1005447,Myotis nigricans,exact,arias-aguilar-2018,supplied worksheet record BAT00560 (centralamerica),arias-aguilar-2018-compiled,search,,,,free_flying_wild,,CA,,,,,harmonic_emphasis,species_summary,1,,,count,,,,1,definition_unstated,Imported from MASTER_call_records.csv record BAT00560; upload archive sha256 17ffdda2ba6929d03dabcce39119e90d4ee10712fdf690885b3d4a5128d3e464. [trait_class=call_structure] | Neotropical vespertilionid FME is on the fundamental; broadband downward FM with a downward QCF termination. FME and minimum frequency are the key identification parameters.
mst-6d1f246f96d2c7,1005447,Myotis nigricans,exact,arias-aguilar-2018,supplied worksheet record BAT01941 (southamerica_aa18_satr),arias-aguilar-2018-compiled,unspecified,,,,free_flying_wild,,"SA-Tr | South America, tropical (Arias-Aguilar region code)",,,,,peak_frequency,mean,53.7,,,kHz,sd,4,,53.7 +/- 4,ok,"Imported from MASTER_call_records.csv record BAT01941; upload archive sha256 17ffdda2ba6929d03dabcce39119e90d4ee10712fdf690885b3d4a5128d3e464. [trait_class=call_parameter] | Row tagged SA-Tr (South America, tropical) in Arias-Aguilar et al. 2018 Table 1-6. Reference numbers point to Appendix 1 of that paper, which was not itself retrieved, so the underlying primary citation is unresolved for every row here."
mst-6da45b6f2e1332,1005197,Molossus coibensis,exact,arias-aguilar-2018,supplied worksheet record BAT00517 (centralamerica),arias-aguilar-2018-compiled,search,type I,type I,,free_flying_wild,,CA,,,,,peak_frequency,mean,35.4,,,kHz,sd,1.3,,35.4 +/- 1.3,ok,"Imported from MASTER_call_records.csv record BAT00517; upload archive sha256 17ffdda2ba6929d03dabcce39119e90d4ee10712fdf690885b3d4a5128d3e464. [trait_class=call_parameter] | From Arias-Aguilar et al. 2018 Table, rows tagged CA-Tr (Central America, tropical) - i.e. recordings actually made in Central America, not merely of species that occur there."
mst-6f09a6bfde070b,1004797,Saccopteryx leptura,exact,arias-aguilar-2018,supplied worksheet record BAT01881 (southamerica_aa18_satr),arias-aguilar-2018-compiled,unspecified,,,,free_flying_wild,,"SA-Tr | South America, tropical (Arias-Aguilar region code)",,,,,peak_frequency,mean,53.31,,,kHz,,,,53.31 53.54-54.25,definition_unstated,"Imported from MASTER_call_records.csv record BAT01881; upload archive sha256 17ffdda2ba6929d03dabcce39119e90d4ee10712fdf690885b3d4a5128d3e464. [trait_class=call_parameter] | Row tagged SA-Tr (South America, tropical) in Arias-Aguilar et al. 2018 Table 1-6. Reference numbers point to Appendix 1 of that paper, which was not itself retrieved, so the underlying primary citation is unresolved for every row here. Second SA-Tr study."
mst-6fcf6331874eae,1004794,Saccopteryx bilineata,exact,arias-aguilar-2018,supplied worksheet record BAT01874 (southamerica_aa18_satr),arias-aguilar-2018-compiled,unspecified,low/high,low/high,,free_flying_wild,,"SA-Tr | South America, tropical (Arias-Aguilar region code)",,,,,peak_frequency,species_summary,42.1,,,kHz,,,,42.1 41.2-44.3,definition_unstated,"Imported from MASTER_call_records.csv record BAT01874; upload archive sha256 17ffdda2ba6929d03dabcce39119e90d4ee10712fdf690885b3d4a5128d3e464. [trait_class=call_parameter] | Row tagged SA-Tr (South America, tropical) in Arias-Aguilar et al. 2018 Table 1-6. Reference numbers point to Appendix 1 of that paper, which was not itself retrieved, so the underlying primary citation is unresolved for every row here."
mst-711f1f9a5fe59a,1005168,Cynomops greenhalli,exact,arias-aguilar-2018,supplied worksheet record BAT00511 (centralamerica),arias-aguilar-2018-compiled,search,,,,free_flying_wild,,CA,,,,,peak_frequency,range,,21,24,kHz,,,,21-24,definition_unstated,"Imported from MASTER_call_records.csv record BAT00511; upload archive sha256 17ffdda2ba6929d03dabcce39119e90d4ee10712fdf690885b3d4a5128d3e464. [trait_class=call_parameter] | From Arias-Aguilar et al. 2018 Table, rows tagged CA-Tr (Central America, tropical) - i.e. recordings actually made in Central America, not merely of species that occur there."
mst-719fe83bff1210,1004862,Pteronotus personatus,exact,arias-aguilar-2018,supplied worksheet record BAT01915 (southamerica_aa18_satr),arias-aguilar-2018-compiled,unspecified,CF segment,CF segment,,free_flying_wild,,"SA-Tr | South America, tropical (Arias-Aguilar region code)",,,,,peak_frequency,range,,68,69,kHz,,,,68-69,definition_unstated,"Imported from MASTER_call_records.csv record BAT01915; upload archive sha256 17ffdda2ba6929d03dabcce39119e90d4ee10712fdf690885b3d4a5128d3e464. [trait_class=call_parameter] | Row tagged SA-Tr (South America, tropical) in Arias-Aguilar et al. 2018 Table 1-6. Reference numbers point to Appendix 1 of that paper, which was not itself retrieved, so the underlying primary citation is unresolved for every row here."
mst-72ab6a1645ec5e,1005172,Cynomops planirostris,exact,arias-aguilar-2018,supplied worksheet record BAT00512 (centralamerica),arias-aguilar-2018-compiled,search,,,,free_flying_wild,,CA,,,,,peak_frequency,range,,25,28,kHz,,,,25-28,definition_unstated,"Imported from MASTER_call_records.csv record BAT00512; upload archive sha256 17ffdda2ba6929d03dabcce39119e90d4ee10712fdf690885b3d4a5128d3e464. [trait_class=call_parameter] | From Arias-Aguilar et al. 2018 Table, rows tagged CA-Tr (Central America, tropical) - i.e. recordings actually made in Central America, not merely of species that occur there."
mst-766ef62d908c5c,1005205,Molossus rufus,exact,arias-aguilar-2018,supplied worksheet record BAT00524 (centralamerica),arias-aguilar-2018-compiled,search,,,,free_flying_wild,,CA,,,,,harmonic_emphasis,species_summary,1,,,count,,,,1,definition_unstated,"Imported from MASTER_call_records.csv record BAT00524; upload archive sha256 17ffdda2ba6929d03dabcce39119e90d4ee10712fdf690885b3d4a5128d3e464. [trait_class=call_structure] | Molossid FME is on the fundamental. Long, shallow-modulated, low-frequency signals with irregular frequency alternation, variable amplitude and great plasticity."
mst-7d234219a32103,1004782,Cyttarops alecto,exact,arias-aguilar-2018,supplied worksheet record BAT00463 (centralamerica),arias-aguilar-2018-compiled,search,,,,free_flying_wild,,CA,,,,,peak_frequency,mean,35.9,,,kHz,sd,0.4,,35.9 +/- 0.4,ok,"Imported from MASTER_call_records.csv record BAT00463; upload archive sha256 17ffdda2ba6929d03dabcce39119e90d4ee10712fdf690885b3d4a5128d3e464. [trait_class=call_parameter] | From Arias-Aguilar et al. 2018 Table, rows tagged CA-Tr (Central America, tropical) - i.e. recordings actually made in Central America, not merely of species that occur there."
mst-7d3a5300848709,1004794,Saccopteryx bilineata,exact,arias-aguilar-2018,supplied worksheet record BAT00487 (centralamerica),arias-aguilar-2018-compiled,search,middle,middle,,free_flying_wild,,CA,,,,,peak_frequency,mean,46.8,,,kHz,sd,1.1,,46.8 +/- 1.1,ok,"Imported from MASTER_call_records.csv record BAT00487; upload archive sha256 17ffdda2ba6929d03dabcce39119e90d4ee10712fdf690885b3d4a5128d3e464. [trait_class=call_parameter] | From Arias-Aguilar et al. 2018 Table, rows tagged CA-Tr (Central America, tropical) - i.e. recordings actually made in Central America, not merely of species that occur there."
mst-7e451a21752496,1005275,Natalus macrourus,exact,arias-aguilar-2018,supplied worksheet record BAT02377 (southamerica_furipteridae_natalidae_thyropteridae),arias-aguilar-2018-compiled,unspecified,,,,free_flying_wild,,"SA-Tr | South America, tropical",,,,,signal_type,single,QCF,,,,,,,"multiharmonic FME in the second harmonic, above 100 kHz, steep modulation with a very short QCF termination",ok,"Imported from MASTER_call_records.csv record BAT02377; upload archive sha256 17ffdda2ba6929d03dabcce39119e90d4ee10712fdf690885b3d4a5128d3e464. [trait_class=call_structure] | From Arias-Aguilar et al. 2018 Table 2 (Furipteridae/Natalidae/Thyropteridae), previously fetched but NOT MINED into batch 1 - this was an outright omission, now corrected. Reference numbers point to the paper's Appendix 1, not itself retrieved. Qualitative family-level description explicitly extended by the source to N. macrourus."
mst-7e7dce22814738,1004853,Pteronotus davyi,exact,arias-aguilar-2018,supplied worksheet record BAT01911 (southamerica_aa18_satr),arias-aguilar-2018-compiled,unspecified,,,,free_flying_wild,,"SA-Tr | South America, tropical (Arias-Aguilar region code)",,,,,peak_frequency,mean,71.5,,,kHz,sd,0.2,,71.5 +/- 0.2,ok,"Imported from MASTER_call_records.csv record BAT01911; upload archive sha256 17ffdda2ba6929d03dabcce39119e90d4ee10712fdf690885b3d4a5128d3e464. [trait_class=call_parameter] | FLAGGED 2026-09-08: P. davyi's only prior Brazilian records were reidentified as P. gymnonotus (Garbino et al. 2024). P. davyi is NOT currently on Brazil's confirmed species list. Data retained here as valid for the species' wider South/Central American range, but excluded from Brazil coverage counts. Row tagged SA-Tr (South America, tropical) in Arias-Aguilar et al. 2018 Table 1-6. Reference numbers point to Appendix 1 of that paper, which was not itself retrieved, so the underlying primary citation is unresolved for every row here."
mst-7faf54b99f71d4,1004782,Cyttarops alecto,exact,arias-aguilar-2018,supplied worksheet record BAT00503 (centralamerica),arias-aguilar-2018-compiled,search,,,,free_flying_wild,,CA,,,,,harmonic_emphasis,species_summary,2,,,count,,,,2,definition_unstated,"Imported from MASTER_call_records.csv record BAT00503; upload archive sha256 17ffdda2ba6929d03dabcce39119e90d4ee10712fdf690885b3d4a5128d3e464. [trait_class=call_structure] | Family-wide: most energy in the quasi-CF part of the SECOND harmonic. Rarely Diclidurus, Saccopteryx and Rhynchonycteris place FME on the fundamental."
mst-81ac609a183bb6,1005580,Lasiurus ega,exact,arias-aguilar-2018,supplied worksheet record BAT00549 (centralamerica),arias-aguilar-2018-compiled,search,,,,free_flying_wild,,CA,,,,,peak_frequency,mean,43,,,kHz,sd,8.64,,43.0 +/- 8.64,ok,"Imported from MASTER_call_records.csv record BAT00549; upload archive sha256 17ffdda2ba6929d03dabcce39119e90d4ee10712fdf690885b3d4a5128d3e464. [trait_class=call_parameter] | From Arias-Aguilar et al. 2018 Table, rows tagged CA-Tr (Central America, tropical) - i.e. recordings actually made in Central America, not merely of species that occur there. A second CA-Tr row gives 32 kHz. This species is flagged by the source as showing GREAT acoustic variability across regions."
mst-830886f6503858,1005095,Thyroptera discifera,exact,arias-aguilar-2018,supplied worksheet record BAT02380 (southamerica_furipteridae_natalidae_thyropteridae),arias-aguilar-2018-compiled,unspecified,harmonic 1,harmonic 1,,free_flying_wild,,"SA-Tr | South America, tropical",,,,,peak_frequency,mean,112.5,,,kHz,sd,7.3,,112.5 +/- 7.3,ok,"Imported from MASTER_call_records.csv record BAT02380; upload archive sha256 17ffdda2ba6929d03dabcce39119e90d4ee10712fdf690885b3d4a5128d3e464. [trait_class=call_parameter] | From Arias-Aguilar et al. 2018 Table 2 (Furipteridae/Natalidae/Thyropteridae), previously fetched but NOT MINED into batch 1 - this was an outright omission, now corrected. Reference numbers point to the paper's Appendix 1, not itself retrieved."
mst-8442019f0f9bc8,1004783,Diclidurus albus,exact,arias-aguilar-2018,supplied worksheet record BAT00482 (centralamerica),arias-aguilar-2018-compiled,search,low,low,,free_flying_wild,,CA,,,,,duration,mean,9.4,,,ms,sd,4.7,,9.4 +/- 4.7,ok,"Imported from MASTER_call_records.csv record BAT00482; upload archive sha256 17ffdda2ba6929d03dabcce39119e90d4ee10712fdf690885b3d4a5128d3e464. [trait_class=call_parameter] | From Arias-Aguilar et al. 2018 Table, rows tagged CA-Tr (Central America, tropical) - i.e. recordings actually made in Central America, not merely of species that occur there."
mst-87d04c03f3ea24,1004789,Peropteryx macrotis,exact,arias-aguilar-2018,supplied worksheet record BAT00505 (centralamerica),arias-aguilar-2018-compiled,search,,,,free_flying_wild,,CA,,,,,harmonic_emphasis,species_summary,2,,,count,,,,2,definition_unstated,"Imported from MASTER_call_records.csv record BAT00505; upload archive sha256 17ffdda2ba6929d03dabcce39119e90d4ee10712fdf690885b3d4a5128d3e464. [trait_class=call_structure] | Family-wide: most energy in the quasi-CF part of the SECOND harmonic. Rarely Diclidurus, Saccopteryx and Rhynchonycteris place FME on the fundamental."
mst-8a1546397951b5,1004867,Pteronotus rubiginosus,exact,arias-aguilar-2018,supplied worksheet record BAT01916 (southamerica_aa18_satr),arias-aguilar-2018-compiled,unspecified,phonic type 59 kHz,phonic type 59 kHz,,free_flying_wild,,"SA-Tr | South America, tropical (Arias-Aguilar region code)",,,,,peak_frequency,species_summary,59,,,kHz,,,,59,definition_unstated,"Imported from MASTER_call_records.csv record BAT01916; upload archive sha256 17ffdda2ba6929d03dabcce39119e90d4ee10712fdf690885b3d4a5128d3e464. [trait_class=call_parameter] | TAXONOMY CORRECTED 2026-09-08: originally logged under the old name Pteronotus parnellii. Pavan & Marroig 2016 restricted P. parnellii to the Antilles; Brazilian/mainland South American populations previously called P. parnellii are now P. rubiginosus (Garbino et al. 2024 Brazil checklist). Data collected under the old name almost certainly describes what is now P. rubiginosus, but this cannot be fully confirmed post hoc if the recording locality is unknown or if any Antillean sonotype data was pooled in. Row tagged SA-Tr (South America, tropical) in Arias-Aguilar et al. 2018 Table 1-6. Reference numbers point to Appendix 1 of that paper, which was not itself retrieved, so the underlying primary citation is unresolved for every row here."
mst-8af0db7dc67ff9,1004781,Cormura brevirostris,exact,arias-aguilar-2018,supplied worksheet record BAT00478 (centralamerica),arias-aguilar-2018-compiled,search,high,high,,free_flying_wild,,CA,,,,,peak_frequency,mean,31.4,,,kHz,sd,0.4,,31.4 +/- 0.4,ok,"Imported from MASTER_call_records.csv record BAT00478; upload archive sha256 17ffdda2ba6929d03dabcce39119e90d4ee10712fdf690885b3d4a5128d3e464. [trait_class=call_parameter] | From Arias-Aguilar et al. 2018 Table, rows tagged CA-Tr (Central America, tropical) - i.e. recordings actually made in Central America, not merely of species that occur there."
mst-8b41a395d06957,1004849,Furipterus horrens,exact,arias-aguilar-2018,supplied worksheet record BAT02371 (southamerica_furipteridae_natalidae_thyropteridae),arias-aguilar-2018-compiled,unspecified,,,,free_flying_wild,,"SA-Tr | South America, tropical",,,,,signal_type,single,FM,,,,,,,"broadband steep FM with an inflection point, FME above 100 kHz on the fundamental",ok,"Imported from MASTER_call_records.csv record BAT02371; upload archive sha256 17ffdda2ba6929d03dabcce39119e90d4ee10712fdf690885b3d4a5128d3e464. [trait_class=call_structure] | From Arias-Aguilar et al. 2018 Table 2 (Furipteridae/Natalidae/Thyropteridae), previously fetched but NOT MINED into batch 1 - this was an outright omission, now corrected. Reference numbers point to the paper's Appendix 1, not itself retrieved. CAVEAT from the source: early recordings of this species suffered from ALIASING because the equipment sampling rate was insufficient for its very high call frequencies - the true highest frequencies were not captured. Treat all Furipterus horrens frequency values here as likely UNDERESTIMATES."
mst-8b5d5641522b47,1004789,Peropteryx macrotis,exact,arias-aguilar-2018,supplied worksheet record BAT00470 (centralamerica),arias-aguilar-2018-compiled,search,,,,free_flying_wild,,CA,,,,,duration,mean,9.3,,,ms,sd,1,,9.3 +/- 1.0,ok,"Imported from MASTER_call_records.csv record BAT00470; upload archive sha256 17ffdda2ba6929d03dabcce39119e90d4ee10712fdf690885b3d4a5128d3e464. [trait_class=call_parameter] | From Arias-Aguilar et al. 2018 Table, rows tagged CA-Tr (Central America, tropical) - i.e. recordings actually made in Central America, not merely of species that occur there."
mst-8cb2ba7c72abc6,1004797,Saccopteryx leptura,exact,arias-aguilar-2018,supplied worksheet record BAT01880 (southamerica_aa18_satr),arias-aguilar-2018-compiled,unspecified,low/high,low/high,,free_flying_wild,,"SA-Tr | South America, tropical (Arias-Aguilar region code)",,,,,peak_frequency,species_summary,47.4,,,kHz,,,,47.4 46.6-50.4,definition_unstated,"Imported from MASTER_call_records.csv record BAT01880; upload archive sha256 17ffdda2ba6929d03dabcce39119e90d4ee10712fdf690885b3d4a5128d3e464. [trait_class=call_parameter] | Row tagged SA-Tr (South America, tropical) in Arias-Aguilar et al. 2018 Table 1-6. Reference numbers point to Appendix 1 of that paper, which was not itself retrieved, so the underlying primary citation is unresolved for every row here."
mst-9016911a9fcb8e,1005464,Myotis ruber,exact,arias-aguilar-2018,supplied worksheet record BAT01947 (southamerica_aa18_satr),arias-aguilar-2018-compiled,unspecified,,,,free_flying_wild,,"SA-WT | South America, tropical (Arias-Aguilar region code)",,,,,peak_frequency,species_summary,65,,,kHz,,,,65,definition_unstated,"Imported from MASTER_call_records.csv record BAT01947; upload archive sha256 17ffdda2ba6929d03dabcce39119e90d4ee10712fdf690885b3d4a5128d3e464. [trait_class=call_parameter] | Row tagged SA-Tr (South America, tropical) in Arias-Aguilar et al. 2018 Table 1-6. Reference numbers point to Appendix 1 of that paper, which was not itself retrieved, so the underlying primary citation is unresolved for every row here."
mst-917ef52d4b4474,1005258,Promops nasutus,exact,arias-aguilar-2018,supplied worksheet record BAT01904 (southamerica_aa18_satr),arias-aguilar-2018-compiled,unspecified,low/high,low/high,,free_flying_wild,,"SA-Tr | South America, tropical (Arias-Aguilar region code)",,,,,peak_frequency,range,,34.1,43.9,kHz,,,,34.1-43.9,definition_unstated,"Imported from MASTER_call_records.csv record BAT01904; upload archive sha256 17ffdda2ba6929d03dabcce39119e90d4ee10712fdf690885b3d4a5128d3e464. [trait_class=call_parameter] | Row tagged SA-Tr (South America, tropical) in Arias-Aguilar et al. 2018 Table 1-6. Reference numbers point to Appendix 1 of that paper, which was not itself retrieved, so the underlying primary citation is unresolved for every row here."
mst-9336c1f6f6f70f,1004792,Rhynchonycteris naso,exact,arias-aguilar-2018,supplied worksheet record BAT00510 (centralamerica),arias-aguilar-2018-compiled,search,,,,free_flying_wild,,CA,,,,,harmonic_emphasis,species_summary,2,,,count,,,,2,definition_unstated,"Imported from MASTER_call_records.csv record BAT00510; upload archive sha256 17ffdda2ba6929d03dabcce39119e90d4ee10712fdf690885b3d4a5128d3e464. [trait_class=call_structure] | Family-wide: most energy in the quasi-CF part of the SECOND harmonic. Rarely Diclidurus, Saccopteryx and Rhynchonycteris place FME on the fundamental."
mst-93845882d5beed,1004794,Saccopteryx bilineata,exact,arias-aguilar-2018,supplied worksheet record BAT00488 (centralamerica),arias-aguilar-2018-compiled,search,middle,middle,,free_flying_wild,,CA,,,,,duration,mean,7.6,,,ms,sd,1.3,,7.6 +/- 1.3,ok,"Imported from MASTER_call_records.csv record BAT00488; upload archive sha256 17ffdda2ba6929d03dabcce39119e90d4ee10712fdf690885b3d4a5128d3e464. [trait_class=call_parameter] | From Arias-Aguilar et al. 2018 Table, rows tagged CA-Tr (Central America, tropical) - i.e. recordings actually made in Central America, not merely of species that occur there."
mst-93d846d8f00875,1004862,Pteronotus personatus,exact,arias-aguilar-2018,supplied worksheet record BAT01914 (southamerica_aa18_satr),arias-aguilar-2018-compiled,unspecified,,,,free_flying_wild,,"SA-Tr | South America, tropical (Arias-Aguilar region code)",,,,,peak_frequency,mean,74.1,,,kHz,sd,3.4,,74.1 +/- 3.4,ok,"Imported from MASTER_call_records.csv record BAT01914; upload archive sha256 17ffdda2ba6929d03dabcce39119e90d4ee10712fdf690885b3d4a5128d3e464. [trait_class=call_parameter] | Row tagged SA-Tr (South America, tropical) in Arias-Aguilar et al. 2018 Table 1-6. Reference numbers point to Appendix 1 of that paper, which was not itself retrieved, so the underlying primary citation is unresolved for every row here."
mst-95ef6e4cabed58,1004796,Saccopteryx gymnura,exact,arias-aguilar-2018,supplied worksheet record BAT01879 (southamerica_aa18_satr),arias-aguilar-2018-compiled,unspecified,,,,free_flying_wild,,"SA-Tr | South America, tropical (Arias-Aguilar region code)",,,,,peak_frequency,species_summary,53.9,,,kHz,,,,53.9,definition_unstated,"Imported from MASTER_call_records.csv record BAT01879; upload archive sha256 17ffdda2ba6929d03dabcce39119e90d4ee10712fdf690885b3d4a5128d3e464. [trait_class=call_parameter] | Row tagged SA-Tr (South America, tropical) in Arias-Aguilar et al. 2018 Table 1-6. Reference numbers point to Appendix 1 of that paper, which was not itself retrieved, so the underlying primary citation is unresolved for every row here."
mst-96396971f05ee9,1004787,Peropteryx kappleri,exact,arias-aguilar-2018,supplied worksheet record BAT00467 (centralamerica),arias-aguilar-2018-compiled,search,,,,free_flying_wild,,CA,,,,,duration,mean,9.6,,,ms,sd,2.2,,9.6 +/- 2.2,ok,"Imported from MASTER_call_records.csv record BAT00467; upload archive sha256 17ffdda2ba6929d03dabcce39119e90d4ee10712fdf690885b3d4a5128d3e464. [trait_class=call_parameter] | From Arias-Aguilar et al. 2018 Table, rows tagged CA-Tr (Central America, tropical) - i.e. recordings actually made in Central America, not merely of species that occur there."
mst-9803ea9565d014,1004856,Pteronotus gymnonotus,exact,arias-aguilar-2018,supplied worksheet record BAT00534 (centralamerica),arias-aguilar-2018-compiled,search,,,,free_flying_wild,,CA,,,,,peak_frequency,species_summary,55,,,kHz,,,,55.0,definition_unstated,"Imported from MASTER_call_records.csv record BAT00534; upload archive sha256 17ffdda2ba6929d03dabcce39119e90d4ee10712fdf690885b3d4a5128d3e464. [trait_class=call_parameter] | From Arias-Aguilar et al. 2018 Table, rows tagged CA-Tr (Central America, tropical) - i.e. recordings actually made in Central America, not merely of species that occur there."
mst-9cd0657fb2b1f6,1004781,Cormura brevirostris,exact,arias-aguilar-2018,supplied worksheet record BAT00472 (centralamerica),arias-aguilar-2018-compiled,search,low,low,,free_flying_wild,,CA,,,,,peak_frequency,mean,25.2,,,kHz,sd,1.5,,25.2 +/- 1.5,ok,"Imported from MASTER_call_records.csv record BAT00472; upload archive sha256 17ffdda2ba6929d03dabcce39119e90d4ee10712fdf690885b3d4a5128d3e464. [trait_class=call_parameter] | From Arias-Aguilar et al. 2018 Table, rows tagged CA-Tr (Central America, tropical) - i.e. recordings actually made in Central America, not merely of species that occur there."
mst-9dac3ab82078f5,1005429,Myotis levis,exact,arias-aguilar-2018,supplied worksheet record BAT01940 (southamerica_aa18_satr),arias-aguilar-2018-compiled,unspecified,,,,free_flying_wild,,"SA-WT | South America, tropical (Arias-Aguilar region code)",,,,,peak_frequency,mean,80.84,,,kHz,sd,3.28,,80.84 +/- 3.28,ok,"Imported from MASTER_call_records.csv record BAT01940; upload archive sha256 17ffdda2ba6929d03dabcce39119e90d4ee10712fdf690885b3d4a5128d3e464. [trait_class=call_parameter] | Row tagged SA-Tr (South America, tropical) in Arias-Aguilar et al. 2018 Table 1-6. Reference numbers point to Appendix 1 of that paper, which was not itself retrieved, so the underlying primary citation is unresolved for every row here."
mst-9de0e710c7089e,1005515,Eptesicus chiriquinus,synonym_via_mdd,arias-aguilar-2018,supplied worksheet record BAT01927 (southamerica_aa18_satr),arias-aguilar-2018-compiled,unspecified,,,,free_flying_wild,,"SA-Tr | South America, tropical (Arias-Aguilar region code)",,,,,peak_frequency,mean,32,,,kHz,sd,2.6,,32 +/- 2.6,ok,"Imported from MASTER_call_records.csv record BAT01927; upload archive sha256 17ffdda2ba6929d03dabcce39119e90d4ee10712fdf690885b3d4a5128d3e464. [trait_class=call_parameter] | Row tagged SA-Tr (South America, tropical) in Arias-Aguilar et al. 2018 Table 1-6. Reference numbers point to Appendix 1 of that paper, which was not itself retrieved, so the underlying primary citation is unresolved for every row here."
mst-a143a02720cc54,1004871,Noctilio leporinus,exact,arias-aguilar-2018,supplied worksheet record BAT01923 (southamerica_aa18_satr),arias-aguilar-2018-compiled,unspecified,broadband/narrowband CF-FM,broadband/narrowband CF-FM,,free_flying_wild,,"SA-Tr | South America, tropical (Arias-Aguilar region code)",,,,,peak_frequency,range,,53.4,60.6,kHz,,,,53.4-60.6,definition_unstated,"Imported from MASTER_call_records.csv record BAT01923; upload archive sha256 17ffdda2ba6929d03dabcce39119e90d4ee10712fdf690885b3d4a5128d3e464. [trait_class=call_parameter] | Row tagged SA-Tr (South America, tropical) in Arias-Aguilar et al. 2018 Table 1-6. Reference numbers point to Appendix 1 of that paper, which was not itself retrieved, so the underlying primary citation is unresolved for every row here."
mst-a355e5fce43e98,1005574,Lasiurus blossevillii,exact,arias-aguilar-2018,supplied worksheet record BAT01929 (southamerica_aa18_satr),arias-aguilar-2018-compiled,unspecified,,,,free_flying_wild,,"SA-Tr | South America, tropical (Arias-Aguilar region code)",,,,,peak_frequency,mean,45.5,,,kHz,sd,5.3,,45.5 +/- 5.3,ok,"Imported from MASTER_call_records.csv record BAT01929; upload archive sha256 17ffdda2ba6929d03dabcce39119e90d4ee10712fdf690885b3d4a5128d3e464. [trait_class=call_parameter] | Row tagged SA-Tr (South America, tropical) in Arias-Aguilar et al. 2018 Table 1-6. Reference numbers point to Appendix 1 of that paper, which was not itself retrieved, so the underlying primary citation is unresolved for every row here."
mst-a3f5da84da15de,1004862,Pteronotus personatus,exact,arias-aguilar-2018,supplied worksheet record BAT00535 (centralamerica),arias-aguilar-2018-compiled,search,,,,free_flying_wild,,CA,,,,,peak_frequency,species_summary,73,,,kHz,,,,73,definition_unstated,"Imported from MASTER_call_records.csv record BAT00535; upload archive sha256 17ffdda2ba6929d03dabcce39119e90d4ee10712fdf690885b3d4a5128d3e464. [trait_class=call_parameter] | From Arias-Aguilar et al. 2018 Table, rows tagged CA-Tr (Central America, tropical) - i.e. recordings actually made in Central America, not merely of species that occur there. A second CA-Tr row gives 68.0/83.0; column assignment unresolved."
mst-a7c165ebc0f728,1005097,Thyroptera tricolor,exact,arias-aguilar-2018,supplied worksheet record BAT02382 (southamerica_furipteridae_natalidae_thyropteridae),arias-aguilar-2018-compiled,unspecified,SA-Tr study,SA-Tr study,,free_flying_wild,,"SA-Tr | South America, tropical",,,,,peak_frequency,mean,123.26,,,kHz,,,,123.26 116.93-127.14,definition_unstated,"Imported from MASTER_call_records.csv record BAT02382; upload archive sha256 17ffdda2ba6929d03dabcce39119e90d4ee10712fdf690885b3d4a5128d3e464. [trait_class=call_parameter] | From Arias-Aguilar et al. 2018 Table 2 (Furipteridae/Natalidae/Thyropteridae), previously fetched but NOT MINED into batch 1 - this was an outright omission, now corrected. Reference numbers point to the paper's Appendix 1, not itself retrieved."
mst-a82cdadff234c0,1005574,Lasiurus blossevillii,exact,arias-aguilar-2018,supplied worksheet record BAT00548 (centralamerica),arias-aguilar-2018-compiled,search,,,,free_flying_wild,,CA,,,,,peak_frequency,species_summary,46,,,kHz,,,,46,definition_unstated,"Imported from MASTER_call_records.csv record BAT00548; upload archive sha256 17ffdda2ba6929d03dabcce39119e90d4ee10712fdf690885b3d4a5128d3e464. [trait_class=call_parameter] | From Arias-Aguilar et al. 2018 Table, rows tagged CA-Tr (Central America, tropical) - i.e. recordings actually made in Central America, not merely of species that occur there. FM-down with QCF tail."
mst-a9e5b6e4357de5,1004789,Peropteryx macrotis,exact,arias-aguilar-2018,supplied worksheet record BAT01870 (southamerica_aa18_satr),arias-aguilar-2018-compiled,unspecified,,,,free_flying_wild,,"SA-Tr | South America, tropical (Arias-Aguilar region code)",,,,,peak_frequency,mean,39.58,,,kHz,,,,39.58 37.5-42.58,definition_unstated,"Imported from MASTER_call_records.csv record BAT01870; upload archive sha256 17ffdda2ba6929d03dabcce39119e90d4ee10712fdf690885b3d4a5128d3e464. [trait_class=call_parameter] | Row tagged SA-Tr (South America, tropical) in Arias-Aguilar et al. 2018 Table 1-6. Reference numbers point to Appendix 1 of that paper, which was not itself retrieved, so the underlying primary citation is unresolved for every row here. Second SA-Tr study; end freq 36.0-39.04, duration 7.29 ms."
mst-ab809a5669f0af,1004787,Peropteryx kappleri,exact,arias-aguilar-2018,supplied worksheet record BAT00466 (centralamerica),arias-aguilar-2018-compiled,search,,,,free_flying_wild,,CA,,,,,peak_frequency,mean,31.6,,,kHz,sd,1.6,,31.6 +/- 1.6,ok,"Imported from MASTER_call_records.csv record BAT00466; upload archive sha256 17ffdda2ba6929d03dabcce39119e90d4ee10712fdf690885b3d4a5128d3e464. [trait_class=call_parameter] | From Arias-Aguilar et al. 2018 Table, rows tagged CA-Tr (Central America, tropical) - i.e. recordings actually made in Central America, not merely of species that occur there."
mst-af94d5b1ab605d,1005580,Lasiurus ega,exact,arias-aguilar-2018,supplied worksheet record BAT00550 (centralamerica),arias-aguilar-2018-compiled,search,,,,free_flying_wild,,CA,,,,,duration,mean,6.6,,,ms,sd,2.73,,6.6 +/- 2.73,ok,"Imported from MASTER_call_records.csv record BAT00550; upload archive sha256 17ffdda2ba6929d03dabcce39119e90d4ee10712fdf690885b3d4a5128d3e464. [trait_class=call_parameter] | From Arias-Aguilar et al. 2018 Table, rows tagged CA-Tr (Central America, tropical) - i.e. recordings actually made in Central America, not merely of species that occur there."
mst-b018551ece2bcb,1005574,Lasiurus blossevillii,exact,arias-aguilar-2018,supplied worksheet record BAT00557 (centralamerica),arias-aguilar-2018-compiled,search,,,,free_flying_wild,,CA,,,,,harmonic_emphasis,species_summary,1,,,count,,,,1,definition_unstated,Imported from MASTER_call_records.csv record BAT00557; upload archive sha256 17ffdda2ba6929d03dabcce39119e90d4ee10712fdf690885b3d4a5128d3e464. [trait_class=call_structure] | Neotropical vespertilionid FME is on the fundamental; broadband downward FM with a downward QCF termination. FME and minimum frequency are the key identification parameters.
mst-b28eab9d3e4c02,1004853,Pteronotus davyi,exact,arias-aguilar-2018,supplied worksheet record BAT00538 (centralamerica),arias-aguilar-2018-compiled,search,,,,free_flying_wild,,CA,,,,,harmonic_emphasis,species_summary,2,,,count,,,,2,definition_unstated,Imported from MASTER_call_records.csv record BAT00538; upload archive sha256 17ffdda2ba6929d03dabcce39119e90d4ee10712fdf690885b3d4a5128d3e464. [trait_class=call_structure] | Mormoopid FME is in the second harmonic; calls multiharmonic and shaped like a 'lazy Z'.
mst-b38da78cf388cc,1004867,Pteronotus rubiginosus,exact,arias-aguilar-2018,supplied worksheet record BAT01917 (southamerica_aa18_satr),arias-aguilar-2018-compiled,unspecified,"phonic type 59 kHz, second study","phonic type 59 kHz, second study",,free_flying_wild,,"SA-Tr | South America, tropical (Arias-Aguilar region code)",,,,,peak_frequency,mean,58.4,,,kHz,sd,0.7,,58.4 +/- 0.7,ok,"Imported from MASTER_call_records.csv record BAT01917; upload archive sha256 17ffdda2ba6929d03dabcce39119e90d4ee10712fdf690885b3d4a5128d3e464. [trait_class=call_parameter] | TAXONOMY CORRECTED 2026-09-08: originally logged under the old name Pteronotus parnellii. Pavan & Marroig 2016 restricted P. parnellii to the Antilles; Brazilian/mainland South American populations previously called P. parnellii are now P. rubiginosus (Garbino et al. 2024 Brazil checklist). Data collected under the old name almost certainly describes what is now P. rubiginosus, but this cannot be fully confirmed post hoc if the recording locality is unknown or if any Antillean sonotype data was pooled in. Row tagged SA-Tr (South America, tropical) in Arias-Aguilar et al. 2018 Table 1-6. Reference numbers point to Appendix 1 of that paper, which was not itself retrieved, so the underlying primary citation is unresolved for every row here."
mst-b410a00a022d30,1005447,Myotis nigricans,exact,arias-aguilar-2018,supplied worksheet record BAT01943 (southamerica_aa18_satr),arias-aguilar-2018-compiled,unspecified,FM-QCF down variant,FM-QCF down variant,,free_flying_wild,,"SA-Tr | South America, tropical (Arias-Aguilar region code)",,,,,peak_frequency,mean,67.1,,,kHz,sd,3.8,,67.1 +/- 3.8,ok,"Imported from MASTER_call_records.csv record BAT01943; upload archive sha256 17ffdda2ba6929d03dabcce39119e90d4ee10712fdf690885b3d4a5128d3e464. [trait_class=call_parameter] | Row tagged SA-Tr (South America, tropical) in Arias-Aguilar et al. 2018 Table 1-6. Reference numbers point to Appendix 1 of that paper, which was not itself retrieved, so the underlying primary citation is unresolved for every row here."
mst-b4f0bcbca1f1ba,1005280,Natalus tumidirostris,exact,arias-aguilar-2018,supplied worksheet record BAT02375 (southamerica_furipteridae_natalidae_thyropteridae),arias-aguilar-2018-compiled,unspecified,,,,free_flying_wild,,"SA-Tr | South America, tropical",,,,,duration,mean,3.5,,,ms,sd,0.1,,3.5 +/- 0.1,ok,"Imported from MASTER_call_records.csv record BAT02375; upload archive sha256 17ffdda2ba6929d03dabcce39119e90d4ee10712fdf690885b3d4a5128d3e464. [trait_class=call_parameter] | From Arias-Aguilar et al. 2018 Table 2 (Furipteridae/Natalidae/Thyropteridae), previously fetched but NOT MINED into batch 1 - this was an outright omission, now corrected. Reference numbers point to the paper's Appendix 1, not itself retrieved."
mst-b531ecc8ae3d7f,1004797,Saccopteryx leptura,exact,arias-aguilar-2018,supplied worksheet record BAT00493 (centralamerica),arias-aguilar-2018-compiled,search,middle,middle,,free_flying_wild,,CA,,,,,peak_frequency,mean,54.61,,,kHz,sd,1.8,,54.61 +/- 1.8,ok,"Imported from MASTER_call_records.csv record BAT00493; upload archive sha256 17ffdda2ba6929d03dabcce39119e90d4ee10712fdf690885b3d4a5128d3e464. [trait_class=call_parameter] | From Arias-Aguilar et al. 2018 Table, rows tagged CA-Tr (Central America, tropical) - i.e. recordings actually made in Central America, not merely of species that occur there."
mst-b5fb667f7214fb,1005197,Molossus coibensis,exact,arias-aguilar-2018,supplied worksheet record BAT00526 (centralamerica),arias-aguilar-2018-compiled,search,,,,free_flying_wild,,CA,,,,,harmonic_emphasis,species_summary,1,,,count,,,,1,definition_unstated,"Imported from MASTER_call_records.csv record BAT00526; upload archive sha256 17ffdda2ba6929d03dabcce39119e90d4ee10712fdf690885b3d4a5128d3e464. [trait_class=call_structure] | Molossid FME is on the fundamental. Long, shallow-modulated, low-frequency signals with irregular frequency alternation, variable amplitude and great plasticity."
mst-b60178eb0c90ed,1004849,Furipterus horrens,exact,arias-aguilar-2018,supplied worksheet record BAT02367 (southamerica_furipteridae_natalidae_thyropteridae),arias-aguilar-2018-compiled,unspecified,"harmonic II, study A","harmonic II, study A",,free_flying_wild,,"SA-Tr | South America, tropical",,,,,peak_frequency,mean,191.2,,,kHz,sd,2.7,,191.2 +/- 2.7,ok,"Imported from MASTER_call_records.csv record BAT02367; upload archive sha256 17ffdda2ba6929d03dabcce39119e90d4ee10712fdf690885b3d4a5128d3e464. [trait_class=call_parameter] | From Arias-Aguilar et al. 2018 Table 2 (Furipteridae/Natalidae/Thyropteridae), previously fetched but NOT MINED into batch 1 - this was an outright omission, now corrected. Reference numbers point to the paper's Appendix 1, not itself retrieved. Start 158.4+/-12.7, end 122.8+/-14.5, bandwidth 68.4+/-14.9, duration 2.6+/-0.5 ms."
mst-b6180fdc97b398,1004794,Saccopteryx bilineata,exact,arias-aguilar-2018,supplied worksheet record BAT01876 (southamerica_aa18_satr),arias-aguilar-2018-compiled,unspecified,"low/high, French-Guiana-attributed ref","low/high, French-Guiana-attributed ref",,free_flying_wild,,"SA-Tr | South America, tropical (Arias-Aguilar region code)",,,,,peak_frequency,range,,45,49.3,kHz,,,,45.0-49.3,definition_unstated,"Imported from MASTER_call_records.csv record BAT01876; upload archive sha256 17ffdda2ba6929d03dabcce39119e90d4ee10712fdf690885b3d4a5128d3e464. [trait_class=call_parameter] | Row tagged SA-Tr (South America, tropical) in Arias-Aguilar et al. 2018 Table 1-6. Reference numbers point to Appendix 1 of that paper, which was not itself retrieved, so the underlying primary citation is unresolved for every row here."
mst-b648bfe6c46678,1005236,Nyctinomops laticaudatus,exact,arias-aguilar-2018,supplied worksheet record BAT00521 (centralamerica),arias-aguilar-2018-compiled,search,,,,free_flying_wild,,CA,,,,,peak_frequency,range,,24,26,kHz,,,,24-26,definition_unstated,"Imported from MASTER_call_records.csv record BAT00521; upload archive sha256 17ffdda2ba6929d03dabcce39119e90d4ee10712fdf690885b3d4a5128d3e464. [trait_class=call_parameter] | From Arias-Aguilar et al. 2018 Table, rows tagged CA-Tr (Central America, tropical) - i.e. recordings actually made in Central America, not merely of species that occur there."
mst-bcb79d148093fd,1005193,Molossops temminckii,exact,arias-aguilar-2018,supplied worksheet record BAT01896 (southamerica_aa18_satr),arias-aguilar-2018-compiled,unspecified,type I / type II alternating,type I / type II alternating,,free_flying_wild,,"SA-Tr | South America, tropical (Arias-Aguilar region code)",,,,,peak_frequency,range,,52.1,85,kHz,,,,52.1-85.0,definition_unstated,"Imported from MASTER_call_records.csv record BAT01896; upload archive sha256 17ffdda2ba6929d03dabcce39119e90d4ee10712fdf690885b3d4a5128d3e464. [trait_class=call_parameter] | Row tagged SA-Tr (South America, tropical) in Arias-Aguilar et al. 2018 Table 1-6. Reference numbers point to Appendix 1 of that paper, which was not itself retrieved, so the underlying primary citation is unresolved for every row here."
mst-bff8c7ddc27740,1004861,Pteronotus parnellii,exact,arias-aguilar-2018,supplied worksheet record BAT00541 (centralamerica),arias-aguilar-2018-compiled,search,,,,free_flying_wild,,CA,,,,,harmonic_emphasis,species_summary,2,,,count,,,,2,definition_unstated,Imported from MASTER_call_records.csv record BAT00541; upload archive sha256 17ffdda2ba6929d03dabcce39119e90d4ee10712fdf690885b3d4a5128d3e464. [trait_class=call_structure] | Mormoopid FME is in the second harmonic; calls multiharmonic and shaped like a 'lazy Z'.
mst-c2e13639d164c5,1004792,Rhynchonycteris naso,exact,arias-aguilar-2018,supplied worksheet record BAT00500 (centralamerica),arias-aguilar-2018-compiled,search,,,,free_flying_wild,,CA,,,,,peak_frequency,mean,98.2,,,kHz,sd,2.3,,98.2 +/- 2.3,ok,"Imported from MASTER_call_records.csv record BAT00500; upload archive sha256 17ffdda2ba6929d03dabcce39119e90d4ee10712fdf690885b3d4a5128d3e464. [trait_class=call_parameter] | From Arias-Aguilar et al. 2018 Table, rows tagged CA-Tr (Central America, tropical) - i.e. recordings actually made in Central America, not merely of species that occur there. Highest FME in the family by a wide margin. A second CA-Tr row gives ~40.2/47.2 kHz whose column assignment I could not resolve - see extraction_confidence."
mst-c4150bf0f61d09,1004787,Peropteryx kappleri,exact,arias-aguilar-2018,supplied worksheet record BAT00504 (centralamerica),arias-aguilar-2018-compiled,search,,,,free_flying_wild,,CA,,,,,harmonic_emphasis,species_summary,2,,,count,,,,2,definition_unstated,"Imported from MASTER_call_records.csv record BAT00504; upload archive sha256 17ffdda2ba6929d03dabcce39119e90d4ee10712fdf690885b3d4a5128d3e464. [trait_class=call_structure] | Family-wide: most energy in the quasi-CF part of the SECOND harmonic. Rarely Diclidurus, Saccopteryx and Rhynchonycteris place FME on the fundamental."
mst-c521d206b572bd,1005514,Eptesicus brasiliensis,synonym_via_mdd,arias-aguilar-2018,supplied worksheet record BAT01926 (southamerica_aa18_satr),arias-aguilar-2018-compiled,unspecified,,,,free_flying_wild,,"SA-Tr | South America, tropical (Arias-Aguilar region code)",,,,,peak_frequency,mean,44.61,,,kHz,,,,44.61 40.24-49.6,definition_unstated,"Imported from MASTER_call_records.csv record BAT01926; upload archive sha256 17ffdda2ba6929d03dabcce39119e90d4ee10712fdf690885b3d4a5128d3e464. [trait_class=call_parameter] | Row tagged SA-Tr (South America, tropical) in Arias-Aguilar et al. 2018 Table 1-6. Reference numbers point to Appendix 1 of that paper, which was not itself retrieved, so the underlying primary citation is unresolved for every row here."
mst-c76b826ffbac2a,1005193,Molossops temminckii,exact,arias-aguilar-2018,supplied worksheet record BAT01895 (southamerica_aa18_satr),arias-aguilar-2018-compiled,unspecified,,,,free_flying_wild,,"SA-Tr | South America, tropical (Arias-Aguilar region code)",,,,,peak_frequency,mean,50.4,,,kHz,,,,50.4 (50.4 narrow / 45.1 broad),definition_unstated,"Imported from MASTER_call_records.csv record BAT01895; upload archive sha256 17ffdda2ba6929d03dabcce39119e90d4ee10712fdf690885b3d4a5128d3e464. [trait_class=call_parameter] | Row tagged SA-Tr (South America, tropical) in Arias-Aguilar et al. 2018 Table 1-6. Reference numbers point to Appendix 1 of that paper, which was not itself retrieved, so the underlying primary citation is unresolved for every row here. Distinct narrow- and broadband call variants recorded from the same species."
mst-c8babebe42a082,1005462,Myotis riparius,exact,arias-aguilar-2018,supplied worksheet record BAT00561 (centralamerica),arias-aguilar-2018-compiled,search,,,,free_flying_wild,,CA,,,,,harmonic_emphasis,species_summary,1,,,count,,,,1,definition_unstated,Imported from MASTER_call_records.csv record BAT00561; upload archive sha256 17ffdda2ba6929d03dabcce39119e90d4ee10712fdf690885b3d4a5128d3e464. [trait_class=call_structure] | Neotropical vespertilionid FME is on the fundamental; broadband downward FM with a downward QCF termination. FME and minimum frequency are the key identification parameters.
mst-ccc35e24d7d2cf,1004867,Pteronotus rubiginosus,exact,arias-aguilar-2018,supplied worksheet record BAT01919 (southamerica_aa18_satr),arias-aguilar-2018-compiled,unspecified,"phonic type 53 kHz, second study","phonic type 53 kHz, second study",,free_flying_wild,,"SA-Tr | South America, tropical (Arias-Aguilar region code)",,,,,peak_frequency,mean,52.6,,,kHz,sd,0.5,,52.6 +/- 0.5,ok,"Imported from MASTER_call_records.csv record BAT01919; upload archive sha256 17ffdda2ba6929d03dabcce39119e90d4ee10712fdf690885b3d4a5128d3e464. [trait_class=call_parameter] | TAXONOMY CORRECTED 2026-09-08: originally logged under the old name Pteronotus parnellii. Pavan & Marroig 2016 restricted P. parnellii to the Antilles; Brazilian/mainland South American populations previously called P. parnellii are now P. rubiginosus (Garbino et al. 2024 Brazil checklist). Data collected under the old name almost certainly describes what is now P. rubiginosus, but this cannot be fully confirmed post hoc if the recording locality is unknown or if any Antillean sonotype data was pooled in. Row tagged SA-Tr (South America, tropical) in Arias-Aguilar et al. 2018 Table 1-6. Reference numbers point to Appendix 1 of that paper, which was not itself retrieved, so the underlying primary citation is unresolved for every row here."
mst-cf0755107bb4fb,1004849,Furipterus horrens,exact,arias-aguilar-2018,supplied worksheet record BAT02366 (southamerica_furipteridae_natalidae_thyropteridae),arias-aguilar-2018-compiled,unspecified,harmonic I,harmonic I,,free_flying_wild,,"SA-Tr | South America, tropical",,,,,peak_frequency,mean,190.5,,,kHz,sd,3.1,,190.5 +/- 3.1,ok,"Imported from MASTER_call_records.csv record BAT02366; upload archive sha256 17ffdda2ba6929d03dabcce39119e90d4ee10712fdf690885b3d4a5128d3e464. [trait_class=call_parameter] | From Arias-Aguilar et al. 2018 Table 2 (Furipteridae/Natalidae/Thyropteridae), previously fetched but NOT MINED into batch 1 - this was an outright omission, now corrected. Reference numbers point to the paper's Appendix 1, not itself retrieved. Start 161.3+/-10.3, end 128.6+/-7.6, duration 3.7+/-0.5 ms."
mst-d3d5a1795bbffb,1004781,Cormura brevirostris,exact,arias-aguilar-2018,supplied worksheet record BAT00476 (centralamerica),arias-aguilar-2018-compiled,search,low,low,,free_flying_wild,,CA,,,,,duration,mean,8.2,,,ms,sd,1.8,,8.2 +/- 1.8,ok,"Imported from MASTER_call_records.csv record BAT00476; upload archive sha256 17ffdda2ba6929d03dabcce39119e90d4ee10712fdf690885b3d4a5128d3e464. [trait_class=call_parameter] | From Arias-Aguilar et al. 2018 Table, rows tagged CA-Tr (Central America, tropical) - i.e. recordings actually made in Central America, not merely of species that occur there."
mst-d3e9f709f8d0e7,1005205,Molossus rufus,exact,arias-aguilar-2018,supplied worksheet record BAT00520 (centralamerica),arias-aguilar-2018-compiled,search,,,,free_flying_wild,,CA,,,,,duration,mean,11.6,,,ms,sd,3.68,,11.6 +/- 3.68,ok,"Imported from MASTER_call_records.csv record BAT00520; upload archive sha256 17ffdda2ba6929d03dabcce39119e90d4ee10712fdf690885b3d4a5128d3e464. [trait_class=call_parameter] | From Arias-Aguilar et al. 2018 Table, rows tagged CA-Tr (Central America, tropical) - i.e. recordings actually made in Central America, not merely of species that occur there."
mst-d7663a5d596104,1005256,Promops centralis,exact,arias-aguilar-2018,supplied worksheet record BAT00529 (centralamerica),arias-aguilar-2018-compiled,search,,,,free_flying_wild,,CA,,,,,harmonic_emphasis,species_summary,1,,,count,,,,1,definition_unstated,"Imported from MASTER_call_records.csv record BAT00529; upload archive sha256 17ffdda2ba6929d03dabcce39119e90d4ee10712fdf690885b3d4a5128d3e464. [trait_class=call_structure] | Molossid FME is on the fundamental. Long, shallow-modulated, low-frequency signals with irregular frequency alternation, variable amplitude and great plasticity."
mst-d897149cb51bba,1004856,Pteronotus gymnonotus,exact,arias-aguilar-2018,supplied worksheet record BAT01912 (southamerica_aa18_satr),arias-aguilar-2018-compiled,unspecified,,,,free_flying_wild,,"SA-Tr | South America, tropical (Arias-Aguilar region code)",,,,,peak_frequency,mean,54.8,,,kHz,sd,0.6,,54.8 +/- 0.6,ok,"Imported from MASTER_call_records.csv record BAT01912; upload archive sha256 17ffdda2ba6929d03dabcce39119e90d4ee10712fdf690885b3d4a5128d3e464. [trait_class=call_parameter] | Row tagged SA-Tr (South America, tropical) in Arias-Aguilar et al. 2018 Table 1-6. Reference numbers point to Appendix 1 of that paper, which was not itself retrieved, so the underlying primary citation is unresolved for every row here."
mst-da820271e00322,1005580,Lasiurus ega,exact,arias-aguilar-2018,supplied worksheet record BAT00558 (centralamerica),arias-aguilar-2018-compiled,search,,,,free_flying_wild,,CA,,,,,harmonic_emphasis,species_summary,1,,,count,,,,1,definition_unstated,Imported from MASTER_call_records.csv record BAT00558; upload archive sha256 17ffdda2ba6929d03dabcce39119e90d4ee10712fdf690885b3d4a5128d3e464. [trait_class=call_structure] | Neotropical vespertilionid FME is on the fundamental; broadband downward FM with a downward QCF termination. FME and minimum frequency are the key identification parameters.
mst-da8c70dc174859,1005192,Molossops neglectus,exact,arias-aguilar-2018,supplied worksheet record BAT01894 (southamerica_aa18_satr),arias-aguilar-2018-compiled,unspecified,,,,free_flying_wild,,"SA-Tr | South America, tropical (Arias-Aguilar region code)",,,,,peak_frequency,range,,44,46,kHz,,,,44-46,definition_unstated,"Imported from MASTER_call_records.csv record BAT01894; upload archive sha256 17ffdda2ba6929d03dabcce39119e90d4ee10712fdf690885b3d4a5128d3e464. [trait_class=call_parameter] | Row tagged SA-Tr (South America, tropical) in Arias-Aguilar et al. 2018 Table 1-6. Reference numbers point to Appendix 1 of that paper, which was not itself retrieved, so the underlying primary citation is unresolved for every row here."
mst-de5fbe2ea2f686,1004781,Cormura brevirostris,exact,arias-aguilar-2018,supplied worksheet record BAT00506 (centralamerica),arias-aguilar-2018-compiled,search,,,,free_flying_wild,,CA,,,,,harmonic_emphasis,species_summary,2,,,count,,,,2,definition_unstated,"Imported from MASTER_call_records.csv record BAT00506; upload archive sha256 17ffdda2ba6929d03dabcce39119e90d4ee10712fdf690885b3d4a5128d3e464. [trait_class=call_structure] | Family-wide: most energy in the quasi-CF part of the SECOND harmonic. Rarely Diclidurus, Saccopteryx and Rhynchonycteris place FME on the fundamental."
mst-e1d9a6d4533c8f,1004782,Cyttarops alecto,exact,arias-aguilar-2018,supplied worksheet record BAT01865 (southamerica_aa18_satr),arias-aguilar-2018-compiled,unspecified,,,,free_flying_wild,,"SA-Tr | South America, tropical (Arias-Aguilar region code)",,,,,peak_frequency,species_summary,35.4,,,kHz,,,,35.4 34.5-35.4,definition_unstated,"Imported from MASTER_call_records.csv record BAT01865; upload archive sha256 17ffdda2ba6929d03dabcce39119e90d4ee10712fdf690885b3d4a5128d3e464. [trait_class=call_parameter] | Row tagged SA-Tr (South America, tropical) in Arias-Aguilar et al. 2018 Table 1-6. Reference numbers point to Appendix 1 of that paper, which was not itself retrieved, so the underlying primary citation is unresolved for every row here."
mst-e3030c161914f3,1004797,Saccopteryx leptura,exact,arias-aguilar-2018,supplied worksheet record BAT00509 (centralamerica),arias-aguilar-2018-compiled,search,,,,free_flying_wild,,CA,,,,,harmonic_emphasis,species_summary,2,,,count,,,,2,definition_unstated,"Imported from MASTER_call_records.csv record BAT00509; upload archive sha256 17ffdda2ba6929d03dabcce39119e90d4ee10712fdf690885b3d4a5128d3e464. [trait_class=call_structure] | Family-wide: most energy in the quasi-CF part of the SECOND harmonic. Rarely Diclidurus, Saccopteryx and Rhynchonycteris place FME on the fundamental."
mst-e313f0903e2d3a,1005172,Cynomops planirostris,exact,arias-aguilar-2018,supplied worksheet record BAT01891 (southamerica_aa18_satr),arias-aguilar-2018-compiled,unspecified,low/middle,low/middle,,free_flying_wild,,"SA-Tr | South America, tropical (Arias-Aguilar region code)",,,,,peak_frequency,range,,27.8,35.8,kHz,,,,27.8-35.8,definition_unstated,"Imported from MASTER_call_records.csv record BAT01891; upload archive sha256 17ffdda2ba6929d03dabcce39119e90d4ee10712fdf690885b3d4a5128d3e464. [trait_class=call_parameter] | Row tagged SA-Tr (South America, tropical) in Arias-Aguilar et al. 2018 Table 1-6. Reference numbers point to Appendix 1 of that paper, which was not itself retrieved, so the underlying primary citation is unresolved for every row here."
mst-ea49c93c79035a,1005097,Thyroptera tricolor,exact,arias-aguilar-2018,supplied worksheet record BAT02383 (southamerica_furipteridae_natalidae_thyropteridae),arias-aguilar-2018-compiled,unspecified,"harmonic 1, separate study","harmonic 1, separate study",,free_flying_wild,,"SA-Tr | South America, tropical",,,,,peak_frequency,mean,51,,,kHz,sd,2.2,,51 +/- 2.2,ok,"Imported from MASTER_call_records.csv record BAT02383; upload archive sha256 17ffdda2ba6929d03dabcce39119e90d4ee10712fdf690885b3d4a5128d3e464. [trait_class=call_parameter] | From Arias-Aguilar et al. 2018 Table 2 (Furipteridae/Natalidae/Thyropteridae), previously fetched but NOT MINED into batch 1 - this was an outright omission, now corrected. Reference numbers point to the paper's Appendix 1, not itself retrieved."
mst-eb868d6f101b2e,1004783,Diclidurus albus,exact,arias-aguilar-2018,supplied worksheet record BAT00481 (centralamerica),arias-aguilar-2018-compiled,search,low,low,,free_flying_wild,,CA,,,,,peak_frequency,mean,23.5,,,kHz,sd,0.3,,23.5 +/- 0.3,ok,"Imported from MASTER_call_records.csv record BAT00481; upload archive sha256 17ffdda2ba6929d03dabcce39119e90d4ee10712fdf690885b3d4a5128d3e464. [trait_class=call_parameter] | From Arias-Aguilar et al. 2018 Table, rows tagged CA-Tr (Central America, tropical) - i.e. recordings actually made in Central America, not merely of species that occur there."
mst-eb897c959cddcc,1004783,Diclidurus albus,exact,arias-aguilar-2018,supplied worksheet record BAT00507 (centralamerica),arias-aguilar-2018-compiled,search,,,,free_flying_wild,,CA,,,,,harmonic_emphasis,species_summary,2,,,count,,,,2,definition_unstated,"Imported from MASTER_call_records.csv record BAT00507; upload archive sha256 17ffdda2ba6929d03dabcce39119e90d4ee10712fdf690885b3d4a5128d3e464. [trait_class=call_structure] | Family-wide: most energy in the quasi-CF part of the SECOND harmonic. Rarely Diclidurus, Saccopteryx and Rhynchonycteris place FME on the fundamental."
mst-ebe84aba3410b2,1005359,Myotis albescens,exact,arias-aguilar-2018,supplied worksheet record BAT00551 (centralamerica),arias-aguilar-2018-compiled,search,,,,free_flying_wild,,CA,,,,,peak_frequency,range,,43,46,kHz,,,,43-46,definition_unstated,"Imported from MASTER_call_records.csv record BAT00551; upload archive sha256 17ffdda2ba6929d03dabcce39119e90d4ee10712fdf690885b3d4a5128d3e464. [trait_class=call_parameter] | From Arias-Aguilar et al. 2018 Table, rows tagged CA-Tr (Central America, tropical) - i.e. recordings actually made in Central America, not merely of species that occur there. Other CA-Tr rows give 42 and 52 kHz."
mst-ec9d0bf5b6f163,1005447,Myotis nigricans,exact,arias-aguilar-2018,supplied worksheet record BAT00552 (centralamerica),arias-aguilar-2018-compiled,search,,,,free_flying_wild,,CA,,,,,peak_frequency,mean,54.2,,,kHz,sd,0.04,,54.2 +/- 0.04,ok,"Imported from MASTER_call_records.csv record BAT00552; upload archive sha256 17ffdda2ba6929d03dabcce39119e90d4ee10712fdf690885b3d4a5128d3e464. [trait_class=call_parameter] | From Arias-Aguilar et al. 2018 Table, rows tagged CA-Tr (Central America, tropical) - i.e. recordings actually made in Central America, not merely of species that occur there."
mst-ecdf1196a5c224,1004797,Saccopteryx leptura,exact,arias-aguilar-2018,supplied worksheet record BAT00491 (centralamerica),arias-aguilar-2018-compiled,search,low,low,,free_flying_wild,,CA,,,,,duration,mean,7.2,,,ms,sd,1.5,,7.2 +/- 1.5,ok,"Imported from MASTER_call_records.csv record BAT00491; upload archive sha256 17ffdda2ba6929d03dabcce39119e90d4ee10712fdf690885b3d4a5128d3e464. [trait_class=call_parameter] | From Arias-Aguilar et al. 2018 Table, rows tagged CA-Tr (Central America, tropical) - i.e. recordings actually made in Central America, not merely of species that occur there."
mst-edb63b5b1f5a9c,1005559,Histiotus montanus,exact,arias-aguilar-2018,supplied worksheet record BAT01936 (southamerica_aa18_satr),arias-aguilar-2018-compiled,unspecified,,,,free_flying_wild,,"SA-Ar | South America, tropical (Arias-Aguilar region code)",,,,,peak_frequency,mean,35.36,,,kHz,sd,0.41,,35.36 +/- 0.41,ok,"Imported from MASTER_call_records.csv record BAT01936; upload archive sha256 17ffdda2ba6929d03dabcce39119e90d4ee10712fdf690885b3d4a5128d3e464. [trait_class=call_parameter] | Row tagged SA-Tr (South America, tropical) in Arias-Aguilar et al. 2018 Table 1-6. Reference numbers point to Appendix 1 of that paper, which was not itself retrieved, so the underlying primary citation is unresolved for every row here. Second study."
mst-ee9032c1ff74c5,1004794,Saccopteryx bilineata,exact,arias-aguilar-2018,supplied worksheet record BAT01875 (southamerica_aa18_satr),arias-aguilar-2018-compiled,unspecified,,,,free_flying_wild,,"SA-Tr | South America, tropical (Arias-Aguilar region code)",,,,,peak_frequency,mean,46.46,,,kHz,,,,46.46 46.04-46.81,definition_unstated,"Imported from MASTER_call_records.csv record BAT01875; upload archive sha256 17ffdda2ba6929d03dabcce39119e90d4ee10712fdf690885b3d4a5128d3e464. [trait_class=call_parameter] | Row tagged SA-Tr (South America, tropical) in Arias-Aguilar et al. 2018 Table 1-6. Reference numbers point to Appendix 1 of that paper, which was not itself retrieved, so the underlying primary citation is unresolved for every row here. Second SA-Tr study."
mst-eea1d0dee15191,1004779,Centronycteris centralis,exact,arias-aguilar-2018,supplied worksheet record BAT00502 (centralamerica),arias-aguilar-2018-compiled,search,,,,free_flying_wild,,CA,,,,,harmonic_emphasis,species_summary,2,,,count,,,,2,definition_unstated,"Imported from MASTER_call_records.csv record BAT00502; upload archive sha256 17ffdda2ba6929d03dabcce39119e90d4ee10712fdf690885b3d4a5128d3e464. [trait_class=call_structure] | Family-wide: most energy in the quasi-CF part of the SECOND harmonic. Rarely Diclidurus, Saccopteryx and Rhynchonycteris place FME on the fundamental."
mst-eebe5cb326f85f,1005559,Histiotus montanus,exact,arias-aguilar-2018,supplied worksheet record BAT01935 (southamerica_aa18_satr),arias-aguilar-2018-compiled,unspecified,,,,free_flying_wild,,"SA-Ar | South America, arid",,,,,peak_frequency,mean,32,,,kHz,sd,2.1,,32.0 +/- 2.1,ok,"Imported from MASTER_call_records.csv record BAT01935; upload archive sha256 17ffdda2ba6929d03dabcce39119e90d4ee10712fdf690885b3d4a5128d3e464. [trait_class=call_parameter] | Row tagged SA-Tr (South America, tropical) in Arias-Aguilar et al. 2018 Table 1-6. Reference numbers point to Appendix 1 of that paper, which was not itself retrieved, so the underlying primary citation is unresolved for every row here."
mst-efca4ca7f192f9,1005462,Myotis riparius,exact,arias-aguilar-2018,supplied worksheet record BAT01945 (southamerica_aa18_satr),arias-aguilar-2018-compiled,unspecified,,,,free_flying_wild,,"SA-Tr | South America, tropical (Arias-Aguilar region code)",,,,,peak_frequency,mean,66.56,,,kHz,,,,66.56 64.36-70.21,definition_unstated,"Imported from MASTER_call_records.csv record BAT01945; upload archive sha256 17ffdda2ba6929d03dabcce39119e90d4ee10712fdf690885b3d4a5128d3e464. [trait_class=call_parameter] | Row tagged SA-Tr (South America, tropical) in Arias-Aguilar et al. 2018 Table 1-6. Reference numbers point to Appendix 1 of that paper, which was not itself retrieved, so the underlying primary citation is unresolved for every row here. Third SA-Tr study; the source paper itself flags M. riparius FME as ranging 55-66.56 kHz WITHIN South America alone - one of the ten species the authors name as showing great acoustic variability."
mst-f2837e165b03b1,1004849,Furipterus horrens,exact,arias-aguilar-2018,supplied worksheet record BAT02368 (southamerica_furipteridae_natalidae_thyropteridae),arias-aguilar-2018-compiled,unspecified,"harmonic II, study B","harmonic II, study B",,free_flying_wild,,"SA-Tr | South America, tropical",,,,,peak_frequency,mean,191.3,,,kHz,sd,1.7,,191.3 +/- 1.7,ok,"Imported from MASTER_call_records.csv record BAT02368; upload archive sha256 17ffdda2ba6929d03dabcce39119e90d4ee10712fdf690885b3d4a5128d3e464. [trait_class=call_parameter] | From Arias-Aguilar et al. 2018 Table 2 (Furipteridae/Natalidae/Thyropteridae), previously fetched but NOT MINED into batch 1 - this was an outright omission, now corrected. Reference numbers point to the paper's Appendix 1, not itself retrieved. Start 157.2+/-14.4, end 135.1+/-6.6, bandwidth 56.2+/-6.6, duration 2.3+/-0.5 ms."
mst-f3bcd6b92a5809,1004792,Rhynchonycteris naso,exact,arias-aguilar-2018,supplied worksheet record BAT01872 (southamerica_aa18_satr),arias-aguilar-2018-compiled,unspecified,,,,free_flying_wild,,"SA-Tr | South America, tropical (Arias-Aguilar region code)",,,,,peak_frequency,species_summary,95.6,,,kHz,,,,95.6 80.2-98.2,definition_unstated,"Imported from MASTER_call_records.csv record BAT01872; upload archive sha256 17ffdda2ba6929d03dabcce39119e90d4ee10712fdf690885b3d4a5128d3e464. [trait_class=call_parameter] | Row tagged SA-Tr (South America, tropical) in Arias-Aguilar et al. 2018 Table 1-6. Reference numbers point to Appendix 1 of that paper, which was not itself retrieved, so the underlying primary citation is unresolved for every row here."
mst-f46cb4c69c39d0,1004870,Noctilio albiventris,exact,arias-aguilar-2018,supplied worksheet record BAT01921 (southamerica_aa18_satr),arias-aguilar-2018-compiled,unspecified,,,,free_flying_wild,,"SA-Tr | South America, tropical (Arias-Aguilar region code)",,,,,peak_frequency,mean,52.47,,,kHz,,,,52.47 48.37-57.28,definition_unstated,"Imported from MASTER_call_records.csv record BAT01921; upload archive sha256 17ffdda2ba6929d03dabcce39119e90d4ee10712fdf690885b3d4a5128d3e464. [trait_class=call_parameter] | Row tagged SA-Tr (South America, tropical) in Arias-Aguilar et al. 2018 Table 1-6. Reference numbers point to Appendix 1 of that paper, which was not itself retrieved, so the underlying primary citation is unresolved for every row here."
mst-f4f9903342fc75,1005447,Myotis nigricans,exact,arias-aguilar-2018,supplied worksheet record BAT01942 (southamerica_aa18_satr),arias-aguilar-2018-compiled,unspecified,,,,free_flying_wild,,"SA-Tr | South America, tropical (Arias-Aguilar region code)",,,,,peak_frequency,mean,48.25,,,kHz,,,,48.25 42.67-55.79,definition_unstated,"Imported from MASTER_call_records.csv record BAT01942; upload archive sha256 17ffdda2ba6929d03dabcce39119e90d4ee10712fdf690885b3d4a5128d3e464. [trait_class=call_parameter] | Row tagged SA-Tr (South America, tropical) in Arias-Aguilar et al. 2018 Table 1-6. Reference numbers point to Appendix 1 of that paper, which was not itself retrieved, so the underlying primary citation is unresolved for every row here. Second SA-Tr study."
mst-f5d8b411791fb8,1005095,Thyroptera discifera,exact,arias-aguilar-2018,supplied worksheet record BAT02381 (southamerica_furipteridae_natalidae_thyropteridae),arias-aguilar-2018-compiled,unspecified,harmonic 1,harmonic 1,,free_flying_wild,,"SA-Tr | South America, tropical",,,,,duration,mean,2.5,,,ms,sd,0.3,,2.5 +/- 0.3,ok,"Imported from MASTER_call_records.csv record BAT02381; upload archive sha256 17ffdda2ba6929d03dabcce39119e90d4ee10712fdf690885b3d4a5128d3e464. [trait_class=call_parameter] | From Arias-Aguilar et al. 2018 Table 2 (Furipteridae/Natalidae/Thyropteridae), previously fetched but NOT MINED into batch 1 - this was an outright omission, now corrected. Reference numbers point to the paper's Appendix 1, not itself retrieved."
mst-f75fb23e91b91d,1005202,Molossus molossus,exact,arias-aguilar-2018,supplied worksheet record BAT00523 (centralamerica),arias-aguilar-2018-compiled,search,,,,free_flying_wild,,CA,,,,,harmonic_emphasis,species_summary,1,,,count,,,,1,definition_unstated,"Imported from MASTER_call_records.csv record BAT00523; upload archive sha256 17ffdda2ba6929d03dabcce39119e90d4ee10712fdf690885b3d4a5128d3e464. [trait_class=call_structure] | Molossid FME is on the fundamental. Long, shallow-modulated, low-frequency signals with irregular frequency alternation, variable amplitude and great plasticity."
mst-f80dbd6638ee69,1005172,Cynomops planirostris,exact,arias-aguilar-2018,supplied worksheet record BAT00528 (centralamerica),arias-aguilar-2018-compiled,search,,,,free_flying_wild,,CA,,,,,harmonic_emphasis,species_summary,1,,,count,,,,1,definition_unstated,"Imported from MASTER_call_records.csv record BAT00528; upload archive sha256 17ffdda2ba6929d03dabcce39119e90d4ee10712fdf690885b3d4a5128d3e464. [trait_class=call_structure] | Molossid FME is on the fundamental. Long, shallow-modulated, low-frequency signals with irregular frequency alternation, variable amplitude and great plasticity."
mst-f9b3053ed50dd0,1004784,Diclidurus ingens,exact,arias-aguilar-2018,supplied worksheet record BAT01866 (southamerica_aa18_satr),arias-aguilar-2018-compiled,unspecified,low/high alternating,low/high alternating,,free_flying_wild,,"SA-Tr | South America, tropical (Arias-Aguilar region code)",,,,,peak_frequency,range,,19.6,21.8,kHz,,,,19.6-21.8,definition_unstated,"Imported from MASTER_call_records.csv record BAT01866; upload archive sha256 17ffdda2ba6929d03dabcce39119e90d4ee10712fdf690885b3d4a5128d3e464. [trait_class=call_parameter] | Row tagged SA-Tr (South America, tropical) in Arias-Aguilar et al. 2018 Table 1-6. Reference numbers point to Appendix 1 of that paper, which was not itself retrieved, so the underlying primary citation is unresolved for every row here."
mst-fa40772ae0a6ed,1005574,Lasiurus blossevillii,exact,arias-aguilar-2018,supplied worksheet record BAT01930 (southamerica_aa18_satr),arias-aguilar-2018-compiled,unspecified,,,,free_flying_wild,,"SA-Tr | South America, tropical (Arias-Aguilar region code)",,,,,peak_frequency,mean,38.77,,,kHz,,,,38.77 37.27-41.13,definition_unstated,"Imported from MASTER_call_records.csv record BAT01930; upload archive sha256 17ffdda2ba6929d03dabcce39119e90d4ee10712fdf690885b3d4a5128d3e464. [trait_class=call_parameter] | Row tagged SA-Tr (South America, tropical) in Arias-Aguilar et al. 2018 Table 1-6. Reference numbers point to Appendix 1 of that paper, which was not itself retrieved, so the underlying primary citation is unresolved for every row here. Second SA-Tr study; strong regional variability already flagged in batch-1 Brazil review."
mst-fb5c5127255c38,1004795,Saccopteryx canescens,exact,arias-aguilar-2018,supplied worksheet record BAT01877 (southamerica_aa18_satr),arias-aguilar-2018-compiled,unspecified,,,,free_flying_wild,,"SA-Tr | South America, tropical (Arias-Aguilar region code)",,,,,peak_frequency,species_summary,52.5,,,kHz,,,,52.5 52.3-54.3,definition_unstated,"Imported from MASTER_call_records.csv record BAT01877; upload archive sha256 17ffdda2ba6929d03dabcce39119e90d4ee10712fdf690885b3d4a5128d3e464. [trait_class=call_parameter] | Row tagged SA-Tr (South America, tropical) in Arias-Aguilar et al. 2018 Table 1-6. Reference numbers point to Appendix 1 of that paper, which was not itself retrieved, so the underlying primary citation is unresolved for every row here."
mst-fb64a2a1d26c97,1005447,Myotis nigricans,exact,arias-aguilar-2018,supplied worksheet record BAT00553 (centralamerica),arias-aguilar-2018-compiled,search,second CA-Tr study,second CA-Tr study,,free_flying_wild,,CA,,,,,peak_frequency,mean,55,,,kHz,sd,1.2,,55.0 +/- 1.2,ok,"Imported from MASTER_call_records.csv record BAT00553; upload archive sha256 17ffdda2ba6929d03dabcce39119e90d4ee10712fdf690885b3d4a5128d3e464. [trait_class=call_parameter] | From Arias-Aguilar et al. 2018 Table, rows tagged CA-Tr (Central America, tropical) - i.e. recordings actually made in Central America, not merely of species that occur there."
mst-fd1b175f1d6c6b,1005198,Molossus currentium,exact,arias-aguilar-2018,supplied worksheet record BAT00525 (centralamerica),arias-aguilar-2018-compiled,search,,,,free_flying_wild,,CA,,,,,harmonic_emphasis,species_summary,1,,,count,,,,1,definition_unstated,"Imported from MASTER_call_records.csv record BAT00525; upload archive sha256 17ffdda2ba6929d03dabcce39119e90d4ee10712fdf690885b3d4a5128d3e464. [trait_class=call_structure] | Molossid FME is on the fundamental. Long, shallow-modulated, low-frequency signals with irregular frequency alternation, variable amplitude and great plasticity."
