observation_id,mdd_id,verbatim_taxon_name,taxon_match_method,reference_id,locator,method_id,call_phase,call_variant,variant_label,signal_direction,recording_condition,habitat_class,country,locality,date_or_season,n_individuals,n_calls,parameter,statistic,value,value_min,value_max,unit,dispersion_type,dispersion_value,harmonic,verbatim_value,quality_flag,notes
mst-01b26631cac1f0,1004891,Anoura caudifera,manual,barataud-2013-guyane,supplied worksheet record BAT02420 (southamerica_guianas),barataud-2013-guyane-unstated,unspecified,,,,unspecified,,French Guiana,,,,12,peak_frequency,species_summary,44,,,kHz,,,1,44,definition_unstated,"Imported from MASTER_call_records.csv record BAT02420; upload archive sha256 17ffdda2ba6929d03dabcce39119e90d4ee10712fdf690885b3d4a5128d3e464. [HARMONIC NORMALISED: original trait 'fmaxE_fundamental_kHz'] Barataud, Giosa, Leblanc, Rufray, Disca, Tillon, Delaval, Haquart & Dewynter 2013, 'Identification et ecologie acoustique des chiropteres de Guyane francaise', Le Rhinolophe 19:103-145. OPEN PDF on the authors' own site, FULL TEXT AND ALL TABLES FETCHED. Time-expansion x10 recordings 2001-2011, Pettersson D1000X/D980/D240X, BatSound analysis. 2526 signals, 379 sequences, 80 species of French Guiana's 103. Method combines AUDITORY analysis (structure, sonority, energy distribution) with computer analysis - the auditory criteria are load-bearing, not decorative. Values in the source's bold type refer to the energy-richest component; this dataset records the dominant harmonic separately in the dominant_harmonic column."
mst-01b82ae5086928,1004979,Phylloderma stenops,exact,barataud-2013-guyane,supplied worksheet record BAT02492 (southamerica_guianas),barataud-2013-guyane-unstated,unspecified,,,,unspecified,,French Guiana,,,,22,bandwidth,species_summary,30,,,kHz,,,2,30,definition_unstated,"Imported from MASTER_call_records.csv record BAT02492; upload archive sha256 17ffdda2ba6929d03dabcce39119e90d4ee10712fdf690885b3d4a5128d3e464. Barataud, Giosa, Leblanc, Rufray, Disca, Tillon, Delaval, Haquart & Dewynter 2013, 'Identification et ecologie acoustique des chiropteres de Guyane francaise', Le Rhinolophe 19:103-145. OPEN PDF on the authors' own site, FULL TEXT AND ALL TABLES FETCHED. Time-expansion x10 recordings 2001-2011, Pettersson D1000X/D980/D240X, BatSound analysis. 2526 signals, 379 sequences, 80 species of French Guiana's 103. Method combines AUDITORY analysis (structure, sonority, energy distribution) with computer analysis - the auditory criteria are load-bearing, not decorative."
mst-03e45a5324a97e,1005574,Lasiurus blossevillii,exact,barataud-2013-guyane,supplied worksheet record BAT02636 (southamerica_guianas),barataud-2013-guyane-unstated,unspecified,,,,unspecified,,French Guiana,,,,50,peak_frequency,mean,45.5,,,kHz,sd,5.3,1,45.5 +/- 5.3,ok,"Imported from MASTER_call_records.csv record BAT02636; upload archive sha256 17ffdda2ba6929d03dabcce39119e90d4ee10712fdf690885b3d4a5128d3e464. [HARMONIC NORMALISED: original trait 'fmaxE_fundamental_kHz'] Barataud et al. 2013, Le Rhinolophe 19:103-145 (open PDF, full text fetched). Duration 12.3 +/- 2.5 ms, bandwidth 14.3 +/- 7.0 kHz, FC/total-duration ratio 24.7%. Vespertilionids share with molossids the trait of ALWAYS carrying energy on the fundamental (harmonics may be entirely absent)."
mst-04c13651bcc65a,1004853,Pteronotus davyi,exact,barataud-2013-guyane,supplied worksheet record BAT02415 (southamerica_guianas),barataud-2013-guyane-unstated,unspecified,,,,unspecified,,French Guiana,,,,81,cf_frequency,mean,71.5,,,kHz,sd,0.2,,71.5 +/- 0.2,ok,"Imported from MASTER_call_records.csv record BAT02415; upload archive sha256 17ffdda2ba6929d03dabcce39119e90d4ee10712fdf690885b3d4a5128d3e464. Barataud, Giosa, Leblanc, Rufray, Disca, Tillon, Delaval, Haquart & Dewynter 2013, 'Identification et ecologie acoustique des chiropteres de Guyane francaise', Le Rhinolophe 19:103-145. OPEN PDF on the authors' own site, FULL TEXT AND ALL TABLES FETCHED. Time-expansion x10 recordings 2001-2011, Pettersson D1000X/D980/D240X, BatSound analysis. 2526 signals, 379 sequences, 80 species of French Guiana's 103. Method combines AUDITORY analysis (structure, sonority, energy distribution) with computer analysis - the auditory criteria are load-bearing, not decorative. Sonar technology: spatial localisation. FC/total duration ratio 70.1%. Terminal-FC/total-FC ratio 26.7%. FME(FCt) minus terminal frequency = 4.3 kHz (near zero = truly flat FC, required for Doppler; non-zero = sloped). The paper proposes a ~75% FC/total-duration threshold below which Doppler use is compromised."
mst-05fcf45bbe1520,1004881,Diaemus youngi,exact,barataud-2013-guyane,supplied worksheet record BAT02457 (southamerica_guianas),barataud-2013-guyane-unstated,unspecified,,,,unspecified,,French Guiana,,,,30,bandwidth,species_summary,25,,,kHz,,,2,25,definition_unstated,"Imported from MASTER_call_records.csv record BAT02457; upload archive sha256 17ffdda2ba6929d03dabcce39119e90d4ee10712fdf690885b3d4a5128d3e464. Barataud, Giosa, Leblanc, Rufray, Disca, Tillon, Delaval, Haquart & Dewynter 2013, 'Identification et ecologie acoustique des chiropteres de Guyane francaise', Le Rhinolophe 19:103-145. OPEN PDF on the authors' own site, FULL TEXT AND ALL TABLES FETCHED. Time-expansion x10 recordings 2001-2011, Pettersson D1000X/D980/D240X, BatSound analysis. 2526 signals, 379 sequences, 80 species of French Guiana's 103. Method combines AUDITORY analysis (structure, sonority, energy distribution) with computer analysis - the auditory criteria are load-bearing, not decorative."
mst-0650e99d857b65,1005015,Artibeus planirostris,exact,barataud-2013-guyane,supplied worksheet record BAT02572 (southamerica_guianas),barataud-2013-guyane-unstated,unspecified,,,,unspecified,,French Guiana,,,,25,duration,species_summary,2.2,,,ms,,,3,2.2,definition_unstated,"Imported from MASTER_call_records.csv record BAT02572; upload archive sha256 17ffdda2ba6929d03dabcce39119e90d4ee10712fdf690885b3d4a5128d3e464. Barataud, Giosa, Leblanc, Rufray, Disca, Tillon, Delaval, Haquart & Dewynter 2013, 'Identification et ecologie acoustique des chiropteres de Guyane francaise', Le Rhinolophe 19:103-145. OPEN PDF on the authors' own site, FULL TEXT AND ALL TABLES FETCHED. Time-expansion x10 recordings 2001-2011, Pettersson D1000X/D980/D240X, BatSound analysis. 2526 signals, 379 sequences, 80 species of French Guiana's 103. Method combines AUDITORY analysis (structure, sonority, energy distribution) with computer analysis - the auditory criteria are load-bearing, not decorative. Dominant harmonic = H2."
mst-074e4e52c6a54e,1004977,Lophostoma schulzi,exact,barataud-2013-guyane,supplied worksheet record BAT02472 (southamerica_guianas),barataud-2013-guyane-unstated,unspecified,,,,unspecified,,French Guiana,,,,8,bandwidth,species_summary,12.5,,,kHz,,,2,12.5,definition_unstated,"Imported from MASTER_call_records.csv record BAT02472; upload archive sha256 17ffdda2ba6929d03dabcce39119e90d4ee10712fdf690885b3d4a5128d3e464. Barataud, Giosa, Leblanc, Rufray, Disca, Tillon, Delaval, Haquart & Dewynter 2013, 'Identification et ecologie acoustique des chiropteres de Guyane francaise', Le Rhinolophe 19:103-145. OPEN PDF on the authors' own site, FULL TEXT AND ALL TABLES FETCHED. Time-expansion x10 recordings 2001-2011, Pettersson D1000X/D980/D240X, BatSound analysis. 2526 signals, 379 sequences, 80 species of French Guiana's 103. Method combines AUDITORY analysis (structure, sonority, energy distribution) with computer analysis - the auditory criteria are load-bearing, not decorative."
mst-0837878c2c5633,1004881,Diaemus youngi,exact,barataud-2013-guyane,supplied worksheet record BAT02459 (southamerica_guianas),barataud-2013-guyane-unstated,unspecified,,,,unspecified,,French Guiana,,,,30,peak_frequency,species_summary,52,,,kHz,,,2,52,definition_unstated,"Imported from MASTER_call_records.csv record BAT02459; upload archive sha256 17ffdda2ba6929d03dabcce39119e90d4ee10712fdf690885b3d4a5128d3e464. [HARMONIC NORMALISED: original trait 'fmaxE_H1_kHz'] Barataud, Giosa, Leblanc, Rufray, Disca, Tillon, Delaval, Haquart & Dewynter 2013, 'Identification et ecologie acoustique des chiropteres de Guyane francaise', Le Rhinolophe 19:103-145. OPEN PDF on the authors' own site, FULL TEXT AND ALL TABLES FETCHED. Time-expansion x10 recordings 2001-2011, Pettersson D1000X/D980/D240X, BatSound analysis. 2526 signals, 379 sequences, 80 species of French Guiana's 103. Method combines AUDITORY analysis (structure, sonority, energy distribution) with computer analysis - the auditory criteria are load-bearing, not decorative. Values in the source's bold type refer to the energy-richest component; this dataset records the dominant harmonic separately in the dominant_harmonic column."
mst-08f7b47f6eb93b,1005172,Cynomops planirostris,exact,barataud-2013-guyane,supplied worksheet record BAT02651 (southamerica_guianas),barataud-2013-guyane-unstated,unspecified,,,,unspecified,,French Guiana,,,,8,peak_frequency,median,33.9,,,kHz,,,1,33.9 32.4-35.8,definition_unstated,"Imported from MASTER_call_records.csv record BAT02651; upload archive sha256 17ffdda2ba6929d03dabcce39119e90d4ee10712fdf690885b3d4a5128d3e464. [HARMONIC NORMALISED: original trait 'fmaxE_fundamental_kHz'] [alternation_type=moyen] | Barataud et al. 2013, Le Rhinolophe 19:103-145 (open PDF, full text fetched). Duration median 10.0 ms (6.9-13.3). Molossids ALWAYS carry FME on the fundamental (harmonics often absent). Most species use a succession of two or three frequency-shifted signals in cruise or early approach - the frequency-alternation pattern documented across four continents in this project."
mst-09bab383b17e70,1004791,Peropteryx trinitatis,exact,barataud-2013-guyane,supplied worksheet record BAT02393 (southamerica_guianas),barataud-2013-guyane-unstated,unspecified,,,,unspecified,,French Guiana,,,,15,peak_frequency,median,43.9,,,kHz,,,2,43.9 42.1-43.9,definition_unstated,"Imported from MASTER_call_records.csv record BAT02393; upload archive sha256 17ffdda2ba6929d03dabcce39119e90d4ee10712fdf690885b3d4a5128d3e464. [HARMONIC NORMALISED: original trait 'fmaxE_H1_kHz'] [alternation_type=mono] | Barataud, Giosa, Leblanc, Rufray, Disca, Tillon, Delaval, Haquart & Dewynter 2013, 'Identification et ecologie acoustique des chiropteres de Guyane francaise', Le Rhinolophe 19:103-145. OPEN PDF on the authors' own site, FULL TEXT AND ALL TABLES FETCHED. Time-expansion x10 recordings 2001-2011, Pettersson D1000X/D980/D240X, BatSound analysis. 2526 signals, 379 sequences, 80 species of French Guiana's 103. Method combines AUDITORY analysis (structure, sonority, energy distribution) with computer analysis - the auditory criteria are load-bearing, not decorative. Emballonurid FME is on HARMONIC 1 (rarely the fundamental in Rhynchonycteris naso). Value is the MEDIAN with min-max range. The paper calls this family 'a perfect example of acoustic niches within a taxonomic group: each species' sonar has certainly undergone character displacement to avoid interspecific overlap.'"
mst-0a2b3fbb2a0dd7,1004983,Phyllostomus latifolius,exact,barataud-2013-guyane,supplied worksheet record BAT02510 (southamerica_guianas),barataud-2013-guyane-unstated,unspecified,,,,unspecified,,French Guiana,,,,30,duration,species_summary,3.1,,,ms,,,3,3.1,definition_unstated,"Imported from MASTER_call_records.csv record BAT02510; upload archive sha256 17ffdda2ba6929d03dabcce39119e90d4ee10712fdf690885b3d4a5128d3e464. Barataud, Giosa, Leblanc, Rufray, Disca, Tillon, Delaval, Haquart & Dewynter 2013, 'Identification et ecologie acoustique des chiropteres de Guyane francaise', Le Rhinolophe 19:103-145. OPEN PDF on the authors' own site, FULL TEXT AND ALL TABLES FETCHED. Time-expansion x10 recordings 2001-2011, Pettersson D1000X/D980/D240X, BatSound analysis. 2526 signals, 379 sequences, 80 species of French Guiana's 103. Method combines AUDITORY analysis (structure, sonority, energy distribution) with computer analysis - the auditory criteria are load-bearing, not decorative. Dominant harmonic = H2."
mst-0ab558c2e13bfa,1004979,Phylloderma stenops,exact,barataud-2013-guyane,supplied worksheet record BAT02494 (southamerica_guianas),barataud-2013-guyane-unstated,unspecified,,,,unspecified,,French Guiana,,,,22,peak_frequency,species_summary,59.5,,,kHz,,,2,59.5,definition_unstated,"Imported from MASTER_call_records.csv record BAT02494; upload archive sha256 17ffdda2ba6929d03dabcce39119e90d4ee10712fdf690885b3d4a5128d3e464. [HARMONIC NORMALISED: original trait 'fmaxE_H1_kHz'] Barataud, Giosa, Leblanc, Rufray, Disca, Tillon, Delaval, Haquart & Dewynter 2013, 'Identification et ecologie acoustique des chiropteres de Guyane francaise', Le Rhinolophe 19:103-145. OPEN PDF on the authors' own site, FULL TEXT AND ALL TABLES FETCHED. Time-expansion x10 recordings 2001-2011, Pettersson D1000X/D980/D240X, BatSound analysis. 2526 signals, 379 sequences, 80 species of French Guiana's 103. Method combines AUDITORY analysis (structure, sonority, energy distribution) with computer analysis - the auditory criteria are load-bearing, not decorative. Values in the source's bold type refer to the energy-richest component; this dataset records the dominant harmonic separately in the dominant_harmonic column."
mst-0bc2a9f1e785be,1005202,Molossus molossus,exact,barataud-2013-guyane,supplied worksheet record BAT02642 (southamerica_guianas),barataud-2013-guyane-unstated,unspecified,,,,unspecified,,French Guiana,,,,17,peak_frequency,median,41.4,,,kHz,,,1,41.4 38.4-42.7,definition_unstated,"Imported from MASTER_call_records.csv record BAT02642; upload archive sha256 17ffdda2ba6929d03dabcce39119e90d4ee10712fdf690885b3d4a5128d3e464. [HARMONIC NORMALISED: original trait 'fmaxE_fundamental_kHz'] [alternation_type=moyen] | Barataud et al. 2013, Le Rhinolophe 19:103-145 (open PDF, full text fetched). Duration median 10.0 ms (6.7-12.9). Molossids ALWAYS carry FME on the fundamental (harmonics often absent). Most species use a succession of two or three frequency-shifted signals in cruise or early approach - the frequency-alternation pattern documented across four continents in this project."
mst-0be5651b61e14d,1005068,Vampyrodes caraccioli,exact,barataud-2013-guyane,supplied worksheet record BAT02618 (southamerica_guianas),barataud-2013-guyane-unstated,unspecified,,,,unspecified,,French Guiana,,,,6,duration,species_summary,2.2,,,ms,,,3,2.2,definition_unstated,"Imported from MASTER_call_records.csv record BAT02618; upload archive sha256 17ffdda2ba6929d03dabcce39119e90d4ee10712fdf690885b3d4a5128d3e464. Barataud, Giosa, Leblanc, Rufray, Disca, Tillon, Delaval, Haquart & Dewynter 2013, 'Identification et ecologie acoustique des chiropteres de Guyane francaise', Le Rhinolophe 19:103-145. OPEN PDF on the authors' own site, FULL TEXT AND ALL TABLES FETCHED. Time-expansion x10 recordings 2001-2011, Pettersson D1000X/D980/D240X, BatSound analysis. 2526 signals, 379 sequences, 80 species of French Guiana's 103. Method combines AUDITORY analysis (structure, sonority, energy distribution) with computer analysis - the auditory criteria are load-bearing, not decorative. Dominant harmonic = H2."
mst-0c833a1c953142,1005202,Molossus molossus,exact,barataud-2013-guyane,supplied worksheet record BAT02641 (southamerica_guianas),barataud-2013-guyane-unstated,unspecified,,,,unspecified,,French Guiana,,,,2,peak_frequency,median,44.3,,,kHz,,,1,44.3 44.3-44.3,definition_unstated,"Imported from MASTER_call_records.csv record BAT02641; upload archive sha256 17ffdda2ba6929d03dabcce39119e90d4ee10712fdf690885b3d4a5128d3e464. [HARMONIC NORMALISED: original trait 'fmaxE_fundamental_kHz'] [alternation_type=haut] | Barataud et al. 2013, Le Rhinolophe 19:103-145 (open PDF, full text fetched). Duration median 8.6 ms (7.9-9.2). Molossids ALWAYS carry FME on the fundamental (harmonics often absent). Most species use a succession of two or three frequency-shifted signals in cruise or early approach - the frequency-alternation pattern documented across four continents in this project."
mst-0e25870992ce8f,1004877,Carollia perspicillata,exact,barataud-2013-guyane,supplied worksheet record BAT02537 (southamerica_guianas),barataud-2013-guyane-unstated,unspecified,,,,unspecified,,French Guiana,,,,17,peak_frequency,species_summary,66,,,kHz,,,2,66,definition_unstated,"Imported from MASTER_call_records.csv record BAT02537; upload archive sha256 17ffdda2ba6929d03dabcce39119e90d4ee10712fdf690885b3d4a5128d3e464. [HARMONIC NORMALISED: original trait 'fmaxE_H1_kHz'] Barataud, Giosa, Leblanc, Rufray, Disca, Tillon, Delaval, Haquart & Dewynter 2013, 'Identification et ecologie acoustique des chiropteres de Guyane francaise', Le Rhinolophe 19:103-145. OPEN PDF on the authors' own site, FULL TEXT AND ALL TABLES FETCHED. Time-expansion x10 recordings 2001-2011, Pettersson D1000X/D980/D240X, BatSound analysis. 2526 signals, 379 sequences, 80 species of French Guiana's 103. Method combines AUDITORY analysis (structure, sonority, energy distribution) with computer analysis - the auditory criteria are load-bearing, not decorative. Values in the source's bold type refer to the energy-richest component; this dataset records the dominant harmonic separately in the dominant_harmonic column."
mst-0e2e5a8b8cb223,1004980,Phyllostomus discolor,exact,barataud-2013-guyane,supplied worksheet record BAT02500 (southamerica_guianas),barataud-2013-guyane-unstated,unspecified,,,,unspecified,,French Guiana,,,,26,peak_frequency,species_summary,48.3,,,kHz,,,3,48.3,definition_unstated,"Imported from MASTER_call_records.csv record BAT02500; upload archive sha256 17ffdda2ba6929d03dabcce39119e90d4ee10712fdf690885b3d4a5128d3e464. [HARMONIC NORMALISED: original trait 'fmaxE_H2_kHz'] Barataud, Giosa, Leblanc, Rufray, Disca, Tillon, Delaval, Haquart & Dewynter 2013, 'Identification et ecologie acoustique des chiropteres de Guyane francaise', Le Rhinolophe 19:103-145. OPEN PDF on the authors' own site, FULL TEXT AND ALL TABLES FETCHED. Time-expansion x10 recordings 2001-2011, Pettersson D1000X/D980/D240X, BatSound analysis. 2526 signals, 379 sequences, 80 species of French Guiana's 103. Method combines AUDITORY analysis (structure, sonority, energy distribution) with computer analysis - the auditory criteria are load-bearing, not decorative. Values in the source's bold type refer to the energy-richest component; this dataset records the dominant harmonic separately in the dominant_harmonic column."
mst-1212b13f272354,1004913,Glossophaga soricina,exact,barataud-2013-guyane,supplied worksheet record BAT02440 (southamerica_guianas),barataud-2013-guyane-unstated,unspecified,,,,unspecified,,French Guiana,,,,13,peak_frequency,species_summary,44,,,kHz,,,2,44,definition_unstated,"Imported from MASTER_call_records.csv record BAT02440; upload archive sha256 17ffdda2ba6929d03dabcce39119e90d4ee10712fdf690885b3d4a5128d3e464. [HARMONIC NORMALISED: original trait 'fmaxE_H1_kHz'] Barataud, Giosa, Leblanc, Rufray, Disca, Tillon, Delaval, Haquart & Dewynter 2013, 'Identification et ecologie acoustique des chiropteres de Guyane francaise', Le Rhinolophe 19:103-145. OPEN PDF on the authors' own site, FULL TEXT AND ALL TABLES FETCHED. Time-expansion x10 recordings 2001-2011, Pettersson D1000X/D980/D240X, BatSound analysis. 2526 signals, 379 sequences, 80 species of French Guiana's 103. Method combines AUDITORY analysis (structure, sonority, energy distribution) with computer analysis - the auditory criteria are load-bearing, not decorative. Values in the source's bold type refer to the energy-richest component; this dataset records the dominant harmonic separately in the dominant_harmonic column."
mst-13f245a73ccd18,1005205,Molossus rufus,exact,barataud-2013-guyane,supplied worksheet record BAT02644 (southamerica_guianas),barataud-2013-guyane-unstated,unspecified,,,,unspecified,,French Guiana,,,,4,peak_frequency,median,35.2,,,kHz,,,1,35.2 34.3-38.2,definition_unstated,"Imported from MASTER_call_records.csv record BAT02644; upload archive sha256 17ffdda2ba6929d03dabcce39119e90d4ee10712fdf690885b3d4a5128d3e464. [HARMONIC NORMALISED: original trait 'fmaxE_fundamental_kHz'] [alternation_type=haut] | Barataud et al. 2013, Le Rhinolophe 19:103-145 (open PDF, full text fetched). Duration median 16.2 ms (10.4-24.2). Molossids ALWAYS carry FME on the fundamental (harmonics often absent). Most species use a succession of two or three frequency-shifted signals in cruise or early approach - the frequency-alternation pattern documented across four continents in this project."
mst-1705e4c826bc97,1004880,Desmodus rotundus,exact,barataud-2013-guyane,supplied worksheet record BAT02451 (southamerica_guianas),barataud-2013-guyane-unstated,unspecified,,,,unspecified,,French Guiana,,,,30,duration,species_summary,2.2,,,ms,,,2,2.2,definition_unstated,"Imported from MASTER_call_records.csv record BAT02451; upload archive sha256 17ffdda2ba6929d03dabcce39119e90d4ee10712fdf690885b3d4a5128d3e464. Barataud, Giosa, Leblanc, Rufray, Disca, Tillon, Delaval, Haquart & Dewynter 2013, 'Identification et ecologie acoustique des chiropteres de Guyane francaise', Le Rhinolophe 19:103-145. OPEN PDF on the authors' own site, FULL TEXT AND ALL TABLES FETCHED. Time-expansion x10 recordings 2001-2011, Pettersson D1000X/D980/D240X, BatSound analysis. 2526 signals, 379 sequences, 80 species of French Guiana's 103. Method combines AUDITORY analysis (structure, sonority, energy distribution) with computer analysis - the auditory criteria are load-bearing, not decorative. Dominant harmonic = H1."
mst-178961c867513d,1004782,Cyttarops alecto,exact,barataud-2013-guyane,supplied worksheet record BAT02399 (southamerica_guianas),barataud-2013-guyane-unstated,unspecified,,,,unspecified,,French Guiana,,,,11,peak_frequency,median,35.4,,,kHz,,,2,35.4 34.5-35.4,definition_unstated,"Imported from MASTER_call_records.csv record BAT02399; upload archive sha256 17ffdda2ba6929d03dabcce39119e90d4ee10712fdf690885b3d4a5128d3e464. [HARMONIC NORMALISED: original trait 'fmaxE_H1_kHz'] [alternation_type=mono] | Barataud, Giosa, Leblanc, Rufray, Disca, Tillon, Delaval, Haquart & Dewynter 2013, 'Identification et ecologie acoustique des chiropteres de Guyane francaise', Le Rhinolophe 19:103-145. OPEN PDF on the authors' own site, FULL TEXT AND ALL TABLES FETCHED. Time-expansion x10 recordings 2001-2011, Pettersson D1000X/D980/D240X, BatSound analysis. 2526 signals, 379 sequences, 80 species of French Guiana's 103. Method combines AUDITORY analysis (structure, sonority, energy distribution) with computer analysis - the auditory criteria are load-bearing, not decorative. Emballonurid FME is on HARMONIC 1 (rarely the fundamental in Rhynchonycteris naso). Value is the MEDIAN with min-max range. The paper calls this family 'a perfect example of acoustic niches within a taxonomic group: each species' sonar has certainly undergone character displacement to avoid interspecific overlap.'"
mst-186c1f984b487d,1005037,Platyrrhinus brachycephalus,exact,barataud-2013-guyane,supplied worksheet record BAT02591 (southamerica_guianas),barataud-2013-guyane-unstated,unspecified,,,,unspecified,,French Guiana,,,,10,peak_frequency,species_summary,76.5,,,kHz,,,3,76.5,definition_unstated,"Imported from MASTER_call_records.csv record BAT02591; upload archive sha256 17ffdda2ba6929d03dabcce39119e90d4ee10712fdf690885b3d4a5128d3e464. [HARMONIC NORMALISED: original trait 'fmaxE_H2_kHz'] Barataud, Giosa, Leblanc, Rufray, Disca, Tillon, Delaval, Haquart & Dewynter 2013, 'Identification et ecologie acoustique des chiropteres de Guyane francaise', Le Rhinolophe 19:103-145. OPEN PDF on the authors' own site, FULL TEXT AND ALL TABLES FETCHED. Time-expansion x10 recordings 2001-2011, Pettersson D1000X/D980/D240X, BatSound analysis. 2526 signals, 379 sequences, 80 species of French Guiana's 103. Method combines AUDITORY analysis (structure, sonority, energy distribution) with computer analysis - the auditory criteria are load-bearing, not decorative. Values in the source's bold type refer to the energy-richest component; this dataset records the dominant harmonic separately in the dominant_harmonic column."
mst-191a4362dece32,1005172,Cynomops planirostris,exact,barataud-2013-guyane,supplied worksheet record BAT02652 (southamerica_guianas),barataud-2013-guyane-unstated,unspecified,,,,unspecified,,French Guiana,,,,22,peak_frequency,median,27.8,,,kHz,,,1,27.8 24.7-30.7,definition_unstated,"Imported from MASTER_call_records.csv record BAT02652; upload archive sha256 17ffdda2ba6929d03dabcce39119e90d4ee10712fdf690885b3d4a5128d3e464. [HARMONIC NORMALISED: original trait 'fmaxE_fundamental_kHz'] [alternation_type=bas] | Barataud et al. 2013, Le Rhinolophe 19:103-145 (open PDF, full text fetched). Duration median 13.6 ms (9.9-17.1). Molossids ALWAYS carry FME on the fundamental (harmonics often absent). Most species use a succession of two or three frequency-shifted signals in cruise or early approach - the frequency-alternation pattern documented across four continents in this project."
mst-1929015eb8fc88,1004913,Glossophaga soricina,exact,barataud-2013-guyane,supplied worksheet record BAT02439 (southamerica_guianas),barataud-2013-guyane-unstated,unspecified,,,,unspecified,,French Guiana,,,,13,peak_frequency,species_summary,17,,,kHz,,,1,17,definition_unstated,"Imported from MASTER_call_records.csv record BAT02439; upload archive sha256 17ffdda2ba6929d03dabcce39119e90d4ee10712fdf690885b3d4a5128d3e464. [HARMONIC NORMALISED: original trait 'fmaxE_fundamental_kHz'] Barataud, Giosa, Leblanc, Rufray, Disca, Tillon, Delaval, Haquart & Dewynter 2013, 'Identification et ecologie acoustique des chiropteres de Guyane francaise', Le Rhinolophe 19:103-145. OPEN PDF on the authors' own site, FULL TEXT AND ALL TABLES FETCHED. Time-expansion x10 recordings 2001-2011, Pettersson D1000X/D980/D240X, BatSound analysis. 2526 signals, 379 sequences, 80 species of French Guiana's 103. Method combines AUDITORY analysis (structure, sonority, energy distribution) with computer analysis - the auditory criteria are load-bearing, not decorative. Values in the source's bold type refer to the energy-richest component; this dataset records the dominant harmonic separately in the dominant_harmonic column."
mst-1bd19ca5a568e6,1004927,Lonchophylla thomasi,synonym_via_mdd,barataud-2013-guyane,supplied worksheet record BAT02446 (southamerica_guianas),barataud-2013-guyane-unstated,unspecified,,,,unspecified,,French Guiana,,,,20,duration,species_summary,2.1,,,ms,,,3,2.1,definition_unstated,"Imported from MASTER_call_records.csv record BAT02446; upload archive sha256 17ffdda2ba6929d03dabcce39119e90d4ee10712fdf690885b3d4a5128d3e464. Barataud, Giosa, Leblanc, Rufray, Disca, Tillon, Delaval, Haquart & Dewynter 2013, 'Identification et ecologie acoustique des chiropteres de Guyane francaise', Le Rhinolophe 19:103-145. OPEN PDF on the authors' own site, FULL TEXT AND ALL TABLES FETCHED. Time-expansion x10 recordings 2001-2011, Pettersson D1000X/D980/D240X, BatSound analysis. 2526 signals, 379 sequences, 80 species of French Guiana's 103. Method combines AUDITORY analysis (structure, sonority, energy distribution) with computer analysis - the auditory criteria are load-bearing, not decorative. Dominant harmonic = H2."
mst-1c37b6daa82d20,1004900,Choeroniscus minor,exact,barataud-2013-guyane,supplied worksheet record BAT02434 (southamerica_guianas),barataud-2013-guyane-unstated,unspecified,,,,unspecified,,French Guiana,,,,20,bandwidth,species_summary,49,,,kHz,,,1,49,definition_unstated,"Imported from MASTER_call_records.csv record BAT02434; upload archive sha256 17ffdda2ba6929d03dabcce39119e90d4ee10712fdf690885b3d4a5128d3e464. Barataud, Giosa, Leblanc, Rufray, Disca, Tillon, Delaval, Haquart & Dewynter 2013, 'Identification et ecologie acoustique des chiropteres de Guyane francaise', Le Rhinolophe 19:103-145. OPEN PDF on the authors' own site, FULL TEXT AND ALL TABLES FETCHED. Time-expansion x10 recordings 2001-2011, Pettersson D1000X/D980/D240X, BatSound analysis. 2526 signals, 379 sequences, 80 species of French Guiana's 103. Method combines AUDITORY analysis (structure, sonority, energy distribution) with computer analysis - the auditory criteria are load-bearing, not decorative."
mst-1ceb600ffb1f4f,1005037,Platyrrhinus brachycephalus,exact,barataud-2013-guyane,supplied worksheet record BAT02589 (southamerica_guianas),barataud-2013-guyane-unstated,unspecified,,,,unspecified,,French Guiana,,,,10,peak_frequency,species_summary,23,,,kHz,,,1,23,definition_unstated,"Imported from MASTER_call_records.csv record BAT02589; upload archive sha256 17ffdda2ba6929d03dabcce39119e90d4ee10712fdf690885b3d4a5128d3e464. [HARMONIC NORMALISED: original trait 'fmaxE_fundamental_kHz'] Barataud, Giosa, Leblanc, Rufray, Disca, Tillon, Delaval, Haquart & Dewynter 2013, 'Identification et ecologie acoustique des chiropteres de Guyane francaise', Le Rhinolophe 19:103-145. OPEN PDF on the authors' own site, FULL TEXT AND ALL TABLES FETCHED. Time-expansion x10 recordings 2001-2011, Pettersson D1000X/D980/D240X, BatSound analysis. 2526 signals, 379 sequences, 80 species of French Guiana's 103. Method combines AUDITORY analysis (structure, sonority, energy distribution) with computer analysis - the auditory criteria are load-bearing, not decorative. Values in the source's bold type refer to the energy-richest component; this dataset records the dominant harmonic separately in the dominant_harmonic column."
mst-1d058d391759e8,1004973,Lophostoma carrikeri,exact,barataud-2013-guyane,supplied worksheet record BAT02470 (southamerica_guianas),barataud-2013-guyane-unstated,unspecified,,,,unspecified,,French Guiana,,,,8,peak_frequency,species_summary,73,,,kHz,,,3,73,definition_unstated,"Imported from MASTER_call_records.csv record BAT02470; upload archive sha256 17ffdda2ba6929d03dabcce39119e90d4ee10712fdf690885b3d4a5128d3e464. [HARMONIC NORMALISED: original trait 'fmaxE_H2_kHz'] Barataud, Giosa, Leblanc, Rufray, Disca, Tillon, Delaval, Haquart & Dewynter 2013, 'Identification et ecologie acoustique des chiropteres de Guyane francaise', Le Rhinolophe 19:103-145. OPEN PDF on the authors' own site, FULL TEXT AND ALL TABLES FETCHED. Time-expansion x10 recordings 2001-2011, Pettersson D1000X/D980/D240X, BatSound analysis. 2526 signals, 379 sequences, 80 species of French Guiana's 103. Method combines AUDITORY analysis (structure, sonority, energy distribution) with computer analysis - the auditory criteria are load-bearing, not decorative. Values in the source's bold type refer to the energy-richest component; this dataset records the dominant harmonic separately in the dominant_harmonic column."
mst-1d37f6437a41e6,1004873,Carollia brevicauda,exact,barataud-2013-guyane,supplied worksheet record BAT02529 (southamerica_guianas),barataud-2013-guyane-unstated,unspecified,,,,unspecified,,French Guiana,,,,13,duration,species_summary,1.9,,,ms,,,3,1.9,definition_unstated,"Imported from MASTER_call_records.csv record BAT02529; upload archive sha256 17ffdda2ba6929d03dabcce39119e90d4ee10712fdf690885b3d4a5128d3e464. Barataud, Giosa, Leblanc, Rufray, Disca, Tillon, Delaval, Haquart & Dewynter 2013, 'Identification et ecologie acoustique des chiropteres de Guyane francaise', Le Rhinolophe 19:103-145. OPEN PDF on the authors' own site, FULL TEXT AND ALL TABLES FETCHED. Time-expansion x10 recordings 2001-2011, Pettersson D1000X/D980/D240X, BatSound analysis. 2526 signals, 379 sequences, 80 species of French Guiana's 103. Method combines AUDITORY analysis (structure, sonority, energy distribution) with computer analysis - the auditory criteria are load-bearing, not decorative. Dominant harmonic = H2."
mst-1e7da158865f42,1004981,Phyllostomus elongatus,exact,barataud-2013-guyane,supplied worksheet record BAT02504 (southamerica_guianas),barataud-2013-guyane-unstated,unspecified,,,,unspecified,,French Guiana,,,,12,peak_frequency,species_summary,39,,,kHz,,,2,39,definition_unstated,"Imported from MASTER_call_records.csv record BAT02504; upload archive sha256 17ffdda2ba6929d03dabcce39119e90d4ee10712fdf690885b3d4a5128d3e464. [HARMONIC NORMALISED: original trait 'fmaxE_H1_kHz'] Barataud, Giosa, Leblanc, Rufray, Disca, Tillon, Delaval, Haquart & Dewynter 2013, 'Identification et ecologie acoustique des chiropteres de Guyane francaise', Le Rhinolophe 19:103-145. OPEN PDF on the authors' own site, FULL TEXT AND ALL TABLES FETCHED. Time-expansion x10 recordings 2001-2011, Pettersson D1000X/D980/D240X, BatSound analysis. 2526 signals, 379 sequences, 80 species of French Guiana's 103. Method combines AUDITORY analysis (structure, sonority, energy distribution) with computer analysis - the auditory criteria are load-bearing, not decorative. Values in the source's bold type refer to the energy-richest component; this dataset records the dominant harmonic separately in the dominant_harmonic column."
mst-203eab2f82f7e7,1004995,Ametrida centurio,exact,barataud-2013-guyane,supplied worksheet record BAT02546 (southamerica_guianas),barataud-2013-guyane-unstated,unspecified,,,,unspecified,,French Guiana,,,,17,peak_frequency,species_summary,80,,,kHz,,,1,80,definition_unstated,"Imported from MASTER_call_records.csv record BAT02546; upload archive sha256 17ffdda2ba6929d03dabcce39119e90d4ee10712fdf690885b3d4a5128d3e464. [HARMONIC NORMALISED: original trait 'fmaxE_fundamental_kHz'] Barataud, Giosa, Leblanc, Rufray, Disca, Tillon, Delaval, Haquart & Dewynter 2013, 'Identification et ecologie acoustique des chiropteres de Guyane francaise', Le Rhinolophe 19:103-145. OPEN PDF on the authors' own site, FULL TEXT AND ALL TABLES FETCHED. Time-expansion x10 recordings 2001-2011, Pettersson D1000X/D980/D240X, BatSound analysis. 2526 signals, 379 sequences, 80 species of French Guiana's 103. Method combines AUDITORY analysis (structure, sonority, energy distribution) with computer analysis - the auditory criteria are load-bearing, not decorative. Values in the source's bold type refer to the energy-richest component; this dataset records the dominant harmonic separately in the dominant_harmonic column."
mst-20b65086446378,1005056,Uroderma bilobatum,exact,barataud-2013-guyane,supplied worksheet record BAT02611 (southamerica_guianas),barataud-2013-guyane-unstated,unspecified,,,,unspecified,,French Guiana,,,,10,peak_frequency,species_summary,65,,,kHz,,,2,65,definition_unstated,"Imported from MASTER_call_records.csv record BAT02611; upload archive sha256 17ffdda2ba6929d03dabcce39119e90d4ee10712fdf690885b3d4a5128d3e464. [HARMONIC NORMALISED: original trait 'fmaxE_H1_kHz'] Barataud, Giosa, Leblanc, Rufray, Disca, Tillon, Delaval, Haquart & Dewynter 2013, 'Identification et ecologie acoustique des chiropteres de Guyane francaise', Le Rhinolophe 19:103-145. OPEN PDF on the authors' own site, FULL TEXT AND ALL TABLES FETCHED. Time-expansion x10 recordings 2001-2011, Pettersson D1000X/D980/D240X, BatSound analysis. 2526 signals, 379 sequences, 80 species of French Guiana's 103. Method combines AUDITORY analysis (structure, sonority, energy distribution) with computer analysis - the auditory criteria are load-bearing, not decorative. Values in the source's bold type refer to the energy-richest component; this dataset records the dominant harmonic separately in the dominant_harmonic column."
mst-213abc92c65ab8,1005081,Sturnira lilium,exact,barataud-2013-guyane,supplied worksheet record BAT02598 (southamerica_guianas),barataud-2013-guyane-unstated,unspecified,,,,unspecified,,French Guiana,,,,20,duration,species_summary,3.6,,,ms,,,3,3.6,definition_unstated,"Imported from MASTER_call_records.csv record BAT02598; upload archive sha256 17ffdda2ba6929d03dabcce39119e90d4ee10712fdf690885b3d4a5128d3e464. Barataud, Giosa, Leblanc, Rufray, Disca, Tillon, Delaval, Haquart & Dewynter 2013, 'Identification et ecologie acoustique des chiropteres de Guyane francaise', Le Rhinolophe 19:103-145. OPEN PDF on the authors' own site, FULL TEXT AND ALL TABLES FETCHED. Time-expansion x10 recordings 2001-2011, Pettersson D1000X/D980/D240X, BatSound analysis. 2526 signals, 379 sequences, 80 species of French Guiana's 103. Method combines AUDITORY analysis (structure, sonority, energy distribution) with computer analysis - the auditory criteria are load-bearing, not decorative. Dominant harmonic = H2."
mst-2179ce3a13f98b,1005174,Eumops auripendulus,exact,barataud-2013-guyane,supplied worksheet record BAT02655 (southamerica_guianas),barataud-2013-guyane-unstated,unspecified,,,,unspecified,,French Guiana,,,,22,peak_frequency,median,18.7,,,kHz,,,1,18.7 17.3-21.8,definition_unstated,"Imported from MASTER_call_records.csv record BAT02655; upload archive sha256 17ffdda2ba6929d03dabcce39119e90d4ee10712fdf690885b3d4a5128d3e464. [HARMONIC NORMALISED: original trait 'fmaxE_fundamental_kHz'] [alternation_type=bas] | Barataud et al. 2013, Le Rhinolophe 19:103-145 (open PDF, full text fetched). Duration median 21.8 ms (19.0-27.4). Molossids ALWAYS carry FME on the fundamental (harmonics often absent). Most species use a succession of two or three frequency-shifted signals in cruise or early approach - the frequency-alternation pattern documented across four continents in this project."
mst-21c5a389bffc14,1005056,Uroderma bilobatum,exact,barataud-2013-guyane,supplied worksheet record BAT02608 (southamerica_guianas),barataud-2013-guyane-unstated,unspecified,,,,unspecified,,French Guiana,,,,10,duration,species_summary,2.7,,,ms,,,3,2.7,definition_unstated,"Imported from MASTER_call_records.csv record BAT02608; upload archive sha256 17ffdda2ba6929d03dabcce39119e90d4ee10712fdf690885b3d4a5128d3e464. Barataud, Giosa, Leblanc, Rufray, Disca, Tillon, Delaval, Haquart & Dewynter 2013, 'Identification et ecologie acoustique des chiropteres de Guyane francaise', Le Rhinolophe 19:103-145. OPEN PDF on the authors' own site, FULL TEXT AND ALL TABLES FETCHED. Time-expansion x10 recordings 2001-2011, Pettersson D1000X/D980/D240X, BatSound analysis. 2526 signals, 379 sequences, 80 species of French Guiana's 103. Method combines AUDITORY analysis (structure, sonority, energy distribution) with computer analysis - the auditory criteria are load-bearing, not decorative. Dominant harmonic = H2."
mst-23183a7cf692c4,1005008,Artibeus gnomus,synonym_via_mdd,barataud-2013-guyane,supplied worksheet record BAT02559 (southamerica_guianas),barataud-2013-guyane-unstated,unspecified,,,,unspecified,,French Guiana,,,,25,peak_frequency,species_summary,58,,,kHz,,,1,58,definition_unstated,"Imported from MASTER_call_records.csv record BAT02559; upload archive sha256 17ffdda2ba6929d03dabcce39119e90d4ee10712fdf690885b3d4a5128d3e464. [HARMONIC NORMALISED: original trait 'fmaxE_fundamental_kHz'] Barataud, Giosa, Leblanc, Rufray, Disca, Tillon, Delaval, Haquart & Dewynter 2013, 'Identification et ecologie acoustique des chiropteres de Guyane francaise', Le Rhinolophe 19:103-145. OPEN PDF on the authors' own site, FULL TEXT AND ALL TABLES FETCHED. Time-expansion x10 recordings 2001-2011, Pettersson D1000X/D980/D240X, BatSound analysis. 2526 signals, 379 sequences, 80 species of French Guiana's 103. Method combines AUDITORY analysis (structure, sonority, energy distribution) with computer analysis - the auditory criteria are load-bearing, not decorative. Values in the source's bold type refer to the energy-richest component; this dataset records the dominant harmonic separately in the dominant_harmonic column."
mst-23ab29c87e015b,1004796,Saccopteryx gymnura,exact,barataud-2013-guyane,supplied worksheet record BAT02388 (southamerica_guianas),barataud-2013-guyane-unstated,unspecified,,,,unspecified,,French Guiana,,,,19,peak_frequency,median,53.9,,,kHz,,,2,53.9 53.8-55.8,definition_unstated,"Imported from MASTER_call_records.csv record BAT02388; upload archive sha256 17ffdda2ba6929d03dabcce39119e90d4ee10712fdf690885b3d4a5128d3e464. [HARMONIC NORMALISED: original trait 'fmaxE_H1_kHz'] [alternation_type=mono] | Barataud, Giosa, Leblanc, Rufray, Disca, Tillon, Delaval, Haquart & Dewynter 2013, 'Identification et ecologie acoustique des chiropteres de Guyane francaise', Le Rhinolophe 19:103-145. OPEN PDF on the authors' own site, FULL TEXT AND ALL TABLES FETCHED. Time-expansion x10 recordings 2001-2011, Pettersson D1000X/D980/D240X, BatSound analysis. 2526 signals, 379 sequences, 80 species of French Guiana's 103. Method combines AUDITORY analysis (structure, sonority, energy distribution) with computer analysis - the auditory criteria are load-bearing, not decorative. Emballonurid FME is on HARMONIC 1 (rarely the fundamental in Rhynchonycteris naso). Value is the MEDIAN with min-max range. The paper calls this family 'a perfect example of acoustic niches within a taxonomic group: each species' sonar has certainly undergone character displacement to avoid interspecific overlap.'"
mst-244cee01c5f0a2,1004994,Rhinophylla pumilio,exact,barataud-2013-guyane,supplied worksheet record BAT02540 (southamerica_guianas),barataud-2013-guyane-unstated,unspecified,,,,unspecified,,French Guiana,,,,13,bandwidth,species_summary,27,,,kHz,,,2,27,definition_unstated,"Imported from MASTER_call_records.csv record BAT02540; upload archive sha256 17ffdda2ba6929d03dabcce39119e90d4ee10712fdf690885b3d4a5128d3e464. Barataud, Giosa, Leblanc, Rufray, Disca, Tillon, Delaval, Haquart & Dewynter 2013, 'Identification et ecologie acoustique des chiropteres de Guyane francaise', Le Rhinolophe 19:103-145. OPEN PDF on the authors' own site, FULL TEXT AND ALL TABLES FETCHED. Time-expansion x10 recordings 2001-2011, Pettersson D1000X/D980/D240X, BatSound analysis. 2526 signals, 379 sequences, 80 species of French Guiana's 103. Method combines AUDITORY analysis (structure, sonority, energy distribution) with computer analysis - the auditory criteria are load-bearing, not decorative."
mst-246fe1541c3f58,1004784,Diclidurus ingens,exact,barataud-2013-guyane,supplied worksheet record BAT02406 (southamerica_guianas),barataud-2013-guyane-unstated,unspecified,,,,unspecified,,French Guiana,,,,17,peak_frequency,median,19.6,,,kHz,,,2,19.6 18.8-21.8,definition_unstated,"Imported from MASTER_call_records.csv record BAT02406; upload archive sha256 17ffdda2ba6929d03dabcce39119e90d4ee10712fdf690885b3d4a5128d3e464. [HARMONIC NORMALISED: original trait 'fmaxE_H1_kHz'] [alternation_type=bas (low)] | Barataud, Giosa, Leblanc, Rufray, Disca, Tillon, Delaval, Haquart & Dewynter 2013, 'Identification et ecologie acoustique des chiropteres de Guyane francaise', Le Rhinolophe 19:103-145. OPEN PDF on the authors' own site, FULL TEXT AND ALL TABLES FETCHED. Time-expansion x10 recordings 2001-2011, Pettersson D1000X/D980/D240X, BatSound analysis. 2526 signals, 379 sequences, 80 species of French Guiana's 103. Method combines AUDITORY analysis (structure, sonority, energy distribution) with computer analysis - the auditory criteria are load-bearing, not decorative. Emballonurid FME is on HARMONIC 1 (rarely the fundamental in Rhynchonycteris naso). Value is the MEDIAN with min-max range. The paper calls this family 'a perfect example of acoustic niches within a taxonomic group: each species' sonar has certainly undergone character displacement to avoid interspecific overlap.'"
mst-2529445af9cb8a,1004891,Anoura caudifera,manual,barataud-2013-guyane,supplied worksheet record BAT02418 (southamerica_guianas),barataud-2013-guyane-unstated,unspecified,,,,unspecified,,French Guiana,,,,12,duration,species_summary,2.2,,,ms,,,2,2.2,definition_unstated,"Imported from MASTER_call_records.csv record BAT02418; upload archive sha256 17ffdda2ba6929d03dabcce39119e90d4ee10712fdf690885b3d4a5128d3e464. Barataud, Giosa, Leblanc, Rufray, Disca, Tillon, Delaval, Haquart & Dewynter 2013, 'Identification et ecologie acoustique des chiropteres de Guyane francaise', Le Rhinolophe 19:103-145. OPEN PDF on the authors' own site, FULL TEXT AND ALL TABLES FETCHED. Time-expansion x10 recordings 2001-2011, Pettersson D1000X/D980/D240X, BatSound analysis. 2526 signals, 379 sequences, 80 species of French Guiana's 103. Method combines AUDITORY analysis (structure, sonority, energy distribution) with computer analysis - the auditory criteria are load-bearing, not decorative. Dominant harmonic = H1."
mst-255da52c5eebee,1005027,Chiroderma trinitatum,exact,barataud-2013-guyane,supplied worksheet record BAT02580 (southamerica_guianas),barataud-2013-guyane-unstated,unspecified,,,,unspecified,,French Guiana,,,,15,peak_frequency,species_summary,69.5,,,kHz,,,2,69.5,definition_unstated,"Imported from MASTER_call_records.csv record BAT02580; upload archive sha256 17ffdda2ba6929d03dabcce39119e90d4ee10712fdf690885b3d4a5128d3e464. [HARMONIC NORMALISED: original trait 'fmaxE_H1_kHz'] Barataud, Giosa, Leblanc, Rufray, Disca, Tillon, Delaval, Haquart & Dewynter 2013, 'Identification et ecologie acoustique des chiropteres de Guyane francaise', Le Rhinolophe 19:103-145. OPEN PDF on the authors' own site, FULL TEXT AND ALL TABLES FETCHED. Time-expansion x10 recordings 2001-2011, Pettersson D1000X/D980/D240X, BatSound analysis. 2526 signals, 379 sequences, 80 species of French Guiana's 103. Method combines AUDITORY analysis (structure, sonority, energy distribution) with computer analysis - the auditory criteria are load-bearing, not decorative. Values in the source's bold type refer to the energy-richest component; this dataset records the dominant harmonic separately in the dominant_harmonic column."
mst-2562d37cd96098,1005093,Sturnira tildae,exact,barataud-2013-guyane,supplied worksheet record BAT02607 (southamerica_guianas),barataud-2013-guyane-unstated,unspecified,,,,unspecified,,French Guiana,,,,30,peak_frequency,species_summary,78,,,kHz,,,3,78,definition_unstated,"Imported from MASTER_call_records.csv record BAT02607; upload archive sha256 17ffdda2ba6929d03dabcce39119e90d4ee10712fdf690885b3d4a5128d3e464. [HARMONIC NORMALISED: original trait 'fmaxE_H2_kHz'] Barataud, Giosa, Leblanc, Rufray, Disca, Tillon, Delaval, Haquart & Dewynter 2013, 'Identification et ecologie acoustique des chiropteres de Guyane francaise', Le Rhinolophe 19:103-145. OPEN PDF on the authors' own site, FULL TEXT AND ALL TABLES FETCHED. Time-expansion x10 recordings 2001-2011, Pettersson D1000X/D980/D240X, BatSound analysis. 2526 signals, 379 sequences, 80 species of French Guiana's 103. Method combines AUDITORY analysis (structure, sonority, energy distribution) with computer analysis - the auditory criteria are load-bearing, not decorative. Values in the source's bold type refer to the energy-richest component; this dataset records the dominant harmonic separately in the dominant_harmonic column."
mst-257b2037c15e04,1005008,Artibeus gnomus,synonym_via_mdd,barataud-2013-guyane,supplied worksheet record BAT02557 (southamerica_guianas),barataud-2013-guyane-unstated,unspecified,,,,unspecified,,French Guiana,,,,25,duration,species_summary,2.1,,,ms,,,2,2.1,definition_unstated,"Imported from MASTER_call_records.csv record BAT02557; upload archive sha256 17ffdda2ba6929d03dabcce39119e90d4ee10712fdf690885b3d4a5128d3e464. Barataud, Giosa, Leblanc, Rufray, Disca, Tillon, Delaval, Haquart & Dewynter 2013, 'Identification et ecologie acoustique des chiropteres de Guyane francaise', Le Rhinolophe 19:103-145. OPEN PDF on the authors' own site, FULL TEXT AND ALL TABLES FETCHED. Time-expansion x10 recordings 2001-2011, Pettersson D1000X/D980/D240X, BatSound analysis. 2526 signals, 379 sequences, 80 species of French Guiana's 103. Method combines AUDITORY analysis (structure, sonority, energy distribution) with computer analysis - the auditory criteria are load-bearing, not decorative. Dominant harmonic = H1."
mst-25cba17dce4005,1004797,Saccopteryx leptura,exact,barataud-2013-guyane,supplied worksheet record BAT02391 (southamerica_guianas),barataud-2013-guyane-unstated,unspecified,,,,unspecified,,French Guiana,,,,26,peak_frequency,median,49.8,,,kHz,,,2,49.8 48.5-50.4,definition_unstated,"Imported from MASTER_call_records.csv record BAT02391; upload archive sha256 17ffdda2ba6929d03dabcce39119e90d4ee10712fdf690885b3d4a5128d3e464. [HARMONIC NORMALISED: original trait 'fmaxE_H1_kHz'] [alternation_type=haut (high)] | Barataud, Giosa, Leblanc, Rufray, Disca, Tillon, Delaval, Haquart & Dewynter 2013, 'Identification et ecologie acoustique des chiropteres de Guyane francaise', Le Rhinolophe 19:103-145. OPEN PDF on the authors' own site, FULL TEXT AND ALL TABLES FETCHED. Time-expansion x10 recordings 2001-2011, Pettersson D1000X/D980/D240X, BatSound analysis. 2526 signals, 379 sequences, 80 species of French Guiana's 103. Method combines AUDITORY analysis (structure, sonority, energy distribution) with computer analysis - the auditory criteria are load-bearing, not decorative. Emballonurid FME is on HARMONIC 1 (rarely the fundamental in Rhynchonycteris naso). Value is the MEDIAN with min-max range. The paper calls this family 'a perfect example of acoustic niches within a taxonomic group: each species' sonar has certainly undergone character displacement to avoid interspecific overlap.'"
mst-273e1cc7cc4e6e,1005015,Artibeus planirostris,exact,barataud-2013-guyane,supplied worksheet record BAT02575 (southamerica_guianas),barataud-2013-guyane-unstated,unspecified,,,,unspecified,,French Guiana,,,,25,peak_frequency,species_summary,51,,,kHz,,,2,51,definition_unstated,"Imported from MASTER_call_records.csv record BAT02575; upload archive sha256 17ffdda2ba6929d03dabcce39119e90d4ee10712fdf690885b3d4a5128d3e464. [HARMONIC NORMALISED: original trait 'fmaxE_H1_kHz'] Barataud, Giosa, Leblanc, Rufray, Disca, Tillon, Delaval, Haquart & Dewynter 2013, 'Identification et ecologie acoustique des chiropteres de Guyane francaise', Le Rhinolophe 19:103-145. OPEN PDF on the authors' own site, FULL TEXT AND ALL TABLES FETCHED. Time-expansion x10 recordings 2001-2011, Pettersson D1000X/D980/D240X, BatSound analysis. 2526 signals, 379 sequences, 80 species of French Guiana's 103. Method combines AUDITORY analysis (structure, sonority, energy distribution) with computer analysis - the auditory criteria are load-bearing, not decorative. Values in the source's bold type refer to the energy-richest component; this dataset records the dominant harmonic separately in the dominant_harmonic column."
mst-286373b6a83211,1005015,Artibeus planirostris,exact,barataud-2013-guyane,supplied worksheet record BAT02573 (southamerica_guianas),barataud-2013-guyane-unstated,unspecified,,,,unspecified,,French Guiana,,,,25,bandwidth,species_summary,35,,,kHz,,,3,35,definition_unstated,"Imported from MASTER_call_records.csv record BAT02573; upload archive sha256 17ffdda2ba6929d03dabcce39119e90d4ee10712fdf690885b3d4a5128d3e464. Barataud, Giosa, Leblanc, Rufray, Disca, Tillon, Delaval, Haquart & Dewynter 2013, 'Identification et ecologie acoustique des chiropteres de Guyane francaise', Le Rhinolophe 19:103-145. OPEN PDF on the authors' own site, FULL TEXT AND ALL TABLES FETCHED. Time-expansion x10 recordings 2001-2011, Pettersson D1000X/D980/D240X, BatSound analysis. 2526 signals, 379 sequences, 80 species of French Guiana's 103. Method combines AUDITORY analysis (structure, sonority, energy distribution) with computer analysis - the auditory criteria are load-bearing, not decorative."
mst-28a9e1bf105b30,1004994,Rhinophylla pumilio,exact,barataud-2013-guyane,supplied worksheet record BAT02542 (southamerica_guianas),barataud-2013-guyane-unstated,unspecified,,,,unspecified,,French Guiana,,,,13,peak_frequency,species_summary,60,,,kHz,,,2,60,definition_unstated,"Imported from MASTER_call_records.csv record BAT02542; upload archive sha256 17ffdda2ba6929d03dabcce39119e90d4ee10712fdf690885b3d4a5128d3e464. [HARMONIC NORMALISED: original trait 'fmaxE_H1_kHz'] Barataud, Giosa, Leblanc, Rufray, Disca, Tillon, Delaval, Haquart & Dewynter 2013, 'Identification et ecologie acoustique des chiropteres de Guyane francaise', Le Rhinolophe 19:103-145. OPEN PDF on the authors' own site, FULL TEXT AND ALL TABLES FETCHED. Time-expansion x10 recordings 2001-2011, Pettersson D1000X/D980/D240X, BatSound analysis. 2526 signals, 379 sequences, 80 species of French Guiana's 103. Method combines AUDITORY analysis (structure, sonority, energy distribution) with computer analysis - the auditory criteria are load-bearing, not decorative. Values in the source's bold type refer to the energy-richest component; this dataset records the dominant harmonic separately in the dominant_harmonic column."
mst-29486c85a3728c,1005004,Artibeus concolor,exact,barataud-2013-guyane,supplied worksheet record BAT02555 (southamerica_guianas),barataud-2013-guyane-unstated,unspecified,,,,unspecified,,French Guiana,,,,16,peak_frequency,species_summary,64,,,kHz,,,2,64,definition_unstated,"Imported from MASTER_call_records.csv record BAT02555; upload archive sha256 17ffdda2ba6929d03dabcce39119e90d4ee10712fdf690885b3d4a5128d3e464. [HARMONIC NORMALISED: original trait 'fmaxE_H1_kHz'] Barataud, Giosa, Leblanc, Rufray, Disca, Tillon, Delaval, Haquart & Dewynter 2013, 'Identification et ecologie acoustique des chiropteres de Guyane francaise', Le Rhinolophe 19:103-145. OPEN PDF on the authors' own site, FULL TEXT AND ALL TABLES FETCHED. Time-expansion x10 recordings 2001-2011, Pettersson D1000X/D980/D240X, BatSound analysis. 2526 signals, 379 sequences, 80 species of French Guiana's 103. Method combines AUDITORY analysis (structure, sonority, energy distribution) with computer analysis - the auditory criteria are load-bearing, not decorative. Values in the source's bold type refer to the energy-richest component; this dataset records the dominant harmonic separately in the dominant_harmonic column."
mst-29a251cd5834b0,1005256,Promops centralis,exact,barataud-2013-guyane,supplied worksheet record BAT02657 (southamerica_guianas),barataud-2013-guyane-unstated,unspecified,,,,unspecified,,French Guiana,,,,33,peak_frequency,median,29.3,,,kHz,,,1,29.3 26.3-32.3,definition_unstated,"Imported from MASTER_call_records.csv record BAT02657; upload archive sha256 17ffdda2ba6929d03dabcce39119e90d4ee10712fdf690885b3d4a5128d3e464. [HARMONIC NORMALISED: original trait 'fmaxE_fundamental_kHz'] [alternation_type=bas] | Barataud et al. 2013, Le Rhinolophe 19:103-145 (open PDF, full text fetched). Duration median 21.2 ms (17.4-35.0). Molossids ALWAYS carry FME on the fundamental (harmonics often absent). Most species use a succession of two or three frequency-shifted signals in cruise or early approach - the frequency-alternation pattern documented across four continents in this project."
mst-29acb875338cb9,1004973,Lophostoma carrikeri,exact,barataud-2013-guyane,supplied worksheet record BAT02466 (southamerica_guianas),barataud-2013-guyane-unstated,unspecified,,,,unspecified,,French Guiana,,,,8,duration,species_summary,2.1,,,ms,,,2,2.1,definition_unstated,"Imported from MASTER_call_records.csv record BAT02466; upload archive sha256 17ffdda2ba6929d03dabcce39119e90d4ee10712fdf690885b3d4a5128d3e464. Barataud, Giosa, Leblanc, Rufray, Disca, Tillon, Delaval, Haquart & Dewynter 2013, 'Identification et ecologie acoustique des chiropteres de Guyane francaise', Le Rhinolophe 19:103-145. OPEN PDF on the authors' own site, FULL TEXT AND ALL TABLES FETCHED. Time-expansion x10 recordings 2001-2011, Pettersson D1000X/D980/D240X, BatSound analysis. 2526 signals, 379 sequences, 80 species of French Guiana's 103. Method combines AUDITORY analysis (structure, sonority, energy distribution) with computer analysis - the auditory criteria are load-bearing, not decorative. Dominant harmonic = H1."
mst-2b2e96042b02ec,1004913,Glossophaga soricina,exact,barataud-2013-guyane,supplied worksheet record BAT02437 (southamerica_guianas),barataud-2013-guyane-unstated,unspecified,,,,unspecified,,French Guiana,,,,13,duration,species_summary,4.7,,,ms,,,2,4.7,definition_unstated,"Imported from MASTER_call_records.csv record BAT02437; upload archive sha256 17ffdda2ba6929d03dabcce39119e90d4ee10712fdf690885b3d4a5128d3e464. Barataud, Giosa, Leblanc, Rufray, Disca, Tillon, Delaval, Haquart & Dewynter 2013, 'Identification et ecologie acoustique des chiropteres de Guyane francaise', Le Rhinolophe 19:103-145. OPEN PDF on the authors' own site, FULL TEXT AND ALL TABLES FETCHED. Time-expansion x10 recordings 2001-2011, Pettersson D1000X/D980/D240X, BatSound analysis. 2526 signals, 379 sequences, 80 species of French Guiana's 103. Method combines AUDITORY analysis (structure, sonority, energy distribution) with computer analysis - the auditory criteria are load-bearing, not decorative. Dominant harmonic = H1."
mst-2baa42bf0e7ad4,1004870,Noctilio albiventris,exact,barataud-2013-guyane,supplied worksheet record BAT02407 (southamerica_guianas),barataud-2013-guyane-unstated,unspecified,,,,unspecified,,French Guiana,,,,17,cf_frequency,median,69.7,,,kHz,,,1,69.7 68.0-75.7,definition_unstated,"Imported from MASTER_call_records.csv record BAT02407; upload archive sha256 17ffdda2ba6929d03dabcce39119e90d4ee10712fdf690885b3d4a5128d3e464. [alternation_type=FC/FMd broadband] | Barataud, Giosa, Leblanc, Rufray, Disca, Tillon, Delaval, Haquart & Dewynter 2013, 'Identification et ecologie acoustique des chiropteres de Guyane francaise', Le Rhinolophe 19:103-145. OPEN PDF on the authors' own site, FULL TEXT AND ALL TABLES FETCHED. Time-expansion x10 recordings 2001-2011, Pettersson D1000X/D980/D240X, BatSound analysis. 2526 signals, 379 sequences, 80 species of French Guiana's 103. Method combines AUDITORY analysis (structure, sonority, energy distribution) with computer analysis - the auditory criteria are load-bearing, not decorative. Median bandwidth 33.6 kHz; FC-duration/total-duration ratio 29.5%. Both Noctilio alternate between narrowband (Doppler technology per Kalko & Schnitzler 1998) and broadband FC/FMd signals. The two species do NOT overlap in frequency (68-76 vs 53-61 kHz)."
mst-2c53646bdeda29,1004979,Phylloderma stenops,exact,barataud-2013-guyane,supplied worksheet record BAT02491 (southamerica_guianas),barataud-2013-guyane-unstated,unspecified,,,,unspecified,,French Guiana,,,,22,duration,species_summary,1.9,,,ms,,,2,1.9,definition_unstated,"Imported from MASTER_call_records.csv record BAT02491; upload archive sha256 17ffdda2ba6929d03dabcce39119e90d4ee10712fdf690885b3d4a5128d3e464. Barataud, Giosa, Leblanc, Rufray, Disca, Tillon, Delaval, Haquart & Dewynter 2013, 'Identification et ecologie acoustique des chiropteres de Guyane francaise', Le Rhinolophe 19:103-145. OPEN PDF on the authors' own site, FULL TEXT AND ALL TABLES FETCHED. Time-expansion x10 recordings 2001-2011, Pettersson D1000X/D980/D240X, BatSound analysis. 2526 signals, 379 sequences, 80 species of French Guiana's 103. Method combines AUDITORY analysis (structure, sonority, energy distribution) with computer analysis - the auditory criteria are load-bearing, not decorative. Dominant harmonic = H1."
mst-2e9f2156a10c2b,1005447,Myotis nigricans,exact,barataud-2013-guyane,supplied worksheet record BAT02633 (southamerica_guianas),barataud-2013-guyane-unstated,unspecified,,,,unspecified,,French Guiana,,,,38,peak_frequency,mean,53.7,,,kHz,sd,4,1,53.7 +/- 4.0,ok,"Imported from MASTER_call_records.csv record BAT02633; upload archive sha256 17ffdda2ba6929d03dabcce39119e90d4ee10712fdf690885b3d4a5128d3e464. [HARMONIC NORMALISED: original trait 'fmaxE_fundamental_kHz'] Barataud et al. 2013, Le Rhinolophe 19:103-145 (open PDF, full text fetched). Duration 4.3 +/- 1.2 ms, bandwidth 28.5 +/- 11.7 kHz, FC/total-duration ratio 39.0%. Vespertilionids share with molossids the trait of ALWAYS carrying energy on the fundamental (harmonics may be entirely absent)."
mst-2ef7880fcd3ce9,1005066,Vampyressa brocki,synonym_via_mdd,barataud-2013-guyane,supplied worksheet record BAT02615 (southamerica_guianas),barataud-2013-guyane-unstated,unspecified,,,,unspecified,,French Guiana,,,,8,peak_frequency,species_summary,35,,,kHz,,,1,35,definition_unstated,"Imported from MASTER_call_records.csv record BAT02615; upload archive sha256 17ffdda2ba6929d03dabcce39119e90d4ee10712fdf690885b3d4a5128d3e464. [HARMONIC NORMALISED: original trait 'fmaxE_fundamental_kHz'] Barataud, Giosa, Leblanc, Rufray, Disca, Tillon, Delaval, Haquart & Dewynter 2013, 'Identification et ecologie acoustique des chiropteres de Guyane francaise', Le Rhinolophe 19:103-145. OPEN PDF on the authors' own site, FULL TEXT AND ALL TABLES FETCHED. Time-expansion x10 recordings 2001-2011, Pettersson D1000X/D980/D240X, BatSound analysis. 2526 signals, 379 sequences, 80 species of French Guiana's 103. Method combines AUDITORY analysis (structure, sonority, energy distribution) with computer analysis - the auditory criteria are load-bearing, not decorative. Values in the source's bold type refer to the energy-richest component; this dataset records the dominant harmonic separately in the dominant_harmonic column."
mst-2f167c251701c6,1004862,Pteronotus personatus,exact,barataud-2013-guyane,supplied worksheet record BAT02414 (southamerica_guianas),barataud-2013-guyane-unstated,unspecified,,,,unspecified,,French Guiana,,,,71,cf_frequency,mean,74.1,,,kHz,sd,3.4,,74.1 +/- 3.4,ok,"Imported from MASTER_call_records.csv record BAT02414; upload archive sha256 17ffdda2ba6929d03dabcce39119e90d4ee10712fdf690885b3d4a5128d3e464. Barataud, Giosa, Leblanc, Rufray, Disca, Tillon, Delaval, Haquart & Dewynter 2013, 'Identification et ecologie acoustique des chiropteres de Guyane francaise', Le Rhinolophe 19:103-145. OPEN PDF on the authors' own site, FULL TEXT AND ALL TABLES FETCHED. Time-expansion x10 recordings 2001-2011, Pettersson D1000X/D980/D240X, BatSound analysis. 2526 signals, 379 sequences, 80 species of French Guiana's 103. Method combines AUDITORY analysis (structure, sonority, energy distribution) with computer analysis - the auditory criteria are load-bearing, not decorative. Sonar technology: Doppler. FC/total duration ratio 76.2%. Terminal-FC/total-FC ratio 49.1%. FME(FCt) minus terminal frequency = 0.2 kHz (near zero = truly flat FC, required for Doppler; non-zero = sloped). The paper proposes a ~75% FC/total-duration threshold below which Doppler use is compromised."
mst-2f2105595b0ac4,1005012,Artibeus lituratus,exact,barataud-2013-guyane,supplied worksheet record BAT02562 (southamerica_guianas),barataud-2013-guyane-unstated,unspecified,,,,unspecified,,French Guiana,,,,26,duration,species_summary,3.1,,,ms,,,2,3.1,definition_unstated,"Imported from MASTER_call_records.csv record BAT02562; upload archive sha256 17ffdda2ba6929d03dabcce39119e90d4ee10712fdf690885b3d4a5128d3e464. Barataud, Giosa, Leblanc, Rufray, Disca, Tillon, Delaval, Haquart & Dewynter 2013, 'Identification et ecologie acoustique des chiropteres de Guyane francaise', Le Rhinolophe 19:103-145. OPEN PDF on the authors' own site, FULL TEXT AND ALL TABLES FETCHED. Time-expansion x10 recordings 2001-2011, Pettersson D1000X/D980/D240X, BatSound analysis. 2526 signals, 379 sequences, 80 species of French Guiana's 103. Method combines AUDITORY analysis (structure, sonority, energy distribution) with computer analysis - the auditory criteria are load-bearing, not decorative. Dominant harmonic = H1."
mst-2fca5b5ab5fdd3,1004995,Ametrida centurio,exact,barataud-2013-guyane,supplied worksheet record BAT02545 (southamerica_guianas),barataud-2013-guyane-unstated,unspecified,,,,unspecified,,French Guiana,,,,17,bandwidth,species_summary,50,,,kHz,,,1,50,definition_unstated,"Imported from MASTER_call_records.csv record BAT02545; upload archive sha256 17ffdda2ba6929d03dabcce39119e90d4ee10712fdf690885b3d4a5128d3e464. Barataud, Giosa, Leblanc, Rufray, Disca, Tillon, Delaval, Haquart & Dewynter 2013, 'Identification et ecologie acoustique des chiropteres de Guyane francaise', Le Rhinolophe 19:103-145. OPEN PDF on the authors' own site, FULL TEXT AND ALL TABLES FETCHED. Time-expansion x10 recordings 2001-2011, Pettersson D1000X/D980/D240X, BatSound analysis. 2526 signals, 379 sequences, 80 species of French Guiana's 103. Method combines AUDITORY analysis (structure, sonority, energy distribution) with computer analysis - the auditory criteria are load-bearing, not decorative."
mst-302454eaa493e2,1004856,Pteronotus gymnonotus,exact,barataud-2013-guyane,supplied worksheet record BAT02416 (southamerica_guianas),barataud-2013-guyane-unstated,unspecified,,,,unspecified,,French Guiana,,,,50,cf_frequency,mean,54.8,,,kHz,sd,0.6,,54.8 +/- 0.6,ok,"Imported from MASTER_call_records.csv record BAT02416; upload archive sha256 17ffdda2ba6929d03dabcce39119e90d4ee10712fdf690885b3d4a5128d3e464. Barataud, Giosa, Leblanc, Rufray, Disca, Tillon, Delaval, Haquart & Dewynter 2013, 'Identification et ecologie acoustique des chiropteres de Guyane francaise', Le Rhinolophe 19:103-145. OPEN PDF on the authors' own site, FULL TEXT AND ALL TABLES FETCHED. Time-expansion x10 recordings 2001-2011, Pettersson D1000X/D980/D240X, BatSound analysis. 2526 signals, 379 sequences, 80 species of French Guiana's 103. Method combines AUDITORY analysis (structure, sonority, energy distribution) with computer analysis - the auditory criteria are load-bearing, not decorative. Sonar technology: spatial localisation. FC/total duration ratio 73.7%. Terminal-FC/total-FC ratio 25.8%. FME(FCt) minus terminal frequency = 2.5 kHz (near zero = truly flat FC, required for Doppler; non-zero = sloped). The paper proposes a ~75% FC/total-duration threshold below which Doppler use is compromised."
mst-307bcc307aa5f1,1004977,Lophostoma schulzi,exact,barataud-2013-guyane,supplied worksheet record BAT02474 (southamerica_guianas),barataud-2013-guyane-unstated,unspecified,,,,unspecified,,French Guiana,,,,8,peak_frequency,species_summary,70.5,,,kHz,,,3,70.5,definition_unstated,"Imported from MASTER_call_records.csv record BAT02474; upload archive sha256 17ffdda2ba6929d03dabcce39119e90d4ee10712fdf690885b3d4a5128d3e464. [HARMONIC NORMALISED: original trait 'fmaxE_H2_kHz'] Barataud, Giosa, Leblanc, Rufray, Disca, Tillon, Delaval, Haquart & Dewynter 2013, 'Identification et ecologie acoustique des chiropteres de Guyane francaise', Le Rhinolophe 19:103-145. OPEN PDF on the authors' own site, FULL TEXT AND ALL TABLES FETCHED. Time-expansion x10 recordings 2001-2011, Pettersson D1000X/D980/D240X, BatSound analysis. 2526 signals, 379 sequences, 80 species of French Guiana's 103. Method combines AUDITORY analysis (structure, sonority, energy distribution) with computer analysis - the auditory criteria are load-bearing, not decorative. Values in the source's bold type refer to the energy-richest component; this dataset records the dominant harmonic separately in the dominant_harmonic column."
mst-309fec4b2b1206,1004923,Trinycteris nicefori,exact,barataud-2013-guyane,supplied worksheet record BAT02528 (southamerica_guianas),barataud-2013-guyane-unstated,unspecified,,,,unspecified,,French Guiana,,,,17,peak_frequency,species_summary,77.5,,,kHz,,,3,77.5,definition_unstated,"Imported from MASTER_call_records.csv record BAT02528; upload archive sha256 17ffdda2ba6929d03dabcce39119e90d4ee10712fdf690885b3d4a5128d3e464. [HARMONIC NORMALISED: original trait 'fmaxE_H2_kHz'] Barataud, Giosa, Leblanc, Rufray, Disca, Tillon, Delaval, Haquart & Dewynter 2013, 'Identification et ecologie acoustique des chiropteres de Guyane francaise', Le Rhinolophe 19:103-145. OPEN PDF on the authors' own site, FULL TEXT AND ALL TABLES FETCHED. Time-expansion x10 recordings 2001-2011, Pettersson D1000X/D980/D240X, BatSound analysis. 2526 signals, 379 sequences, 80 species of French Guiana's 103. Method combines AUDITORY analysis (structure, sonority, energy distribution) with computer analysis - the auditory criteria are load-bearing, not decorative. Values in the source's bold type refer to the energy-richest component; this dataset records the dominant harmonic separately in the dominant_harmonic column."
mst-3137cc9c6329c3,1004870,Noctilio albiventris,exact,barataud-2013-guyane,supplied worksheet record BAT02408 (southamerica_guianas),barataud-2013-guyane-unstated,unspecified,,,,unspecified,,French Guiana,,,,17,cf_frequency,median,71,,,kHz,,,1,71.0 66.7-74.7,definition_unstated,"Imported from MASTER_call_records.csv record BAT02408; upload archive sha256 17ffdda2ba6929d03dabcce39119e90d4ee10712fdf690885b3d4a5128d3e464. [alternation_type=FC/FMd narrowband] | Barataud, Giosa, Leblanc, Rufray, Disca, Tillon, Delaval, Haquart & Dewynter 2013, 'Identification et ecologie acoustique des chiropteres de Guyane francaise', Le Rhinolophe 19:103-145. OPEN PDF on the authors' own site, FULL TEXT AND ALL TABLES FETCHED. Time-expansion x10 recordings 2001-2011, Pettersson D1000X/D980/D240X, BatSound analysis. 2526 signals, 379 sequences, 80 species of French Guiana's 103. Method combines AUDITORY analysis (structure, sonority, energy distribution) with computer analysis - the auditory criteria are load-bearing, not decorative. Median bandwidth 16.0 kHz; FC-duration/total-duration ratio 67.4%. Both Noctilio alternate between narrowband (Doppler technology per Kalko & Schnitzler 1998) and broadband FC/FMd signals. The two species do NOT overlap in frequency (68-76 vs 53-61 kHz)."
mst-3237513fd2e755,1004900,Choeroniscus minor,exact,barataud-2013-guyane,supplied worksheet record BAT02436 (southamerica_guianas),barataud-2013-guyane-unstated,unspecified,,,,unspecified,,French Guiana,,,,20,peak_frequency,species_summary,122,,,kHz,,,2,122,definition_unstated,"Imported from MASTER_call_records.csv record BAT02436; upload archive sha256 17ffdda2ba6929d03dabcce39119e90d4ee10712fdf690885b3d4a5128d3e464. [HARMONIC NORMALISED: original trait 'fmaxE_H1_kHz'] Barataud, Giosa, Leblanc, Rufray, Disca, Tillon, Delaval, Haquart & Dewynter 2013, 'Identification et ecologie acoustique des chiropteres de Guyane francaise', Le Rhinolophe 19:103-145. OPEN PDF on the authors' own site, FULL TEXT AND ALL TABLES FETCHED. Time-expansion x10 recordings 2001-2011, Pettersson D1000X/D980/D240X, BatSound analysis. 2526 signals, 379 sequences, 80 species of French Guiana's 103. Method combines AUDITORY analysis (structure, sonority, energy distribution) with computer analysis - the auditory criteria are load-bearing, not decorative. Values in the source's bold type refer to the energy-richest component; this dataset records the dominant harmonic separately in the dominant_harmonic column."
mst-342cebd353a04b,1004995,Ametrida centurio,exact,barataud-2013-guyane,supplied worksheet record BAT02623 (southamerica_guianas),barataud-2013-guyane-unstated,unspecified,,,,unspecified,,French Guiana,,,,17,peak_frequency,mean,80,,,kHz,sd,6.4,1,80 +/- 6.4,ok,"Imported from MASTER_call_records.csv record BAT02623; upload archive sha256 17ffdda2ba6929d03dabcce39119e90d4ee10712fdf690885b3d4a5128d3e464. [HARMONIC NORMALISED: original trait 'fmaxE_fundamental_kHz'] Barataud et al. 2013, Le Rhinolophe 19:103-145 (open PDF, full text fetched). EXCEPTION within Phyllostomidae: whistled sonority (not nasal), NO energy peak (vs the family's explosive onset), linear FM structure, energy on the fundamental with no marked harmonic. Resembles Furipterus horrens but at lower frequencies. Easily identified acoustically."
mst-36c3bbeeef2fac,1005012,Artibeus lituratus,exact,barataud-2013-guyane,supplied worksheet record BAT02566 (southamerica_guianas),barataud-2013-guyane-unstated,unspecified,,,,unspecified,,French Guiana,,,,26,peak_frequency,species_summary,85,,,kHz,,,3,85,definition_unstated,"Imported from MASTER_call_records.csv record BAT02566; upload archive sha256 17ffdda2ba6929d03dabcce39119e90d4ee10712fdf690885b3d4a5128d3e464. [HARMONIC NORMALISED: original trait 'fmaxE_H2_kHz'] Barataud, Giosa, Leblanc, Rufray, Disca, Tillon, Delaval, Haquart & Dewynter 2013, 'Identification et ecologie acoustique des chiropteres de Guyane francaise', Le Rhinolophe 19:103-145. OPEN PDF on the authors' own site, FULL TEXT AND ALL TABLES FETCHED. Time-expansion x10 recordings 2001-2011, Pettersson D1000X/D980/D240X, BatSound analysis. 2526 signals, 379 sequences, 80 species of French Guiana's 103. Method combines AUDITORY analysis (structure, sonority, energy distribution) with computer analysis - the auditory criteria are load-bearing, not decorative. Values in the source's bold type refer to the energy-richest component; this dataset records the dominant harmonic separately in the dominant_harmonic column."
mst-39d89557a12b4b,1004873,Carollia brevicauda,exact,barataud-2013-guyane,supplied worksheet record BAT02533 (southamerica_guianas),barataud-2013-guyane-unstated,unspecified,,,,unspecified,,French Guiana,,,,13,peak_frequency,species_summary,85,,,kHz,,,3,85,definition_unstated,"Imported from MASTER_call_records.csv record BAT02533; upload archive sha256 17ffdda2ba6929d03dabcce39119e90d4ee10712fdf690885b3d4a5128d3e464. [HARMONIC NORMALISED: original trait 'fmaxE_H2_kHz'] Barataud, Giosa, Leblanc, Rufray, Disca, Tillon, Delaval, Haquart & Dewynter 2013, 'Identification et ecologie acoustique des chiropteres de Guyane francaise', Le Rhinolophe 19:103-145. OPEN PDF on the authors' own site, FULL TEXT AND ALL TABLES FETCHED. Time-expansion x10 recordings 2001-2011, Pettersson D1000X/D980/D240X, BatSound analysis. 2526 signals, 379 sequences, 80 species of French Guiana's 103. Method combines AUDITORY analysis (structure, sonority, energy distribution) with computer analysis - the auditory criteria are load-bearing, not decorative. Values in the source's bold type refer to the energy-richest component; this dataset records the dominant harmonic separately in the dominant_harmonic column."
mst-3eb89e136d6e3d,1005027,Chiroderma trinitatum,exact,barataud-2013-guyane,supplied worksheet record BAT02579 (southamerica_guianas),barataud-2013-guyane-unstated,unspecified,,,,unspecified,,French Guiana,,,,15,peak_frequency,species_summary,32,,,kHz,,,1,32,definition_unstated,"Imported from MASTER_call_records.csv record BAT02579; upload archive sha256 17ffdda2ba6929d03dabcce39119e90d4ee10712fdf690885b3d4a5128d3e464. [HARMONIC NORMALISED: original trait 'fmaxE_fundamental_kHz'] Barataud, Giosa, Leblanc, Rufray, Disca, Tillon, Delaval, Haquart & Dewynter 2013, 'Identification et ecologie acoustique des chiropteres de Guyane francaise', Le Rhinolophe 19:103-145. OPEN PDF on the authors' own site, FULL TEXT AND ALL TABLES FETCHED. Time-expansion x10 recordings 2001-2011, Pettersson D1000X/D980/D240X, BatSound analysis. 2526 signals, 379 sequences, 80 species of French Guiana's 103. Method combines AUDITORY analysis (structure, sonority, energy distribution) with computer analysis - the auditory criteria are load-bearing, not decorative. Values in the source's bold type refer to the energy-richest component; this dataset records the dominant harmonic separately in the dominant_harmonic column."
mst-407d1b8ecf786e,1004920,Glyphonycteris daviesi,exact,barataud-2013-guyane,supplied worksheet record BAT02463 (southamerica_guianas),barataud-2013-guyane-unstated,unspecified,,,,unspecified,,French Guiana,,,,11,peak_frequency,species_summary,29,,,kHz,,,1,29,definition_unstated,"Imported from MASTER_call_records.csv record BAT02463; upload archive sha256 17ffdda2ba6929d03dabcce39119e90d4ee10712fdf690885b3d4a5128d3e464. [HARMONIC NORMALISED: original trait 'fmaxE_fundamental_kHz'] Barataud, Giosa, Leblanc, Rufray, Disca, Tillon, Delaval, Haquart & Dewynter 2013, 'Identification et ecologie acoustique des chiropteres de Guyane francaise', Le Rhinolophe 19:103-145. OPEN PDF on the authors' own site, FULL TEXT AND ALL TABLES FETCHED. Time-expansion x10 recordings 2001-2011, Pettersson D1000X/D980/D240X, BatSound analysis. 2526 signals, 379 sequences, 80 species of French Guiana's 103. Method combines AUDITORY analysis (structure, sonority, energy distribution) with computer analysis - the auditory criteria are load-bearing, not decorative. Values in the source's bold type refer to the energy-richest component; this dataset records the dominant harmonic separately in the dominant_harmonic column."
mst-42a70a5d86134c,1005166,Cynomops abrasus,exact,barataud-2013-guyane,supplied worksheet record BAT02647 (southamerica_guianas),barataud-2013-guyane-unstated,unspecified,,,,unspecified,,French Guiana,,,,17,peak_frequency,median,30,,,kHz,,,1,30.0 28.2-32.0,definition_unstated,"Imported from MASTER_call_records.csv record BAT02647; upload archive sha256 17ffdda2ba6929d03dabcce39119e90d4ee10712fdf690885b3d4a5128d3e464. [HARMONIC NORMALISED: original trait 'fmaxE_fundamental_kHz'] [alternation_type=moyen] | Barataud et al. 2013, Le Rhinolophe 19:103-145 (open PDF, full text fetched). Duration median 10.2 ms (7.7-14.8). Molossids ALWAYS carry FME on the fundamental (harmonics often absent). Most species use a succession of two or three frequency-shifted signals in cruise or early approach - the frequency-alternation pattern documented across four continents in this project."
mst-42d7d7ff0ecea5,1004981,Phyllostomus elongatus,exact,barataud-2013-guyane,supplied worksheet record BAT02505 (southamerica_guianas),barataud-2013-guyane-unstated,unspecified,,,,unspecified,,French Guiana,,,,12,peak_frequency,species_summary,60,,,kHz,,,3,60,definition_unstated,"Imported from MASTER_call_records.csv record BAT02505; upload archive sha256 17ffdda2ba6929d03dabcce39119e90d4ee10712fdf690885b3d4a5128d3e464. [HARMONIC NORMALISED: original trait 'fmaxE_H2_kHz'] Barataud, Giosa, Leblanc, Rufray, Disca, Tillon, Delaval, Haquart & Dewynter 2013, 'Identification et ecologie acoustique des chiropteres de Guyane francaise', Le Rhinolophe 19:103-145. OPEN PDF on the authors' own site, FULL TEXT AND ALL TABLES FETCHED. Time-expansion x10 recordings 2001-2011, Pettersson D1000X/D980/D240X, BatSound analysis. 2526 signals, 379 sequences, 80 species of French Guiana's 103. Method combines AUDITORY analysis (structure, sonority, energy distribution) with computer analysis - the auditory criteria are load-bearing, not decorative. Values in the source's bold type refer to the energy-richest component; this dataset records the dominant harmonic separately in the dominant_harmonic column."
mst-43f5aeff7162bb,1005095,Thyroptera discifera,exact,barataud-2013-guyane,supplied worksheet record BAT02626 (southamerica_guianas),barataud-2013-guyane-unstated,unspecified,fundamental harmonic,fundamental harmonic,,unspecified,,French Guiana,,,,5,peak_frequency,species_summary,53,,,kHz,,,1,53,definition_unstated,"Imported from MASTER_call_records.csv record BAT02626; upload archive sha256 17ffdda2ba6929d03dabcce39119e90d4ee10712fdf690885b3d4a5128d3e464. [HARMONIC NORMALISED: original trait 'fmaxE_fundamental_kHz'] Barataud et al. 2013, Le Rhinolophe 19:103-145 (open PDF, full text fetched). Duration 2.9 ms, bandwidth 39.0 kHz. Whistled sonority with NO differential temporal filtering between harmonics - the key separator from Phyllostomidae, which they otherwise resemble in having FM with explosive onset."
mst-445d0f584ddc49,1004923,Trinycteris nicefori,exact,barataud-2013-guyane,supplied worksheet record BAT02524 (southamerica_guianas),barataud-2013-guyane-unstated,unspecified,,,,unspecified,,French Guiana,,,,17,duration,species_summary,2.2,,,ms,,,2,2.2,definition_unstated,"Imported from MASTER_call_records.csv record BAT02524; upload archive sha256 17ffdda2ba6929d03dabcce39119e90d4ee10712fdf690885b3d4a5128d3e464. Barataud, Giosa, Leblanc, Rufray, Disca, Tillon, Delaval, Haquart & Dewynter 2013, 'Identification et ecologie acoustique des chiropteres de Guyane francaise', Le Rhinolophe 19:103-145. OPEN PDF on the authors' own site, FULL TEXT AND ALL TABLES FETCHED. Time-expansion x10 recordings 2001-2011, Pettersson D1000X/D980/D240X, BatSound analysis. 2526 signals, 379 sequences, 80 species of French Guiana's 103. Method combines AUDITORY analysis (structure, sonority, energy distribution) with computer analysis - the auditory criteria are load-bearing, not decorative. Dominant harmonic = H1."
mst-451cf1633e8314,1004900,Choeroniscus minor,exact,barataud-2013-guyane,supplied worksheet record BAT02435 (southamerica_guianas),barataud-2013-guyane-unstated,unspecified,,,,unspecified,,French Guiana,,,,20,peak_frequency,species_summary,72.5,,,kHz,,,1,72.5,definition_unstated,"Imported from MASTER_call_records.csv record BAT02435; upload archive sha256 17ffdda2ba6929d03dabcce39119e90d4ee10712fdf690885b3d4a5128d3e464. [HARMONIC NORMALISED: original trait 'fmaxE_fundamental_kHz'] Barataud, Giosa, Leblanc, Rufray, Disca, Tillon, Delaval, Haquart & Dewynter 2013, 'Identification et ecologie acoustique des chiropteres de Guyane francaise', Le Rhinolophe 19:103-145. OPEN PDF on the authors' own site, FULL TEXT AND ALL TABLES FETCHED. Time-expansion x10 recordings 2001-2011, Pettersson D1000X/D980/D240X, BatSound analysis. 2526 signals, 379 sequences, 80 species of French Guiana's 103. Method combines AUDITORY analysis (structure, sonority, energy distribution) with computer analysis - the auditory criteria are load-bearing, not decorative. Values in the source's bold type refer to the energy-richest component; this dataset records the dominant harmonic separately in the dominant_harmonic column."
mst-46be6a3fe5c768,1004877,Carollia perspicillata,exact,barataud-2013-guyane,supplied worksheet record BAT02538 (southamerica_guianas),barataud-2013-guyane-unstated,unspecified,,,,unspecified,,French Guiana,,,,17,peak_frequency,species_summary,84,,,kHz,,,3,84,definition_unstated,"Imported from MASTER_call_records.csv record BAT02538; upload archive sha256 17ffdda2ba6929d03dabcce39119e90d4ee10712fdf690885b3d4a5128d3e464. [HARMONIC NORMALISED: original trait 'fmaxE_H2_kHz'] Barataud, Giosa, Leblanc, Rufray, Disca, Tillon, Delaval, Haquart & Dewynter 2013, 'Identification et ecologie acoustique des chiropteres de Guyane francaise', Le Rhinolophe 19:103-145. OPEN PDF on the authors' own site, FULL TEXT AND ALL TABLES FETCHED. Time-expansion x10 recordings 2001-2011, Pettersson D1000X/D980/D240X, BatSound analysis. 2526 signals, 379 sequences, 80 species of French Guiana's 103. Method combines AUDITORY analysis (structure, sonority, energy distribution) with computer analysis - the auditory criteria are load-bearing, not decorative. Values in the source's bold type refer to the energy-richest component; this dataset records the dominant harmonic separately in the dominant_harmonic column."
mst-47441da64d5ec1,1004928,Lionycteris spurrelli,exact,barataud-2013-guyane,supplied worksheet record BAT02443 (southamerica_guianas),barataud-2013-guyane-unstated,unspecified,,,,unspecified,,French Guiana,,,,30,bandwidth,species_summary,53,,,kHz,,,2,53,definition_unstated,"Imported from MASTER_call_records.csv record BAT02443; upload archive sha256 17ffdda2ba6929d03dabcce39119e90d4ee10712fdf690885b3d4a5128d3e464. Barataud, Giosa, Leblanc, Rufray, Disca, Tillon, Delaval, Haquart & Dewynter 2013, 'Identification et ecologie acoustique des chiropteres de Guyane francaise', Le Rhinolophe 19:103-145. OPEN PDF on the authors' own site, FULL TEXT AND ALL TABLES FETCHED. Time-expansion x10 recordings 2001-2011, Pettersson D1000X/D980/D240X, BatSound analysis. 2526 signals, 379 sequences, 80 species of French Guiana's 103. Method combines AUDITORY analysis (structure, sonority, energy distribution) with computer analysis - the auditory criteria are load-bearing, not decorative."
mst-47ca484123aa7c,1004920,Glyphonycteris daviesi,exact,barataud-2013-guyane,supplied worksheet record BAT02465 (southamerica_guianas),barataud-2013-guyane-unstated,unspecified,,,,unspecified,,French Guiana,,,,11,peak_frequency,species_summary,72,,,kHz,,,3,72,definition_unstated,"Imported from MASTER_call_records.csv record BAT02465; upload archive sha256 17ffdda2ba6929d03dabcce39119e90d4ee10712fdf690885b3d4a5128d3e464. [HARMONIC NORMALISED: original trait 'fmaxE_H2_kHz'] Barataud, Giosa, Leblanc, Rufray, Disca, Tillon, Delaval, Haquart & Dewynter 2013, 'Identification et ecologie acoustique des chiropteres de Guyane francaise', Le Rhinolophe 19:103-145. OPEN PDF on the authors' own site, FULL TEXT AND ALL TABLES FETCHED. Time-expansion x10 recordings 2001-2011, Pettersson D1000X/D980/D240X, BatSound analysis. 2526 signals, 379 sequences, 80 species of French Guiana's 103. Method combines AUDITORY analysis (structure, sonority, energy distribution) with computer analysis - the auditory criteria are load-bearing, not decorative. Values in the source's bold type refer to the energy-richest component; this dataset records the dominant harmonic separately in the dominant_harmonic column."
mst-49931bb8b282c5,1005012,Artibeus lituratus,exact,barataud-2013-guyane,supplied worksheet record BAT02564 (southamerica_guianas),barataud-2013-guyane-unstated,unspecified,,,,unspecified,,French Guiana,,,,26,peak_frequency,species_summary,28,,,kHz,,,1,28,definition_unstated,"Imported from MASTER_call_records.csv record BAT02564; upload archive sha256 17ffdda2ba6929d03dabcce39119e90d4ee10712fdf690885b3d4a5128d3e464. [HARMONIC NORMALISED: original trait 'fmaxE_fundamental_kHz'] Barataud, Giosa, Leblanc, Rufray, Disca, Tillon, Delaval, Haquart & Dewynter 2013, 'Identification et ecologie acoustique des chiropteres de Guyane francaise', Le Rhinolophe 19:103-145. OPEN PDF on the authors' own site, FULL TEXT AND ALL TABLES FETCHED. Time-expansion x10 recordings 2001-2011, Pettersson D1000X/D980/D240X, BatSound analysis. 2526 signals, 379 sequences, 80 species of French Guiana's 103. Method combines AUDITORY analysis (structure, sonority, energy distribution) with computer analysis - the auditory criteria are load-bearing, not decorative. Values in the source's bold type refer to the energy-richest component; this dataset records the dominant harmonic separately in the dominant_harmonic column."
mst-4c9ee3ce74477d,1004881,Diaemus youngi,exact,barataud-2013-guyane,supplied worksheet record BAT02458 (southamerica_guianas),barataud-2013-guyane-unstated,unspecified,,,,unspecified,,French Guiana,,,,30,peak_frequency,species_summary,28,,,kHz,,,1,28,definition_unstated,"Imported from MASTER_call_records.csv record BAT02458; upload archive sha256 17ffdda2ba6929d03dabcce39119e90d4ee10712fdf690885b3d4a5128d3e464. [HARMONIC NORMALISED: original trait 'fmaxE_fundamental_kHz'] Barataud, Giosa, Leblanc, Rufray, Disca, Tillon, Delaval, Haquart & Dewynter 2013, 'Identification et ecologie acoustique des chiropteres de Guyane francaise', Le Rhinolophe 19:103-145. OPEN PDF on the authors' own site, FULL TEXT AND ALL TABLES FETCHED. Time-expansion x10 recordings 2001-2011, Pettersson D1000X/D980/D240X, BatSound analysis. 2526 signals, 379 sequences, 80 species of French Guiana's 103. Method combines AUDITORY analysis (structure, sonority, energy distribution) with computer analysis - the auditory criteria are load-bearing, not decorative. Values in the source's bold type refer to the energy-richest component; this dataset records the dominant harmonic separately in the dominant_harmonic column."
mst-4d788fe01ad96d,1004894,Anoura geoffroyi,exact,barataud-2013-guyane,supplied worksheet record BAT02426 (southamerica_guianas),barataud-2013-guyane-unstated,unspecified,,,,unspecified,,French Guiana,,,,30,peak_frequency,species_summary,81,,,kHz,,,2,81,definition_unstated,"Imported from MASTER_call_records.csv record BAT02426; upload archive sha256 17ffdda2ba6929d03dabcce39119e90d4ee10712fdf690885b3d4a5128d3e464. [HARMONIC NORMALISED: original trait 'fmaxE_H1_kHz'] Barataud, Giosa, Leblanc, Rufray, Disca, Tillon, Delaval, Haquart & Dewynter 2013, 'Identification et ecologie acoustique des chiropteres de Guyane francaise', Le Rhinolophe 19:103-145. OPEN PDF on the authors' own site, FULL TEXT AND ALL TABLES FETCHED. Time-expansion x10 recordings 2001-2011, Pettersson D1000X/D980/D240X, BatSound analysis. 2526 signals, 379 sequences, 80 species of French Guiana's 103. Method combines AUDITORY analysis (structure, sonority, energy distribution) with computer analysis - the auditory criteria are load-bearing, not decorative. Values in the source's bold type refer to the energy-richest component; this dataset records the dominant harmonic separately in the dominant_harmonic column."
mst-4e898a5d66c139,1004789,Peropteryx macrotis,exact,barataud-2013-guyane,supplied worksheet record BAT02394 (southamerica_guianas),barataud-2013-guyane-unstated,unspecified,,,,unspecified,,French Guiana,,,,37,peak_frequency,median,38.4,,,kHz,,,2,38.4 36.7-39.7,definition_unstated,"Imported from MASTER_call_records.csv record BAT02394; upload archive sha256 17ffdda2ba6929d03dabcce39119e90d4ee10712fdf690885b3d4a5128d3e464. [HARMONIC NORMALISED: original trait 'fmaxE_H1_kHz'] [alternation_type=mono] | Barataud, Giosa, Leblanc, Rufray, Disca, Tillon, Delaval, Haquart & Dewynter 2013, 'Identification et ecologie acoustique des chiropteres de Guyane francaise', Le Rhinolophe 19:103-145. OPEN PDF on the authors' own site, FULL TEXT AND ALL TABLES FETCHED. Time-expansion x10 recordings 2001-2011, Pettersson D1000X/D980/D240X, BatSound analysis. 2526 signals, 379 sequences, 80 species of French Guiana's 103. Method combines AUDITORY analysis (structure, sonority, energy distribution) with computer analysis - the auditory criteria are load-bearing, not decorative. Emballonurid FME is on HARMONIC 1 (rarely the fundamental in Rhynchonycteris naso). Value is the MEDIAN with min-max range. The paper calls this family 'a perfect example of acoustic niches within a taxonomic group: each species' sonar has certainly undergone character displacement to avoid interspecific overlap.'"
mst-4f28121aa32b02,1004781,Cormura brevirostris,exact,barataud-2013-guyane,supplied worksheet record BAT02396 (southamerica_guianas),barataud-2013-guyane-unstated,unspecified,,,,unspecified,,French Guiana,,,,33,peak_frequency,median,32.3,,,kHz,,,2,32.3 30.5-33.5,definition_unstated,"Imported from MASTER_call_records.csv record BAT02396; upload archive sha256 17ffdda2ba6929d03dabcce39119e90d4ee10712fdf690885b3d4a5128d3e464. [HARMONIC NORMALISED: original trait 'fmaxE_H1_kHz'] [alternation_type=haut (high)] | Barataud, Giosa, Leblanc, Rufray, Disca, Tillon, Delaval, Haquart & Dewynter 2013, 'Identification et ecologie acoustique des chiropteres de Guyane francaise', Le Rhinolophe 19:103-145. OPEN PDF on the authors' own site, FULL TEXT AND ALL TABLES FETCHED. Time-expansion x10 recordings 2001-2011, Pettersson D1000X/D980/D240X, BatSound analysis. 2526 signals, 379 sequences, 80 species of French Guiana's 103. Method combines AUDITORY analysis (structure, sonority, energy distribution) with computer analysis - the auditory criteria are load-bearing, not decorative. Emballonurid FME is on HARMONIC 1 (rarely the fundamental in Rhynchonycteris naso). Value is the MEDIAN with min-max range. The paper calls this family 'a perfect example of acoustic niches within a taxonomic group: each species' sonar has certainly undergone character displacement to avoid interspecific overlap.'"
mst-4f59318db346e4,1004849,Furipterus horrens,exact,barataud-2013-guyane,supplied worksheet record BAT02629 (southamerica_guianas),barataud-2013-guyane-unstated,unspecified,,,,unspecified,,French Guiana,,,,30,peak_frequency,mean,152,,,kHz,sd,9.6,1,152 +/- 9.6,ok,"Imported from MASTER_call_records.csv record BAT02629; upload archive sha256 17ffdda2ba6929d03dabcce39119e90d4ee10712fdf690885b3d4a5128d3e464. [HARMONIC NORMALISED: original trait 'fmaxE_fundamental_kHz'] Barataud et al. 2013, Le Rhinolophe 19:103-145 (open PDF, full text fetched). THE HIGHEST-FREQUENCY SPECIES IN THE ENTIRE FRENCH GUIANA FAUNA. Initial frequency can reach 250 kHz; FME averages above 150 kHz and can reach 220 kHz. Bandwidth 75.5 +/- 20.2 kHz. CRITICAL DETECTABILITY NOTE: the extreme frequency gives very low intensity - in a roost the authors could only hear individuals on heterodyne at UNDER 2 METRES. Foraging in the open they are somewhat louder (FME ~200 kHz on approach, ~150 kHz in cruise). Also observed producing audible wing-rustling sounds by rubbing the wings together, possibly social communication compensating for vocal folds specialised on high frequencies unsuited to long-range communication."
mst-50c7b59935c0fb,1004983,Phyllostomus latifolius,exact,barataud-2013-guyane,supplied worksheet record BAT02513 (southamerica_guianas),barataud-2013-guyane-unstated,unspecified,,,,unspecified,,French Guiana,,,,30,peak_frequency,species_summary,61.4,,,kHz,,,3,61.4,definition_unstated,"Imported from MASTER_call_records.csv record BAT02513; upload archive sha256 17ffdda2ba6929d03dabcce39119e90d4ee10712fdf690885b3d4a5128d3e464. [HARMONIC NORMALISED: original trait 'fmaxE_H2_kHz'] Barataud, Giosa, Leblanc, Rufray, Disca, Tillon, Delaval, Haquart & Dewynter 2013, 'Identification et ecologie acoustique des chiropteres de Guyane francaise', Le Rhinolophe 19:103-145. OPEN PDF on the authors' own site, FULL TEXT AND ALL TABLES FETCHED. Time-expansion x10 recordings 2001-2011, Pettersson D1000X/D980/D240X, BatSound analysis. 2526 signals, 379 sequences, 80 species of French Guiana's 103. Method combines AUDITORY analysis (structure, sonority, energy distribution) with computer analysis - the auditory criteria are load-bearing, not decorative. Values in the source's bold type refer to the energy-richest component; this dataset records the dominant harmonic separately in the dominant_harmonic column."
mst-5163cf573f370c,1004978,Lophostoma silvicolum,synonym_via_mdd,barataud-2013-guyane,supplied worksheet record BAT02479 (southamerica_guianas),barataud-2013-guyane-unstated,unspecified,,,,unspecified,,French Guiana,,,,20,peak_frequency,species_summary,70.5,,,kHz,,,3,70.5,definition_unstated,"Imported from MASTER_call_records.csv record BAT02479; upload archive sha256 17ffdda2ba6929d03dabcce39119e90d4ee10712fdf690885b3d4a5128d3e464. [HARMONIC NORMALISED: original trait 'fmaxE_H2_kHz'] Barataud, Giosa, Leblanc, Rufray, Disca, Tillon, Delaval, Haquart & Dewynter 2013, 'Identification et ecologie acoustique des chiropteres de Guyane francaise', Le Rhinolophe 19:103-145. OPEN PDF on the authors' own site, FULL TEXT AND ALL TABLES FETCHED. Time-expansion x10 recordings 2001-2011, Pettersson D1000X/D980/D240X, BatSound analysis. 2526 signals, 379 sequences, 80 species of French Guiana's 103. Method combines AUDITORY analysis (structure, sonority, energy distribution) with computer analysis - the auditory criteria are load-bearing, not decorative. Values in the source's bold type refer to the energy-richest component; this dataset records the dominant harmonic separately in the dominant_harmonic column."
mst-53e272727414d1,1005093,Sturnira tildae,exact,barataud-2013-guyane,supplied worksheet record BAT02606 (southamerica_guianas),barataud-2013-guyane-unstated,unspecified,,,,unspecified,,French Guiana,,,,30,peak_frequency,species_summary,59,,,kHz,,,2,59,definition_unstated,"Imported from MASTER_call_records.csv record BAT02606; upload archive sha256 17ffdda2ba6929d03dabcce39119e90d4ee10712fdf690885b3d4a5128d3e464. [HARMONIC NORMALISED: original trait 'fmaxE_H1_kHz'] Barataud, Giosa, Leblanc, Rufray, Disca, Tillon, Delaval, Haquart & Dewynter 2013, 'Identification et ecologie acoustique des chiropteres de Guyane francaise', Le Rhinolophe 19:103-145. OPEN PDF on the authors' own site, FULL TEXT AND ALL TABLES FETCHED. Time-expansion x10 recordings 2001-2011, Pettersson D1000X/D980/D240X, BatSound analysis. 2526 signals, 379 sequences, 80 species of French Guiana's 103. Method combines AUDITORY analysis (structure, sonority, energy distribution) with computer analysis - the auditory criteria are load-bearing, not decorative. Values in the source's bold type refer to the energy-richest component; this dataset records the dominant harmonic separately in the dominant_harmonic column."
mst-58b4db77d909a9,1005174,Eumops auripendulus,exact,barataud-2013-guyane,supplied worksheet record BAT02653 (southamerica_guianas),barataud-2013-guyane-unstated,unspecified,,,,unspecified,,French Guiana,,,,2,peak_frequency,median,26.7,,,kHz,,,1,26.7 26.3-27.0,definition_unstated,"Imported from MASTER_call_records.csv record BAT02653; upload archive sha256 17ffdda2ba6929d03dabcce39119e90d4ee10712fdf690885b3d4a5128d3e464. [HARMONIC NORMALISED: original trait 'fmaxE_fundamental_kHz'] [alternation_type=haut] | Barataud et al. 2013, Le Rhinolophe 19:103-145 (open PDF, full text fetched). Duration median 18.4 ms (17.5-19.3). Molossids ALWAYS carry FME on the fundamental (harmonics often absent). Most species use a succession of two or three frequency-shifted signals in cruise or early approach - the frequency-alternation pattern documented across four continents in this project."
mst-594d370b1c5377,1005066,Vampyressa brocki,synonym_via_mdd,barataud-2013-guyane,supplied worksheet record BAT02614 (southamerica_guianas),barataud-2013-guyane-unstated,unspecified,,,,unspecified,,French Guiana,,,,8,bandwidth,species_summary,26,,,kHz,,,2,26,definition_unstated,"Imported from MASTER_call_records.csv record BAT02614; upload archive sha256 17ffdda2ba6929d03dabcce39119e90d4ee10712fdf690885b3d4a5128d3e464. Barataud, Giosa, Leblanc, Rufray, Disca, Tillon, Delaval, Haquart & Dewynter 2013, 'Identification et ecologie acoustique des chiropteres de Guyane francaise', Le Rhinolophe 19:103-145. OPEN PDF on the authors' own site, FULL TEXT AND ALL TABLES FETCHED. Time-expansion x10 recordings 2001-2011, Pettersson D1000X/D980/D240X, BatSound analysis. 2526 signals, 379 sequences, 80 species of French Guiana's 103. Method combines AUDITORY analysis (structure, sonority, energy distribution) with computer analysis - the auditory criteria are load-bearing, not decorative."
mst-59f0a59ffa1d01,1005068,Vampyrodes caraccioli,exact,barataud-2013-guyane,supplied worksheet record BAT02620 (southamerica_guianas),barataud-2013-guyane-unstated,unspecified,,,,unspecified,,French Guiana,,,,6,peak_frequency,species_summary,78.5,,,kHz,,,2,78.5,definition_unstated,"Imported from MASTER_call_records.csv record BAT02620; upload archive sha256 17ffdda2ba6929d03dabcce39119e90d4ee10712fdf690885b3d4a5128d3e464. [HARMONIC NORMALISED: original trait 'fmaxE_H1_kHz'] Barataud, Giosa, Leblanc, Rufray, Disca, Tillon, Delaval, Haquart & Dewynter 2013, 'Identification et ecologie acoustique des chiropteres de Guyane francaise', Le Rhinolophe 19:103-145. OPEN PDF on the authors' own site, FULL TEXT AND ALL TABLES FETCHED. Time-expansion x10 recordings 2001-2011, Pettersson D1000X/D980/D240X, BatSound analysis. 2526 signals, 379 sequences, 80 species of French Guiana's 103. Method combines AUDITORY analysis (structure, sonority, energy distribution) with computer analysis - the auditory criteria are load-bearing, not decorative. Values in the source's bold type refer to the energy-richest component; this dataset records the dominant harmonic separately in the dominant_harmonic column."
mst-5b659777c10910,1005028,Chiroderma villosum,exact,barataud-2013-guyane,supplied worksheet record BAT02583 (southamerica_guianas),barataud-2013-guyane-unstated,unspecified,,,,unspecified,,French Guiana,,,,21,bandwidth,species_summary,35,,,kHz,,,3,35,definition_unstated,"Imported from MASTER_call_records.csv record BAT02583; upload archive sha256 17ffdda2ba6929d03dabcce39119e90d4ee10712fdf690885b3d4a5128d3e464. Barataud, Giosa, Leblanc, Rufray, Disca, Tillon, Delaval, Haquart & Dewynter 2013, 'Identification et ecologie acoustique des chiropteres de Guyane francaise', Le Rhinolophe 19:103-145. OPEN PDF on the authors' own site, FULL TEXT AND ALL TABLES FETCHED. Time-expansion x10 recordings 2001-2011, Pettersson D1000X/D980/D240X, BatSound analysis. 2526 signals, 379 sequences, 80 species of French Guiana's 103. Method combines AUDITORY analysis (structure, sonority, energy distribution) with computer analysis - the auditory criteria are load-bearing, not decorative."
mst-5b7360453f9ecc,1005056,Uroderma bilobatum,exact,barataud-2013-guyane,supplied worksheet record BAT02609 (southamerica_guianas),barataud-2013-guyane-unstated,unspecified,,,,unspecified,,French Guiana,,,,10,bandwidth,species_summary,38,,,kHz,,,3,38,definition_unstated,"Imported from MASTER_call_records.csv record BAT02609; upload archive sha256 17ffdda2ba6929d03dabcce39119e90d4ee10712fdf690885b3d4a5128d3e464. Barataud, Giosa, Leblanc, Rufray, Disca, Tillon, Delaval, Haquart & Dewynter 2013, 'Identification et ecologie acoustique des chiropteres de Guyane francaise', Le Rhinolophe 19:103-145. OPEN PDF on the authors' own site, FULL TEXT AND ALL TABLES FETCHED. Time-expansion x10 recordings 2001-2011, Pettersson D1000X/D980/D240X, BatSound analysis. 2526 signals, 379 sequences, 80 species of French Guiana's 103. Method combines AUDITORY analysis (structure, sonority, energy distribution) with computer analysis - the auditory criteria are load-bearing, not decorative."
mst-5c3b08184e05cf,1004980,Phyllostomus discolor,exact,barataud-2013-guyane,supplied worksheet record BAT02497 (southamerica_guianas),barataud-2013-guyane-unstated,unspecified,,,,unspecified,,French Guiana,,,,26,bandwidth,species_summary,20,,,kHz,,,3,20,definition_unstated,"Imported from MASTER_call_records.csv record BAT02497; upload archive sha256 17ffdda2ba6929d03dabcce39119e90d4ee10712fdf690885b3d4a5128d3e464. Barataud, Giosa, Leblanc, Rufray, Disca, Tillon, Delaval, Haquart & Dewynter 2013, 'Identification et ecologie acoustique des chiropteres de Guyane francaise', Le Rhinolophe 19:103-145. OPEN PDF on the authors' own site, FULL TEXT AND ALL TABLES FETCHED. Time-expansion x10 recordings 2001-2011, Pettersson D1000X/D980/D240X, BatSound analysis. 2526 signals, 379 sequences, 80 species of French Guiana's 103. Method combines AUDITORY analysis (structure, sonority, energy distribution) with computer analysis - the auditory criteria are load-bearing, not decorative."
mst-5ccfb12599aad3,1004913,Glossophaga soricina,exact,barataud-2013-guyane,supplied worksheet record BAT02438 (southamerica_guianas),barataud-2013-guyane-unstated,unspecified,,,,unspecified,,French Guiana,,,,13,bandwidth,species_summary,23,,,kHz,,,2,23,definition_unstated,"Imported from MASTER_call_records.csv record BAT02438; upload archive sha256 17ffdda2ba6929d03dabcce39119e90d4ee10712fdf690885b3d4a5128d3e464. Barataud, Giosa, Leblanc, Rufray, Disca, Tillon, Delaval, Haquart & Dewynter 2013, 'Identification et ecologie acoustique des chiropteres de Guyane francaise', Le Rhinolophe 19:103-145. OPEN PDF on the authors' own site, FULL TEXT AND ALL TABLES FETCHED. Time-expansion x10 recordings 2001-2011, Pettersson D1000X/D980/D240X, BatSound analysis. 2526 signals, 379 sequences, 80 species of French Guiana's 103. Method combines AUDITORY analysis (structure, sonority, energy distribution) with computer analysis - the auditory criteria are load-bearing, not decorative."
mst-5d055ec24c2581,1005012,Artibeus lituratus,exact,barataud-2013-guyane,supplied worksheet record BAT02565 (southamerica_guianas),barataud-2013-guyane-unstated,unspecified,,,,unspecified,,French Guiana,,,,26,peak_frequency,species_summary,67.5,,,kHz,,,2,67.5,definition_unstated,"Imported from MASTER_call_records.csv record BAT02565; upload archive sha256 17ffdda2ba6929d03dabcce39119e90d4ee10712fdf690885b3d4a5128d3e464. [HARMONIC NORMALISED: original trait 'fmaxE_H1_kHz'] Barataud, Giosa, Leblanc, Rufray, Disca, Tillon, Delaval, Haquart & Dewynter 2013, 'Identification et ecologie acoustique des chiropteres de Guyane francaise', Le Rhinolophe 19:103-145. OPEN PDF on the authors' own site, FULL TEXT AND ALL TABLES FETCHED. Time-expansion x10 recordings 2001-2011, Pettersson D1000X/D980/D240X, BatSound analysis. 2526 signals, 379 sequences, 80 species of French Guiana's 103. Method combines AUDITORY analysis (structure, sonority, energy distribution) with computer analysis - the auditory criteria are load-bearing, not decorative. Values in the source's bold type refer to the energy-richest component; this dataset records the dominant harmonic separately in the dominant_harmonic column."
mst-60c003fe7e1edb,1005081,Sturnira lilium,exact,barataud-2013-guyane,supplied worksheet record BAT02600 (southamerica_guianas),barataud-2013-guyane-unstated,unspecified,,,,unspecified,,French Guiana,,,,20,peak_frequency,species_summary,39,,,kHz,,,1,39,definition_unstated,"Imported from MASTER_call_records.csv record BAT02600; upload archive sha256 17ffdda2ba6929d03dabcce39119e90d4ee10712fdf690885b3d4a5128d3e464. [HARMONIC NORMALISED: original trait 'fmaxE_fundamental_kHz'] Barataud, Giosa, Leblanc, Rufray, Disca, Tillon, Delaval, Haquart & Dewynter 2013, 'Identification et ecologie acoustique des chiropteres de Guyane francaise', Le Rhinolophe 19:103-145. OPEN PDF on the authors' own site, FULL TEXT AND ALL TABLES FETCHED. Time-expansion x10 recordings 2001-2011, Pettersson D1000X/D980/D240X, BatSound analysis. 2526 signals, 379 sequences, 80 species of French Guiana's 103. Method combines AUDITORY analysis (structure, sonority, energy distribution) with computer analysis - the auditory criteria are load-bearing, not decorative. Values in the source's bold type refer to the energy-richest component; this dataset records the dominant harmonic separately in the dominant_harmonic column."
mst-60f6f46a37f633,1004891,Anoura caudifera,manual,barataud-2013-guyane,supplied worksheet record BAT02419 (southamerica_guianas),barataud-2013-guyane-unstated,unspecified,,,,unspecified,,French Guiana,,,,12,bandwidth,species_summary,35,,,kHz,,,2,35,definition_unstated,"Imported from MASTER_call_records.csv record BAT02419; upload archive sha256 17ffdda2ba6929d03dabcce39119e90d4ee10712fdf690885b3d4a5128d3e464. Barataud, Giosa, Leblanc, Rufray, Disca, Tillon, Delaval, Haquart & Dewynter 2013, 'Identification et ecologie acoustique des chiropteres de Guyane francaise', Le Rhinolophe 19:103-145. OPEN PDF on the authors' own site, FULL TEXT AND ALL TABLES FETCHED. Time-expansion x10 recordings 2001-2011, Pettersson D1000X/D980/D240X, BatSound analysis. 2526 signals, 379 sequences, 80 species of French Guiana's 103. Method combines AUDITORY analysis (structure, sonority, energy distribution) with computer analysis - the auditory criteria are load-bearing, not decorative."
mst-627ec2d3926714,1005004,Artibeus concolor,exact,barataud-2013-guyane,supplied worksheet record BAT02552 (southamerica_guianas),barataud-2013-guyane-unstated,unspecified,,,,unspecified,,French Guiana,,,,16,duration,species_summary,3.6,,,ms,,,2,3.6,definition_unstated,"Imported from MASTER_call_records.csv record BAT02552; upload archive sha256 17ffdda2ba6929d03dabcce39119e90d4ee10712fdf690885b3d4a5128d3e464. Barataud, Giosa, Leblanc, Rufray, Disca, Tillon, Delaval, Haquart & Dewynter 2013, 'Identification et ecologie acoustique des chiropteres de Guyane francaise', Le Rhinolophe 19:103-145. OPEN PDF on the authors' own site, FULL TEXT AND ALL TABLES FETCHED. Time-expansion x10 recordings 2001-2011, Pettersson D1000X/D980/D240X, BatSound analysis. 2526 signals, 379 sequences, 80 species of French Guiana's 103. Method combines AUDITORY analysis (structure, sonority, energy distribution) with computer analysis - the auditory criteria are load-bearing, not decorative. Dominant harmonic = H1."
mst-63284abb20d6e2,1005003,Artibeus cinereus,synonym_via_mdd,barataud-2013-guyane,supplied worksheet record BAT02551 (southamerica_guianas),barataud-2013-guyane-unstated,unspecified,,,,unspecified,,French Guiana,,,,11,peak_frequency,species_summary,99.5,,,kHz,,,3,99.5,definition_unstated,"Imported from MASTER_call_records.csv record BAT02551; upload archive sha256 17ffdda2ba6929d03dabcce39119e90d4ee10712fdf690885b3d4a5128d3e464. [HARMONIC NORMALISED: original trait 'fmaxE_H2_kHz'] Barataud, Giosa, Leblanc, Rufray, Disca, Tillon, Delaval, Haquart & Dewynter 2013, 'Identification et ecologie acoustique des chiropteres de Guyane francaise', Le Rhinolophe 19:103-145. OPEN PDF on the authors' own site, FULL TEXT AND ALL TABLES FETCHED. Time-expansion x10 recordings 2001-2011, Pettersson D1000X/D980/D240X, BatSound analysis. 2526 signals, 379 sequences, 80 species of French Guiana's 103. Method combines AUDITORY analysis (structure, sonority, energy distribution) with computer analysis - the auditory criteria are load-bearing, not decorative. Values in the source's bold type refer to the energy-richest component; this dataset records the dominant harmonic separately in the dominant_harmonic column."
mst-633c3904ac3df2,1005037,Platyrrhinus brachycephalus,exact,barataud-2013-guyane,supplied worksheet record BAT02587 (southamerica_guianas),barataud-2013-guyane-unstated,unspecified,,,,unspecified,,French Guiana,,,,10,duration,species_summary,5,,,ms,,,4,5.0,definition_unstated,"Imported from MASTER_call_records.csv record BAT02587; upload archive sha256 17ffdda2ba6929d03dabcce39119e90d4ee10712fdf690885b3d4a5128d3e464. Barataud, Giosa, Leblanc, Rufray, Disca, Tillon, Delaval, Haquart & Dewynter 2013, 'Identification et ecologie acoustique des chiropteres de Guyane francaise', Le Rhinolophe 19:103-145. OPEN PDF on the authors' own site, FULL TEXT AND ALL TABLES FETCHED. Time-expansion x10 recordings 2001-2011, Pettersson D1000X/D980/D240X, BatSound analysis. 2526 signals, 379 sequences, 80 species of French Guiana's 103. Method combines AUDITORY analysis (structure, sonority, energy distribution) with computer analysis - the auditory criteria are load-bearing, not decorative. Dominant harmonic = H3."
mst-64411c35b2c470,1004978,Lophostoma silvicolum,synonym_via_mdd,barataud-2013-guyane,supplied worksheet record BAT02477 (southamerica_guianas),barataud-2013-guyane-unstated,unspecified,,,,unspecified,,French Guiana,,,,20,peak_frequency,species_summary,24,,,kHz,,,1,24,definition_unstated,"Imported from MASTER_call_records.csv record BAT02477; upload archive sha256 17ffdda2ba6929d03dabcce39119e90d4ee10712fdf690885b3d4a5128d3e464. [HARMONIC NORMALISED: original trait 'fmaxE_fundamental_kHz'] Barataud, Giosa, Leblanc, Rufray, Disca, Tillon, Delaval, Haquart & Dewynter 2013, 'Identification et ecologie acoustique des chiropteres de Guyane francaise', Le Rhinolophe 19:103-145. OPEN PDF on the authors' own site, FULL TEXT AND ALL TABLES FETCHED. Time-expansion x10 recordings 2001-2011, Pettersson D1000X/D980/D240X, BatSound analysis. 2526 signals, 379 sequences, 80 species of French Guiana's 103. Method combines AUDITORY analysis (structure, sonority, energy distribution) with computer analysis - the auditory criteria are load-bearing, not decorative. Values in the source's bold type refer to the energy-richest component; this dataset records the dominant harmonic separately in the dominant_harmonic column."
mst-647766ccb3082e,1004946,Lonchorhina inusitata,exact,barataud-2013-guyane,supplied worksheet record BAT02622 (southamerica_guianas),barataud-2013-guyane-unstated,unspecified,,,,unspecified,,French Guiana,,,,34,cf_frequency,median,38.7,,,kHz,,,2,38.7 37.1-40.6,definition_unstated,"Imported from MASTER_call_records.csv record BAT02622; upload archive sha256 17ffdda2ba6929d03dabcce39119e90d4ee10712fdf690885b3d4a5128d3e464. [alternation_type=QFC/FMd alternating with pure QFC] | Barataud et al. 2013, Le Rhinolophe 19:103-145 (open PDF, full text fetched). MAJOR EXCEPTION within Phyllostomidae. Uses QFC/FMd structure and alternates narrowband/broadband signals like the Noctilionidae - nothing like its own family. Bandwidth 8.4 kHz (7.1-10.4), FC/total duration 53.9%. A second signal type is pure QFC at 38.4 kHz with ZERO bandwidth and 100% FC ratio. Its frequencies do not overlap any other species with the same structure, so it is EASILY identified acoustically - the single most acoustically distinctive phyllostomid in the fauna. It is also the only one whose FME sits on harmonic 2, which is what separates it from the emballonurids it otherwise mimics."
mst-67ecb68c983bac,1005008,Artibeus gnomus,synonym_via_mdd,barataud-2013-guyane,supplied worksheet record BAT02561 (southamerica_guianas),barataud-2013-guyane-unstated,unspecified,,,,unspecified,,French Guiana,,,,25,peak_frequency,species_summary,101,,,kHz,,,3,101,definition_unstated,"Imported from MASTER_call_records.csv record BAT02561; upload archive sha256 17ffdda2ba6929d03dabcce39119e90d4ee10712fdf690885b3d4a5128d3e464. [HARMONIC NORMALISED: original trait 'fmaxE_H2_kHz'] Barataud, Giosa, Leblanc, Rufray, Disca, Tillon, Delaval, Haquart & Dewynter 2013, 'Identification et ecologie acoustique des chiropteres de Guyane francaise', Le Rhinolophe 19:103-145. OPEN PDF on the authors' own site, FULL TEXT AND ALL TABLES FETCHED. Time-expansion x10 recordings 2001-2011, Pettersson D1000X/D980/D240X, BatSound analysis. 2526 signals, 379 sequences, 80 species of French Guiana's 103. Method combines AUDITORY analysis (structure, sonority, energy distribution) with computer analysis - the auditory criteria are load-bearing, not decorative. Values in the source's bold type refer to the energy-richest component; this dataset records the dominant harmonic separately in the dominant_harmonic column."
mst-67f0e3205cd483,1004969,Mimon crenulatum,synonym_via_mdd,barataud-2013-guyane,supplied worksheet record BAT02489 (southamerica_guianas),barataud-2013-guyane-unstated,unspecified,,,,unspecified,,French Guiana,,,,25,peak_frequency,species_summary,43,,,kHz,,,1,43,definition_unstated,"Imported from MASTER_call_records.csv record BAT02489; upload archive sha256 17ffdda2ba6929d03dabcce39119e90d4ee10712fdf690885b3d4a5128d3e464. [HARMONIC NORMALISED: original trait 'fmaxE_fundamental_kHz'] Barataud, Giosa, Leblanc, Rufray, Disca, Tillon, Delaval, Haquart & Dewynter 2013, 'Identification et ecologie acoustique des chiropteres de Guyane francaise', Le Rhinolophe 19:103-145. OPEN PDF on the authors' own site, FULL TEXT AND ALL TABLES FETCHED. Time-expansion x10 recordings 2001-2011, Pettersson D1000X/D980/D240X, BatSound analysis. 2526 signals, 379 sequences, 80 species of French Guiana's 103. Method combines AUDITORY analysis (structure, sonority, energy distribution) with computer analysis - the auditory criteria are load-bearing, not decorative. Values in the source's bold type refer to the energy-richest component; this dataset records the dominant harmonic separately in the dominant_harmonic column."
mst-68b31088cdc2cf,1004982,Phyllostomus hastatus,exact,barataud-2013-guyane,supplied worksheet record BAT02507 (southamerica_guianas),barataud-2013-guyane-unstated,unspecified,,,,unspecified,,French Guiana,,,,9,duration,species_summary,2.6,,,ms,,,4,2.6,definition_unstated,"Imported from MASTER_call_records.csv record BAT02507; upload archive sha256 17ffdda2ba6929d03dabcce39119e90d4ee10712fdf690885b3d4a5128d3e464. Barataud, Giosa, Leblanc, Rufray, Disca, Tillon, Delaval, Haquart & Dewynter 2013, 'Identification et ecologie acoustique des chiropteres de Guyane francaise', Le Rhinolophe 19:103-145. OPEN PDF on the authors' own site, FULL TEXT AND ALL TABLES FETCHED. Time-expansion x10 recordings 2001-2011, Pettersson D1000X/D980/D240X, BatSound analysis. 2526 signals, 379 sequences, 80 species of French Guiana's 103. Method combines AUDITORY analysis (structure, sonority, energy distribution) with computer analysis - the auditory criteria are load-bearing, not decorative. Dominant harmonic = H3."
mst-69aa5f081e269b,1004983,Phyllostomus latifolius,exact,barataud-2013-guyane,supplied worksheet record BAT02511 (southamerica_guianas),barataud-2013-guyane-unstated,unspecified,,,,unspecified,,French Guiana,,,,30,bandwidth,species_summary,22,,,kHz,,,3,22,definition_unstated,"Imported from MASTER_call_records.csv record BAT02511; upload archive sha256 17ffdda2ba6929d03dabcce39119e90d4ee10712fdf690885b3d4a5128d3e464. Barataud, Giosa, Leblanc, Rufray, Disca, Tillon, Delaval, Haquart & Dewynter 2013, 'Identification et ecologie acoustique des chiropteres de Guyane francaise', Le Rhinolophe 19:103-145. OPEN PDF on the authors' own site, FULL TEXT AND ALL TABLES FETCHED. Time-expansion x10 recordings 2001-2011, Pettersson D1000X/D980/D240X, BatSound analysis. 2526 signals, 379 sequences, 80 species of French Guiana's 103. Method combines AUDITORY analysis (structure, sonority, energy distribution) with computer analysis - the auditory criteria are load-bearing, not decorative."
mst-6a43ff89078a43,1004967,Trachops cirrhosus,exact,barataud-2013-guyane,supplied worksheet record BAT02520 (southamerica_guianas),barataud-2013-guyane-unstated,unspecified,,,,unspecified,,French Guiana,,,,24,bandwidth,species_summary,29.5,,,kHz,,,2,29.5,definition_unstated,"Imported from MASTER_call_records.csv record BAT02520; upload archive sha256 17ffdda2ba6929d03dabcce39119e90d4ee10712fdf690885b3d4a5128d3e464. Barataud, Giosa, Leblanc, Rufray, Disca, Tillon, Delaval, Haquart & Dewynter 2013, 'Identification et ecologie acoustique des chiropteres de Guyane francaise', Le Rhinolophe 19:103-145. OPEN PDF on the authors' own site, FULL TEXT AND ALL TABLES FETCHED. Time-expansion x10 recordings 2001-2011, Pettersson D1000X/D980/D240X, BatSound analysis. 2526 signals, 379 sequences, 80 species of French Guiana's 103. Method combines AUDITORY analysis (structure, sonority, energy distribution) with computer analysis - the auditory criteria are load-bearing, not decorative."
mst-6a8287fe9a8bd5,1004928,Lionycteris spurrelli,exact,barataud-2013-guyane,supplied worksheet record BAT02444 (southamerica_guianas),barataud-2013-guyane-unstated,unspecified,,,,unspecified,,French Guiana,,,,30,peak_frequency,species_summary,54,,,kHz,,,1,54,definition_unstated,"Imported from MASTER_call_records.csv record BAT02444; upload archive sha256 17ffdda2ba6929d03dabcce39119e90d4ee10712fdf690885b3d4a5128d3e464. [HARMONIC NORMALISED: original trait 'fmaxE_fundamental_kHz'] Barataud, Giosa, Leblanc, Rufray, Disca, Tillon, Delaval, Haquart & Dewynter 2013, 'Identification et ecologie acoustique des chiropteres de Guyane francaise', Le Rhinolophe 19:103-145. OPEN PDF on the authors' own site, FULL TEXT AND ALL TABLES FETCHED. Time-expansion x10 recordings 2001-2011, Pettersson D1000X/D980/D240X, BatSound analysis. 2526 signals, 379 sequences, 80 species of French Guiana's 103. Method combines AUDITORY analysis (structure, sonority, energy distribution) with computer analysis - the auditory criteria are load-bearing, not decorative. Values in the source's bold type refer to the energy-richest component; this dataset records the dominant harmonic separately in the dominant_harmonic column."
mst-6d556ddb24dd8b,1005068,Vampyrodes caraccioli,exact,barataud-2013-guyane,supplied worksheet record BAT02621 (southamerica_guianas),barataud-2013-guyane-unstated,unspecified,,,,unspecified,,French Guiana,,,,6,peak_frequency,species_summary,85,,,kHz,,,3,85,definition_unstated,"Imported from MASTER_call_records.csv record BAT02621; upload archive sha256 17ffdda2ba6929d03dabcce39119e90d4ee10712fdf690885b3d4a5128d3e464. [HARMONIC NORMALISED: original trait 'fmaxE_H2_kHz'] Barataud, Giosa, Leblanc, Rufray, Disca, Tillon, Delaval, Haquart & Dewynter 2013, 'Identification et ecologie acoustique des chiropteres de Guyane francaise', Le Rhinolophe 19:103-145. OPEN PDF on the authors' own site, FULL TEXT AND ALL TABLES FETCHED. Time-expansion x10 recordings 2001-2011, Pettersson D1000X/D980/D240X, BatSound analysis. 2526 signals, 379 sequences, 80 species of French Guiana's 103. Method combines AUDITORY analysis (structure, sonority, energy distribution) with computer analysis - the auditory criteria are load-bearing, not decorative. Values in the source's bold type refer to the energy-richest component; this dataset records the dominant harmonic separately in the dominant_harmonic column."
mst-6dd3a1e6764206,1004900,Choeroniscus minor,exact,barataud-2013-guyane,supplied worksheet record BAT02433 (southamerica_guianas),barataud-2013-guyane-unstated,unspecified,,,,unspecified,,French Guiana,,,,20,duration,species_summary,2.6,,,ms,,,1,2.6,definition_unstated,"Imported from MASTER_call_records.csv record BAT02433; upload archive sha256 17ffdda2ba6929d03dabcce39119e90d4ee10712fdf690885b3d4a5128d3e464. Barataud, Giosa, Leblanc, Rufray, Disca, Tillon, Delaval, Haquart & Dewynter 2013, 'Identification et ecologie acoustique des chiropteres de Guyane francaise', Le Rhinolophe 19:103-145. OPEN PDF on the authors' own site, FULL TEXT AND ALL TABLES FETCHED. Time-expansion x10 recordings 2001-2011, Pettersson D1000X/D980/D240X, BatSound analysis. 2526 signals, 379 sequences, 80 species of French Guiana's 103. Method combines AUDITORY analysis (structure, sonority, energy distribution) with computer analysis - the auditory criteria are load-bearing, not decorative. Dominant harmonic = FOND."
mst-6e72c5065f6163,1004977,Lophostoma schulzi,exact,barataud-2013-guyane,supplied worksheet record BAT02471 (southamerica_guianas),barataud-2013-guyane-unstated,unspecified,,,,unspecified,,French Guiana,,,,8,duration,species_summary,1.3,,,ms,,,2,1.3,definition_unstated,"Imported from MASTER_call_records.csv record BAT02471; upload archive sha256 17ffdda2ba6929d03dabcce39119e90d4ee10712fdf690885b3d4a5128d3e464. Barataud, Giosa, Leblanc, Rufray, Disca, Tillon, Delaval, Haquart & Dewynter 2013, 'Identification et ecologie acoustique des chiropteres de Guyane francaise', Le Rhinolophe 19:103-145. OPEN PDF on the authors' own site, FULL TEXT AND ALL TABLES FETCHED. Time-expansion x10 recordings 2001-2011, Pettersson D1000X/D980/D240X, BatSound analysis. 2526 signals, 379 sequences, 80 species of French Guiana's 103. Method combines AUDITORY analysis (structure, sonority, energy distribution) with computer analysis - the auditory criteria are load-bearing, not decorative. Dominant harmonic = H1."
mst-6e98f3d51c943f,1005205,Molossus rufus,exact,barataud-2013-guyane,supplied worksheet record BAT02646 (southamerica_guianas),barataud-2013-guyane-unstated,unspecified,,,,unspecified,,French Guiana,,,,20,peak_frequency,median,26.5,,,kHz,,,1,26.5 24.4-30.7,definition_unstated,"Imported from MASTER_call_records.csv record BAT02646; upload archive sha256 17ffdda2ba6929d03dabcce39119e90d4ee10712fdf690885b3d4a5128d3e464. [HARMONIC NORMALISED: original trait 'fmaxE_fundamental_kHz'] [alternation_type=bas] | Barataud et al. 2013, Le Rhinolophe 19:103-145 (open PDF, full text fetched). Duration median 17.3 ms (8.6-20.8). Molossids ALWAYS carry FME on the fundamental (harmonics often absent). Most species use a succession of two or three frequency-shifted signals in cruise or early approach - the frequency-alternation pattern documented across four continents in this project."
mst-6eaef52236db2b,1005027,Chiroderma trinitatum,exact,barataud-2013-guyane,supplied worksheet record BAT02577 (southamerica_guianas),barataud-2013-guyane-unstated,unspecified,,,,unspecified,,French Guiana,,,,15,duration,species_summary,5,,,ms,,,3,5.0,definition_unstated,"Imported from MASTER_call_records.csv record BAT02577; upload archive sha256 17ffdda2ba6929d03dabcce39119e90d4ee10712fdf690885b3d4a5128d3e464. Barataud, Giosa, Leblanc, Rufray, Disca, Tillon, Delaval, Haquart & Dewynter 2013, 'Identification et ecologie acoustique des chiropteres de Guyane francaise', Le Rhinolophe 19:103-145. OPEN PDF on the authors' own site, FULL TEXT AND ALL TABLES FETCHED. Time-expansion x10 recordings 2001-2011, Pettersson D1000X/D980/D240X, BatSound analysis. 2526 signals, 379 sequences, 80 species of French Guiana's 103. Method combines AUDITORY analysis (structure, sonority, energy distribution) with computer analysis - the auditory criteria are load-bearing, not decorative. Dominant harmonic = H2."
mst-71abb0b3e52c67,1005015,Artibeus planirostris,exact,barataud-2013-guyane,supplied worksheet record BAT02576 (southamerica_guianas),barataud-2013-guyane-unstated,unspecified,,,,unspecified,,French Guiana,,,,25,peak_frequency,species_summary,65,,,kHz,,,3,65,definition_unstated,"Imported from MASTER_call_records.csv record BAT02576; upload archive sha256 17ffdda2ba6929d03dabcce39119e90d4ee10712fdf690885b3d4a5128d3e464. [HARMONIC NORMALISED: original trait 'fmaxE_H2_kHz'] Barataud, Giosa, Leblanc, Rufray, Disca, Tillon, Delaval, Haquart & Dewynter 2013, 'Identification et ecologie acoustique des chiropteres de Guyane francaise', Le Rhinolophe 19:103-145. OPEN PDF on the authors' own site, FULL TEXT AND ALL TABLES FETCHED. Time-expansion x10 recordings 2001-2011, Pettersson D1000X/D980/D240X, BatSound analysis. 2526 signals, 379 sequences, 80 species of French Guiana's 103. Method combines AUDITORY analysis (structure, sonority, energy distribution) with computer analysis - the auditory criteria are load-bearing, not decorative. Values in the source's bold type refer to the energy-richest component; this dataset records the dominant harmonic separately in the dominant_harmonic column."
mst-71c0749f0be2d2,1005003,Artibeus cinereus,synonym_via_mdd,barataud-2013-guyane,supplied worksheet record BAT02549 (southamerica_guianas),barataud-2013-guyane-unstated,unspecified,,,,unspecified,,French Guiana,,,,11,peak_frequency,species_summary,46,,,kHz,,,1,46,definition_unstated,"Imported from MASTER_call_records.csv record BAT02549; upload archive sha256 17ffdda2ba6929d03dabcce39119e90d4ee10712fdf690885b3d4a5128d3e464. [HARMONIC NORMALISED: original trait 'fmaxE_fundamental_kHz'] Barataud, Giosa, Leblanc, Rufray, Disca, Tillon, Delaval, Haquart & Dewynter 2013, 'Identification et ecologie acoustique des chiropteres de Guyane francaise', Le Rhinolophe 19:103-145. OPEN PDF on the authors' own site, FULL TEXT AND ALL TABLES FETCHED. Time-expansion x10 recordings 2001-2011, Pettersson D1000X/D980/D240X, BatSound analysis. 2526 signals, 379 sequences, 80 species of French Guiana's 103. Method combines AUDITORY analysis (structure, sonority, energy distribution) with computer analysis - the auditory criteria are load-bearing, not decorative. Values in the source's bold type refer to the energy-richest component; this dataset records the dominant harmonic separately in the dominant_harmonic column."
mst-71c5b3751326a6,1004982,Phyllostomus hastatus,exact,barataud-2013-guyane,supplied worksheet record BAT02508 (southamerica_guianas),barataud-2013-guyane-unstated,unspecified,,,,unspecified,,French Guiana,,,,9,bandwidth,species_summary,24,,,kHz,,,4,24,definition_unstated,"Imported from MASTER_call_records.csv record BAT02508; upload archive sha256 17ffdda2ba6929d03dabcce39119e90d4ee10712fdf690885b3d4a5128d3e464. Barataud, Giosa, Leblanc, Rufray, Disca, Tillon, Delaval, Haquart & Dewynter 2013, 'Identification et ecologie acoustique des chiropteres de Guyane francaise', Le Rhinolophe 19:103-145. OPEN PDF on the authors' own site, FULL TEXT AND ALL TABLES FETCHED. Time-expansion x10 recordings 2001-2011, Pettersson D1000X/D980/D240X, BatSound analysis. 2526 signals, 379 sequences, 80 species of French Guiana's 103. Method combines AUDITORY analysis (structure, sonority, energy distribution) with computer analysis - the auditory criteria are load-bearing, not decorative."
mst-72a0f2ec542c81,1004981,Phyllostomus elongatus,exact,barataud-2013-guyane,supplied worksheet record BAT02502 (southamerica_guianas),barataud-2013-guyane-unstated,unspecified,,,,unspecified,,French Guiana,,,,12,bandwidth,species_summary,26.5,,,kHz,,,4,26.5,definition_unstated,"Imported from MASTER_call_records.csv record BAT02502; upload archive sha256 17ffdda2ba6929d03dabcce39119e90d4ee10712fdf690885b3d4a5128d3e464. Barataud, Giosa, Leblanc, Rufray, Disca, Tillon, Delaval, Haquart & Dewynter 2013, 'Identification et ecologie acoustique des chiropteres de Guyane francaise', Le Rhinolophe 19:103-145. OPEN PDF on the authors' own site, FULL TEXT AND ALL TABLES FETCHED. Time-expansion x10 recordings 2001-2011, Pettersson D1000X/D980/D240X, BatSound analysis. 2526 signals, 379 sequences, 80 species of French Guiana's 103. Method combines AUDITORY analysis (structure, sonority, energy distribution) with computer analysis - the auditory criteria are load-bearing, not decorative."
mst-72ec1601b1483d,1004962,Micronycteris schmidtorum,exact,barataud-2013-guyane,supplied worksheet record BAT02484 (southamerica_guianas),barataud-2013-guyane-unstated,unspecified,,,,unspecified,,French Guiana,,,,2,duration,species_summary,0.8,,,ms,,,2,0.8,definition_unstated,"Imported from MASTER_call_records.csv record BAT02484; upload archive sha256 17ffdda2ba6929d03dabcce39119e90d4ee10712fdf690885b3d4a5128d3e464. Barataud, Giosa, Leblanc, Rufray, Disca, Tillon, Delaval, Haquart & Dewynter 2013, 'Identification et ecologie acoustique des chiropteres de Guyane francaise', Le Rhinolophe 19:103-145. OPEN PDF on the authors' own site, FULL TEXT AND ALL TABLES FETCHED. Time-expansion x10 recordings 2001-2011, Pettersson D1000X/D980/D240X, BatSound analysis. 2526 signals, 379 sequences, 80 species of French Guiana's 103. Method combines AUDITORY analysis (structure, sonority, energy distribution) with computer analysis - the auditory criteria are load-bearing, not decorative. Dominant harmonic = H1."
mst-73549bddb5a80f,1005462,Myotis riparius (centre morphotype),exact,barataud-2013-guyane,supplied worksheet record BAT02634 (southamerica_guianas),barataud-2013-guyane-unstated,unspecified,,,,unspecified,,French Guiana,,,,63,peak_frequency,mean,58.1,,,kHz,sd,2.5,1,58.1 +/- 2.5,ok,"Imported from MASTER_call_records.csv record BAT02634; upload archive sha256 17ffdda2ba6929d03dabcce39119e90d4ee10712fdf690885b3d4a5128d3e464. [HARMONIC NORMALISED: original trait 'fmaxE_fundamental_kHz'] Barataud et al. 2013, Le Rhinolophe 19:103-145 (open PDF, full text fetched). Duration 5.0 +/- 1.3 ms, bandwidth 40.7 +/- 11.8 kHz, FC/total-duration ratio 44.4%. Vespertilionids share with molossids the trait of ALWAYS carrying energy on the fundamental (harmonics may be entirely absent)."
mst-74b8467c92782c,1004967,Trachops cirrhosus,exact,barataud-2013-guyane,supplied worksheet record BAT02519 (southamerica_guianas),barataud-2013-guyane-unstated,unspecified,,,,unspecified,,French Guiana,,,,24,duration,species_summary,1.7,,,ms,,,2,1.7,definition_unstated,"Imported from MASTER_call_records.csv record BAT02519; upload archive sha256 17ffdda2ba6929d03dabcce39119e90d4ee10712fdf690885b3d4a5128d3e464. Barataud, Giosa, Leblanc, Rufray, Disca, Tillon, Delaval, Haquart & Dewynter 2013, 'Identification et ecologie acoustique des chiropteres de Guyane francaise', Le Rhinolophe 19:103-145. OPEN PDF on the authors' own site, FULL TEXT AND ALL TABLES FETCHED. Time-expansion x10 recordings 2001-2011, Pettersson D1000X/D980/D240X, BatSound analysis. 2526 signals, 379 sequences, 80 species of French Guiana's 103. Method combines AUDITORY analysis (structure, sonority, energy distribution) with computer analysis - the auditory criteria are load-bearing, not decorative. Dominant harmonic = H1."
mst-76425fdb89483b,1005028,Chiroderma villosum,exact,barataud-2013-guyane,supplied worksheet record BAT02584 (southamerica_guianas),barataud-2013-guyane-unstated,unspecified,,,,unspecified,,French Guiana,,,,21,peak_frequency,species_summary,30,,,kHz,,,1,30,definition_unstated,"Imported from MASTER_call_records.csv record BAT02584; upload archive sha256 17ffdda2ba6929d03dabcce39119e90d4ee10712fdf690885b3d4a5128d3e464. [HARMONIC NORMALISED: original trait 'fmaxE_fundamental_kHz'] Barataud, Giosa, Leblanc, Rufray, Disca, Tillon, Delaval, Haquart & Dewynter 2013, 'Identification et ecologie acoustique des chiropteres de Guyane francaise', Le Rhinolophe 19:103-145. OPEN PDF on the authors' own site, FULL TEXT AND ALL TABLES FETCHED. Time-expansion x10 recordings 2001-2011, Pettersson D1000X/D980/D240X, BatSound analysis. 2526 signals, 379 sequences, 80 species of French Guiana's 103. Method combines AUDITORY analysis (structure, sonority, energy distribution) with computer analysis - the auditory criteria are load-bearing, not decorative. Values in the source's bold type refer to the energy-richest component; this dataset records the dominant harmonic separately in the dominant_harmonic column."
mst-7758a2a36ba545,1004927,Lonchophylla thomasi,synonym_via_mdd,barataud-2013-guyane,supplied worksheet record BAT02449 (southamerica_guianas),barataud-2013-guyane-unstated,unspecified,,,,unspecified,,French Guiana,,,,20,peak_frequency,species_summary,64.5,,,kHz,,,2,64.5,definition_unstated,"Imported from MASTER_call_records.csv record BAT02449; upload archive sha256 17ffdda2ba6929d03dabcce39119e90d4ee10712fdf690885b3d4a5128d3e464. [HARMONIC NORMALISED: original trait 'fmaxE_H1_kHz'] Barataud, Giosa, Leblanc, Rufray, Disca, Tillon, Delaval, Haquart & Dewynter 2013, 'Identification et ecologie acoustique des chiropteres de Guyane francaise', Le Rhinolophe 19:103-145. OPEN PDF on the authors' own site, FULL TEXT AND ALL TABLES FETCHED. Time-expansion x10 recordings 2001-2011, Pettersson D1000X/D980/D240X, BatSound analysis. 2526 signals, 379 sequences, 80 species of French Guiana's 103. Method combines AUDITORY analysis (structure, sonority, energy distribution) with computer analysis - the auditory criteria are load-bearing, not decorative. Values in the source's bold type refer to the energy-richest component; this dataset records the dominant harmonic separately in the dominant_harmonic column."
mst-77799db1b8585e,1005027,Chiroderma trinitatum,exact,barataud-2013-guyane,supplied worksheet record BAT02581 (southamerica_guianas),barataud-2013-guyane-unstated,unspecified,,,,unspecified,,French Guiana,,,,15,peak_frequency,species_summary,95,,,kHz,,,3,95,definition_unstated,"Imported from MASTER_call_records.csv record BAT02581; upload archive sha256 17ffdda2ba6929d03dabcce39119e90d4ee10712fdf690885b3d4a5128d3e464. [HARMONIC NORMALISED: original trait 'fmaxE_H2_kHz'] Barataud, Giosa, Leblanc, Rufray, Disca, Tillon, Delaval, Haquart & Dewynter 2013, 'Identification et ecologie acoustique des chiropteres de Guyane francaise', Le Rhinolophe 19:103-145. OPEN PDF on the authors' own site, FULL TEXT AND ALL TABLES FETCHED. Time-expansion x10 recordings 2001-2011, Pettersson D1000X/D980/D240X, BatSound analysis. 2526 signals, 379 sequences, 80 species of French Guiana's 103. Method combines AUDITORY analysis (structure, sonority, energy distribution) with computer analysis - the auditory criteria are load-bearing, not decorative. Values in the source's bold type refer to the energy-richest component; this dataset records the dominant harmonic separately in the dominant_harmonic column."
mst-7805283f9534ec,1005015,Artibeus planirostris,exact,barataud-2013-guyane,supplied worksheet record BAT02574 (southamerica_guianas),barataud-2013-guyane-unstated,unspecified,,,,unspecified,,French Guiana,,,,25,peak_frequency,species_summary,25,,,kHz,,,1,25,definition_unstated,"Imported from MASTER_call_records.csv record BAT02574; upload archive sha256 17ffdda2ba6929d03dabcce39119e90d4ee10712fdf690885b3d4a5128d3e464. [HARMONIC NORMALISED: original trait 'fmaxE_fundamental_kHz'] Barataud, Giosa, Leblanc, Rufray, Disca, Tillon, Delaval, Haquart & Dewynter 2013, 'Identification et ecologie acoustique des chiropteres de Guyane francaise', Le Rhinolophe 19:103-145. OPEN PDF on the authors' own site, FULL TEXT AND ALL TABLES FETCHED. Time-expansion x10 recordings 2001-2011, Pettersson D1000X/D980/D240X, BatSound analysis. 2526 signals, 379 sequences, 80 species of French Guiana's 103. Method combines AUDITORY analysis (structure, sonority, energy distribution) with computer analysis - the auditory criteria are load-bearing, not decorative. Values in the source's bold type refer to the energy-richest component; this dataset records the dominant harmonic separately in the dominant_harmonic column."
mst-7a6910365acc2f,1004969,Mimon crenulatum,synonym_via_mdd,barataud-2013-guyane,supplied worksheet record BAT02490 (southamerica_guianas),barataud-2013-guyane-unstated,unspecified,,,,unspecified,,French Guiana,,,,25,peak_frequency,species_summary,67,,,kHz,,,2,67,definition_unstated,"Imported from MASTER_call_records.csv record BAT02490; upload archive sha256 17ffdda2ba6929d03dabcce39119e90d4ee10712fdf690885b3d4a5128d3e464. [HARMONIC NORMALISED: original trait 'fmaxE_H1_kHz'] Barataud, Giosa, Leblanc, Rufray, Disca, Tillon, Delaval, Haquart & Dewynter 2013, 'Identification et ecologie acoustique des chiropteres de Guyane francaise', Le Rhinolophe 19:103-145. OPEN PDF on the authors' own site, FULL TEXT AND ALL TABLES FETCHED. Time-expansion x10 recordings 2001-2011, Pettersson D1000X/D980/D240X, BatSound analysis. 2526 signals, 379 sequences, 80 species of French Guiana's 103. Method combines AUDITORY analysis (structure, sonority, energy distribution) with computer analysis - the auditory criteria are load-bearing, not decorative. Values in the source's bold type refer to the energy-richest component; this dataset records the dominant harmonic separately in the dominant_harmonic column."
mst-7b04f505b21c21,1004962,Micronycteris schmidtorum,exact,barataud-2013-guyane,supplied worksheet record BAT02486 (southamerica_guianas),barataud-2013-guyane-unstated,unspecified,,,,unspecified,,French Guiana,,,,2,peak_frequency,species_summary,86,,,kHz,,,2,86,definition_unstated,"Imported from MASTER_call_records.csv record BAT02486; upload archive sha256 17ffdda2ba6929d03dabcce39119e90d4ee10712fdf690885b3d4a5128d3e464. [HARMONIC NORMALISED: original trait 'fmaxE_H1_kHz'] Barataud, Giosa, Leblanc, Rufray, Disca, Tillon, Delaval, Haquart & Dewynter 2013, 'Identification et ecologie acoustique des chiropteres de Guyane francaise', Le Rhinolophe 19:103-145. OPEN PDF on the authors' own site, FULL TEXT AND ALL TABLES FETCHED. Time-expansion x10 recordings 2001-2011, Pettersson D1000X/D980/D240X, BatSound analysis. 2526 signals, 379 sequences, 80 species of French Guiana's 103. Method combines AUDITORY analysis (structure, sonority, energy distribution) with computer analysis - the auditory criteria are load-bearing, not decorative. Values in the source's bold type refer to the energy-richest component; this dataset records the dominant harmonic separately in the dominant_harmonic column."
mst-7eee8320e6818a,1004979,Phylloderma stenops,exact,barataud-2013-guyane,supplied worksheet record BAT02493 (southamerica_guianas),barataud-2013-guyane-unstated,unspecified,,,,unspecified,,French Guiana,,,,22,peak_frequency,species_summary,30,,,kHz,,,1,30,definition_unstated,"Imported from MASTER_call_records.csv record BAT02493; upload archive sha256 17ffdda2ba6929d03dabcce39119e90d4ee10712fdf690885b3d4a5128d3e464. [HARMONIC NORMALISED: original trait 'fmaxE_fundamental_kHz'] Barataud, Giosa, Leblanc, Rufray, Disca, Tillon, Delaval, Haquart & Dewynter 2013, 'Identification et ecologie acoustique des chiropteres de Guyane francaise', Le Rhinolophe 19:103-145. OPEN PDF on the authors' own site, FULL TEXT AND ALL TABLES FETCHED. Time-expansion x10 recordings 2001-2011, Pettersson D1000X/D980/D240X, BatSound analysis. 2526 signals, 379 sequences, 80 species of French Guiana's 103. Method combines AUDITORY analysis (structure, sonority, energy distribution) with computer analysis - the auditory criteria are load-bearing, not decorative. Values in the source's bold type refer to the energy-richest component; this dataset records the dominant harmonic separately in the dominant_harmonic column."
mst-7fd3afcf9ba158,1005093,Sturnira tildae,exact,barataud-2013-guyane,supplied worksheet record BAT02604 (southamerica_guianas),barataud-2013-guyane-unstated,unspecified,,,,unspecified,,French Guiana,,,,30,bandwidth,species_summary,31.5,,,kHz,,,2,31.5,definition_unstated,"Imported from MASTER_call_records.csv record BAT02604; upload archive sha256 17ffdda2ba6929d03dabcce39119e90d4ee10712fdf690885b3d4a5128d3e464. Barataud, Giosa, Leblanc, Rufray, Disca, Tillon, Delaval, Haquart & Dewynter 2013, 'Identification et ecologie acoustique des chiropteres de Guyane francaise', Le Rhinolophe 19:103-145. OPEN PDF on the authors' own site, FULL TEXT AND ALL TABLES FETCHED. Time-expansion x10 recordings 2001-2011, Pettersson D1000X/D980/D240X, BatSound analysis. 2526 signals, 379 sequences, 80 species of French Guiana's 103. Method combines AUDITORY analysis (structure, sonority, energy distribution) with computer analysis - the auditory criteria are load-bearing, not decorative."
mst-7febb9124fbcc3,1005028,Chiroderma villosum,exact,barataud-2013-guyane,supplied worksheet record BAT02585 (southamerica_guianas),barataud-2013-guyane-unstated,unspecified,,,,unspecified,,French Guiana,,,,21,peak_frequency,species_summary,73,,,kHz,,,2,73,definition_unstated,"Imported from MASTER_call_records.csv record BAT02585; upload archive sha256 17ffdda2ba6929d03dabcce39119e90d4ee10712fdf690885b3d4a5128d3e464. [HARMONIC NORMALISED: original trait 'fmaxE_H1_kHz'] Barataud, Giosa, Leblanc, Rufray, Disca, Tillon, Delaval, Haquart & Dewynter 2013, 'Identification et ecologie acoustique des chiropteres de Guyane francaise', Le Rhinolophe 19:103-145. OPEN PDF on the authors' own site, FULL TEXT AND ALL TABLES FETCHED. Time-expansion x10 recordings 2001-2011, Pettersson D1000X/D980/D240X, BatSound analysis. 2526 signals, 379 sequences, 80 species of French Guiana's 103. Method combines AUDITORY analysis (structure, sonority, energy distribution) with computer analysis - the auditory criteria are load-bearing, not decorative. Values in the source's bold type refer to the energy-richest component; this dataset records the dominant harmonic separately in the dominant_harmonic column."
mst-80c4d7625466a0,1005013,Artibeus obscurus,exact,barataud-2013-guyane,supplied worksheet record BAT02567 (southamerica_guianas),barataud-2013-guyane-unstated,unspecified,,,,unspecified,,French Guiana,,,,26,duration,species_summary,2.2,,,ms,,,3,2.2,definition_unstated,"Imported from MASTER_call_records.csv record BAT02567; upload archive sha256 17ffdda2ba6929d03dabcce39119e90d4ee10712fdf690885b3d4a5128d3e464. Barataud, Giosa, Leblanc, Rufray, Disca, Tillon, Delaval, Haquart & Dewynter 2013, 'Identification et ecologie acoustique des chiropteres de Guyane francaise', Le Rhinolophe 19:103-145. OPEN PDF on the authors' own site, FULL TEXT AND ALL TABLES FETCHED. Time-expansion x10 recordings 2001-2011, Pettersson D1000X/D980/D240X, BatSound analysis. 2526 signals, 379 sequences, 80 species of French Guiana's 103. Method combines AUDITORY analysis (structure, sonority, energy distribution) with computer analysis - the auditory criteria are load-bearing, not decorative. Dominant harmonic = H2."
mst-8408bfe28e7aba,1004880,Desmodus rotundus,exact,barataud-2013-guyane,supplied worksheet record BAT02455 (southamerica_guianas),barataud-2013-guyane-unstated,unspecified,,,,unspecified,,French Guiana,,,,30,peak_frequency,species_summary,102,,,kHz,,,3,102,definition_unstated,"Imported from MASTER_call_records.csv record BAT02455; upload archive sha256 17ffdda2ba6929d03dabcce39119e90d4ee10712fdf690885b3d4a5128d3e464. [HARMONIC NORMALISED: original trait 'fmaxE_H2_kHz'] Barataud, Giosa, Leblanc, Rufray, Disca, Tillon, Delaval, Haquart & Dewynter 2013, 'Identification et ecologie acoustique des chiropteres de Guyane francaise', Le Rhinolophe 19:103-145. OPEN PDF on the authors' own site, FULL TEXT AND ALL TABLES FETCHED. Time-expansion x10 recordings 2001-2011, Pettersson D1000X/D980/D240X, BatSound analysis. 2526 signals, 379 sequences, 80 species of French Guiana's 103. Method combines AUDITORY analysis (structure, sonority, energy distribution) with computer analysis - the auditory criteria are load-bearing, not decorative. Values in the source's bold type refer to the energy-richest component; this dataset records the dominant harmonic separately in the dominant_harmonic column."
mst-8633e16d80fd5f,1004978,Lophostoma silvicolum,synonym_via_mdd,barataud-2013-guyane,supplied worksheet record BAT02475 (southamerica_guianas),barataud-2013-guyane-unstated,unspecified,,,,unspecified,,French Guiana,,,,20,duration,species_summary,2.7,,,ms,,,3,2.7,definition_unstated,"Imported from MASTER_call_records.csv record BAT02475; upload archive sha256 17ffdda2ba6929d03dabcce39119e90d4ee10712fdf690885b3d4a5128d3e464. Barataud, Giosa, Leblanc, Rufray, Disca, Tillon, Delaval, Haquart & Dewynter 2013, 'Identification et ecologie acoustique des chiropteres de Guyane francaise', Le Rhinolophe 19:103-145. OPEN PDF on the authors' own site, FULL TEXT AND ALL TABLES FETCHED. Time-expansion x10 recordings 2001-2011, Pettersson D1000X/D980/D240X, BatSound analysis. 2526 signals, 379 sequences, 80 species of French Guiana's 103. Method combines AUDITORY analysis (structure, sonority, energy distribution) with computer analysis - the auditory criteria are load-bearing, not decorative. Dominant harmonic = H2."
mst-87172e6a57d0c3,1004871,Noctilio leporinus,exact,barataud-2013-guyane,supplied worksheet record BAT02409 (southamerica_guianas),barataud-2013-guyane-unstated,unspecified,,,,unspecified,,French Guiana,,,,20,cf_frequency,median,57.6,,,kHz,,,1,57.6 53.4-60.6,definition_unstated,"Imported from MASTER_call_records.csv record BAT02409; upload archive sha256 17ffdda2ba6929d03dabcce39119e90d4ee10712fdf690885b3d4a5128d3e464. [alternation_type=FC/FMd broadband] | Barataud, Giosa, Leblanc, Rufray, Disca, Tillon, Delaval, Haquart & Dewynter 2013, 'Identification et ecologie acoustique des chiropteres de Guyane francaise', Le Rhinolophe 19:103-145. OPEN PDF on the authors' own site, FULL TEXT AND ALL TABLES FETCHED. Time-expansion x10 recordings 2001-2011, Pettersson D1000X/D980/D240X, BatSound analysis. 2526 signals, 379 sequences, 80 species of French Guiana's 103. Method combines AUDITORY analysis (structure, sonority, energy distribution) with computer analysis - the auditory criteria are load-bearing, not decorative. Median bandwidth 33.6 kHz; FC-duration/total-duration ratio 24.5%. Both Noctilio alternate between narrowband (Doppler technology per Kalko & Schnitzler 1998) and broadband FC/FMd signals. The two species do NOT overlap in frequency (68-76 vs 53-61 kHz)."
mst-892cd22055854f,1004794,Saccopteryx bilineata,exact,barataud-2013-guyane,supplied worksheet record BAT02401 (southamerica_guianas),barataud-2013-guyane-unstated,unspecified,low/high,low/high,,unspecified,,French Guiana,,,,21,peak_frequency,median,42.1,,,kHz,,,2,42.1 41.2-42.2,definition_unstated,"Imported from MASTER_call_records.csv record BAT02401; upload archive sha256 17ffdda2ba6929d03dabcce39119e90d4ee10712fdf690885b3d4a5128d3e464. [HARMONIC NORMALISED: original trait 'fmaxE_H1_kHz'] [alternation_type=bas (low)] | Barataud, Giosa, Leblanc, Rufray, Disca, Tillon, Delaval, Haquart & Dewynter 2013, 'Identification et ecologie acoustique des chiropteres de Guyane francaise', Le Rhinolophe 19:103-145. OPEN PDF on the authors' own site, FULL TEXT AND ALL TABLES FETCHED. Time-expansion x10 recordings 2001-2011, Pettersson D1000X/D980/D240X, BatSound analysis. 2526 signals, 379 sequences, 80 species of French Guiana's 103. Method combines AUDITORY analysis (structure, sonority, energy distribution) with computer analysis - the auditory criteria are load-bearing, not decorative. Emballonurid FME is on HARMONIC 1 (rarely the fundamental in Rhynchonycteris naso). Value is the MEDIAN with min-max range. The paper calls this family 'a perfect example of acoustic niches within a taxonomic group: each species' sonar has certainly undergone character displacement to avoid interspecific overlap.'"
mst-8a07536e8756a4,1004913,Glossophaga soricina,exact,barataud-2013-guyane,supplied worksheet record BAT02441 (southamerica_guianas),barataud-2013-guyane-unstated,unspecified,,,,unspecified,,French Guiana,,,,13,peak_frequency,species_summary,61,,,kHz,,,3,61,definition_unstated,"Imported from MASTER_call_records.csv record BAT02441; upload archive sha256 17ffdda2ba6929d03dabcce39119e90d4ee10712fdf690885b3d4a5128d3e464. [HARMONIC NORMALISED: original trait 'fmaxE_H2_kHz'] Barataud, Giosa, Leblanc, Rufray, Disca, Tillon, Delaval, Haquart & Dewynter 2013, 'Identification et ecologie acoustique des chiropteres de Guyane francaise', Le Rhinolophe 19:103-145. OPEN PDF on the authors' own site, FULL TEXT AND ALL TABLES FETCHED. Time-expansion x10 recordings 2001-2011, Pettersson D1000X/D980/D240X, BatSound analysis. 2526 signals, 379 sequences, 80 species of French Guiana's 103. Method combines AUDITORY analysis (structure, sonority, energy distribution) with computer analysis - the auditory criteria are load-bearing, not decorative. Values in the source's bold type refer to the energy-richest component; this dataset records the dominant harmonic separately in the dominant_harmonic column."
mst-8efbc50b9db5e6,1004881,Diaemus youngi,exact,barataud-2013-guyane,supplied worksheet record BAT02460 (southamerica_guianas),barataud-2013-guyane-unstated,unspecified,,,,unspecified,,French Guiana,,,,30,peak_frequency,species_summary,70,,,kHz,,,3,70,definition_unstated,"Imported from MASTER_call_records.csv record BAT02460; upload archive sha256 17ffdda2ba6929d03dabcce39119e90d4ee10712fdf690885b3d4a5128d3e464. [HARMONIC NORMALISED: original trait 'fmaxE_H2_kHz'] Barataud, Giosa, Leblanc, Rufray, Disca, Tillon, Delaval, Haquart & Dewynter 2013, 'Identification et ecologie acoustique des chiropteres de Guyane francaise', Le Rhinolophe 19:103-145. OPEN PDF on the authors' own site, FULL TEXT AND ALL TABLES FETCHED. Time-expansion x10 recordings 2001-2011, Pettersson D1000X/D980/D240X, BatSound analysis. 2526 signals, 379 sequences, 80 species of French Guiana's 103. Method combines AUDITORY analysis (structure, sonority, energy distribution) with computer analysis - the auditory criteria are load-bearing, not decorative. Values in the source's bold type refer to the energy-richest component; this dataset records the dominant harmonic separately in the dominant_harmonic column."
mst-8f53f69f661e3a,1004982,Phyllostomus hastatus,exact,barataud-2013-guyane,supplied worksheet record BAT02509 (southamerica_guianas),barataud-2013-guyane-unstated,unspecified,,,,unspecified,,French Guiana,,,,9,peak_frequency,species_summary,62,,,kHz,,,4,62,definition_unstated,"Imported from MASTER_call_records.csv record BAT02509; upload archive sha256 17ffdda2ba6929d03dabcce39119e90d4ee10712fdf690885b3d4a5128d3e464. [HARMONIC NORMALISED: original trait 'fmaxE_H3_kHz'] Barataud, Giosa, Leblanc, Rufray, Disca, Tillon, Delaval, Haquart & Dewynter 2013, 'Identification et ecologie acoustique des chiropteres de Guyane francaise', Le Rhinolophe 19:103-145. OPEN PDF on the authors' own site, FULL TEXT AND ALL TABLES FETCHED. Time-expansion x10 recordings 2001-2011, Pettersson D1000X/D980/D240X, BatSound analysis. 2526 signals, 379 sequences, 80 species of French Guiana's 103. Method combines AUDITORY analysis (structure, sonority, energy distribution) with computer analysis - the auditory criteria are load-bearing, not decorative. Values in the source's bold type refer to the energy-richest component; this dataset records the dominant harmonic separately in the dominant_harmonic column."
mst-91135382cd208d,1004967,Trachops cirrhosus,exact,barataud-2013-guyane,supplied worksheet record BAT02523 (southamerica_guianas),barataud-2013-guyane-unstated,unspecified,,,,unspecified,,French Guiana,,,,24,peak_frequency,species_summary,80,,,kHz,,,3,80,definition_unstated,"Imported from MASTER_call_records.csv record BAT02523; upload archive sha256 17ffdda2ba6929d03dabcce39119e90d4ee10712fdf690885b3d4a5128d3e464. [HARMONIC NORMALISED: original trait 'fmaxE_H2_kHz'] Barataud, Giosa, Leblanc, Rufray, Disca, Tillon, Delaval, Haquart & Dewynter 2013, 'Identification et ecologie acoustique des chiropteres de Guyane francaise', Le Rhinolophe 19:103-145. OPEN PDF on the authors' own site, FULL TEXT AND ALL TABLES FETCHED. Time-expansion x10 recordings 2001-2011, Pettersson D1000X/D980/D240X, BatSound analysis. 2526 signals, 379 sequences, 80 species of French Guiana's 103. Method combines AUDITORY analysis (structure, sonority, energy distribution) with computer analysis - the auditory criteria are load-bearing, not decorative. Values in the source's bold type refer to the energy-richest component; this dataset records the dominant harmonic separately in the dominant_harmonic column."
mst-912bfb6ac24818,1004920,Glyphonycteris daviesi,exact,barataud-2013-guyane,supplied worksheet record BAT02464 (southamerica_guianas),barataud-2013-guyane-unstated,unspecified,,,,unspecified,,French Guiana,,,,11,peak_frequency,species_summary,59,,,kHz,,,2,59,definition_unstated,"Imported from MASTER_call_records.csv record BAT02464; upload archive sha256 17ffdda2ba6929d03dabcce39119e90d4ee10712fdf690885b3d4a5128d3e464. [HARMONIC NORMALISED: original trait 'fmaxE_H1_kHz'] Barataud, Giosa, Leblanc, Rufray, Disca, Tillon, Delaval, Haquart & Dewynter 2013, 'Identification et ecologie acoustique des chiropteres de Guyane francaise', Le Rhinolophe 19:103-145. OPEN PDF on the authors' own site, FULL TEXT AND ALL TABLES FETCHED. Time-expansion x10 recordings 2001-2011, Pettersson D1000X/D980/D240X, BatSound analysis. 2526 signals, 379 sequences, 80 species of French Guiana's 103. Method combines AUDITORY analysis (structure, sonority, energy distribution) with computer analysis - the auditory criteria are load-bearing, not decorative. Values in the source's bold type refer to the energy-richest component; this dataset records the dominant harmonic separately in the dominant_harmonic column."
mst-91a8d344684c3f,1004880,Desmodus rotundus,exact,barataud-2013-guyane,supplied worksheet record BAT02453 (southamerica_guianas),barataud-2013-guyane-unstated,unspecified,,,,unspecified,,French Guiana,,,,30,peak_frequency,species_summary,32,,,kHz,,,1,32,definition_unstated,"Imported from MASTER_call_records.csv record BAT02453; upload archive sha256 17ffdda2ba6929d03dabcce39119e90d4ee10712fdf690885b3d4a5128d3e464. [HARMONIC NORMALISED: original trait 'fmaxE_fundamental_kHz'] Barataud, Giosa, Leblanc, Rufray, Disca, Tillon, Delaval, Haquart & Dewynter 2013, 'Identification et ecologie acoustique des chiropteres de Guyane francaise', Le Rhinolophe 19:103-145. OPEN PDF on the authors' own site, FULL TEXT AND ALL TABLES FETCHED. Time-expansion x10 recordings 2001-2011, Pettersson D1000X/D980/D240X, BatSound analysis. 2526 signals, 379 sequences, 80 species of French Guiana's 103. Method combines AUDITORY analysis (structure, sonority, energy distribution) with computer analysis - the auditory criteria are load-bearing, not decorative. Values in the source's bold type refer to the energy-richest component; this dataset records the dominant harmonic separately in the dominant_harmonic column."
mst-928fe1245eb37a,1005202,Molossus molossus,exact,barataud-2013-guyane,supplied worksheet record BAT02643 (southamerica_guianas),barataud-2013-guyane-unstated,unspecified,,,,unspecified,,French Guiana,,,,22,peak_frequency,median,37.5,,,kHz,,,1,37.5 32.4-38.4,definition_unstated,"Imported from MASTER_call_records.csv record BAT02643; upload archive sha256 17ffdda2ba6929d03dabcce39119e90d4ee10712fdf690885b3d4a5128d3e464. [HARMONIC NORMALISED: original trait 'fmaxE_fundamental_kHz'] [alternation_type=bas] | Barataud et al. 2013, Le Rhinolophe 19:103-145 (open PDF, full text fetched). Duration median 10.5 ms (7.3-14.0). Molossids ALWAYS carry FME on the fundamental (harmonics often absent). Most species use a succession of two or three frequency-shifted signals in cruise or early approach - the frequency-alternation pattern documented across four continents in this project."
mst-92dc179e1035d3,1004928,Lionycteris spurrelli,exact,barataud-2013-guyane,supplied worksheet record BAT02445 (southamerica_guianas),barataud-2013-guyane-unstated,unspecified,,,,unspecified,,French Guiana,,,,30,peak_frequency,species_summary,111,,,kHz,,,2,111,definition_unstated,"Imported from MASTER_call_records.csv record BAT02445; upload archive sha256 17ffdda2ba6929d03dabcce39119e90d4ee10712fdf690885b3d4a5128d3e464. [HARMONIC NORMALISED: original trait 'fmaxE_H1_kHz'] Barataud, Giosa, Leblanc, Rufray, Disca, Tillon, Delaval, Haquart & Dewynter 2013, 'Identification et ecologie acoustique des chiropteres de Guyane francaise', Le Rhinolophe 19:103-145. OPEN PDF on the authors' own site, FULL TEXT AND ALL TABLES FETCHED. Time-expansion x10 recordings 2001-2011, Pettersson D1000X/D980/D240X, BatSound analysis. 2526 signals, 379 sequences, 80 species of French Guiana's 103. Method combines AUDITORY analysis (structure, sonority, energy distribution) with computer analysis - the auditory criteria are load-bearing, not decorative. Values in the source's bold type refer to the energy-richest component; this dataset records the dominant harmonic separately in the dominant_harmonic column."
mst-93786c3e2c4173,1004780,Centronycteris maximiliani,exact,barataud-2013-guyane,supplied worksheet record BAT02395 (southamerica_guianas),barataud-2013-guyane-unstated,unspecified,,,,unspecified,,French Guiana,,,,20,peak_frequency,median,40.6,,,kHz,,,2,40.6 39.0-41.3,definition_unstated,"Imported from MASTER_call_records.csv record BAT02395; upload archive sha256 17ffdda2ba6929d03dabcce39119e90d4ee10712fdf690885b3d4a5128d3e464. [HARMONIC NORMALISED: original trait 'fmaxE_H1_kHz'] [alternation_type=mono] | Barataud, Giosa, Leblanc, Rufray, Disca, Tillon, Delaval, Haquart & Dewynter 2013, 'Identification et ecologie acoustique des chiropteres de Guyane francaise', Le Rhinolophe 19:103-145. OPEN PDF on the authors' own site, FULL TEXT AND ALL TABLES FETCHED. Time-expansion x10 recordings 2001-2011, Pettersson D1000X/D980/D240X, BatSound analysis. 2526 signals, 379 sequences, 80 species of French Guiana's 103. Method combines AUDITORY analysis (structure, sonority, energy distribution) with computer analysis - the auditory criteria are load-bearing, not decorative. Emballonurid FME is on HARMONIC 1 (rarely the fundamental in Rhynchonycteris naso). Value is the MEDIAN with min-max range. The paper calls this family 'a perfect example of acoustic niches within a taxonomic group: each species' sonar has certainly undergone character displacement to avoid interspecific overlap.'"
mst-94ac93122ad309,1005081,Sturnira lilium,exact,barataud-2013-guyane,supplied worksheet record BAT02602 (southamerica_guianas),barataud-2013-guyane-unstated,unspecified,,,,unspecified,,French Guiana,,,,20,peak_frequency,species_summary,83.5,,,kHz,,,3,83.5,definition_unstated,"Imported from MASTER_call_records.csv record BAT02602; upload archive sha256 17ffdda2ba6929d03dabcce39119e90d4ee10712fdf690885b3d4a5128d3e464. [HARMONIC NORMALISED: original trait 'fmaxE_H2_kHz'] Barataud, Giosa, Leblanc, Rufray, Disca, Tillon, Delaval, Haquart & Dewynter 2013, 'Identification et ecologie acoustique des chiropteres de Guyane francaise', Le Rhinolophe 19:103-145. OPEN PDF on the authors' own site, FULL TEXT AND ALL TABLES FETCHED. Time-expansion x10 recordings 2001-2011, Pettersson D1000X/D980/D240X, BatSound analysis. 2526 signals, 379 sequences, 80 species of French Guiana's 103. Method combines AUDITORY analysis (structure, sonority, energy distribution) with computer analysis - the auditory criteria are load-bearing, not decorative. Values in the source's bold type refer to the energy-richest component; this dataset records the dominant harmonic separately in the dominant_harmonic column."
mst-94d2a9df23ff20,1004894,Anoura geoffroyi,exact,barataud-2013-guyane,supplied worksheet record BAT02423 (southamerica_guianas),barataud-2013-guyane-unstated,unspecified,,,,unspecified,,French Guiana,,,,30,duration,species_summary,3.2,,,ms,,,2,3.2,definition_unstated,"Imported from MASTER_call_records.csv record BAT02423; upload archive sha256 17ffdda2ba6929d03dabcce39119e90d4ee10712fdf690885b3d4a5128d3e464. Barataud, Giosa, Leblanc, Rufray, Disca, Tillon, Delaval, Haquart & Dewynter 2013, 'Identification et ecologie acoustique des chiropteres de Guyane francaise', Le Rhinolophe 19:103-145. OPEN PDF on the authors' own site, FULL TEXT AND ALL TABLES FETCHED. Time-expansion x10 recordings 2001-2011, Pettersson D1000X/D980/D240X, BatSound analysis. 2526 signals, 379 sequences, 80 species of French Guiana's 103. Method combines AUDITORY analysis (structure, sonority, energy distribution) with computer analysis - the auditory criteria are load-bearing, not decorative. Dominant harmonic = H1."
mst-9577ce025794bf,1004873,Carollia brevicauda,exact,barataud-2013-guyane,supplied worksheet record BAT02532 (southamerica_guianas),barataud-2013-guyane-unstated,unspecified,,,,unspecified,,French Guiana,,,,13,peak_frequency,species_summary,67,,,kHz,,,2,67,definition_unstated,"Imported from MASTER_call_records.csv record BAT02532; upload archive sha256 17ffdda2ba6929d03dabcce39119e90d4ee10712fdf690885b3d4a5128d3e464. [HARMONIC NORMALISED: original trait 'fmaxE_H1_kHz'] Barataud, Giosa, Leblanc, Rufray, Disca, Tillon, Delaval, Haquart & Dewynter 2013, 'Identification et ecologie acoustique des chiropteres de Guyane francaise', Le Rhinolophe 19:103-145. OPEN PDF on the authors' own site, FULL TEXT AND ALL TABLES FETCHED. Time-expansion x10 recordings 2001-2011, Pettersson D1000X/D980/D240X, BatSound analysis. 2526 signals, 379 sequences, 80 species of French Guiana's 103. Method combines AUDITORY analysis (structure, sonority, energy distribution) with computer analysis - the auditory criteria are load-bearing, not decorative. Values in the source's bold type refer to the energy-richest component; this dataset records the dominant harmonic separately in the dominant_harmonic column."
mst-95d43195304e57,1005003,Artibeus cinereus,synonym_via_mdd,barataud-2013-guyane,supplied worksheet record BAT02550 (southamerica_guianas),barataud-2013-guyane-unstated,unspecified,,,,unspecified,,French Guiana,,,,11,peak_frequency,species_summary,80,,,kHz,,,2,80,definition_unstated,"Imported from MASTER_call_records.csv record BAT02550; upload archive sha256 17ffdda2ba6929d03dabcce39119e90d4ee10712fdf690885b3d4a5128d3e464. [HARMONIC NORMALISED: original trait 'fmaxE_H1_kHz'] Barataud, Giosa, Leblanc, Rufray, Disca, Tillon, Delaval, Haquart & Dewynter 2013, 'Identification et ecologie acoustique des chiropteres de Guyane francaise', Le Rhinolophe 19:103-145. OPEN PDF on the authors' own site, FULL TEXT AND ALL TABLES FETCHED. Time-expansion x10 recordings 2001-2011, Pettersson D1000X/D980/D240X, BatSound analysis. 2526 signals, 379 sequences, 80 species of French Guiana's 103. Method combines AUDITORY analysis (structure, sonority, energy distribution) with computer analysis - the auditory criteria are load-bearing, not decorative. Values in the source's bold type refer to the energy-richest component; this dataset records the dominant harmonic separately in the dominant_harmonic column."
mst-96af73ba93e359,1004877,Carollia perspicillata,exact,barataud-2013-guyane,supplied worksheet record BAT02534 (southamerica_guianas),barataud-2013-guyane-unstated,unspecified,,,,unspecified,,French Guiana,,,,17,duration,species_summary,2.1,,,ms,,,2,2.1,definition_unstated,"Imported from MASTER_call_records.csv record BAT02534; upload archive sha256 17ffdda2ba6929d03dabcce39119e90d4ee10712fdf690885b3d4a5128d3e464. Barataud, Giosa, Leblanc, Rufray, Disca, Tillon, Delaval, Haquart & Dewynter 2013, 'Identification et ecologie acoustique des chiropteres de Guyane francaise', Le Rhinolophe 19:103-145. OPEN PDF on the authors' own site, FULL TEXT AND ALL TABLES FETCHED. Time-expansion x10 recordings 2001-2011, Pettersson D1000X/D980/D240X, BatSound analysis. 2526 signals, 379 sequences, 80 species of French Guiana's 103. Method combines AUDITORY analysis (structure, sonority, energy distribution) with computer analysis - the auditory criteria are load-bearing, not decorative. Dominant harmonic = H1."
mst-96fe7f3e235726,1005066,Vampyressa brocki,synonym_via_mdd,barataud-2013-guyane,supplied worksheet record BAT02613 (southamerica_guianas),barataud-2013-guyane-unstated,unspecified,,,,unspecified,,French Guiana,,,,8,duration,species_summary,2.7,,,ms,,,2,2.7,definition_unstated,"Imported from MASTER_call_records.csv record BAT02613; upload archive sha256 17ffdda2ba6929d03dabcce39119e90d4ee10712fdf690885b3d4a5128d3e464. Barataud, Giosa, Leblanc, Rufray, Disca, Tillon, Delaval, Haquart & Dewynter 2013, 'Identification et ecologie acoustique des chiropteres de Guyane francaise', Le Rhinolophe 19:103-145. OPEN PDF on the authors' own site, FULL TEXT AND ALL TABLES FETCHED. Time-expansion x10 recordings 2001-2011, Pettersson D1000X/D980/D240X, BatSound analysis. 2526 signals, 379 sequences, 80 species of French Guiana's 103. Method combines AUDITORY analysis (structure, sonority, energy distribution) with computer analysis - the auditory criteria are load-bearing, not decorative. Dominant harmonic = H1."
mst-9a4939f05d685b,1005013,Artibeus obscurus,exact,barataud-2013-guyane,supplied worksheet record BAT02570 (southamerica_guianas),barataud-2013-guyane-unstated,unspecified,,,,unspecified,,French Guiana,,,,26,peak_frequency,species_summary,55,,,kHz,,,2,55,definition_unstated,"Imported from MASTER_call_records.csv record BAT02570; upload archive sha256 17ffdda2ba6929d03dabcce39119e90d4ee10712fdf690885b3d4a5128d3e464. [HARMONIC NORMALISED: original trait 'fmaxE_H1_kHz'] Barataud, Giosa, Leblanc, Rufray, Disca, Tillon, Delaval, Haquart & Dewynter 2013, 'Identification et ecologie acoustique des chiropteres de Guyane francaise', Le Rhinolophe 19:103-145. OPEN PDF on the authors' own site, FULL TEXT AND ALL TABLES FETCHED. Time-expansion x10 recordings 2001-2011, Pettersson D1000X/D980/D240X, BatSound analysis. 2526 signals, 379 sequences, 80 species of French Guiana's 103. Method combines AUDITORY analysis (structure, sonority, energy distribution) with computer analysis - the auditory criteria are load-bearing, not decorative. Values in the source's bold type refer to the energy-richest component; this dataset records the dominant harmonic separately in the dominant_harmonic column."
mst-9d8e6367f60551,1004781,Cormura brevirostris,exact,barataud-2013-guyane,supplied worksheet record BAT02398 (southamerica_guianas),barataud-2013-guyane-unstated,unspecified,,,,unspecified,,French Guiana,,,,15,peak_frequency,median,26,,,kHz,,,2,26.0 24.5-26.5,definition_unstated,"Imported from MASTER_call_records.csv record BAT02398; upload archive sha256 17ffdda2ba6929d03dabcce39119e90d4ee10712fdf690885b3d4a5128d3e464. [HARMONIC NORMALISED: original trait 'fmaxE_H1_kHz'] [alternation_type=bas (low)] | Barataud, Giosa, Leblanc, Rufray, Disca, Tillon, Delaval, Haquart & Dewynter 2013, 'Identification et ecologie acoustique des chiropteres de Guyane francaise', Le Rhinolophe 19:103-145. OPEN PDF on the authors' own site, FULL TEXT AND ALL TABLES FETCHED. Time-expansion x10 recordings 2001-2011, Pettersson D1000X/D980/D240X, BatSound analysis. 2526 signals, 379 sequences, 80 species of French Guiana's 103. Method combines AUDITORY analysis (structure, sonority, energy distribution) with computer analysis - the auditory criteria are load-bearing, not decorative. Emballonurid FME is on HARMONIC 1 (rarely the fundamental in Rhynchonycteris naso). Value is the MEDIAN with min-max range. The paper calls this family 'a perfect example of acoustic niches within a taxonomic group: each species' sonar has certainly undergone character displacement to avoid interspecific overlap.'"
mst-9ed748865e8385,1005081,Sturnira lilium,exact,barataud-2013-guyane,supplied worksheet record BAT02601 (southamerica_guianas),barataud-2013-guyane-unstated,unspecified,,,,unspecified,,French Guiana,,,,20,peak_frequency,species_summary,70,,,kHz,,,2,70,definition_unstated,"Imported from MASTER_call_records.csv record BAT02601; upload archive sha256 17ffdda2ba6929d03dabcce39119e90d4ee10712fdf690885b3d4a5128d3e464. [HARMONIC NORMALISED: original trait 'fmaxE_H1_kHz'] Barataud, Giosa, Leblanc, Rufray, Disca, Tillon, Delaval, Haquart & Dewynter 2013, 'Identification et ecologie acoustique des chiropteres de Guyane francaise', Le Rhinolophe 19:103-145. OPEN PDF on the authors' own site, FULL TEXT AND ALL TABLES FETCHED. Time-expansion x10 recordings 2001-2011, Pettersson D1000X/D980/D240X, BatSound analysis. 2526 signals, 379 sequences, 80 species of French Guiana's 103. Method combines AUDITORY analysis (structure, sonority, energy distribution) with computer analysis - the auditory criteria are load-bearing, not decorative. Values in the source's bold type refer to the energy-richest component; this dataset records the dominant harmonic separately in the dominant_harmonic column."
mst-a09040016b7b69,1004995,Ametrida centurio,exact,barataud-2013-guyane,supplied worksheet record BAT02544 (southamerica_guianas),barataud-2013-guyane-unstated,unspecified,,,,unspecified,,French Guiana,,,,17,duration,species_summary,3.2,,,ms,,,1,3.2,definition_unstated,"Imported from MASTER_call_records.csv record BAT02544; upload archive sha256 17ffdda2ba6929d03dabcce39119e90d4ee10712fdf690885b3d4a5128d3e464. Barataud, Giosa, Leblanc, Rufray, Disca, Tillon, Delaval, Haquart & Dewynter 2013, 'Identification et ecologie acoustique des chiropteres de Guyane francaise', Le Rhinolophe 19:103-145. OPEN PDF on the authors' own site, FULL TEXT AND ALL TABLES FETCHED. Time-expansion x10 recordings 2001-2011, Pettersson D1000X/D980/D240X, BatSound analysis. 2526 signals, 379 sequences, 80 species of French Guiana's 103. Method combines AUDITORY analysis (structure, sonority, energy distribution) with computer analysis - the auditory criteria are load-bearing, not decorative. Dominant harmonic = FOND."
mst-a09cd30b640e47,1005013,Artibeus obscurus,exact,barataud-2013-guyane,supplied worksheet record BAT02568 (southamerica_guianas),barataud-2013-guyane-unstated,unspecified,,,,unspecified,,French Guiana,,,,26,bandwidth,species_summary,33,,,kHz,,,3,33,definition_unstated,"Imported from MASTER_call_records.csv record BAT02568; upload archive sha256 17ffdda2ba6929d03dabcce39119e90d4ee10712fdf690885b3d4a5128d3e464. Barataud, Giosa, Leblanc, Rufray, Disca, Tillon, Delaval, Haquart & Dewynter 2013, 'Identification et ecologie acoustique des chiropteres de Guyane francaise', Le Rhinolophe 19:103-145. OPEN PDF on the authors' own site, FULL TEXT AND ALL TABLES FETCHED. Time-expansion x10 recordings 2001-2011, Pettersson D1000X/D980/D240X, BatSound analysis. 2526 signals, 379 sequences, 80 species of French Guiana's 103. Method combines AUDITORY analysis (structure, sonority, energy distribution) with computer analysis - the auditory criteria are load-bearing, not decorative."
mst-a0bbcc6f219999,1005097,Thyroptera tricolor,exact,barataud-2013-guyane,supplied worksheet record BAT02628 (southamerica_guianas),barataud-2013-guyane-unstated,unspecified,"harmonic 1, separate study","harmonic 1, separate study",,unspecified,,French Guiana,,,,30,peak_frequency,species_summary,51,,,kHz,,,1,51,definition_unstated,"Imported from MASTER_call_records.csv record BAT02628; upload archive sha256 17ffdda2ba6929d03dabcce39119e90d4ee10712fdf690885b3d4a5128d3e464. [HARMONIC NORMALISED: original trait 'fmaxE_fundamental_kHz'] Barataud et al. 2013, Le Rhinolophe 19:103-145 (open PDF, full text fetched). Duration 3.2 ms, bandwidth 27.0 kHz. Whistled sonority with NO differential temporal filtering between harmonics - the key separator from Phyllostomidae, which they otherwise resemble in having FM with explosive onset."
mst-a1dad25e7f0019,1005028,Chiroderma villosum,exact,barataud-2013-guyane,supplied worksheet record BAT02582 (southamerica_guianas),barataud-2013-guyane-unstated,unspecified,,,,unspecified,,French Guiana,,,,21,duration,species_summary,1.9,,,ms,,,3,1.9,definition_unstated,"Imported from MASTER_call_records.csv record BAT02582; upload archive sha256 17ffdda2ba6929d03dabcce39119e90d4ee10712fdf690885b3d4a5128d3e464. Barataud, Giosa, Leblanc, Rufray, Disca, Tillon, Delaval, Haquart & Dewynter 2013, 'Identification et ecologie acoustique des chiropteres de Guyane francaise', Le Rhinolophe 19:103-145. OPEN PDF on the authors' own site, FULL TEXT AND ALL TABLES FETCHED. Time-expansion x10 recordings 2001-2011, Pettersson D1000X/D980/D240X, BatSound analysis. 2526 signals, 379 sequences, 80 species of French Guiana's 103. Method combines AUDITORY analysis (structure, sonority, energy distribution) with computer analysis - the auditory criteria are load-bearing, not decorative. Dominant harmonic = H2."
mst-a36d9dada77f97,1005003,Artibeus cinereus,synonym_via_mdd,barataud-2013-guyane,supplied worksheet record BAT02548 (southamerica_guianas),barataud-2013-guyane-unstated,unspecified,,,,unspecified,,French Guiana,,,,11,bandwidth,species_summary,51,,,kHz,,,2,51,definition_unstated,"Imported from MASTER_call_records.csv record BAT02548; upload archive sha256 17ffdda2ba6929d03dabcce39119e90d4ee10712fdf690885b3d4a5128d3e464. Barataud, Giosa, Leblanc, Rufray, Disca, Tillon, Delaval, Haquart & Dewynter 2013, 'Identification et ecologie acoustique des chiropteres de Guyane francaise', Le Rhinolophe 19:103-145. OPEN PDF on the authors' own site, FULL TEXT AND ALL TABLES FETCHED. Time-expansion x10 recordings 2001-2011, Pettersson D1000X/D980/D240X, BatSound analysis. 2526 signals, 379 sequences, 80 species of French Guiana's 103. Method combines AUDITORY analysis (structure, sonority, energy distribution) with computer analysis - the auditory criteria are load-bearing, not decorative."
mst-a4387dddeb0342,1004923,Trinycteris nicefori,exact,barataud-2013-guyane,supplied worksheet record BAT02526 (southamerica_guianas),barataud-2013-guyane-unstated,unspecified,,,,unspecified,,French Guiana,,,,17,peak_frequency,species_summary,29,,,kHz,,,1,29,definition_unstated,"Imported from MASTER_call_records.csv record BAT02526; upload archive sha256 17ffdda2ba6929d03dabcce39119e90d4ee10712fdf690885b3d4a5128d3e464. [HARMONIC NORMALISED: original trait 'fmaxE_fundamental_kHz'] Barataud, Giosa, Leblanc, Rufray, Disca, Tillon, Delaval, Haquart & Dewynter 2013, 'Identification et ecologie acoustique des chiropteres de Guyane francaise', Le Rhinolophe 19:103-145. OPEN PDF on the authors' own site, FULL TEXT AND ALL TABLES FETCHED. Time-expansion x10 recordings 2001-2011, Pettersson D1000X/D980/D240X, BatSound analysis. 2526 signals, 379 sequences, 80 species of French Guiana's 103. Method combines AUDITORY analysis (structure, sonority, energy distribution) with computer analysis - the auditory criteria are load-bearing, not decorative. Values in the source's bold type refer to the energy-richest component; this dataset records the dominant harmonic separately in the dominant_harmonic column."
mst-a724c5fbd649d8,1004877,Carollia perspicillata,exact,barataud-2013-guyane,supplied worksheet record BAT02535 (southamerica_guianas),barataud-2013-guyane-unstated,unspecified,,,,unspecified,,French Guiana,,,,17,bandwidth,species_summary,36,,,kHz,,,2,36,definition_unstated,"Imported from MASTER_call_records.csv record BAT02535; upload archive sha256 17ffdda2ba6929d03dabcce39119e90d4ee10712fdf690885b3d4a5128d3e464. Barataud, Giosa, Leblanc, Rufray, Disca, Tillon, Delaval, Haquart & Dewynter 2013, 'Identification et ecologie acoustique des chiropteres de Guyane francaise', Le Rhinolophe 19:103-145. OPEN PDF on the authors' own site, FULL TEXT AND ALL TABLES FETCHED. Time-expansion x10 recordings 2001-2011, Pettersson D1000X/D980/D240X, BatSound analysis. 2526 signals, 379 sequences, 80 species of French Guiana's 103. Method combines AUDITORY analysis (structure, sonority, energy distribution) with computer analysis - the auditory criteria are load-bearing, not decorative."
mst-aad5e9de376ef3,1005056,Uroderma bilobatum,exact,barataud-2013-guyane,supplied worksheet record BAT02610 (southamerica_guianas),barataud-2013-guyane-unstated,unspecified,,,,unspecified,,French Guiana,,,,10,peak_frequency,species_summary,25,,,kHz,,,1,25,definition_unstated,"Imported from MASTER_call_records.csv record BAT02610; upload archive sha256 17ffdda2ba6929d03dabcce39119e90d4ee10712fdf690885b3d4a5128d3e464. [HARMONIC NORMALISED: original trait 'fmaxE_fundamental_kHz'] Barataud, Giosa, Leblanc, Rufray, Disca, Tillon, Delaval, Haquart & Dewynter 2013, 'Identification et ecologie acoustique des chiropteres de Guyane francaise', Le Rhinolophe 19:103-145. OPEN PDF on the authors' own site, FULL TEXT AND ALL TABLES FETCHED. Time-expansion x10 recordings 2001-2011, Pettersson D1000X/D980/D240X, BatSound analysis. 2526 signals, 379 sequences, 80 species of French Guiana's 103. Method combines AUDITORY analysis (structure, sonority, energy distribution) with computer analysis - the auditory criteria are load-bearing, not decorative. Values in the source's bold type refer to the energy-richest component; this dataset records the dominant harmonic separately in the dominant_harmonic column."
mst-ad104c1ff2fe3c,1004792,Rhynchonycteris naso,exact,barataud-2013-guyane,supplied worksheet record BAT02390 (southamerica_guianas),barataud-2013-guyane-unstated,unspecified,,,,unspecified,,French Guiana,,,,60,peak_frequency,median,95.6,,,kHz,,,2,95.6 80.2-98.2,definition_unstated,"Imported from MASTER_call_records.csv record BAT02390; upload archive sha256 17ffdda2ba6929d03dabcce39119e90d4ee10712fdf690885b3d4a5128d3e464. [HARMONIC NORMALISED: original trait 'fmaxE_H1_kHz'] [alternation_type=mono] | Barataud, Giosa, Leblanc, Rufray, Disca, Tillon, Delaval, Haquart & Dewynter 2013, 'Identification et ecologie acoustique des chiropteres de Guyane francaise', Le Rhinolophe 19:103-145. OPEN PDF on the authors' own site, FULL TEXT AND ALL TABLES FETCHED. Time-expansion x10 recordings 2001-2011, Pettersson D1000X/D980/D240X, BatSound analysis. 2526 signals, 379 sequences, 80 species of French Guiana's 103. Method combines AUDITORY analysis (structure, sonority, energy distribution) with computer analysis - the auditory criteria are load-bearing, not decorative. Emballonurid FME is on HARMONIC 1 (rarely the fundamental in Rhynchonycteris naso). Value is the MEDIAN with min-max range. The paper calls this family 'a perfect example of acoustic niches within a taxonomic group: each species' sonar has certainly undergone character displacement to avoid interspecific overlap.'"
mst-b1576a6ced6d6e,1005093,Sturnira tildae,exact,barataud-2013-guyane,supplied worksheet record BAT02603 (southamerica_guianas),barataud-2013-guyane-unstated,unspecified,,,,unspecified,,French Guiana,,,,30,duration,species_summary,1.8,,,ms,,,2,1.8,definition_unstated,"Imported from MASTER_call_records.csv record BAT02603; upload archive sha256 17ffdda2ba6929d03dabcce39119e90d4ee10712fdf690885b3d4a5128d3e464. Barataud, Giosa, Leblanc, Rufray, Disca, Tillon, Delaval, Haquart & Dewynter 2013, 'Identification et ecologie acoustique des chiropteres de Guyane francaise', Le Rhinolophe 19:103-145. OPEN PDF on the authors' own site, FULL TEXT AND ALL TABLES FETCHED. Time-expansion x10 recordings 2001-2011, Pettersson D1000X/D980/D240X, BatSound analysis. 2526 signals, 379 sequences, 80 species of French Guiana's 103. Method combines AUDITORY analysis (structure, sonority, energy distribution) with computer analysis - the auditory criteria are load-bearing, not decorative. Dominant harmonic = H1."
mst-b1e7fc8bb8748b,1004781,Cormura brevirostris,exact,barataud-2013-guyane,supplied worksheet record BAT02397 (southamerica_guianas),barataud-2013-guyane-unstated,unspecified,,,,unspecified,,French Guiana,,,,33,peak_frequency,median,29.4,,,kHz,,,2,29.4 27.5-30.0,definition_unstated,"Imported from MASTER_call_records.csv record BAT02397; upload archive sha256 17ffdda2ba6929d03dabcce39119e90d4ee10712fdf690885b3d4a5128d3e464. [HARMONIC NORMALISED: original trait 'fmaxE_H1_kHz'] [alternation_type=moyen (mid)] | Barataud, Giosa, Leblanc, Rufray, Disca, Tillon, Delaval, Haquart & Dewynter 2013, 'Identification et ecologie acoustique des chiropteres de Guyane francaise', Le Rhinolophe 19:103-145. OPEN PDF on the authors' own site, FULL TEXT AND ALL TABLES FETCHED. Time-expansion x10 recordings 2001-2011, Pettersson D1000X/D980/D240X, BatSound analysis. 2526 signals, 379 sequences, 80 species of French Guiana's 103. Method combines AUDITORY analysis (structure, sonority, energy distribution) with computer analysis - the auditory criteria are load-bearing, not decorative. Emballonurid FME is on HARMONIC 1 (rarely the fundamental in Rhynchonycteris naso). Value is the MEDIAN with min-max range. The paper calls this family 'a perfect example of acoustic niches within a taxonomic group: each species' sonar has certainly undergone character displacement to avoid interspecific overlap.'"
mst-b511e17674e94c,1005037,Platyrrhinus brachycephalus,exact,barataud-2013-guyane,supplied worksheet record BAT02588 (southamerica_guianas),barataud-2013-guyane-unstated,unspecified,,,,unspecified,,French Guiana,,,,10,bandwidth,species_summary,39.5,,,kHz,,,4,39.5,definition_unstated,"Imported from MASTER_call_records.csv record BAT02588; upload archive sha256 17ffdda2ba6929d03dabcce39119e90d4ee10712fdf690885b3d4a5128d3e464. Barataud, Giosa, Leblanc, Rufray, Disca, Tillon, Delaval, Haquart & Dewynter 2013, 'Identification et ecologie acoustique des chiropteres de Guyane francaise', Le Rhinolophe 19:103-145. OPEN PDF on the authors' own site, FULL TEXT AND ALL TABLES FETCHED. Time-expansion x10 recordings 2001-2011, Pettersson D1000X/D980/D240X, BatSound analysis. 2526 signals, 379 sequences, 80 species of French Guiana's 103. Method combines AUDITORY analysis (structure, sonority, energy distribution) with computer analysis - the auditory criteria are load-bearing, not decorative."
mst-b6b4edf70da329,1004962,Micronycteris schmidtorum,exact,barataud-2013-guyane,supplied worksheet record BAT02485 (southamerica_guianas),barataud-2013-guyane-unstated,unspecified,,,,unspecified,,French Guiana,,,,2,bandwidth,species_summary,24.5,,,kHz,,,2,24.5,definition_unstated,"Imported from MASTER_call_records.csv record BAT02485; upload archive sha256 17ffdda2ba6929d03dabcce39119e90d4ee10712fdf690885b3d4a5128d3e464. Barataud, Giosa, Leblanc, Rufray, Disca, Tillon, Delaval, Haquart & Dewynter 2013, 'Identification et ecologie acoustique des chiropteres de Guyane francaise', Le Rhinolophe 19:103-145. OPEN PDF on the authors' own site, FULL TEXT AND ALL TABLES FETCHED. Time-expansion x10 recordings 2001-2011, Pettersson D1000X/D980/D240X, BatSound analysis. 2526 signals, 379 sequences, 80 species of French Guiana's 103. Method combines AUDITORY analysis (structure, sonority, energy distribution) with computer analysis - the auditory criteria are load-bearing, not decorative."
mst-b8208da11a23d6,1005280,Natalus tumidirostris,exact,barataud-2013-guyane,supplied worksheet record BAT02630 (southamerica_guianas),barataud-2013-guyane-unstated,unspecified,,,,unspecified,,French Guiana,,,,5,peak_frequency,mean,120.2,,,kHz,sd,5.8,2,120.2 +/- 5.8,ok,"Imported from MASTER_call_records.csv record BAT02630; upload archive sha256 17ffdda2ba6929d03dabcce39119e90d4ee10712fdf690885b3d4a5128d3e464. [HARMONIC NORMALISED: original trait 'fmaxE_H1_kHz'] Barataud et al. 2013, Le Rhinolophe 19:103-145 (open PDF, full text fetched). Single recording, July 2010 at Kaw. Duration 3.5 +/- 0.1 ms, bandwidth (H1) 77.4 +/- 29.5 kHz, FME fundamental 79.4 +/- 3.8 kHz. Whistled, no energy peak. Overlaps substantially with N. stramineus from Guadeloupe/Martinique (~120 kHz), so the two congeners are NOT cleanly separable."
mst-b9f2de05c6d61c,1004894,Anoura geoffroyi,exact,barataud-2013-guyane,supplied worksheet record BAT02427 (southamerica_guianas),barataud-2013-guyane-unstated,unspecified,,,,unspecified,,French Guiana,,,,30,peak_frequency,species_summary,103,,,kHz,,,3,103,definition_unstated,"Imported from MASTER_call_records.csv record BAT02427; upload archive sha256 17ffdda2ba6929d03dabcce39119e90d4ee10712fdf690885b3d4a5128d3e464. [HARMONIC NORMALISED: original trait 'fmaxE_H2_kHz'] Barataud, Giosa, Leblanc, Rufray, Disca, Tillon, Delaval, Haquart & Dewynter 2013, 'Identification et ecologie acoustique des chiropteres de Guyane francaise', Le Rhinolophe 19:103-145. OPEN PDF on the authors' own site, FULL TEXT AND ALL TABLES FETCHED. Time-expansion x10 recordings 2001-2011, Pettersson D1000X/D980/D240X, BatSound analysis. 2526 signals, 379 sequences, 80 species of French Guiana's 103. Method combines AUDITORY analysis (structure, sonority, energy distribution) with computer analysis - the auditory criteria are load-bearing, not decorative. Values in the source's bold type refer to the energy-richest component; this dataset records the dominant harmonic separately in the dominant_harmonic column."
mst-ba267eb3678c96,1005004,Artibeus concolor,exact,barataud-2013-guyane,supplied worksheet record BAT02554 (southamerica_guianas),barataud-2013-guyane-unstated,unspecified,,,,unspecified,,French Guiana,,,,16,peak_frequency,species_summary,34,,,kHz,,,1,34,definition_unstated,"Imported from MASTER_call_records.csv record BAT02554; upload archive sha256 17ffdda2ba6929d03dabcce39119e90d4ee10712fdf690885b3d4a5128d3e464. [HARMONIC NORMALISED: original trait 'fmaxE_fundamental_kHz'] Barataud, Giosa, Leblanc, Rufray, Disca, Tillon, Delaval, Haquart & Dewynter 2013, 'Identification et ecologie acoustique des chiropteres de Guyane francaise', Le Rhinolophe 19:103-145. OPEN PDF on the authors' own site, FULL TEXT AND ALL TABLES FETCHED. Time-expansion x10 recordings 2001-2011, Pettersson D1000X/D980/D240X, BatSound analysis. 2526 signals, 379 sequences, 80 species of French Guiana's 103. Method combines AUDITORY analysis (structure, sonority, energy distribution) with computer analysis - the auditory criteria are load-bearing, not decorative. Values in the source's bold type refer to the energy-richest component; this dataset records the dominant harmonic separately in the dominant_harmonic column."
mst-bbde35ef31ada7,1004980,Phyllostomus discolor,exact,barataud-2013-guyane,supplied worksheet record BAT02498 (southamerica_guianas),barataud-2013-guyane-unstated,unspecified,,,,unspecified,,French Guiana,,,,26,peak_frequency,species_summary,19.1,,,kHz,,,1,19.1,definition_unstated,"Imported from MASTER_call_records.csv record BAT02498; upload archive sha256 17ffdda2ba6929d03dabcce39119e90d4ee10712fdf690885b3d4a5128d3e464. [HARMONIC NORMALISED: original trait 'fmaxE_fundamental_kHz'] Barataud, Giosa, Leblanc, Rufray, Disca, Tillon, Delaval, Haquart & Dewynter 2013, 'Identification et ecologie acoustique des chiropteres de Guyane francaise', Le Rhinolophe 19:103-145. OPEN PDF on the authors' own site, FULL TEXT AND ALL TABLES FETCHED. Time-expansion x10 recordings 2001-2011, Pettersson D1000X/D980/D240X, BatSound analysis. 2526 signals, 379 sequences, 80 species of French Guiana's 103. Method combines AUDITORY analysis (structure, sonority, energy distribution) with computer analysis - the auditory criteria are load-bearing, not decorative. Values in the source's bold type refer to the energy-richest component; this dataset records the dominant harmonic separately in the dominant_harmonic column."
mst-bc2ab1ce2ba9f6,1005027,Chiroderma trinitatum,exact,barataud-2013-guyane,supplied worksheet record BAT02578 (southamerica_guianas),barataud-2013-guyane-unstated,unspecified,,,,unspecified,,French Guiana,,,,15,bandwidth,species_summary,32,,,kHz,,,3,32,definition_unstated,"Imported from MASTER_call_records.csv record BAT02578; upload archive sha256 17ffdda2ba6929d03dabcce39119e90d4ee10712fdf690885b3d4a5128d3e464. Barataud, Giosa, Leblanc, Rufray, Disca, Tillon, Delaval, Haquart & Dewynter 2013, 'Identification et ecologie acoustique des chiropteres de Guyane francaise', Le Rhinolophe 19:103-145. OPEN PDF on the authors' own site, FULL TEXT AND ALL TABLES FETCHED. Time-expansion x10 recordings 2001-2011, Pettersson D1000X/D980/D240X, BatSound analysis. 2526 signals, 379 sequences, 80 species of French Guiana's 103. Method combines AUDITORY analysis (structure, sonority, energy distribution) with computer analysis - the auditory criteria are load-bearing, not decorative."
mst-bca44be7477d99,1005205,Molossus rufus,exact,barataud-2013-guyane,supplied worksheet record BAT02645 (southamerica_guianas),barataud-2013-guyane-unstated,unspecified,,,,unspecified,,French Guiana,,,,16,peak_frequency,median,30.7,,,kHz,,,1,30.7 29.4-33.7,definition_unstated,"Imported from MASTER_call_records.csv record BAT02645; upload archive sha256 17ffdda2ba6929d03dabcce39119e90d4ee10712fdf690885b3d4a5128d3e464. [HARMONIC NORMALISED: original trait 'fmaxE_fundamental_kHz'] [alternation_type=moyen] | Barataud et al. 2013, Le Rhinolophe 19:103-145 (open PDF, full text fetched). Duration median 15.3 ms (9.1-17.9). Molossids ALWAYS carry FME on the fundamental (harmonics often absent). Most species use a succession of two or three frequency-shifted signals in cruise or early approach - the frequency-alternation pattern documented across four continents in this project."
mst-bcd6e66f9d6861,1005008,Artibeus gnomus,synonym_via_mdd,barataud-2013-guyane,supplied worksheet record BAT02560 (southamerica_guianas),barataud-2013-guyane-unstated,unspecified,,,,unspecified,,French Guiana,,,,25,peak_frequency,species_summary,76,,,kHz,,,2,76,definition_unstated,"Imported from MASTER_call_records.csv record BAT02560; upload archive sha256 17ffdda2ba6929d03dabcce39119e90d4ee10712fdf690885b3d4a5128d3e464. [HARMONIC NORMALISED: original trait 'fmaxE_H1_kHz'] Barataud, Giosa, Leblanc, Rufray, Disca, Tillon, Delaval, Haquart & Dewynter 2013, 'Identification et ecologie acoustique des chiropteres de Guyane francaise', Le Rhinolophe 19:103-145. OPEN PDF on the authors' own site, FULL TEXT AND ALL TABLES FETCHED. Time-expansion x10 recordings 2001-2011, Pettersson D1000X/D980/D240X, BatSound analysis. 2526 signals, 379 sequences, 80 species of French Guiana's 103. Method combines AUDITORY analysis (structure, sonority, energy distribution) with computer analysis - the auditory criteria are load-bearing, not decorative. Values in the source's bold type refer to the energy-richest component; this dataset records the dominant harmonic separately in the dominant_harmonic column."
mst-bd472c03905f2b,1004979,Phylloderma stenops,exact,barataud-2013-guyane,supplied worksheet record BAT02495 (southamerica_guianas),barataud-2013-guyane-unstated,unspecified,,,,unspecified,,French Guiana,,,,22,peak_frequency,species_summary,73,,,kHz,,,3,73,definition_unstated,"Imported from MASTER_call_records.csv record BAT02495; upload archive sha256 17ffdda2ba6929d03dabcce39119e90d4ee10712fdf690885b3d4a5128d3e464. [HARMONIC NORMALISED: original trait 'fmaxE_H2_kHz'] Barataud, Giosa, Leblanc, Rufray, Disca, Tillon, Delaval, Haquart & Dewynter 2013, 'Identification et ecologie acoustique des chiropteres de Guyane francaise', Le Rhinolophe 19:103-145. OPEN PDF on the authors' own site, FULL TEXT AND ALL TABLES FETCHED. Time-expansion x10 recordings 2001-2011, Pettersson D1000X/D980/D240X, BatSound analysis. 2526 signals, 379 sequences, 80 species of French Guiana's 103. Method combines AUDITORY analysis (structure, sonority, energy distribution) with computer analysis - the auditory criteria are load-bearing, not decorative. Values in the source's bold type refer to the energy-richest component; this dataset records the dominant harmonic separately in the dominant_harmonic column."
mst-bdeaeca5e4c66e,1004891,Anoura caudifera,manual,barataud-2013-guyane,supplied worksheet record BAT02422 (southamerica_guianas),barataud-2013-guyane-unstated,unspecified,,,,unspecified,,French Guiana,,,,12,peak_frequency,species_summary,102,,,kHz,,,3,102,definition_unstated,"Imported from MASTER_call_records.csv record BAT02422; upload archive sha256 17ffdda2ba6929d03dabcce39119e90d4ee10712fdf690885b3d4a5128d3e464. [HARMONIC NORMALISED: original trait 'fmaxE_H2_kHz'] Barataud, Giosa, Leblanc, Rufray, Disca, Tillon, Delaval, Haquart & Dewynter 2013, 'Identification et ecologie acoustique des chiropteres de Guyane francaise', Le Rhinolophe 19:103-145. OPEN PDF on the authors' own site, FULL TEXT AND ALL TABLES FETCHED. Time-expansion x10 recordings 2001-2011, Pettersson D1000X/D980/D240X, BatSound analysis. 2526 signals, 379 sequences, 80 species of French Guiana's 103. Method combines AUDITORY analysis (structure, sonority, energy distribution) with computer analysis - the auditory criteria are load-bearing, not decorative. Values in the source's bold type refer to the energy-richest component; this dataset records the dominant harmonic separately in the dominant_harmonic column."
mst-c03f3df9613e01,1005004,Artibeus concolor,exact,barataud-2013-guyane,supplied worksheet record BAT02553 (southamerica_guianas),barataud-2013-guyane-unstated,unspecified,,,,unspecified,,French Guiana,,,,16,bandwidth,species_summary,30.5,,,kHz,,,2,30.5,definition_unstated,"Imported from MASTER_call_records.csv record BAT02553; upload archive sha256 17ffdda2ba6929d03dabcce39119e90d4ee10712fdf690885b3d4a5128d3e464. Barataud, Giosa, Leblanc, Rufray, Disca, Tillon, Delaval, Haquart & Dewynter 2013, 'Identification et ecologie acoustique des chiropteres de Guyane francaise', Le Rhinolophe 19:103-145. OPEN PDF on the authors' own site, FULL TEXT AND ALL TABLES FETCHED. Time-expansion x10 recordings 2001-2011, Pettersson D1000X/D980/D240X, BatSound analysis. 2526 signals, 379 sequences, 80 species of French Guiana's 103. Method combines AUDITORY analysis (structure, sonority, energy distribution) with computer analysis - the auditory criteria are load-bearing, not decorative."
mst-c04821b00b9de6,1004873,Carollia brevicauda,exact,barataud-2013-guyane,supplied worksheet record BAT02531 (southamerica_guianas),barataud-2013-guyane-unstated,unspecified,,,,unspecified,,French Guiana,,,,13,peak_frequency,species_summary,31,,,kHz,,,1,31,definition_unstated,"Imported from MASTER_call_records.csv record BAT02531; upload archive sha256 17ffdda2ba6929d03dabcce39119e90d4ee10712fdf690885b3d4a5128d3e464. [HARMONIC NORMALISED: original trait 'fmaxE_fundamental_kHz'] Barataud, Giosa, Leblanc, Rufray, Disca, Tillon, Delaval, Haquart & Dewynter 2013, 'Identification et ecologie acoustique des chiropteres de Guyane francaise', Le Rhinolophe 19:103-145. OPEN PDF on the authors' own site, FULL TEXT AND ALL TABLES FETCHED. Time-expansion x10 recordings 2001-2011, Pettersson D1000X/D980/D240X, BatSound analysis. 2526 signals, 379 sequences, 80 species of French Guiana's 103. Method combines AUDITORY analysis (structure, sonority, energy distribution) with computer analysis - the auditory criteria are load-bearing, not decorative. Values in the source's bold type refer to the energy-richest component; this dataset records the dominant harmonic separately in the dominant_harmonic column."
mst-c0bcba25d8f685,1004880,Desmodus rotundus,exact,barataud-2013-guyane,supplied worksheet record BAT02454 (southamerica_guianas),barataud-2013-guyane-unstated,unspecified,,,,unspecified,,French Guiana,,,,30,peak_frequency,species_summary,81,,,kHz,,,2,81,definition_unstated,"Imported from MASTER_call_records.csv record BAT02454; upload archive sha256 17ffdda2ba6929d03dabcce39119e90d4ee10712fdf690885b3d4a5128d3e464. [HARMONIC NORMALISED: original trait 'fmaxE_H1_kHz'] Barataud, Giosa, Leblanc, Rufray, Disca, Tillon, Delaval, Haquart & Dewynter 2013, 'Identification et ecologie acoustique des chiropteres de Guyane francaise', Le Rhinolophe 19:103-145. OPEN PDF on the authors' own site, FULL TEXT AND ALL TABLES FETCHED. Time-expansion x10 recordings 2001-2011, Pettersson D1000X/D980/D240X, BatSound analysis. 2526 signals, 379 sequences, 80 species of French Guiana's 103. Method combines AUDITORY analysis (structure, sonority, energy distribution) with computer analysis - the auditory criteria are load-bearing, not decorative. Values in the source's bold type refer to the energy-richest component; this dataset records the dominant harmonic separately in the dominant_harmonic column."
mst-c0f7755949b67b,1004880,Desmodus rotundus,exact,barataud-2013-guyane,supplied worksheet record BAT02452 (southamerica_guianas),barataud-2013-guyane-unstated,unspecified,,,,unspecified,,French Guiana,,,,30,bandwidth,species_summary,30.5,,,kHz,,,2,30.5,definition_unstated,"Imported from MASTER_call_records.csv record BAT02452; upload archive sha256 17ffdda2ba6929d03dabcce39119e90d4ee10712fdf690885b3d4a5128d3e464. Barataud, Giosa, Leblanc, Rufray, Disca, Tillon, Delaval, Haquart & Dewynter 2013, 'Identification et ecologie acoustique des chiropteres de Guyane francaise', Le Rhinolophe 19:103-145. OPEN PDF on the authors' own site, FULL TEXT AND ALL TABLES FETCHED. Time-expansion x10 recordings 2001-2011, Pettersson D1000X/D980/D240X, BatSound analysis. 2526 signals, 379 sequences, 80 species of French Guiana's 103. Method combines AUDITORY analysis (structure, sonority, energy distribution) with computer analysis - the auditory criteria are load-bearing, not decorative."
mst-c2378434bf4ba0,1004920,Glyphonycteris daviesi,exact,barataud-2013-guyane,supplied worksheet record BAT02461 (southamerica_guianas),barataud-2013-guyane-unstated,unspecified,,,,unspecified,,French Guiana,,,,11,duration,species_summary,1.6,,,ms,,,2,1.6,definition_unstated,"Imported from MASTER_call_records.csv record BAT02461; upload archive sha256 17ffdda2ba6929d03dabcce39119e90d4ee10712fdf690885b3d4a5128d3e464. Barataud, Giosa, Leblanc, Rufray, Disca, Tillon, Delaval, Haquart & Dewynter 2013, 'Identification et ecologie acoustique des chiropteres de Guyane francaise', Le Rhinolophe 19:103-145. OPEN PDF on the authors' own site, FULL TEXT AND ALL TABLES FETCHED. Time-expansion x10 recordings 2001-2011, Pettersson D1000X/D980/D240X, BatSound analysis. 2526 signals, 379 sequences, 80 species of French Guiana's 103. Method combines AUDITORY analysis (structure, sonority, energy distribution) with computer analysis - the auditory criteria are load-bearing, not decorative. Dominant harmonic = H1."
mst-c387b30d71c311,1005166,Cynomops abrasus,exact,barataud-2013-guyane,supplied worksheet record BAT02648 (southamerica_guianas),barataud-2013-guyane-unstated,unspecified,,,,unspecified,,French Guiana,,,,25,peak_frequency,median,22.3,,,kHz,,,1,22.3 18.8-26.5,definition_unstated,"Imported from MASTER_call_records.csv record BAT02648; upload archive sha256 17ffdda2ba6929d03dabcce39119e90d4ee10712fdf690885b3d4a5128d3e464. [HARMONIC NORMALISED: original trait 'fmaxE_fundamental_kHz'] [alternation_type=bas] | Barataud et al. 2013, Le Rhinolophe 19:103-145 (open PDF, full text fetched). Duration median 12.5 ms (9.0-20.0). Molossids ALWAYS carry FME on the fundamental (harmonics often absent). Most species use a succession of two or three frequency-shifted signals in cruise or early approach - the frequency-alternation pattern documented across four continents in this project."
mst-c3a0b54bb51112,1004894,Anoura geoffroyi,exact,barataud-2013-guyane,supplied worksheet record BAT02424 (southamerica_guianas),barataud-2013-guyane-unstated,unspecified,,,,unspecified,,French Guiana,,,,30,bandwidth,species_summary,44,,,kHz,,,2,44,definition_unstated,"Imported from MASTER_call_records.csv record BAT02424; upload archive sha256 17ffdda2ba6929d03dabcce39119e90d4ee10712fdf690885b3d4a5128d3e464. Barataud, Giosa, Leblanc, Rufray, Disca, Tillon, Delaval, Haquart & Dewynter 2013, 'Identification et ecologie acoustique des chiropteres de Guyane francaise', Le Rhinolophe 19:103-145. OPEN PDF on the authors' own site, FULL TEXT AND ALL TABLES FETCHED. Time-expansion x10 recordings 2001-2011, Pettersson D1000X/D980/D240X, BatSound analysis. 2526 signals, 379 sequences, 80 species of French Guiana's 103. Method combines AUDITORY analysis (structure, sonority, energy distribution) with computer analysis - the auditory criteria are load-bearing, not decorative."
mst-c41c543cb8089c,1005013,Artibeus obscurus,exact,barataud-2013-guyane,supplied worksheet record BAT02571 (southamerica_guianas),barataud-2013-guyane-unstated,unspecified,,,,unspecified,,French Guiana,,,,26,peak_frequency,species_summary,70,,,kHz,,,3,70,definition_unstated,"Imported from MASTER_call_records.csv record BAT02571; upload archive sha256 17ffdda2ba6929d03dabcce39119e90d4ee10712fdf690885b3d4a5128d3e464. [HARMONIC NORMALISED: original trait 'fmaxE_H2_kHz'] Barataud, Giosa, Leblanc, Rufray, Disca, Tillon, Delaval, Haquart & Dewynter 2013, 'Identification et ecologie acoustique des chiropteres de Guyane francaise', Le Rhinolophe 19:103-145. OPEN PDF on the authors' own site, FULL TEXT AND ALL TABLES FETCHED. Time-expansion x10 recordings 2001-2011, Pettersson D1000X/D980/D240X, BatSound analysis. 2526 signals, 379 sequences, 80 species of French Guiana's 103. Method combines AUDITORY analysis (structure, sonority, energy distribution) with computer analysis - the auditory criteria are load-bearing, not decorative. Values in the source's bold type refer to the energy-richest component; this dataset records the dominant harmonic separately in the dominant_harmonic column."
mst-c4e4397eafa442,1005066,Vampyressa brocki,synonym_via_mdd,barataud-2013-guyane,supplied worksheet record BAT02617 (southamerica_guianas),barataud-2013-guyane-unstated,unspecified,,,,unspecified,,French Guiana,,,,8,peak_frequency,species_summary,83,,,kHz,,,3,83,definition_unstated,"Imported from MASTER_call_records.csv record BAT02617; upload archive sha256 17ffdda2ba6929d03dabcce39119e90d4ee10712fdf690885b3d4a5128d3e464. [HARMONIC NORMALISED: original trait 'fmaxE_H2_kHz'] Barataud, Giosa, Leblanc, Rufray, Disca, Tillon, Delaval, Haquart & Dewynter 2013, 'Identification et ecologie acoustique des chiropteres de Guyane francaise', Le Rhinolophe 19:103-145. OPEN PDF on the authors' own site, FULL TEXT AND ALL TABLES FETCHED. Time-expansion x10 recordings 2001-2011, Pettersson D1000X/D980/D240X, BatSound analysis. 2526 signals, 379 sequences, 80 species of French Guiana's 103. Method combines AUDITORY analysis (structure, sonority, energy distribution) with computer analysis - the auditory criteria are load-bearing, not decorative. Values in the source's bold type refer to the energy-richest component; this dataset records the dominant harmonic separately in the dominant_harmonic column."
mst-c7cc05972127a3,1004977,Lophostoma schulzi,exact,barataud-2013-guyane,supplied worksheet record BAT02473 (southamerica_guianas),barataud-2013-guyane-unstated,unspecified,,,,unspecified,,French Guiana,,,,8,peak_frequency,species_summary,56,,,kHz,,,2,56,definition_unstated,"Imported from MASTER_call_records.csv record BAT02473; upload archive sha256 17ffdda2ba6929d03dabcce39119e90d4ee10712fdf690885b3d4a5128d3e464. [HARMONIC NORMALISED: original trait 'fmaxE_H1_kHz'] Barataud, Giosa, Leblanc, Rufray, Disca, Tillon, Delaval, Haquart & Dewynter 2013, 'Identification et ecologie acoustique des chiropteres de Guyane francaise', Le Rhinolophe 19:103-145. OPEN PDF on the authors' own site, FULL TEXT AND ALL TABLES FETCHED. Time-expansion x10 recordings 2001-2011, Pettersson D1000X/D980/D240X, BatSound analysis. 2526 signals, 379 sequences, 80 species of French Guiana's 103. Method combines AUDITORY analysis (structure, sonority, energy distribution) with computer analysis - the auditory criteria are load-bearing, not decorative. Values in the source's bold type refer to the energy-richest component; this dataset records the dominant harmonic separately in the dominant_harmonic column."
mst-c915ab4e005c8b,1005068,Vampyrodes caraccioli,exact,barataud-2013-guyane,supplied worksheet record BAT02619 (southamerica_guianas),barataud-2013-guyane-unstated,unspecified,,,,unspecified,,French Guiana,,,,6,bandwidth,species_summary,37,,,kHz,,,3,37,definition_unstated,"Imported from MASTER_call_records.csv record BAT02619; upload archive sha256 17ffdda2ba6929d03dabcce39119e90d4ee10712fdf690885b3d4a5128d3e464. Barataud, Giosa, Leblanc, Rufray, Disca, Tillon, Delaval, Haquart & Dewynter 2013, 'Identification et ecologie acoustique des chiropteres de Guyane francaise', Le Rhinolophe 19:103-145. OPEN PDF on the authors' own site, FULL TEXT AND ALL TABLES FETCHED. Time-expansion x10 recordings 2001-2011, Pettersson D1000X/D980/D240X, BatSound analysis. 2526 signals, 379 sequences, 80 species of French Guiana's 103. Method combines AUDITORY analysis (structure, sonority, energy distribution) with computer analysis - the auditory criteria are load-bearing, not decorative."
mst-cbe2e51cffeea9,1004881,Diaemus youngi,exact,barataud-2013-guyane,supplied worksheet record BAT02456 (southamerica_guianas),barataud-2013-guyane-unstated,unspecified,,,,unspecified,,French Guiana,,,,30,duration,species_summary,2.7,,,ms,,,2,2.7,definition_unstated,"Imported from MASTER_call_records.csv record BAT02456; upload archive sha256 17ffdda2ba6929d03dabcce39119e90d4ee10712fdf690885b3d4a5128d3e464. Barataud, Giosa, Leblanc, Rufray, Disca, Tillon, Delaval, Haquart & Dewynter 2013, 'Identification et ecologie acoustique des chiropteres de Guyane francaise', Le Rhinolophe 19:103-145. OPEN PDF on the authors' own site, FULL TEXT AND ALL TABLES FETCHED. Time-expansion x10 recordings 2001-2011, Pettersson D1000X/D980/D240X, BatSound analysis. 2526 signals, 379 sequences, 80 species of French Guiana's 103. Method combines AUDITORY analysis (structure, sonority, energy distribution) with computer analysis - the auditory criteria are load-bearing, not decorative. Dominant harmonic = H1."
mst-cc64f172fcf4ce,1004794,Saccopteryx bilineata,exact,barataud-2013-guyane,supplied worksheet record BAT02400 (southamerica_guianas),barataud-2013-guyane-unstated,unspecified,,,,unspecified,,French Guiana,,,,20,peak_frequency,median,44.1,,,kHz,,,2,44.1 44.0-44.3,definition_unstated,"Imported from MASTER_call_records.csv record BAT02400; upload archive sha256 17ffdda2ba6929d03dabcce39119e90d4ee10712fdf690885b3d4a5128d3e464. [HARMONIC NORMALISED: original trait 'fmaxE_H1_kHz'] [alternation_type=haut (high)] | Barataud, Giosa, Leblanc, Rufray, Disca, Tillon, Delaval, Haquart & Dewynter 2013, 'Identification et ecologie acoustique des chiropteres de Guyane francaise', Le Rhinolophe 19:103-145. OPEN PDF on the authors' own site, FULL TEXT AND ALL TABLES FETCHED. Time-expansion x10 recordings 2001-2011, Pettersson D1000X/D980/D240X, BatSound analysis. 2526 signals, 379 sequences, 80 species of French Guiana's 103. Method combines AUDITORY analysis (structure, sonority, energy distribution) with computer analysis - the auditory criteria are load-bearing, not decorative. Emballonurid FME is on HARMONIC 1 (rarely the fundamental in Rhynchonycteris naso). Value is the MEDIAN with min-max range. The paper calls this family 'a perfect example of acoustic niches within a taxonomic group: each species' sonar has certainly undergone character displacement to avoid interspecific overlap.'"
mst-cdae84737d4c37,1004877,Carollia perspicillata,exact,barataud-2013-guyane,supplied worksheet record BAT02536 (southamerica_guianas),barataud-2013-guyane-unstated,unspecified,,,,unspecified,,French Guiana,,,,17,peak_frequency,species_summary,31,,,kHz,,,1,31,definition_unstated,"Imported from MASTER_call_records.csv record BAT02536; upload archive sha256 17ffdda2ba6929d03dabcce39119e90d4ee10712fdf690885b3d4a5128d3e464. [HARMONIC NORMALISED: original trait 'fmaxE_fundamental_kHz'] Barataud, Giosa, Leblanc, Rufray, Disca, Tillon, Delaval, Haquart & Dewynter 2013, 'Identification et ecologie acoustique des chiropteres de Guyane francaise', Le Rhinolophe 19:103-145. OPEN PDF on the authors' own site, FULL TEXT AND ALL TABLES FETCHED. Time-expansion x10 recordings 2001-2011, Pettersson D1000X/D980/D240X, BatSound analysis. 2526 signals, 379 sequences, 80 species of French Guiana's 103. Method combines AUDITORY analysis (structure, sonority, energy distribution) with computer analysis - the auditory criteria are load-bearing, not decorative. Values in the source's bold type refer to the energy-richest component; this dataset records the dominant harmonic separately in the dominant_harmonic column."
mst-d27501ae895bb0,1005013,Artibeus obscurus,exact,barataud-2013-guyane,supplied worksheet record BAT02569 (southamerica_guianas),barataud-2013-guyane-unstated,unspecified,,,,unspecified,,French Guiana,,,,26,peak_frequency,species_summary,23,,,kHz,,,1,23,definition_unstated,"Imported from MASTER_call_records.csv record BAT02569; upload archive sha256 17ffdda2ba6929d03dabcce39119e90d4ee10712fdf690885b3d4a5128d3e464. [HARMONIC NORMALISED: original trait 'fmaxE_fundamental_kHz'] Barataud, Giosa, Leblanc, Rufray, Disca, Tillon, Delaval, Haquart & Dewynter 2013, 'Identification et ecologie acoustique des chiropteres de Guyane francaise', Le Rhinolophe 19:103-145. OPEN PDF on the authors' own site, FULL TEXT AND ALL TABLES FETCHED. Time-expansion x10 recordings 2001-2011, Pettersson D1000X/D980/D240X, BatSound analysis. 2526 signals, 379 sequences, 80 species of French Guiana's 103. Method combines AUDITORY analysis (structure, sonority, energy distribution) with computer analysis - the auditory criteria are load-bearing, not decorative. Values in the source's bold type refer to the energy-richest component; this dataset records the dominant harmonic separately in the dominant_harmonic column."
mst-d31b417af09833,1005004,Artibeus concolor,exact,barataud-2013-guyane,supplied worksheet record BAT02556 (southamerica_guianas),barataud-2013-guyane-unstated,unspecified,,,,unspecified,,French Guiana,,,,16,peak_frequency,species_summary,85,,,kHz,,,3,85,definition_unstated,"Imported from MASTER_call_records.csv record BAT02556; upload archive sha256 17ffdda2ba6929d03dabcce39119e90d4ee10712fdf690885b3d4a5128d3e464. [HARMONIC NORMALISED: original trait 'fmaxE_H2_kHz'] Barataud, Giosa, Leblanc, Rufray, Disca, Tillon, Delaval, Haquart & Dewynter 2013, 'Identification et ecologie acoustique des chiropteres de Guyane francaise', Le Rhinolophe 19:103-145. OPEN PDF on the authors' own site, FULL TEXT AND ALL TABLES FETCHED. Time-expansion x10 recordings 2001-2011, Pettersson D1000X/D980/D240X, BatSound analysis. 2526 signals, 379 sequences, 80 species of French Guiana's 103. Method combines AUDITORY analysis (structure, sonority, energy distribution) with computer analysis - the auditory criteria are load-bearing, not decorative. Values in the source's bold type refer to the energy-richest component; this dataset records the dominant harmonic separately in the dominant_harmonic column."
mst-d369f073430ec3,1005081,Sturnira lilium,exact,barataud-2013-guyane,supplied worksheet record BAT02599 (southamerica_guianas),barataud-2013-guyane-unstated,unspecified,,,,unspecified,,French Guiana,,,,20,bandwidth,species_summary,45.5,,,kHz,,,3,45.5,definition_unstated,"Imported from MASTER_call_records.csv record BAT02599; upload archive sha256 17ffdda2ba6929d03dabcce39119e90d4ee10712fdf690885b3d4a5128d3e464. Barataud, Giosa, Leblanc, Rufray, Disca, Tillon, Delaval, Haquart & Dewynter 2013, 'Identification et ecologie acoustique des chiropteres de Guyane francaise', Le Rhinolophe 19:103-145. OPEN PDF on the authors' own site, FULL TEXT AND ALL TABLES FETCHED. Time-expansion x10 recordings 2001-2011, Pettersson D1000X/D980/D240X, BatSound analysis. 2526 signals, 379 sequences, 80 species of French Guiana's 103. Method combines AUDITORY analysis (structure, sonority, energy distribution) with computer analysis - the auditory criteria are load-bearing, not decorative."
mst-d6be5992f728d6,1005256,Promops centralis,exact,barataud-2013-guyane,supplied worksheet record BAT02656 (southamerica_guianas),barataud-2013-guyane-unstated,unspecified,,,,unspecified,,French Guiana,,,,3,peak_frequency,median,35.4,,,kHz,,,1,35.4 33.7-36.7,definition_unstated,"Imported from MASTER_call_records.csv record BAT02656; upload archive sha256 17ffdda2ba6929d03dabcce39119e90d4ee10712fdf690885b3d4a5128d3e464. [HARMONIC NORMALISED: original trait 'fmaxE_fundamental_kHz'] [alternation_type=moyen] | Barataud et al. 2013, Le Rhinolophe 19:103-145 (open PDF, full text fetched). Duration median 14.1 ms (13.2-14.8). Molossids ALWAYS carry FME on the fundamental (harmonics often absent). Most species use a succession of two or three frequency-shifted signals in cruise or early approach - the frequency-alternation pattern documented across four continents in this project."
mst-d716410e0f8d51,1004927,Lonchophylla thomasi,synonym_via_mdd,barataud-2013-guyane,supplied worksheet record BAT02450 (southamerica_guianas),barataud-2013-guyane-unstated,unspecified,,,,unspecified,,French Guiana,,,,20,peak_frequency,species_summary,98.5,,,kHz,,,3,98.5,definition_unstated,"Imported from MASTER_call_records.csv record BAT02450; upload archive sha256 17ffdda2ba6929d03dabcce39119e90d4ee10712fdf690885b3d4a5128d3e464. [HARMONIC NORMALISED: original trait 'fmaxE_H2_kHz'] Barataud, Giosa, Leblanc, Rufray, Disca, Tillon, Delaval, Haquart & Dewynter 2013, 'Identification et ecologie acoustique des chiropteres de Guyane francaise', Le Rhinolophe 19:103-145. OPEN PDF on the authors' own site, FULL TEXT AND ALL TABLES FETCHED. Time-expansion x10 recordings 2001-2011, Pettersson D1000X/D980/D240X, BatSound analysis. 2526 signals, 379 sequences, 80 species of French Guiana's 103. Method combines AUDITORY analysis (structure, sonority, energy distribution) with computer analysis - the auditory criteria are load-bearing, not decorative. Values in the source's bold type refer to the energy-richest component; this dataset records the dominant harmonic separately in the dominant_harmonic column."
mst-d9280651ff575a,1004994,Rhinophylla pumilio,exact,barataud-2013-guyane,supplied worksheet record BAT02543 (southamerica_guianas),barataud-2013-guyane-unstated,unspecified,,,,unspecified,,French Guiana,,,,13,peak_frequency,species_summary,86,,,kHz,,,3,86,definition_unstated,"Imported from MASTER_call_records.csv record BAT02543; upload archive sha256 17ffdda2ba6929d03dabcce39119e90d4ee10712fdf690885b3d4a5128d3e464. [HARMONIC NORMALISED: original trait 'fmaxE_H2_kHz'] Barataud, Giosa, Leblanc, Rufray, Disca, Tillon, Delaval, Haquart & Dewynter 2013, 'Identification et ecologie acoustique des chiropteres de Guyane francaise', Le Rhinolophe 19:103-145. OPEN PDF on the authors' own site, FULL TEXT AND ALL TABLES FETCHED. Time-expansion x10 recordings 2001-2011, Pettersson D1000X/D980/D240X, BatSound analysis. 2526 signals, 379 sequences, 80 species of French Guiana's 103. Method combines AUDITORY analysis (structure, sonority, energy distribution) with computer analysis - the auditory criteria are load-bearing, not decorative. Values in the source's bold type refer to the energy-richest component; this dataset records the dominant harmonic separately in the dominant_harmonic column."
mst-dd56985b16c753,1004983,Phyllostomus latifolius,exact,barataud-2013-guyane,supplied worksheet record BAT02512 (southamerica_guianas),barataud-2013-guyane-unstated,unspecified,,,,unspecified,,French Guiana,,,,30,peak_frequency,species_summary,33.7,,,kHz,,,2,33.7,definition_unstated,"Imported from MASTER_call_records.csv record BAT02512; upload archive sha256 17ffdda2ba6929d03dabcce39119e90d4ee10712fdf690885b3d4a5128d3e464. [HARMONIC NORMALISED: original trait 'fmaxE_H1_kHz'] Barataud, Giosa, Leblanc, Rufray, Disca, Tillon, Delaval, Haquart & Dewynter 2013, 'Identification et ecologie acoustique des chiropteres de Guyane francaise', Le Rhinolophe 19:103-145. OPEN PDF on the authors' own site, FULL TEXT AND ALL TABLES FETCHED. Time-expansion x10 recordings 2001-2011, Pettersson D1000X/D980/D240X, BatSound analysis. 2526 signals, 379 sequences, 80 species of French Guiana's 103. Method combines AUDITORY analysis (structure, sonority, energy distribution) with computer analysis - the auditory criteria are load-bearing, not decorative. Values in the source's bold type refer to the energy-richest component; this dataset records the dominant harmonic separately in the dominant_harmonic column."
mst-ddfa79d3ac85fa,1005008,Artibeus gnomus,synonym_via_mdd,barataud-2013-guyane,supplied worksheet record BAT02558 (southamerica_guianas),barataud-2013-guyane-unstated,unspecified,,,,unspecified,,French Guiana,,,,25,bandwidth,species_summary,50,,,kHz,,,2,50,definition_unstated,"Imported from MASTER_call_records.csv record BAT02558; upload archive sha256 17ffdda2ba6929d03dabcce39119e90d4ee10712fdf690885b3d4a5128d3e464. Barataud, Giosa, Leblanc, Rufray, Disca, Tillon, Delaval, Haquart & Dewynter 2013, 'Identification et ecologie acoustique des chiropteres de Guyane francaise', Le Rhinolophe 19:103-145. OPEN PDF on the authors' own site, FULL TEXT AND ALL TABLES FETCHED. Time-expansion x10 recordings 2001-2011, Pettersson D1000X/D980/D240X, BatSound analysis. 2526 signals, 379 sequences, 80 species of French Guiana's 103. Method combines AUDITORY analysis (structure, sonority, energy distribution) with computer analysis - the auditory criteria are load-bearing, not decorative."
mst-de4b8324f6b3ef,1004973,Lophostoma carrikeri,exact,barataud-2013-guyane,supplied worksheet record BAT02468 (southamerica_guianas),barataud-2013-guyane-unstated,unspecified,,,,unspecified,,French Guiana,,,,8,peak_frequency,species_summary,26,,,kHz,,,1,26,definition_unstated,"Imported from MASTER_call_records.csv record BAT02468; upload archive sha256 17ffdda2ba6929d03dabcce39119e90d4ee10712fdf690885b3d4a5128d3e464. [HARMONIC NORMALISED: original trait 'fmaxE_fundamental_kHz'] Barataud, Giosa, Leblanc, Rufray, Disca, Tillon, Delaval, Haquart & Dewynter 2013, 'Identification et ecologie acoustique des chiropteres de Guyane francaise', Le Rhinolophe 19:103-145. OPEN PDF on the authors' own site, FULL TEXT AND ALL TABLES FETCHED. Time-expansion x10 recordings 2001-2011, Pettersson D1000X/D980/D240X, BatSound analysis. 2526 signals, 379 sequences, 80 species of French Guiana's 103. Method combines AUDITORY analysis (structure, sonority, energy distribution) with computer analysis - the auditory criteria are load-bearing, not decorative. Values in the source's bold type refer to the energy-richest component; this dataset records the dominant harmonic separately in the dominant_harmonic column."
mst-dfbd7dbc18115c,1005095,Thyroptera discifera,exact,barataud-2013-guyane,supplied worksheet record BAT02627 (southamerica_guianas),barataud-2013-guyane-unstated,unspecified,,,,unspecified,,French Guiana,,,,10,peak_frequency,species_summary,52.5,,,kHz,,,1,52.5,definition_unstated,"Imported from MASTER_call_records.csv record BAT02627; upload archive sha256 17ffdda2ba6929d03dabcce39119e90d4ee10712fdf690885b3d4a5128d3e464. [HARMONIC NORMALISED: original trait 'fmaxE_fundamental_kHz'] Barataud et al. 2013, Le Rhinolophe 19:103-145 (open PDF, full text fetched). Duration 2.5 ms, bandwidth 35.5 kHz. Whistled sonority with NO differential temporal filtering between harmonics - the key separator from Phyllostomidae, which they otherwise resemble in having FM with explosive onset."
mst-e071442207ea5e,1004894,Anoura geoffroyi,exact,barataud-2013-guyane,supplied worksheet record BAT02425 (southamerica_guianas),barataud-2013-guyane-unstated,unspecified,,,,unspecified,,French Guiana,,,,30,peak_frequency,species_summary,47,,,kHz,,,1,47,definition_unstated,"Imported from MASTER_call_records.csv record BAT02425; upload archive sha256 17ffdda2ba6929d03dabcce39119e90d4ee10712fdf690885b3d4a5128d3e464. [HARMONIC NORMALISED: original trait 'fmaxE_fundamental_kHz'] Barataud, Giosa, Leblanc, Rufray, Disca, Tillon, Delaval, Haquart & Dewynter 2013, 'Identification et ecologie acoustique des chiropteres de Guyane francaise', Le Rhinolophe 19:103-145. OPEN PDF on the authors' own site, FULL TEXT AND ALL TABLES FETCHED. Time-expansion x10 recordings 2001-2011, Pettersson D1000X/D980/D240X, BatSound analysis. 2526 signals, 379 sequences, 80 species of French Guiana's 103. Method combines AUDITORY analysis (structure, sonority, energy distribution) with computer analysis - the auditory criteria are load-bearing, not decorative. Values in the source's bold type refer to the energy-richest component; this dataset records the dominant harmonic separately in the dominant_harmonic column."
mst-e2c78eb8dca29c,1005056,Uroderma bilobatum,exact,barataud-2013-guyane,supplied worksheet record BAT02612 (southamerica_guianas),barataud-2013-guyane-unstated,unspecified,,,,unspecified,,French Guiana,,,,10,peak_frequency,species_summary,83.5,,,kHz,,,3,83.5,definition_unstated,"Imported from MASTER_call_records.csv record BAT02612; upload archive sha256 17ffdda2ba6929d03dabcce39119e90d4ee10712fdf690885b3d4a5128d3e464. [HARMONIC NORMALISED: original trait 'fmaxE_H2_kHz'] Barataud, Giosa, Leblanc, Rufray, Disca, Tillon, Delaval, Haquart & Dewynter 2013, 'Identification et ecologie acoustique des chiropteres de Guyane francaise', Le Rhinolophe 19:103-145. OPEN PDF on the authors' own site, FULL TEXT AND ALL TABLES FETCHED. Time-expansion x10 recordings 2001-2011, Pettersson D1000X/D980/D240X, BatSound analysis. 2526 signals, 379 sequences, 80 species of French Guiana's 103. Method combines AUDITORY analysis (structure, sonority, energy distribution) with computer analysis - the auditory criteria are load-bearing, not decorative. Values in the source's bold type refer to the energy-richest component; this dataset records the dominant harmonic separately in the dominant_harmonic column."
mst-e48fd5de99ed14,1004927,Lonchophylla thomasi,synonym_via_mdd,barataud-2013-guyane,supplied worksheet record BAT02448 (southamerica_guianas),barataud-2013-guyane-unstated,unspecified,,,,unspecified,,French Guiana,,,,20,peak_frequency,species_summary,28,,,kHz,,,1,28,definition_unstated,"Imported from MASTER_call_records.csv record BAT02448; upload archive sha256 17ffdda2ba6929d03dabcce39119e90d4ee10712fdf690885b3d4a5128d3e464. [HARMONIC NORMALISED: original trait 'fmaxE_fundamental_kHz'] Barataud, Giosa, Leblanc, Rufray, Disca, Tillon, Delaval, Haquart & Dewynter 2013, 'Identification et ecologie acoustique des chiropteres de Guyane francaise', Le Rhinolophe 19:103-145. OPEN PDF on the authors' own site, FULL TEXT AND ALL TABLES FETCHED. Time-expansion x10 recordings 2001-2011, Pettersson D1000X/D980/D240X, BatSound analysis. 2526 signals, 379 sequences, 80 species of French Guiana's 103. Method combines AUDITORY analysis (structure, sonority, energy distribution) with computer analysis - the auditory criteria are load-bearing, not decorative. Values in the source's bold type refer to the energy-richest component; this dataset records the dominant harmonic separately in the dominant_harmonic column."
mst-e4bc6f50f97085,1004928,Lionycteris spurrelli,exact,barataud-2013-guyane,supplied worksheet record BAT02442 (southamerica_guianas),barataud-2013-guyane-unstated,unspecified,,,,unspecified,,French Guiana,,,,30,duration,species_summary,3.5,,,ms,,,2,3.5,definition_unstated,"Imported from MASTER_call_records.csv record BAT02442; upload archive sha256 17ffdda2ba6929d03dabcce39119e90d4ee10712fdf690885b3d4a5128d3e464. Barataud, Giosa, Leblanc, Rufray, Disca, Tillon, Delaval, Haquart & Dewynter 2013, 'Identification et ecologie acoustique des chiropteres de Guyane francaise', Le Rhinolophe 19:103-145. OPEN PDF on the authors' own site, FULL TEXT AND ALL TABLES FETCHED. Time-expansion x10 recordings 2001-2011, Pettersson D1000X/D980/D240X, BatSound analysis. 2526 signals, 379 sequences, 80 species of French Guiana's 103. Method combines AUDITORY analysis (structure, sonority, energy distribution) with computer analysis - the auditory criteria are load-bearing, not decorative. Dominant harmonic = H1."
mst-e4dfadac63c3c3,1004923,Trinycteris nicefori,exact,barataud-2013-guyane,supplied worksheet record BAT02525 (southamerica_guianas),barataud-2013-guyane-unstated,unspecified,,,,unspecified,,French Guiana,,,,17,bandwidth,species_summary,27,,,kHz,,,2,27,definition_unstated,"Imported from MASTER_call_records.csv record BAT02525; upload archive sha256 17ffdda2ba6929d03dabcce39119e90d4ee10712fdf690885b3d4a5128d3e464. Barataud, Giosa, Leblanc, Rufray, Disca, Tillon, Delaval, Haquart & Dewynter 2013, 'Identification et ecologie acoustique des chiropteres de Guyane francaise', Le Rhinolophe 19:103-145. OPEN PDF on the authors' own site, FULL TEXT AND ALL TABLES FETCHED. Time-expansion x10 recordings 2001-2011, Pettersson D1000X/D980/D240X, BatSound analysis. 2526 signals, 379 sequences, 80 species of French Guiana's 103. Method combines AUDITORY analysis (structure, sonority, energy distribution) with computer analysis - the auditory criteria are load-bearing, not decorative."
mst-e534e0fb70d29d,1004994,Rhinophylla pumilio,exact,barataud-2013-guyane,supplied worksheet record BAT02541 (southamerica_guianas),barataud-2013-guyane-unstated,unspecified,,,,unspecified,,French Guiana,,,,13,peak_frequency,species_summary,31,,,kHz,,,1,31,definition_unstated,"Imported from MASTER_call_records.csv record BAT02541; upload archive sha256 17ffdda2ba6929d03dabcce39119e90d4ee10712fdf690885b3d4a5128d3e464. [HARMONIC NORMALISED: original trait 'fmaxE_fundamental_kHz'] Barataud, Giosa, Leblanc, Rufray, Disca, Tillon, Delaval, Haquart & Dewynter 2013, 'Identification et ecologie acoustique des chiropteres de Guyane francaise', Le Rhinolophe 19:103-145. OPEN PDF on the authors' own site, FULL TEXT AND ALL TABLES FETCHED. Time-expansion x10 recordings 2001-2011, Pettersson D1000X/D980/D240X, BatSound analysis. 2526 signals, 379 sequences, 80 species of French Guiana's 103. Method combines AUDITORY analysis (structure, sonority, energy distribution) with computer analysis - the auditory criteria are load-bearing, not decorative. Values in the source's bold type refer to the energy-richest component; this dataset records the dominant harmonic separately in the dominant_harmonic column."
mst-e54bea48252155,1004967,Trachops cirrhosus,exact,barataud-2013-guyane,supplied worksheet record BAT02522 (southamerica_guianas),barataud-2013-guyane-unstated,unspecified,,,,unspecified,,French Guiana,,,,24,peak_frequency,species_summary,59,,,kHz,,,2,59,definition_unstated,"Imported from MASTER_call_records.csv record BAT02522; upload archive sha256 17ffdda2ba6929d03dabcce39119e90d4ee10712fdf690885b3d4a5128d3e464. [HARMONIC NORMALISED: original trait 'fmaxE_H1_kHz'] Barataud, Giosa, Leblanc, Rufray, Disca, Tillon, Delaval, Haquart & Dewynter 2013, 'Identification et ecologie acoustique des chiropteres de Guyane francaise', Le Rhinolophe 19:103-145. OPEN PDF on the authors' own site, FULL TEXT AND ALL TABLES FETCHED. Time-expansion x10 recordings 2001-2011, Pettersson D1000X/D980/D240X, BatSound analysis. 2526 signals, 379 sequences, 80 species of French Guiana's 103. Method combines AUDITORY analysis (structure, sonority, energy distribution) with computer analysis - the auditory criteria are load-bearing, not decorative. Values in the source's bold type refer to the energy-richest component; this dataset records the dominant harmonic separately in the dominant_harmonic column."
mst-e73c257dae7342,1004973,Lophostoma carrikeri,exact,barataud-2013-guyane,supplied worksheet record BAT02467 (southamerica_guianas),barataud-2013-guyane-unstated,unspecified,,,,unspecified,,French Guiana,,,,8,bandwidth,species_summary,24,,,kHz,,,2,24,definition_unstated,"Imported from MASTER_call_records.csv record BAT02467; upload archive sha256 17ffdda2ba6929d03dabcce39119e90d4ee10712fdf690885b3d4a5128d3e464. Barataud, Giosa, Leblanc, Rufray, Disca, Tillon, Delaval, Haquart & Dewynter 2013, 'Identification et ecologie acoustique des chiropteres de Guyane francaise', Le Rhinolophe 19:103-145. OPEN PDF on the authors' own site, FULL TEXT AND ALL TABLES FETCHED. Time-expansion x10 recordings 2001-2011, Pettersson D1000X/D980/D240X, BatSound analysis. 2526 signals, 379 sequences, 80 species of French Guiana's 103. Method combines AUDITORY analysis (structure, sonority, energy distribution) with computer analysis - the auditory criteria are load-bearing, not decorative."
mst-e7e9269ee4d495,1005462,Myotis riparius (littoral morphotype),exact,barataud-2013-guyane,supplied worksheet record BAT02635 (southamerica_guianas),barataud-2013-guyane-unstated,unspecified,,,,unspecified,,French Guiana,,,,20,peak_frequency,mean,55,,,kHz,sd,1.8,1,55.0 +/- 1.8,ok,"Imported from MASTER_call_records.csv record BAT02635; upload archive sha256 17ffdda2ba6929d03dabcce39119e90d4ee10712fdf690885b3d4a5128d3e464. [HARMONIC NORMALISED: original trait 'fmaxE_fundamental_kHz'] Barataud et al. 2013, Le Rhinolophe 19:103-145 (open PDF, full text fetched). Duration 5.2 +/- 1.1 ms, bandwidth 37.4 +/- 9.5 kHz, FC/total-duration ratio 36.8%. Vespertilionids share with molossids the trait of ALWAYS carrying energy on the fundamental (harmonics may be entirely absent)."
mst-e81fb10c7d9e09,1005003,Artibeus cinereus,synonym_via_mdd,barataud-2013-guyane,supplied worksheet record BAT02547 (southamerica_guianas),barataud-2013-guyane-unstated,unspecified,,,,unspecified,,French Guiana,,,,11,duration,species_summary,2,,,ms,,,2,2.0,definition_unstated,"Imported from MASTER_call_records.csv record BAT02547; upload archive sha256 17ffdda2ba6929d03dabcce39119e90d4ee10712fdf690885b3d4a5128d3e464. Barataud, Giosa, Leblanc, Rufray, Disca, Tillon, Delaval, Haquart & Dewynter 2013, 'Identification et ecologie acoustique des chiropteres de Guyane francaise', Le Rhinolophe 19:103-145. OPEN PDF on the authors' own site, FULL TEXT AND ALL TABLES FETCHED. Time-expansion x10 recordings 2001-2011, Pettersson D1000X/D980/D240X, BatSound analysis. 2526 signals, 379 sequences, 80 species of French Guiana's 103. Method combines AUDITORY analysis (structure, sonority, energy distribution) with computer analysis - the auditory criteria are load-bearing, not decorative. Dominant harmonic = H1."
mst-e84e26dacadf18,1004980,Phyllostomus discolor,exact,barataud-2013-guyane,supplied worksheet record BAT02499 (southamerica_guianas),barataud-2013-guyane-unstated,unspecified,,,,unspecified,,French Guiana,,,,26,peak_frequency,species_summary,35.1,,,kHz,,,2,35.1,definition_unstated,"Imported from MASTER_call_records.csv record BAT02499; upload archive sha256 17ffdda2ba6929d03dabcce39119e90d4ee10712fdf690885b3d4a5128d3e464. [HARMONIC NORMALISED: original trait 'fmaxE_H1_kHz'] Barataud, Giosa, Leblanc, Rufray, Disca, Tillon, Delaval, Haquart & Dewynter 2013, 'Identification et ecologie acoustique des chiropteres de Guyane francaise', Le Rhinolophe 19:103-145. OPEN PDF on the authors' own site, FULL TEXT AND ALL TABLES FETCHED. Time-expansion x10 recordings 2001-2011, Pettersson D1000X/D980/D240X, BatSound analysis. 2526 signals, 379 sequences, 80 species of French Guiana's 103. Method combines AUDITORY analysis (structure, sonority, energy distribution) with computer analysis - the auditory criteria are load-bearing, not decorative. Values in the source's bold type refer to the energy-richest component; this dataset records the dominant harmonic separately in the dominant_harmonic column."
mst-e958fc475461e7,1005518,Eptesicus furinalis,synonym_via_mdd,barataud-2013-guyane,supplied worksheet record BAT02632 (southamerica_guianas),barataud-2013-guyane-unstated,unspecified,,,,unspecified,,French Guiana,,,,47,peak_frequency,mean,41.6,,,kHz,sd,2,1,41.6 +/- 2.0,ok,"Imported from MASTER_call_records.csv record BAT02632; upload archive sha256 17ffdda2ba6929d03dabcce39119e90d4ee10712fdf690885b3d4a5128d3e464. [HARMONIC NORMALISED: original trait 'fmaxE_fundamental_kHz'] Barataud et al. 2013, Le Rhinolophe 19:103-145 (open PDF, full text fetched). Duration 6.0 +/- 1.3 ms, bandwidth 36.1 +/- 9.8 kHz, FC/total-duration ratio 50.1%. Vespertilionids share with molossids the trait of ALWAYS carrying energy on the fundamental (harmonics may be entirely absent)."
mst-eace2c5884a3cd,1004891,Anoura caudifera,manual,barataud-2013-guyane,supplied worksheet record BAT02421 (southamerica_guianas),barataud-2013-guyane-unstated,unspecified,,,,unspecified,,French Guiana,,,,12,peak_frequency,species_summary,87.5,,,kHz,,,2,87.5,definition_unstated,"Imported from MASTER_call_records.csv record BAT02421; upload archive sha256 17ffdda2ba6929d03dabcce39119e90d4ee10712fdf690885b3d4a5128d3e464. [HARMONIC NORMALISED: original trait 'fmaxE_H1_kHz'] Barataud, Giosa, Leblanc, Rufray, Disca, Tillon, Delaval, Haquart & Dewynter 2013, 'Identification et ecologie acoustique des chiropteres de Guyane francaise', Le Rhinolophe 19:103-145. OPEN PDF on the authors' own site, FULL TEXT AND ALL TABLES FETCHED. Time-expansion x10 recordings 2001-2011, Pettersson D1000X/D980/D240X, BatSound analysis. 2526 signals, 379 sequences, 80 species of French Guiana's 103. Method combines AUDITORY analysis (structure, sonority, energy distribution) with computer analysis - the auditory criteria are load-bearing, not decorative. Values in the source's bold type refer to the energy-richest component; this dataset records the dominant harmonic separately in the dominant_harmonic column."
mst-eb0f3141407cef,1004871,Noctilio leporinus,exact,barataud-2013-guyane,supplied worksheet record BAT02410 (southamerica_guianas),barataud-2013-guyane-unstated,unspecified,,,,unspecified,,French Guiana,,,,14,cf_frequency,median,57.6,,,kHz,,,1,57.6 56.3-59.3,definition_unstated,"Imported from MASTER_call_records.csv record BAT02410; upload archive sha256 17ffdda2ba6929d03dabcce39119e90d4ee10712fdf690885b3d4a5128d3e464. [alternation_type=FC/FMd narrowband] | Barataud, Giosa, Leblanc, Rufray, Disca, Tillon, Delaval, Haquart & Dewynter 2013, 'Identification et ecologie acoustique des chiropteres de Guyane francaise', Le Rhinolophe 19:103-145. OPEN PDF on the authors' own site, FULL TEXT AND ALL TABLES FETCHED. Time-expansion x10 recordings 2001-2011, Pettersson D1000X/D980/D240X, BatSound analysis. 2526 signals, 379 sequences, 80 species of French Guiana's 103. Method combines AUDITORY analysis (structure, sonority, energy distribution) with computer analysis - the auditory criteria are load-bearing, not decorative. Median bandwidth 13.0 kHz; FC-duration/total-duration ratio 70.2%. Both Noctilio alternate between narrowband (Doppler technology per Kalko & Schnitzler 1998) and broadband FC/FMd signals. The two species do NOT overlap in frequency (68-76 vs 53-61 kHz)."
mst-ebdd76ad0edad0,1005012,Artibeus lituratus,exact,barataud-2013-guyane,supplied worksheet record BAT02563 (southamerica_guianas),barataud-2013-guyane-unstated,unspecified,,,,unspecified,,French Guiana,,,,26,bandwidth,species_summary,44,,,kHz,,,2,44,definition_unstated,"Imported from MASTER_call_records.csv record BAT02563; upload archive sha256 17ffdda2ba6929d03dabcce39119e90d4ee10712fdf690885b3d4a5128d3e464. Barataud, Giosa, Leblanc, Rufray, Disca, Tillon, Delaval, Haquart & Dewynter 2013, 'Identification et ecologie acoustique des chiropteres de Guyane francaise', Le Rhinolophe 19:103-145. OPEN PDF on the authors' own site, FULL TEXT AND ALL TABLES FETCHED. Time-expansion x10 recordings 2001-2011, Pettersson D1000X/D980/D240X, BatSound analysis. 2526 signals, 379 sequences, 80 species of French Guiana's 103. Method combines AUDITORY analysis (structure, sonority, energy distribution) with computer analysis - the auditory criteria are load-bearing, not decorative."
mst-ecb46fef226000,1005515,Eptesicus chiriquinus,synonym_via_mdd,barataud-2013-guyane,supplied worksheet record BAT02631 (southamerica_guianas),barataud-2013-guyane-unstated,unspecified,,,,unspecified,,French Guiana,,,,55,peak_frequency,mean,32,,,kHz,sd,2.6,1,32 +/- 2.6,ok,"Imported from MASTER_call_records.csv record BAT02631; upload archive sha256 17ffdda2ba6929d03dabcce39119e90d4ee10712fdf690885b3d4a5128d3e464. [HARMONIC NORMALISED: original trait 'fmaxE_fundamental_kHz'] Barataud et al. 2013, Le Rhinolophe 19:103-145 (open PDF, full text fetched). Duration 7.6 +/- 1.6 ms, bandwidth 30 +/- 11.3 kHz, FC/total-duration ratio 53.9%. Vespertilionids share with molossids the trait of ALWAYS carrying energy on the fundamental (harmonics may be entirely absent)."
mst-ee6121d0713755,1004873,Carollia brevicauda,exact,barataud-2013-guyane,supplied worksheet record BAT02530 (southamerica_guianas),barataud-2013-guyane-unstated,unspecified,,,,unspecified,,French Guiana,,,,13,bandwidth,species_summary,34,,,kHz,,,3,34,definition_unstated,"Imported from MASTER_call_records.csv record BAT02530; upload archive sha256 17ffdda2ba6929d03dabcce39119e90d4ee10712fdf690885b3d4a5128d3e464. Barataud, Giosa, Leblanc, Rufray, Disca, Tillon, Delaval, Haquart & Dewynter 2013, 'Identification et ecologie acoustique des chiropteres de Guyane francaise', Le Rhinolophe 19:103-145. OPEN PDF on the authors' own site, FULL TEXT AND ALL TABLES FETCHED. Time-expansion x10 recordings 2001-2011, Pettersson D1000X/D980/D240X, BatSound analysis. 2526 signals, 379 sequences, 80 species of French Guiana's 103. Method combines AUDITORY analysis (structure, sonority, energy distribution) with computer analysis - the auditory criteria are load-bearing, not decorative."
mst-ef2ba9c2b30e96,1004920,Glyphonycteris daviesi,exact,barataud-2013-guyane,supplied worksheet record BAT02462 (southamerica_guianas),barataud-2013-guyane-unstated,unspecified,,,,unspecified,,French Guiana,,,,11,bandwidth,species_summary,26,,,kHz,,,2,26,definition_unstated,"Imported from MASTER_call_records.csv record BAT02462; upload archive sha256 17ffdda2ba6929d03dabcce39119e90d4ee10712fdf690885b3d4a5128d3e464. Barataud, Giosa, Leblanc, Rufray, Disca, Tillon, Delaval, Haquart & Dewynter 2013, 'Identification et ecologie acoustique des chiropteres de Guyane francaise', Le Rhinolophe 19:103-145. OPEN PDF on the authors' own site, FULL TEXT AND ALL TABLES FETCHED. Time-expansion x10 recordings 2001-2011, Pettersson D1000X/D980/D240X, BatSound analysis. 2526 signals, 379 sequences, 80 species of French Guiana's 103. Method combines AUDITORY analysis (structure, sonority, energy distribution) with computer analysis - the auditory criteria are load-bearing, not decorative."
mst-f05424aa76ebf0,1004994,Rhinophylla pumilio,exact,barataud-2013-guyane,supplied worksheet record BAT02539 (southamerica_guianas),barataud-2013-guyane-unstated,unspecified,,,,unspecified,,French Guiana,,,,13,duration,species_summary,1.6,,,ms,,,2,1.6,definition_unstated,"Imported from MASTER_call_records.csv record BAT02539; upload archive sha256 17ffdda2ba6929d03dabcce39119e90d4ee10712fdf690885b3d4a5128d3e464. Barataud, Giosa, Leblanc, Rufray, Disca, Tillon, Delaval, Haquart & Dewynter 2013, 'Identification et ecologie acoustique des chiropteres de Guyane francaise', Le Rhinolophe 19:103-145. OPEN PDF on the authors' own site, FULL TEXT AND ALL TABLES FETCHED. Time-expansion x10 recordings 2001-2011, Pettersson D1000X/D980/D240X, BatSound analysis. 2526 signals, 379 sequences, 80 species of French Guiana's 103. Method combines AUDITORY analysis (structure, sonority, energy distribution) with computer analysis - the auditory criteria are load-bearing, not decorative. Dominant harmonic = H1."
mst-f0c56673c285ad,1004981,Phyllostomus elongatus,exact,barataud-2013-guyane,supplied worksheet record BAT02506 (southamerica_guianas),barataud-2013-guyane-unstated,unspecified,,,,unspecified,,French Guiana,,,,12,peak_frequency,species_summary,69,,,kHz,,,4,69,definition_unstated,"Imported from MASTER_call_records.csv record BAT02506; upload archive sha256 17ffdda2ba6929d03dabcce39119e90d4ee10712fdf690885b3d4a5128d3e464. [HARMONIC NORMALISED: original trait 'fmaxE_H3_kHz'] Barataud, Giosa, Leblanc, Rufray, Disca, Tillon, Delaval, Haquart & Dewynter 2013, 'Identification et ecologie acoustique des chiropteres de Guyane francaise', Le Rhinolophe 19:103-145. OPEN PDF on the authors' own site, FULL TEXT AND ALL TABLES FETCHED. Time-expansion x10 recordings 2001-2011, Pettersson D1000X/D980/D240X, BatSound analysis. 2526 signals, 379 sequences, 80 species of French Guiana's 103. Method combines AUDITORY analysis (structure, sonority, energy distribution) with computer analysis - the auditory criteria are load-bearing, not decorative. Values in the source's bold type refer to the energy-richest component; this dataset records the dominant harmonic separately in the dominant_harmonic column."
mst-f170a79b1fe392,1004978,Lophostoma silvicolum,synonym_via_mdd,barataud-2013-guyane,supplied worksheet record BAT02478 (southamerica_guianas),barataud-2013-guyane-unstated,unspecified,,,,unspecified,,French Guiana,,,,20,peak_frequency,species_summary,56,,,kHz,,,2,56,definition_unstated,"Imported from MASTER_call_records.csv record BAT02478; upload archive sha256 17ffdda2ba6929d03dabcce39119e90d4ee10712fdf690885b3d4a5128d3e464. [HARMONIC NORMALISED: original trait 'fmaxE_H1_kHz'] Barataud, Giosa, Leblanc, Rufray, Disca, Tillon, Delaval, Haquart & Dewynter 2013, 'Identification et ecologie acoustique des chiropteres de Guyane francaise', Le Rhinolophe 19:103-145. OPEN PDF on the authors' own site, FULL TEXT AND ALL TABLES FETCHED. Time-expansion x10 recordings 2001-2011, Pettersson D1000X/D980/D240X, BatSound analysis. 2526 signals, 379 sequences, 80 species of French Guiana's 103. Method combines AUDITORY analysis (structure, sonority, energy distribution) with computer analysis - the auditory criteria are load-bearing, not decorative. Values in the source's bold type refer to the energy-richest component; this dataset records the dominant harmonic separately in the dominant_harmonic column."
mst-f1bee1c8eb118f,1004978,Lophostoma silvicolum,synonym_via_mdd,barataud-2013-guyane,supplied worksheet record BAT02476 (southamerica_guianas),barataud-2013-guyane-unstated,unspecified,,,,unspecified,,French Guiana,,,,20,bandwidth,species_summary,32,,,kHz,,,3,32,definition_unstated,"Imported from MASTER_call_records.csv record BAT02476; upload archive sha256 17ffdda2ba6929d03dabcce39119e90d4ee10712fdf690885b3d4a5128d3e464. Barataud, Giosa, Leblanc, Rufray, Disca, Tillon, Delaval, Haquart & Dewynter 2013, 'Identification et ecologie acoustique des chiropteres de Guyane francaise', Le Rhinolophe 19:103-145. OPEN PDF on the authors' own site, FULL TEXT AND ALL TABLES FETCHED. Time-expansion x10 recordings 2001-2011, Pettersson D1000X/D980/D240X, BatSound analysis. 2526 signals, 379 sequences, 80 species of French Guiana's 103. Method combines AUDITORY analysis (structure, sonority, energy distribution) with computer analysis - the auditory criteria are load-bearing, not decorative."
mst-f2d34d0f94d902,1004923,Trinycteris nicefori,exact,barataud-2013-guyane,supplied worksheet record BAT02527 (southamerica_guianas),barataud-2013-guyane-unstated,unspecified,,,,unspecified,,French Guiana,,,,17,peak_frequency,species_summary,61,,,kHz,,,2,61,definition_unstated,"Imported from MASTER_call_records.csv record BAT02527; upload archive sha256 17ffdda2ba6929d03dabcce39119e90d4ee10712fdf690885b3d4a5128d3e464. [HARMONIC NORMALISED: original trait 'fmaxE_H1_kHz'] Barataud, Giosa, Leblanc, Rufray, Disca, Tillon, Delaval, Haquart & Dewynter 2013, 'Identification et ecologie acoustique des chiropteres de Guyane francaise', Le Rhinolophe 19:103-145. OPEN PDF on the authors' own site, FULL TEXT AND ALL TABLES FETCHED. Time-expansion x10 recordings 2001-2011, Pettersson D1000X/D980/D240X, BatSound analysis. 2526 signals, 379 sequences, 80 species of French Guiana's 103. Method combines AUDITORY analysis (structure, sonority, energy distribution) with computer analysis - the auditory criteria are load-bearing, not decorative. Values in the source's bold type refer to the energy-richest component; this dataset records the dominant harmonic separately in the dominant_harmonic column."
mst-f2d37632733754,1004795,Saccopteryx canescens,exact,barataud-2013-guyane,supplied worksheet record BAT02389 (southamerica_guianas),barataud-2013-guyane-unstated,unspecified,,,,unspecified,,French Guiana,,,,30,peak_frequency,median,52.5,,,kHz,,,2,52.5 52.3-54.3,definition_unstated,"Imported from MASTER_call_records.csv record BAT02389; upload archive sha256 17ffdda2ba6929d03dabcce39119e90d4ee10712fdf690885b3d4a5128d3e464. [HARMONIC NORMALISED: original trait 'fmaxE_H1_kHz'] [alternation_type=mono] | Barataud, Giosa, Leblanc, Rufray, Disca, Tillon, Delaval, Haquart & Dewynter 2013, 'Identification et ecologie acoustique des chiropteres de Guyane francaise', Le Rhinolophe 19:103-145. OPEN PDF on the authors' own site, FULL TEXT AND ALL TABLES FETCHED. Time-expansion x10 recordings 2001-2011, Pettersson D1000X/D980/D240X, BatSound analysis. 2526 signals, 379 sequences, 80 species of French Guiana's 103. Method combines AUDITORY analysis (structure, sonority, energy distribution) with computer analysis - the auditory criteria are load-bearing, not decorative. Emballonurid FME is on HARMONIC 1 (rarely the fundamental in Rhynchonycteris naso). Value is the MEDIAN with min-max range. The paper calls this family 'a perfect example of acoustic niches within a taxonomic group: each species' sonar has certainly undergone character displacement to avoid interspecific overlap.'"
mst-f30f062240efc5,1004784,Diclidurus ingens,exact,barataud-2013-guyane,supplied worksheet record BAT02405 (southamerica_guianas),barataud-2013-guyane-unstated,unspecified,,,,unspecified,,French Guiana,,,,10,peak_frequency,median,21.8,,,kHz,,,2,21.8 20.3-23.3,definition_unstated,"Imported from MASTER_call_records.csv record BAT02405; upload archive sha256 17ffdda2ba6929d03dabcce39119e90d4ee10712fdf690885b3d4a5128d3e464. [HARMONIC NORMALISED: original trait 'fmaxE_H1_kHz'] [alternation_type=haut (high)] | Barataud, Giosa, Leblanc, Rufray, Disca, Tillon, Delaval, Haquart & Dewynter 2013, 'Identification et ecologie acoustique des chiropteres de Guyane francaise', Le Rhinolophe 19:103-145. OPEN PDF on the authors' own site, FULL TEXT AND ALL TABLES FETCHED. Time-expansion x10 recordings 2001-2011, Pettersson D1000X/D980/D240X, BatSound analysis. 2526 signals, 379 sequences, 80 species of French Guiana's 103. Method combines AUDITORY analysis (structure, sonority, energy distribution) with computer analysis - the auditory criteria are load-bearing, not decorative. Emballonurid FME is on HARMONIC 1 (rarely the fundamental in Rhynchonycteris naso). Value is the MEDIAN with min-max range. The paper calls this family 'a perfect example of acoustic niches within a taxonomic group: each species' sonar has certainly undergone character displacement to avoid interspecific overlap.'"
mst-f43fbf768fa71d,1004927,Lonchophylla thomasi,synonym_via_mdd,barataud-2013-guyane,supplied worksheet record BAT02447 (southamerica_guianas),barataud-2013-guyane-unstated,unspecified,,,,unspecified,,French Guiana,,,,20,bandwidth,species_summary,34,,,kHz,,,3,34,definition_unstated,"Imported from MASTER_call_records.csv record BAT02447; upload archive sha256 17ffdda2ba6929d03dabcce39119e90d4ee10712fdf690885b3d4a5128d3e464. Barataud, Giosa, Leblanc, Rufray, Disca, Tillon, Delaval, Haquart & Dewynter 2013, 'Identification et ecologie acoustique des chiropteres de Guyane francaise', Le Rhinolophe 19:103-145. OPEN PDF on the authors' own site, FULL TEXT AND ALL TABLES FETCHED. Time-expansion x10 recordings 2001-2011, Pettersson D1000X/D980/D240X, BatSound analysis. 2526 signals, 379 sequences, 80 species of French Guiana's 103. Method combines AUDITORY analysis (structure, sonority, energy distribution) with computer analysis - the auditory criteria are load-bearing, not decorative."
mst-f649cf062e93a3,1004969,Mimon crenulatum,synonym_via_mdd,barataud-2013-guyane,supplied worksheet record BAT02487 (southamerica_guianas),barataud-2013-guyane-unstated,unspecified,,,,unspecified,,French Guiana,,,,25,duration,species_summary,1.7,,,ms,,,3,1.7,definition_unstated,"Imported from MASTER_call_records.csv record BAT02487; upload archive sha256 17ffdda2ba6929d03dabcce39119e90d4ee10712fdf690885b3d4a5128d3e464. Barataud, Giosa, Leblanc, Rufray, Disca, Tillon, Delaval, Haquart & Dewynter 2013, 'Identification et ecologie acoustique des chiropteres de Guyane francaise', Le Rhinolophe 19:103-145. OPEN PDF on the authors' own site, FULL TEXT AND ALL TABLES FETCHED. Time-expansion x10 recordings 2001-2011, Pettersson D1000X/D980/D240X, BatSound analysis. 2526 signals, 379 sequences, 80 species of French Guiana's 103. Method combines AUDITORY analysis (structure, sonority, energy distribution) with computer analysis - the auditory criteria are load-bearing, not decorative. Dominant harmonic = H2."
mst-f667d8648f5b34,1005028,Chiroderma villosum,exact,barataud-2013-guyane,supplied worksheet record BAT02586 (southamerica_guianas),barataud-2013-guyane-unstated,unspecified,,,,unspecified,,French Guiana,,,,21,peak_frequency,species_summary,95,,,kHz,,,3,95,definition_unstated,"Imported from MASTER_call_records.csv record BAT02586; upload archive sha256 17ffdda2ba6929d03dabcce39119e90d4ee10712fdf690885b3d4a5128d3e464. [HARMONIC NORMALISED: original trait 'fmaxE_H2_kHz'] Barataud, Giosa, Leblanc, Rufray, Disca, Tillon, Delaval, Haquart & Dewynter 2013, 'Identification et ecologie acoustique des chiropteres de Guyane francaise', Le Rhinolophe 19:103-145. OPEN PDF on the authors' own site, FULL TEXT AND ALL TABLES FETCHED. Time-expansion x10 recordings 2001-2011, Pettersson D1000X/D980/D240X, BatSound analysis. 2526 signals, 379 sequences, 80 species of French Guiana's 103. Method combines AUDITORY analysis (structure, sonority, energy distribution) with computer analysis - the auditory criteria are load-bearing, not decorative. Values in the source's bold type refer to the energy-richest component; this dataset records the dominant harmonic separately in the dominant_harmonic column."
mst-f81d24184bd637,1004787,Peropteryx kappleri,exact,barataud-2013-guyane,supplied worksheet record BAT02402 (southamerica_guianas),barataud-2013-guyane-unstated,unspecified,,,,unspecified,,French Guiana,,,,20,peak_frequency,median,31.3,,,kHz,,,2,31.3 30.7-33.0,definition_unstated,"Imported from MASTER_call_records.csv record BAT02402; upload archive sha256 17ffdda2ba6929d03dabcce39119e90d4ee10712fdf690885b3d4a5128d3e464. [HARMONIC NORMALISED: original trait 'fmaxE_H1_kHz'] [alternation_type=mono] | Barataud, Giosa, Leblanc, Rufray, Disca, Tillon, Delaval, Haquart & Dewynter 2013, 'Identification et ecologie acoustique des chiropteres de Guyane francaise', Le Rhinolophe 19:103-145. OPEN PDF on the authors' own site, FULL TEXT AND ALL TABLES FETCHED. Time-expansion x10 recordings 2001-2011, Pettersson D1000X/D980/D240X, BatSound analysis. 2526 signals, 379 sequences, 80 species of French Guiana's 103. Method combines AUDITORY analysis (structure, sonority, energy distribution) with computer analysis - the auditory criteria are load-bearing, not decorative. Emballonurid FME is on HARMONIC 1 (rarely the fundamental in Rhynchonycteris naso). Value is the MEDIAN with min-max range. The paper calls this family 'a perfect example of acoustic niches within a taxonomic group: each species' sonar has certainly undergone character displacement to avoid interspecific overlap.'"
mst-f833a49f5e51e5,1005093,Sturnira tildae,exact,barataud-2013-guyane,supplied worksheet record BAT02605 (southamerica_guianas),barataud-2013-guyane-unstated,unspecified,,,,unspecified,,French Guiana,,,,30,peak_frequency,species_summary,35,,,kHz,,,1,35,definition_unstated,"Imported from MASTER_call_records.csv record BAT02605; upload archive sha256 17ffdda2ba6929d03dabcce39119e90d4ee10712fdf690885b3d4a5128d3e464. [HARMONIC NORMALISED: original trait 'fmaxE_fundamental_kHz'] Barataud, Giosa, Leblanc, Rufray, Disca, Tillon, Delaval, Haquart & Dewynter 2013, 'Identification et ecologie acoustique des chiropteres de Guyane francaise', Le Rhinolophe 19:103-145. OPEN PDF on the authors' own site, FULL TEXT AND ALL TABLES FETCHED. Time-expansion x10 recordings 2001-2011, Pettersson D1000X/D980/D240X, BatSound analysis. 2526 signals, 379 sequences, 80 species of French Guiana's 103. Method combines AUDITORY analysis (structure, sonority, energy distribution) with computer analysis - the auditory criteria are load-bearing, not decorative. Values in the source's bold type refer to the energy-richest component; this dataset records the dominant harmonic separately in the dominant_harmonic column."
mst-f934cdfcf585f3,1004980,Phyllostomus discolor,exact,barataud-2013-guyane,supplied worksheet record BAT02496 (southamerica_guianas),barataud-2013-guyane-unstated,unspecified,,,,unspecified,,French Guiana,,,,26,duration,species_summary,2.6,,,ms,,,3,2.6,definition_unstated,"Imported from MASTER_call_records.csv record BAT02496; upload archive sha256 17ffdda2ba6929d03dabcce39119e90d4ee10712fdf690885b3d4a5128d3e464. Barataud, Giosa, Leblanc, Rufray, Disca, Tillon, Delaval, Haquart & Dewynter 2013, 'Identification et ecologie acoustique des chiropteres de Guyane francaise', Le Rhinolophe 19:103-145. OPEN PDF on the authors' own site, FULL TEXT AND ALL TABLES FETCHED. Time-expansion x10 recordings 2001-2011, Pettersson D1000X/D980/D240X, BatSound analysis. 2526 signals, 379 sequences, 80 species of French Guiana's 103. Method combines AUDITORY analysis (structure, sonority, energy distribution) with computer analysis - the auditory criteria are load-bearing, not decorative. Dominant harmonic = H2."
mst-f991d6462a00ba,1004967,Trachops cirrhosus,exact,barataud-2013-guyane,supplied worksheet record BAT02521 (southamerica_guianas),barataud-2013-guyane-unstated,unspecified,,,,unspecified,,French Guiana,,,,24,peak_frequency,species_summary,27.5,,,kHz,,,1,27.5,definition_unstated,"Imported from MASTER_call_records.csv record BAT02521; upload archive sha256 17ffdda2ba6929d03dabcce39119e90d4ee10712fdf690885b3d4a5128d3e464. [HARMONIC NORMALISED: original trait 'fmaxE_fundamental_kHz'] Barataud, Giosa, Leblanc, Rufray, Disca, Tillon, Delaval, Haquart & Dewynter 2013, 'Identification et ecologie acoustique des chiropteres de Guyane francaise', Le Rhinolophe 19:103-145. OPEN PDF on the authors' own site, FULL TEXT AND ALL TABLES FETCHED. Time-expansion x10 recordings 2001-2011, Pettersson D1000X/D980/D240X, BatSound analysis. 2526 signals, 379 sequences, 80 species of French Guiana's 103. Method combines AUDITORY analysis (structure, sonority, energy distribution) with computer analysis - the auditory criteria are load-bearing, not decorative. Values in the source's bold type refer to the energy-richest component; this dataset records the dominant harmonic separately in the dominant_harmonic column."
mst-fb9fe222736ad0,1004981,Phyllostomus elongatus,exact,barataud-2013-guyane,supplied worksheet record BAT02503 (southamerica_guianas),barataud-2013-guyane-unstated,unspecified,,,,unspecified,,French Guiana,,,,12,peak_frequency,species_summary,17,,,kHz,,,1,17,definition_unstated,"Imported from MASTER_call_records.csv record BAT02503; upload archive sha256 17ffdda2ba6929d03dabcce39119e90d4ee10712fdf690885b3d4a5128d3e464. [HARMONIC NORMALISED: original trait 'fmaxE_fundamental_kHz'] Barataud, Giosa, Leblanc, Rufray, Disca, Tillon, Delaval, Haquart & Dewynter 2013, 'Identification et ecologie acoustique des chiropteres de Guyane francaise', Le Rhinolophe 19:103-145. OPEN PDF on the authors' own site, FULL TEXT AND ALL TABLES FETCHED. Time-expansion x10 recordings 2001-2011, Pettersson D1000X/D980/D240X, BatSound analysis. 2526 signals, 379 sequences, 80 species of French Guiana's 103. Method combines AUDITORY analysis (structure, sonority, energy distribution) with computer analysis - the auditory criteria are load-bearing, not decorative. Values in the source's bold type refer to the energy-richest component; this dataset records the dominant harmonic separately in the dominant_harmonic column."
mst-fc63a860b52c67,1005037,Platyrrhinus brachycephalus,exact,barataud-2013-guyane,supplied worksheet record BAT02592 (southamerica_guianas),barataud-2013-guyane-unstated,unspecified,,,,unspecified,,French Guiana,,,,10,peak_frequency,species_summary,92,,,kHz,,,4,92,definition_unstated,"Imported from MASTER_call_records.csv record BAT02592; upload archive sha256 17ffdda2ba6929d03dabcce39119e90d4ee10712fdf690885b3d4a5128d3e464. [HARMONIC NORMALISED: original trait 'fmaxE_H3_kHz'] Barataud, Giosa, Leblanc, Rufray, Disca, Tillon, Delaval, Haquart & Dewynter 2013, 'Identification et ecologie acoustique des chiropteres de Guyane francaise', Le Rhinolophe 19:103-145. OPEN PDF on the authors' own site, FULL TEXT AND ALL TABLES FETCHED. Time-expansion x10 recordings 2001-2011, Pettersson D1000X/D980/D240X, BatSound analysis. 2526 signals, 379 sequences, 80 species of French Guiana's 103. Method combines AUDITORY analysis (structure, sonority, energy distribution) with computer analysis - the auditory criteria are load-bearing, not decorative. Values in the source's bold type refer to the energy-richest component; this dataset records the dominant harmonic separately in the dominant_harmonic column."
mst-fd920302e92601,1005066,Vampyressa brocki,synonym_via_mdd,barataud-2013-guyane,supplied worksheet record BAT02616 (southamerica_guianas),barataud-2013-guyane-unstated,unspecified,,,,unspecified,,French Guiana,,,,8,peak_frequency,species_summary,73,,,kHz,,,2,73,definition_unstated,"Imported from MASTER_call_records.csv record BAT02616; upload archive sha256 17ffdda2ba6929d03dabcce39119e90d4ee10712fdf690885b3d4a5128d3e464. [HARMONIC NORMALISED: original trait 'fmaxE_H1_kHz'] Barataud, Giosa, Leblanc, Rufray, Disca, Tillon, Delaval, Haquart & Dewynter 2013, 'Identification et ecologie acoustique des chiropteres de Guyane francaise', Le Rhinolophe 19:103-145. OPEN PDF on the authors' own site, FULL TEXT AND ALL TABLES FETCHED. Time-expansion x10 recordings 2001-2011, Pettersson D1000X/D980/D240X, BatSound analysis. 2526 signals, 379 sequences, 80 species of French Guiana's 103. Method combines AUDITORY analysis (structure, sonority, energy distribution) with computer analysis - the auditory criteria are load-bearing, not decorative. Values in the source's bold type refer to the energy-richest component; this dataset records the dominant harmonic separately in the dominant_harmonic column."
mst-fe04961afef90c,1005174,Eumops auripendulus,exact,barataud-2013-guyane,supplied worksheet record BAT02654 (southamerica_guianas),barataud-2013-guyane-unstated,unspecified,,,,unspecified,,French Guiana,,,,16,peak_frequency,median,23.3,,,kHz,,,1,23.3 20.1-25.7,definition_unstated,"Imported from MASTER_call_records.csv record BAT02654; upload archive sha256 17ffdda2ba6929d03dabcce39119e90d4ee10712fdf690885b3d4a5128d3e464. [HARMONIC NORMALISED: original trait 'fmaxE_fundamental_kHz'] [alternation_type=moyen] | Barataud et al. 2013, Le Rhinolophe 19:103-145 (open PDF, full text fetched). Duration median 19.5 ms (15.1-23.4). Molossids ALWAYS carry FME on the fundamental (harmonics often absent). Most species use a succession of two or three frequency-shifted signals in cruise or early approach - the frequency-alternation pattern documented across four continents in this project."
mst-fe134b678637c2,1004969,Mimon crenulatum,synonym_via_mdd,barataud-2013-guyane,supplied worksheet record BAT02488 (southamerica_guianas),barataud-2013-guyane-unstated,unspecified,,,,unspecified,,French Guiana,,,,25,bandwidth,species_summary,22,,,kHz,,,3,22,definition_unstated,"Imported from MASTER_call_records.csv record BAT02488; upload archive sha256 17ffdda2ba6929d03dabcce39119e90d4ee10712fdf690885b3d4a5128d3e464. Barataud, Giosa, Leblanc, Rufray, Disca, Tillon, Delaval, Haquart & Dewynter 2013, 'Identification et ecologie acoustique des chiropteres de Guyane francaise', Le Rhinolophe 19:103-145. OPEN PDF on the authors' own site, FULL TEXT AND ALL TABLES FETCHED. Time-expansion x10 recordings 2001-2011, Pettersson D1000X/D980/D240X, BatSound analysis. 2526 signals, 379 sequences, 80 species of French Guiana's 103. Method combines AUDITORY analysis (structure, sonority, energy distribution) with computer analysis - the auditory criteria are load-bearing, not decorative."
mst-fe212078d882ff,1004797,Saccopteryx leptura,exact,barataud-2013-guyane,supplied worksheet record BAT02392 (southamerica_guianas),barataud-2013-guyane-unstated,unspecified,low/high,low/high,,unspecified,,French Guiana,,,,26,peak_frequency,median,47.4,,,kHz,,,2,47.4 46.6-48.7,definition_unstated,"Imported from MASTER_call_records.csv record BAT02392; upload archive sha256 17ffdda2ba6929d03dabcce39119e90d4ee10712fdf690885b3d4a5128d3e464. [HARMONIC NORMALISED: original trait 'fmaxE_H1_kHz'] [alternation_type=bas (low)] | Barataud, Giosa, Leblanc, Rufray, Disca, Tillon, Delaval, Haquart & Dewynter 2013, 'Identification et ecologie acoustique des chiropteres de Guyane francaise', Le Rhinolophe 19:103-145. OPEN PDF on the authors' own site, FULL TEXT AND ALL TABLES FETCHED. Time-expansion x10 recordings 2001-2011, Pettersson D1000X/D980/D240X, BatSound analysis. 2526 signals, 379 sequences, 80 species of French Guiana's 103. Method combines AUDITORY analysis (structure, sonority, energy distribution) with computer analysis - the auditory criteria are load-bearing, not decorative. Emballonurid FME is on HARMONIC 1 (rarely the fundamental in Rhynchonycteris naso). Value is the MEDIAN with min-max range. The paper calls this family 'a perfect example of acoustic niches within a taxonomic group: each species' sonar has certainly undergone character displacement to avoid interspecific overlap.'"
mst-fe337eb3c82bdd,1004973,Lophostoma carrikeri,exact,barataud-2013-guyane,supplied worksheet record BAT02469 (southamerica_guianas),barataud-2013-guyane-unstated,unspecified,,,,unspecified,,French Guiana,,,,8,peak_frequency,species_summary,51,,,kHz,,,2,51,definition_unstated,"Imported from MASTER_call_records.csv record BAT02469; upload archive sha256 17ffdda2ba6929d03dabcce39119e90d4ee10712fdf690885b3d4a5128d3e464. [HARMONIC NORMALISED: original trait 'fmaxE_H1_kHz'] Barataud, Giosa, Leblanc, Rufray, Disca, Tillon, Delaval, Haquart & Dewynter 2013, 'Identification et ecologie acoustique des chiropteres de Guyane francaise', Le Rhinolophe 19:103-145. OPEN PDF on the authors' own site, FULL TEXT AND ALL TABLES FETCHED. Time-expansion x10 recordings 2001-2011, Pettersson D1000X/D980/D240X, BatSound analysis. 2526 signals, 379 sequences, 80 species of French Guiana's 103. Method combines AUDITORY analysis (structure, sonority, energy distribution) with computer analysis - the auditory criteria are load-bearing, not decorative. Values in the source's bold type refer to the energy-richest component; this dataset records the dominant harmonic separately in the dominant_harmonic column."
mst-fe5b183913d8d1,1004981,Phyllostomus elongatus,exact,barataud-2013-guyane,supplied worksheet record BAT02501 (southamerica_guianas),barataud-2013-guyane-unstated,unspecified,,,,unspecified,,French Guiana,,,,12,duration,species_summary,3.1,,,ms,,,4,3.1,definition_unstated,"Imported from MASTER_call_records.csv record BAT02501; upload archive sha256 17ffdda2ba6929d03dabcce39119e90d4ee10712fdf690885b3d4a5128d3e464. Barataud, Giosa, Leblanc, Rufray, Disca, Tillon, Delaval, Haquart & Dewynter 2013, 'Identification et ecologie acoustique des chiropteres de Guyane francaise', Le Rhinolophe 19:103-145. OPEN PDF on the authors' own site, FULL TEXT AND ALL TABLES FETCHED. Time-expansion x10 recordings 2001-2011, Pettersson D1000X/D980/D240X, BatSound analysis. 2526 signals, 379 sequences, 80 species of French Guiana's 103. Method combines AUDITORY analysis (structure, sonority, energy distribution) with computer analysis - the auditory criteria are load-bearing, not decorative. Dominant harmonic = H3."
mst-ff18eb92d1ce49,1005037,Platyrrhinus brachycephalus,exact,barataud-2013-guyane,supplied worksheet record BAT02590 (southamerica_guianas),barataud-2013-guyane-unstated,unspecified,,,,unspecified,,French Guiana,,,,10,peak_frequency,species_summary,55.5,,,kHz,,,2,55.5,definition_unstated,"Imported from MASTER_call_records.csv record BAT02590; upload archive sha256 17ffdda2ba6929d03dabcce39119e90d4ee10712fdf690885b3d4a5128d3e464. [HARMONIC NORMALISED: original trait 'fmaxE_H1_kHz'] Barataud, Giosa, Leblanc, Rufray, Disca, Tillon, Delaval, Haquart & Dewynter 2013, 'Identification et ecologie acoustique des chiropteres de Guyane francaise', Le Rhinolophe 19:103-145. OPEN PDF on the authors' own site, FULL TEXT AND ALL TABLES FETCHED. Time-expansion x10 recordings 2001-2011, Pettersson D1000X/D980/D240X, BatSound analysis. 2526 signals, 379 sequences, 80 species of French Guiana's 103. Method combines AUDITORY analysis (structure, sonority, energy distribution) with computer analysis - the auditory criteria are load-bearing, not decorative. Values in the source's bold type refer to the energy-richest component; this dataset records the dominant harmonic separately in the dominant_harmonic column."
