observation_id,mdd_id,verbatim_taxon_name,taxon_match_method,reference_id,locator,method_id,call_phase,call_variant,variant_label,signal_direction,recording_condition,habitat_class,country,locality,date_or_season,n_individuals,n_calls,parameter,statistic,value,value_min,value_max,unit,dispersion_type,dispersion_value,verbatim_value,quality_flag,notes
castro2024-1004554,1004554,Craseonycteris thonglongyai,exact,castro-2024,"Table 3, row 1",castro-2024-unstated,unspecified,,,,,,,,,,,bandwidth,single,6.64,,,kHz,,,6.64,ok,
castro2024-1004554,1004554,Craseonycteris thonglongyai,exact,castro-2024,"Table 3, row 1",castro-2024-unstated,unspecified,,,,,,,,,,,body_mass,single,1.96,,,g,,,1.96,ok,
castro2024-1004554,1004554,Craseonycteris thonglongyai,exact,castro-2024,"Table 3, row 1",castro-2024-unstated,unspecified,,,,,,,,,,,duration,single,3.48,,,ms,,,3.48,ok,
castro2024-1004554,1004554,Craseonycteris thonglongyai,exact,castro-2024,"Table 3, row 1",castro-2024-unstated,unspecified,,,,,,,,,,,emission,single,oral,,,,,,oral,ok,
castro2024-1004554,1004554,Craseonycteris thonglongyai,exact,castro-2024,"Table 3, row 1",castro-2024-unstated,unspecified,,,,,,,,,,,peak_frequency,single,78.17,,,kHz,,,78.17,ok,
castro2024-1004559,1004559,Asellia tridens,exact,castro-2024,"Table 3, row 22",castro-2024-unstated,unspecified,,,,,,,,,,,bandwidth,single,21.46,,,kHz,,,21.46,ok,
castro2024-1004559,1004559,Asellia tridens,exact,castro-2024,"Table 3, row 22",castro-2024-unstated,unspecified,,,,,,,,,,,body_mass,single,12.94,,,g,,,12.94,ok,
castro2024-1004559,1004559,Asellia tridens,exact,castro-2024,"Table 3, row 22",castro-2024-unstated,unspecified,,,,,,,,,,,duration,single,5.57,,,ms,,,5.57,ok,
castro2024-1004559,1004559,Asellia tridens,exact,castro-2024,"Table 3, row 22",castro-2024-unstated,unspecified,,,,,,,,,,,emission,single,nasal,,,,,,nasal,ok,
castro2024-1004559,1004559,Asellia tridens,exact,castro-2024,"Table 3, row 22",castro-2024-unstated,unspecified,,,,,,,,,,,peak_frequency,single,114.22,,,kHz,,,114.22,ok,
castro2024-1004561,1004561,Aselliscus stoliczkanus,exact,castro-2024,"Table 3, row 23",castro-2024-unstated,unspecified,,,,,,,,,,,bandwidth,single,13.34,,,kHz,,,13.34,ok,
castro2024-1004561,1004561,Aselliscus stoliczkanus,exact,castro-2024,"Table 3, row 23",castro-2024-unstated,unspecified,,,,,,,,,,,body_mass,single,6.09,,,g,,,6.09,ok,
castro2024-1004561,1004561,Aselliscus stoliczkanus,exact,castro-2024,"Table 3, row 23",castro-2024-unstated,unspecified,,,,,,,,,,,duration,single,3.55,,,ms,,,3.55,ok,
castro2024-1004561,1004561,Aselliscus stoliczkanus,exact,castro-2024,"Table 3, row 23",castro-2024-unstated,unspecified,,,,,,,,,,,emission,single,nasal,,,,,,nasal,ok,
castro2024-1004561,1004561,Aselliscus stoliczkanus,exact,castro-2024,"Table 3, row 23",castro-2024-unstated,unspecified,,,,,,,,,,,peak_frequency,single,127.19,,,kHz,,,127.19,ok,
castro2024-1004562,1004562,Aselliscus tricuspidatus,exact,castro-2024,"Table 3, row 24",castro-2024-unstated,unspecified,,,,,,,,,,,bandwidth,single,12.81,,,kHz,,,12.81,ok,
castro2024-1004562,1004562,Aselliscus tricuspidatus,exact,castro-2024,"Table 3, row 24",castro-2024-unstated,unspecified,,,,,,,,,,,body_mass,single,4.08,,,g,,,4.08,ok,
castro2024-1004562,1004562,Aselliscus tricuspidatus,exact,castro-2024,"Table 3, row 24",castro-2024-unstated,unspecified,,,,,,,,,,,duration,single,3.31,,,ms,,,3.31,ok,
castro2024-1004562,1004562,Aselliscus tricuspidatus,exact,castro-2024,"Table 3, row 24",castro-2024-unstated,unspecified,,,,,,,,,,,emission,single,nasal,,,,,,nasal,ok,
castro2024-1004562,1004562,Aselliscus tricuspidatus,exact,castro-2024,"Table 3, row 24",castro-2024-unstated,unspecified,,,,,,,,,,,peak_frequency,single,112.82,,,kHz,,,112.82,ok,
castro2024-1004571,1004571,Hipposideros semoni,exact,castro-2024,"Table 3, row 47",castro-2024-unstated,unspecified,,,,,,,,,,,bandwidth,single,7.13,,,kHz,,,7.13,ok,
castro2024-1004571,1004571,Hipposideros semoni,exact,castro-2024,"Table 3, row 47",castro-2024-unstated,unspecified,,,,,,,,,,,body_mass,single,14,,,g,,,14,ok,
castro2024-1004571,1004571,Hipposideros semoni,exact,castro-2024,"Table 3, row 47",castro-2024-unstated,unspecified,,,,,,,,,,,duration,single,51.43,,,ms,,,51.43,ok,
castro2024-1004571,1004571,Hipposideros semoni,exact,castro-2024,"Table 3, row 47",castro-2024-unstated,unspecified,,,,,,,,,,,emission,single,nasal,,,,,,nasal,ok,
castro2024-1004571,1004571,Hipposideros semoni,exact,castro-2024,"Table 3, row 47",castro-2024-unstated,unspecified,,,,,,,,,,,peak_frequency,single,67.46,,,kHz,,,67.46,ok,
castro2024-1004572-stenotis,1004572,Doryrhina stenotis,manual,castro-2024,"Table 3, row 49",castro-2024-unstated,unspecified,,,,,,,,,,,bandwidth,single,5,,,kHz,,,5,ok,Printed in the source as a separate species; the current taxonomy treats it as Hipposideros stenotis.
castro2024-1004572-stenotis,1004572,Doryrhina stenotis,manual,castro-2024,"Table 3, row 49",castro-2024-unstated,unspecified,,,,,,,,,,,body_mass,single,12,,,g,,,12,ok,Printed in the source as a separate species; the current taxonomy treats it as Hipposideros stenotis.
castro2024-1004572-stenotis,1004572,Doryrhina stenotis,manual,castro-2024,"Table 3, row 49",castro-2024-unstated,unspecified,,,,,,,,,,,duration,single,20,,,ms,,,20,ok,Printed in the source as a separate species; the current taxonomy treats it as Hipposideros stenotis.
castro2024-1004572-stenotis,1004572,Doryrhina stenotis,manual,castro-2024,"Table 3, row 49",castro-2024-unstated,unspecified,,,,,,,,,,,emission,single,nasal,,,,,,nasal,ok,Printed in the source as a separate species; the current taxonomy treats it as Hipposideros stenotis.
castro2024-1004572-stenotis,1004572,Doryrhina stenotis,manual,castro-2024,"Table 3, row 49",castro-2024-unstated,unspecified,,,,,,,,,,,peak_frequency,single,103,,,kHz,,,103,ok,Printed in the source as a separate species; the current taxonomy treats it as Hipposideros stenotis.
castro2024-1004573-wollastoni,1004573,Doryrhina wollastoni,manual,castro-2024,"Table 3, row 51",castro-2024-unstated,unspecified,,,,,,,,,,,bandwidth,single,3.88,,,kHz,,,3.88,ok,Printed in the source as a separate species; the current taxonomy treats it as Hipposideros wollastoni.
castro2024-1004573-wollastoni,1004573,Doryrhina wollastoni,manual,castro-2024,"Table 3, row 51",castro-2024-unstated,unspecified,,,,,,,,,,,body_mass,single,6.93,,,g,,,6.93,ok,Printed in the source as a separate species; the current taxonomy treats it as Hipposideros wollastoni.
castro2024-1004573-wollastoni,1004573,Doryrhina wollastoni,manual,castro-2024,"Table 3, row 51",castro-2024-unstated,unspecified,,,,,,,,,,,duration,single,18.39,,,ms,,,18.39,ok,Printed in the source as a separate species; the current taxonomy treats it as Hipposideros wollastoni.
castro2024-1004573-wollastoni,1004573,Doryrhina wollastoni,manual,castro-2024,"Table 3, row 51",castro-2024-unstated,unspecified,,,,,,,,,,,emission,single,nasal,,,,,,nasal,ok,Printed in the source as a separate species; the current taxonomy treats it as Hipposideros wollastoni.
castro2024-1004573-wollastoni,1004573,Doryrhina wollastoni,manual,castro-2024,"Table 3, row 51",castro-2024-unstated,unspecified,,,,,,,,,,,peak_frequency,single,92.03,,,kHz,,,92.03,ok,Printed in the source as a separate species; the current taxonomy treats it as Hipposideros wollastoni.
castro2024-1004577,1004577,Hipposideros armiger,exact,castro-2024,"Table 3, row 26",castro-2024-unstated,unspecified,,,,,,,,,,,bandwidth,single,8.24,,,kHz,,,8.24,ok,
castro2024-1004577,1004577,Hipposideros armiger,exact,castro-2024,"Table 3, row 26",castro-2024-unstated,unspecified,,,,,,,,,,,body_mass,single,49.99,,,g,,,49.99,ok,
castro2024-1004577,1004577,Hipposideros armiger,exact,castro-2024,"Table 3, row 26",castro-2024-unstated,unspecified,,,,,,,,,,,duration,single,8.87,,,ms,,,8.87,ok,
castro2024-1004577,1004577,Hipposideros armiger,exact,castro-2024,"Table 3, row 26",castro-2024-unstated,unspecified,,,,,,,,,,,emission,single,nasal,,,,,,nasal,ok,
castro2024-1004577,1004577,Hipposideros armiger,exact,castro-2024,"Table 3, row 26",castro-2024-unstated,unspecified,,,,,,,,,,,peak_frequency,single,67.07,,,kHz,,,67.07,ok,
castro2024-1004578,1004578,Hipposideros ater,exact,castro-2024,"Table 3, row 27",castro-2024-unstated,unspecified,,,,,,,,,,,bandwidth,single,11.88,,,kHz,,,11.88,ok,
castro2024-1004578,1004578,Hipposideros ater,exact,castro-2024,"Table 3, row 27",castro-2024-unstated,unspecified,,,,,,,,,,,body_mass,single,5.86,,,g,,,5.86,ok,
castro2024-1004578,1004578,Hipposideros ater,exact,castro-2024,"Table 3, row 27",castro-2024-unstated,unspecified,,,,,,,,,,,duration,single,4.72,,,ms,,,4.72,ok,
castro2024-1004578,1004578,Hipposideros ater,exact,castro-2024,"Table 3, row 27",castro-2024-unstated,unspecified,,,,,,,,,,,emission,single,nasal,,,,,,nasal,ok,
castro2024-1004578,1004578,Hipposideros ater,exact,castro-2024,"Table 3, row 27",castro-2024-unstated,unspecified,,,,,,,,,,,peak_frequency,single,165.4,,,kHz,,,165.4,ok,
castro2024-1004580,1004580,Hipposideros bicolor,exact,castro-2024,"Table 3, row 28",castro-2024-unstated,unspecified,,,,,,,,,,,bandwidth,single,20.06,,,kHz,,,20.06,ok,
castro2024-1004580,1004580,Hipposideros bicolor,exact,castro-2024,"Table 3, row 28",castro-2024-unstated,unspecified,,,,,,,,,,,body_mass,single,8.39,,,g,,,8.39,ok,
castro2024-1004580,1004580,Hipposideros bicolor,exact,castro-2024,"Table 3, row 28",castro-2024-unstated,unspecified,,,,,,,,,,,duration,single,5.51,,,ms,,,5.51,ok,
castro2024-1004580,1004580,Hipposideros bicolor,exact,castro-2024,"Table 3, row 28",castro-2024-unstated,unspecified,,,,,,,,,,,emission,single,nasal,,,,,,nasal,ok,
castro2024-1004580,1004580,Hipposideros bicolor,exact,castro-2024,"Table 3, row 28",castro-2024-unstated,unspecified,,,,,,,,,,,peak_frequency,single,142.18,,,kHz,,,142.18,ok,
castro2024-1004583,1004583,Hipposideros caffer,exact,castro-2024,"Table 3, row 29",castro-2024-unstated,unspecified,,,,,,,,,,,bandwidth,single,18.94,,,kHz,,,18.94,ok,
castro2024-1004583,1004583,Hipposideros caffer,exact,castro-2024,"Table 3, row 29",castro-2024-unstated,unspecified,,,,,,,,,,,body_mass,single,9.46,,,g,,,9.46,ok,
castro2024-1004583,1004583,Hipposideros caffer,exact,castro-2024,"Table 3, row 29",castro-2024-unstated,unspecified,,,,,,,,,,,duration,single,7.38,,,ms,,,7.38,ok,
castro2024-1004583,1004583,Hipposideros caffer,exact,castro-2024,"Table 3, row 29",castro-2024-unstated,unspecified,,,,,,,,,,,emission,single,nasal,,,,,,nasal,ok,
castro2024-1004583,1004583,Hipposideros caffer,exact,castro-2024,"Table 3, row 29",castro-2024-unstated,unspecified,,,,,,,,,,,peak_frequency,single,139.32,,,kHz,,,139.32,ok,
castro2024-1004584,1004584,Hipposideros calcaratus,exact,castro-2024,"Table 3, row 30",castro-2024-unstated,unspecified,,,,,,,,,,,bandwidth,single,25.26,,,kHz,,,25.26,ok,
castro2024-1004584,1004584,Hipposideros calcaratus,exact,castro-2024,"Table 3, row 30",castro-2024-unstated,unspecified,,,,,,,,,,,body_mass,single,18.99,,,g,,,18.99,ok,
castro2024-1004584,1004584,Hipposideros calcaratus,exact,castro-2024,"Table 3, row 30",castro-2024-unstated,unspecified,,,,,,,,,,,duration,single,4.72,,,ms,,,4.72,ok,
castro2024-1004584,1004584,Hipposideros calcaratus,exact,castro-2024,"Table 3, row 30",castro-2024-unstated,unspecified,,,,,,,,,,,emission,single,nasal,,,,,,nasal,ok,
castro2024-1004584,1004584,Hipposideros calcaratus,exact,castro-2024,"Table 3, row 30",castro-2024-unstated,unspecified,,,,,,,,,,,peak_frequency,single,112.71,,,kHz,,,112.71,ok,
castro2024-1004585,1004585,Hipposideros cervinus,exact,castro-2024,"Table 3, row 31",castro-2024-unstated,unspecified,,,,,,,,,,,bandwidth,single,19.86,,,kHz,,,19.86,ok,
castro2024-1004585,1004585,Hipposideros cervinus,exact,castro-2024,"Table 3, row 31",castro-2024-unstated,unspecified,,,,,,,,,,,body_mass,single,8.51,,,g,,,8.51,ok,
castro2024-1004585,1004585,Hipposideros cervinus,exact,castro-2024,"Table 3, row 31",castro-2024-unstated,unspecified,,,,,,,,,,,duration,single,4.48,,,ms,,,4.48,ok,
castro2024-1004585,1004585,Hipposideros cervinus,exact,castro-2024,"Table 3, row 31",castro-2024-unstated,unspecified,,,,,,,,,,,emission,single,nasal,,,,,,nasal,ok,
castro2024-1004585,1004585,Hipposideros cervinus,exact,castro-2024,"Table 3, row 31",castro-2024-unstated,unspecified,,,,,,,,,,,peak_frequency,single,130.37,,,kHz,,,130.37,ok,
castro2024-1004586,1004586,Hipposideros cineraceus,exact,castro-2024,"Table 3, row 32",castro-2024-unstated,unspecified,,,,,,,,,,,bandwidth,single,18.83,,,kHz,,,18.83,ok,
castro2024-1004586,1004586,Hipposideros cineraceus,exact,castro-2024,"Table 3, row 32",castro-2024-unstated,unspecified,,,,,,,,,,,body_mass,single,3.84,,,g,,,3.84,ok,
castro2024-1004586,1004586,Hipposideros cineraceus,exact,castro-2024,"Table 3, row 32",castro-2024-unstated,unspecified,,,,,,,,,,,duration,single,4.85,,,ms,,,4.85,ok,
castro2024-1004586,1004586,Hipposideros cineraceus,exact,castro-2024,"Table 3, row 32",castro-2024-unstated,unspecified,,,,,,,,,,,emission,single,nasal,,,,,,nasal,ok,
castro2024-1004586,1004586,Hipposideros cineraceus,exact,castro-2024,"Table 3, row 32",castro-2024-unstated,unspecified,,,,,,,,,,,peak_frequency,single,153.59,,,kHz,,,153.59,ok,
castro2024-1004592,1004592,Hipposideros diadema,exact,castro-2024,"Table 3, row 34",castro-2024-unstated,unspecified,,,,,,,,,,,bandwidth,single,8.89,,,kHz,,,8.89,ok,
castro2024-1004592,1004592,Hipposideros diadema,exact,castro-2024,"Table 3, row 34",castro-2024-unstated,unspecified,,,,,,,,,,,body_mass,single,46.9,,,g,,,46.9,ok,
castro2024-1004592,1004592,Hipposideros diadema,exact,castro-2024,"Table 3, row 34",castro-2024-unstated,unspecified,,,,,,,,,,,duration,single,11.12,,,ms,,,11.12,ok,
castro2024-1004592,1004592,Hipposideros diadema,exact,castro-2024,"Table 3, row 34",castro-2024-unstated,unspecified,,,,,,,,,,,emission,single,nasal,,,,,,nasal,ok,
castro2024-1004592,1004592,Hipposideros diadema,exact,castro-2024,"Table 3, row 34",castro-2024-unstated,unspecified,,,,,,,,,,,peak_frequency,single,59.98,,,kHz,,,59.98,ok,
castro2024-1004599,1004599,Hipposideros fulvus,exact,castro-2024,"Table 3, row 35",castro-2024-unstated,unspecified,,,,,,,,,,,bandwidth,single,17.45,,,kHz,,,17.45,ok,
castro2024-1004599,1004599,Hipposideros fulvus,exact,castro-2024,"Table 3, row 35",castro-2024-unstated,unspecified,,,,,,,,,,,body_mass,single,8.83,,,g,,,8.83,ok,
castro2024-1004599,1004599,Hipposideros fulvus,exact,castro-2024,"Table 3, row 35",castro-2024-unstated,unspecified,,,,,,,,,,,duration,single,5.98,,,ms,,,5.98,ok,
castro2024-1004599,1004599,Hipposideros fulvus,exact,castro-2024,"Table 3, row 35",castro-2024-unstated,unspecified,,,,,,,,,,,emission,single,nasal,,,,,,nasal,ok,
castro2024-1004599,1004599,Hipposideros fulvus,exact,castro-2024,"Table 3, row 35",castro-2024-unstated,unspecified,,,,,,,,,,,peak_frequency,single,138.99,,,kHz,,,138.99,ok,
castro2024-1004604,1004604,Hipposideros halophyllus,exact,castro-2024,"Table 3, row 37",castro-2024-unstated,unspecified,,,,,,,,,,,bandwidth,single,15.16,,,kHz,,,15.16,ok,
castro2024-1004604,1004604,Hipposideros halophyllus,exact,castro-2024,"Table 3, row 37",castro-2024-unstated,unspecified,,,,,,,,,,,body_mass,single,4,,,g,,,4,ok,
castro2024-1004604,1004604,Hipposideros halophyllus,exact,castro-2024,"Table 3, row 37",castro-2024-unstated,unspecified,,,,,,,,,,,duration,single,6.6,,,ms,,,6.6,ok,
castro2024-1004604,1004604,Hipposideros halophyllus,exact,castro-2024,"Table 3, row 37",castro-2024-unstated,unspecified,,,,,,,,,,,emission,single,nasal,,,,,,nasal,ok,
castro2024-1004604,1004604,Hipposideros halophyllus,exact,castro-2024,"Table 3, row 37",castro-2024-unstated,unspecified,,,,,,,,,,,peak_frequency,single,186.92,,,kHz,,,186.92,ok,
castro2024-1004607,1004607,Hipposideros inornatus,exact,castro-2024,"Table 3, row 38",castro-2024-unstated,unspecified,,,,,,,,,,,bandwidth,single,5,,,kHz,,,5,ok,
castro2024-1004607,1004607,Hipposideros inornatus,exact,castro-2024,"Table 3, row 38",castro-2024-unstated,unspecified,,,,,,,,,,,body_mass,single,25.9,,,g,,,25.9,ok,
castro2024-1004607,1004607,Hipposideros inornatus,exact,castro-2024,"Table 3, row 38",castro-2024-unstated,unspecified,,,,,,,,,,,duration,single,12,,,ms,,,12,ok,
castro2024-1004607,1004607,Hipposideros inornatus,exact,castro-2024,"Table 3, row 38",castro-2024-unstated,unspecified,,,,,,,,,,,emission,single,nasal,,,,,,nasal,ok,
castro2024-1004607,1004607,Hipposideros inornatus,exact,castro-2024,"Table 3, row 38",castro-2024-unstated,unspecified,,,,,,,,,,,peak_frequency,single,69.2,,,kHz,,,69.2,ok,
castro2024-1004613,1004613,Hipposideros larvatus,exact,castro-2024,"Table 3, row 39",castro-2024-unstated,unspecified,,,,,,,,,,,bandwidth,single,11.4,,,kHz,,,11.4,ok,
castro2024-1004613,1004613,Hipposideros larvatus,exact,castro-2024,"Table 3, row 39",castro-2024-unstated,unspecified,,,,,,,,,,,body_mass,single,19.95,,,g,,,19.95,ok,
castro2024-1004613,1004613,Hipposideros larvatus,exact,castro-2024,"Table 3, row 39",castro-2024-unstated,unspecified,,,,,,,,,,,duration,single,5.87,,,ms,,,5.87,ok,
castro2024-1004613,1004613,Hipposideros larvatus,exact,castro-2024,"Table 3, row 39",castro-2024-unstated,unspecified,,,,,,,,,,,emission,single,nasal,,,,,,nasal,ok,
castro2024-1004613,1004613,Hipposideros larvatus,exact,castro-2024,"Table 3, row 39",castro-2024-unstated,unspecified,,,,,,,,,,,peak_frequency,single,93.57,,,kHz,,,93.57,ok,
castro2024-1004614,1004614,Hipposideros lekaguli,exact,castro-2024,"Table 3, row 40",castro-2024-unstated,unspecified,,,,,,,,,,,bandwidth,single,4.91,,,kHz,,,4.91,ok,
castro2024-1004614,1004614,Hipposideros lekaguli,exact,castro-2024,"Table 3, row 40",castro-2024-unstated,unspecified,,,,,,,,,,,body_mass,single,31.08,,,g,,,31.08,ok,
castro2024-1004614,1004614,Hipposideros lekaguli,exact,castro-2024,"Table 3, row 40",castro-2024-unstated,unspecified,,,,,,,,,,,duration,single,9.6,,,ms,,,9.6,ok,
castro2024-1004614,1004614,Hipposideros lekaguli,exact,castro-2024,"Table 3, row 40",castro-2024-unstated,unspecified,,,,,,,,,,,emission,single,nasal,,,,,,nasal,ok,
castro2024-1004614,1004614,Hipposideros lekaguli,exact,castro-2024,"Table 3, row 40",castro-2024-unstated,unspecified,,,,,,,,,,,peak_frequency,single,50.71,,,kHz,,,50.71,ok,
castro2024-1004615,1004615,Hipposideros lylei,exact,castro-2024,"Table 3, row 41",castro-2024-unstated,unspecified,,,,,,,,,,,bandwidth,single,8.85,,,kHz,,,8.85,ok,
castro2024-1004615,1004615,Hipposideros lylei,exact,castro-2024,"Table 3, row 41",castro-2024-unstated,unspecified,,,,,,,,,,,body_mass,single,40,,,g,,,40,ok,
castro2024-1004615,1004615,Hipposideros lylei,exact,castro-2024,"Table 3, row 41",castro-2024-unstated,unspecified,,,,,,,,,,,duration,single,9.65,,,ms,,,9.65,ok,
castro2024-1004615,1004615,Hipposideros lylei,exact,castro-2024,"Table 3, row 41",castro-2024-unstated,unspecified,,,,,,,,,,,emission,single,nasal,,,,,,nasal,ok,
castro2024-1004615,1004615,Hipposideros lylei,exact,castro-2024,"Table 3, row 41",castro-2024-unstated,unspecified,,,,,,,,,,,peak_frequency,single,67.27,,,kHz,,,67.27,ok,
castro2024-1004618,1004618,Hipposideros maggietaylorae,exact,castro-2024,"Table 3, row 42",castro-2024-unstated,unspecified,,,,,,,,,,,bandwidth,single,38.09,,,kHz,,,38.09,ok,
castro2024-1004618,1004618,Hipposideros maggietaylorae,exact,castro-2024,"Table 3, row 42",castro-2024-unstated,unspecified,,,,,,,,,,,body_mass,single,16.1,,,g,,,16.1,ok,
castro2024-1004618,1004618,Hipposideros maggietaylorae,exact,castro-2024,"Table 3, row 42",castro-2024-unstated,unspecified,,,,,,,,,,,duration,single,5.37,,,ms,,,5.37,ok,
castro2024-1004618,1004618,Hipposideros maggietaylorae,exact,castro-2024,"Table 3, row 42",castro-2024-unstated,unspecified,,,,,,,,,,,emission,single,nasal,,,,,,nasal,ok,
castro2024-1004618,1004618,Hipposideros maggietaylorae,exact,castro-2024,"Table 3, row 42",castro-2024-unstated,unspecified,,,,,,,,,,,peak_frequency,single,114.26,,,kHz,,,114.26,ok,
castro2024-1004628,1004628,Hipposideros pomona,exact,castro-2024,"Table 3, row 43",castro-2024-unstated,unspecified,,,,,,,,,,,bandwidth,single,18.57,,,kHz,,,18.57,ok,
castro2024-1004628,1004628,Hipposideros pomona,exact,castro-2024,"Table 3, row 43",castro-2024-unstated,unspecified,,,,,,,,,,,body_mass,single,6.2,,,g,,,6.2,ok,
castro2024-1004628,1004628,Hipposideros pomona,exact,castro-2024,"Table 3, row 43",castro-2024-unstated,unspecified,,,,,,,,,,,duration,single,5.27,,,ms,,,5.27,ok,
castro2024-1004628,1004628,Hipposideros pomona,exact,castro-2024,"Table 3, row 43",castro-2024-unstated,unspecified,,,,,,,,,,,emission,single,nasal,,,,,,nasal,ok,
castro2024-1004628,1004628,Hipposideros pomona,exact,castro-2024,"Table 3, row 43",castro-2024-unstated,unspecified,,,,,,,,,,,peak_frequency,single,134.3,,,kHz,,,134.3,ok,
castro2024-1004630,1004630,Hipposideros ridleyi,exact,castro-2024,"Table 3, row 45",castro-2024-unstated,unspecified,,,,,,,,,,,bandwidth,single,8.26,,,kHz,,,8.26,ok,
castro2024-1004630,1004630,Hipposideros ridleyi,exact,castro-2024,"Table 3, row 45",castro-2024-unstated,unspecified,,,,,,,,,,,body_mass,single,9.59,,,g,,,9.59,ok,
castro2024-1004630,1004630,Hipposideros ridleyi,exact,castro-2024,"Table 3, row 45",castro-2024-unstated,unspecified,,,,,,,,,,,duration,single,7.06,,,ms,,,7.06,ok,
castro2024-1004630,1004630,Hipposideros ridleyi,exact,castro-2024,"Table 3, row 45",castro-2024-unstated,unspecified,,,,,,,,,,,emission,single,nasal,,,,,,nasal,ok,
castro2024-1004630,1004630,Hipposideros ridleyi,exact,castro-2024,"Table 3, row 45",castro-2024-unstated,unspecified,,,,,,,,,,,peak_frequency,single,62.36,,,kHz,,,62.36,ok,
castro2024-1004632,1004632,Hipposideros ruber,exact,castro-2024,"Table 3, row 46",castro-2024-unstated,unspecified,,,,,,,,,,,bandwidth,single,20.86,,,kHz,,,20.86,ok,
castro2024-1004632,1004632,Hipposideros ruber,exact,castro-2024,"Table 3, row 46",castro-2024-unstated,unspecified,,,,,,,,,,,body_mass,single,10.61,,,g,,,10.61,ok,
castro2024-1004632,1004632,Hipposideros ruber,exact,castro-2024,"Table 3, row 46",castro-2024-unstated,unspecified,,,,,,,,,,,duration,single,7.22,,,ms,,,7.22,ok,
castro2024-1004632,1004632,Hipposideros ruber,exact,castro-2024,"Table 3, row 46",castro-2024-unstated,unspecified,,,,,,,,,,,emission,single,nasal,,,,,,nasal,ok,
castro2024-1004632,1004632,Hipposideros ruber,exact,castro-2024,"Table 3, row 46",castro-2024-unstated,unspecified,,,,,,,,,,,peak_frequency,single,131.51,,,kHz,,,131.51,ok,
castro2024-1004635,1004635,Hipposideros speoris,exact,castro-2024,"Table 3, row 48",castro-2024-unstated,unspecified,,,,,,,,,,,bandwidth,single,21.77,,,kHz,,,21.77,ok,
castro2024-1004635,1004635,Hipposideros speoris,exact,castro-2024,"Table 3, row 48",castro-2024-unstated,unspecified,,,,,,,,,,,body_mass,single,10.39,,,g,,,10.39,ok,
castro2024-1004635,1004635,Hipposideros speoris,exact,castro-2024,"Table 3, row 48",castro-2024-unstated,unspecified,,,,,,,,,,,duration,single,6.29,,,ms,,,6.29,ok,
castro2024-1004635,1004635,Hipposideros speoris,exact,castro-2024,"Table 3, row 48",castro-2024-unstated,unspecified,,,,,,,,,,,emission,single,nasal,,,,,,nasal,ok,
castro2024-1004635,1004635,Hipposideros speoris,exact,castro-2024,"Table 3, row 48",castro-2024-unstated,unspecified,,,,,,,,,,,peak_frequency,single,135.74,,,kHz,,,135.74,ok,
castro2024-1004637-pratti,1004637,Hipposideros pratti,synonym_via_mdd,castro-2024,"Table 3, row 44",castro-2024-unstated,unspecified,,,,,,,,,,,bandwidth,single,7.35,,,kHz,,,7.35,ok,Printed in the source as a separate species; the current taxonomy treats it as Hipposideros swinhoii.
castro2024-1004637-pratti,1004637,Hipposideros pratti,synonym_via_mdd,castro-2024,"Table 3, row 44",castro-2024-unstated,unspecified,,,,,,,,,,,body_mass,single,84.38,,,g,,,84.38,ok,Printed in the source as a separate species; the current taxonomy treats it as Hipposideros swinhoii.
castro2024-1004637-pratti,1004637,Hipposideros pratti,synonym_via_mdd,castro-2024,"Table 3, row 44",castro-2024-unstated,unspecified,,,,,,,,,,,duration,single,8.01,,,ms,,,8.01,ok,Printed in the source as a separate species; the current taxonomy treats it as Hipposideros swinhoii.
castro2024-1004637-pratti,1004637,Hipposideros pratti,synonym_via_mdd,castro-2024,"Table 3, row 44",castro-2024-unstated,unspecified,,,,,,,,,,,emission,single,nasal,,,,,,nasal,ok,Printed in the source as a separate species; the current taxonomy treats it as Hipposideros swinhoii.
castro2024-1004637-pratti,1004637,Hipposideros pratti,synonym_via_mdd,castro-2024,"Table 3, row 44",castro-2024-unstated,unspecified,,,,,,,,,,,peak_frequency,single,60.77,,,kHz,,,60.77,ok,Printed in the source as a separate species; the current taxonomy treats it as Hipposideros swinhoii.
castro2024-1004639,1004639,Hipposideros turpis,exact,castro-2024,"Table 3, row 50",castro-2024-unstated,unspecified,,,,,,,,,,,bandwidth,single,7.8,,,kHz,,,7.8,ok,
castro2024-1004639,1004639,Hipposideros turpis,exact,castro-2024,"Table 3, row 50",castro-2024-unstated,unspecified,,,,,,,,,,,body_mass,single,33.31,,,g,,,33.31,ok,
castro2024-1004639,1004639,Hipposideros turpis,exact,castro-2024,"Table 3, row 50",castro-2024-unstated,unspecified,,,,,,,,,,,duration,single,6.89,,,ms,,,6.89,ok,
castro2024-1004639,1004639,Hipposideros turpis,exact,castro-2024,"Table 3, row 50",castro-2024-unstated,unspecified,,,,,,,,,,,emission,single,nasal,,,,,,nasal,ok,
castro2024-1004639,1004639,Hipposideros turpis,exact,castro-2024,"Table 3, row 50",castro-2024-unstated,unspecified,,,,,,,,,,,peak_frequency,single,72.07,,,kHz,,,72.07,ok,
castro2024-1004640-commersoni,1004640,Hipposideros commersoni,synonym_via_mdd,castro-2024,"Table 3, row 33",castro-2024-unstated,unspecified,,,,,,,,,,,bandwidth,single,11.57,,,kHz,,,11.57,ok,Printed in the source as a separate species; the current taxonomy treats it as Macronycteris commersonii.
castro2024-1004640-commersoni,1004640,Hipposideros commersoni,synonym_via_mdd,castro-2024,"Table 3, row 33",castro-2024-unstated,unspecified,,,,,,,,,,,body_mass,single,89.99,,,g,,,89.99,ok,Printed in the source as a separate species; the current taxonomy treats it as Macronycteris commersonii.
castro2024-1004640-commersoni,1004640,Hipposideros commersoni,synonym_via_mdd,castro-2024,"Table 3, row 33",castro-2024-unstated,unspecified,,,,,,,,,,,duration,single,9.94,,,ms,,,9.94,ok,Printed in the source as a separate species; the current taxonomy treats it as Macronycteris commersonii.
castro2024-1004640-commersoni,1004640,Hipposideros commersoni,synonym_via_mdd,castro-2024,"Table 3, row 33",castro-2024-unstated,unspecified,,,,,,,,,,,emission,single,nasal,,,,,,nasal,ok,Printed in the source as a separate species; the current taxonomy treats it as Macronycteris commersonii.
castro2024-1004640-commersoni,1004640,Hipposideros commersoni,synonym_via_mdd,castro-2024,"Table 3, row 33",castro-2024-unstated,unspecified,,,,,,,,,,,peak_frequency,single,66.43,,,kHz,,,66.43,ok,Printed in the source as a separate species; the current taxonomy treats it as Macronycteris commersonii.
castro2024-1004642,1004642,Macronycteris gigas,exact,castro-2024,"Table 3, row 36",castro-2024-unstated,unspecified,,,,,,,,,,,bandwidth,single,7.24,,,kHz,,,7.24,ok,
castro2024-1004642,1004642,Macronycteris gigas,exact,castro-2024,"Table 3, row 36",castro-2024-unstated,unspecified,,,,,,,,,,,body_mass,single,115.4,,,g,,,115.4,ok,
castro2024-1004642,1004642,Macronycteris gigas,exact,castro-2024,"Table 3, row 36",castro-2024-unstated,unspecified,,,,,,,,,,,duration,single,20.9,,,ms,,,20.9,ok,
castro2024-1004642,1004642,Macronycteris gigas,exact,castro-2024,"Table 3, row 36",castro-2024-unstated,unspecified,,,,,,,,,,,emission,single,nasal,,,,,,nasal,ok,
castro2024-1004642,1004642,Macronycteris gigas,exact,castro-2024,"Table 3, row 36",castro-2024-unstated,unspecified,,,,,,,,,,,peak_frequency,single,59.28,,,kHz,,,59.28,ok,
castro2024-1004647,1004647,Lavia frons,exact,castro-2024,"Table 3, row 55",castro-2024-unstated,unspecified,,,,,,,,,,,bandwidth,single,24,,,kHz,,,24,ok,
castro2024-1004647,1004647,Lavia frons,exact,castro-2024,"Table 3, row 55",castro-2024-unstated,unspecified,,,,,,,,,,,body_mass,single,23.8,,,g,,,23.8,ok,
castro2024-1004647,1004647,Lavia frons,exact,castro-2024,"Table 3, row 55",castro-2024-unstated,unspecified,,,,,,,,,,,duration,single,3.5,,,ms,,,3.5,ok,
castro2024-1004647,1004647,Lavia frons,exact,castro-2024,"Table 3, row 55",castro-2024-unstated,unspecified,,,,,,,,,,,emission,single,nasal,,,,,,nasal,ok,
castro2024-1004647,1004647,Lavia frons,exact,castro-2024,"Table 3, row 55",castro-2024-unstated,unspecified,,,,,,,,,,,peak_frequency,single,37.5,,,kHz,,,37.5,ok,
castro2024-1004648,1004648,Lyroderma lyra,exact,castro-2024,"Table 3, row 57",castro-2024-unstated,unspecified,,,,,,,,,,,bandwidth,single,23.29,,,kHz,,,23.29,ok,
castro2024-1004648,1004648,Lyroderma lyra,exact,castro-2024,"Table 3, row 57",castro-2024-unstated,unspecified,,,,,,,,,,,body_mass,single,39.27,,,g,,,39.27,ok,
castro2024-1004648,1004648,Lyroderma lyra,exact,castro-2024,"Table 3, row 57",castro-2024-unstated,unspecified,,,,,,,,,,,duration,single,1.39,,,ms,,,1.39,ok,
castro2024-1004648,1004648,Lyroderma lyra,exact,castro-2024,"Table 3, row 57",castro-2024-unstated,unspecified,,,,,,,,,,,emission,single,nasal,,,,,,nasal,ok,
castro2024-1004648,1004648,Lyroderma lyra,exact,castro-2024,"Table 3, row 57",castro-2024-unstated,unspecified,,,,,,,,,,,peak_frequency,single,68.25,,,kHz,,,68.25,ok,
castro2024-1004649,1004649,Macroderma gigas,exact,castro-2024,"Table 3, row 56",castro-2024-unstated,unspecified,,,,,,,,,,,bandwidth,single,18.61,,,kHz,,,18.61,ok,
castro2024-1004649,1004649,Macroderma gigas,exact,castro-2024,"Table 3, row 56",castro-2024-unstated,unspecified,,,,,,,,,,,body_mass,single,124.4,,,g,,,124.4,ok,
castro2024-1004649,1004649,Macroderma gigas,exact,castro-2024,"Table 3, row 56",castro-2024-unstated,unspecified,,,,,,,,,,,duration,single,1.13,,,ms,,,1.13,ok,
castro2024-1004649,1004649,Macroderma gigas,exact,castro-2024,"Table 3, row 56",castro-2024-unstated,unspecified,,,,,,,,,,,emission,single,nasal,,,,,,nasal,ok,
castro2024-1004649,1004649,Macroderma gigas,exact,castro-2024,"Table 3, row 56",castro-2024-unstated,unspecified,,,,,,,,,,,peak_frequency,single,51.07,,,kHz,,,51.07,ok,
castro2024-1004650,1004650,Megaderma spasma,exact,castro-2024,"Table 3, row 58",castro-2024-unstated,unspecified,,,,,,,,,,,bandwidth,single,8.88,,,kHz,,,8.88,ok,
castro2024-1004650,1004650,Megaderma spasma,exact,castro-2024,"Table 3, row 58",castro-2024-unstated,unspecified,,,,,,,,,,,body_mass,single,24.71,,,g,,,24.71,ok,
castro2024-1004650,1004650,Megaderma spasma,exact,castro-2024,"Table 3, row 58",castro-2024-unstated,unspecified,,,,,,,,,,,duration,single,1.69,,,ms,,,1.69,ok,
castro2024-1004650,1004650,Megaderma spasma,exact,castro-2024,"Table 3, row 58",castro-2024-unstated,unspecified,,,,,,,,,,,emission,single,nasal,,,,,,nasal,ok,
castro2024-1004650,1004650,Megaderma spasma,exact,castro-2024,"Table 3, row 58",castro-2024-unstated,unspecified,,,,,,,,,,,peak_frequency,single,20.1,,,kHz,,,20.1,ok,
castro2024-1004652,1004652,Rhinolophus acuminatus,exact,castro-2024,"Table 3, row 159",castro-2024-unstated,unspecified,,,,,,,,,,,bandwidth,single,8.63,,,kHz,,,8.63,ok,
castro2024-1004652,1004652,Rhinolophus acuminatus,exact,castro-2024,"Table 3, row 159",castro-2024-unstated,unspecified,,,,,,,,,,,body_mass,single,12.1,,,g,,,12.1,ok,
castro2024-1004652,1004652,Rhinolophus acuminatus,exact,castro-2024,"Table 3, row 159",castro-2024-unstated,unspecified,,,,,,,,,,,duration,single,48.86,,,ms,,,48.86,ok,
castro2024-1004652,1004652,Rhinolophus acuminatus,exact,castro-2024,"Table 3, row 159",castro-2024-unstated,unspecified,,,,,,,,,,,emission,single,nasal,,,,,,nasal,ok,
castro2024-1004652,1004652,Rhinolophus acuminatus,exact,castro-2024,"Table 3, row 159",castro-2024-unstated,unspecified,,,,,,,,,,,peak_frequency,single,89.56,,,kHz,,,89.56,ok,
castro2024-1004654,1004654,Rhinolophus affinis,exact,castro-2024,"Table 3, row 160",castro-2024-unstated,unspecified,,,,,,,,,,,bandwidth,single,15.78,,,kHz,,,15.78,ok,
castro2024-1004654,1004654,Rhinolophus affinis,exact,castro-2024,"Table 3, row 160",castro-2024-unstated,unspecified,,,,,,,,,,,body_mass,single,13.7,,,g,,,13.7,ok,
castro2024-1004654,1004654,Rhinolophus affinis,exact,castro-2024,"Table 3, row 160",castro-2024-unstated,unspecified,,,,,,,,,,,duration,single,27.88,,,ms,,,27.88,ok,
castro2024-1004654,1004654,Rhinolophus affinis,exact,castro-2024,"Table 3, row 160",castro-2024-unstated,unspecified,,,,,,,,,,,emission,single,nasal,,,,,,nasal,ok,
castro2024-1004654,1004654,Rhinolophus affinis,exact,castro-2024,"Table 3, row 160",castro-2024-unstated,unspecified,,,,,,,,,,,peak_frequency,single,80.55,,,kHz,,,80.55,ok,
castro2024-1004661,1004661,Rhinolophus blasii,exact,castro-2024,"Table 3, row 161",castro-2024-unstated,unspecified,,,,,,,,,,,bandwidth,single,4,,,kHz,,,4,ok,
castro2024-1004661,1004661,Rhinolophus blasii,exact,castro-2024,"Table 3, row 161",castro-2024-unstated,unspecified,,,,,,,,,,,body_mass,single,10.29,,,g,,,10.29,ok,
castro2024-1004661,1004661,Rhinolophus blasii,exact,castro-2024,"Table 3, row 161",castro-2024-unstated,unspecified,,,,,,,,,,,duration,single,44.1,,,ms,,,44.1,ok,
castro2024-1004661,1004661,Rhinolophus blasii,exact,castro-2024,"Table 3, row 161",castro-2024-unstated,unspecified,,,,,,,,,,,emission,single,nasal,,,,,,nasal,ok,
castro2024-1004661,1004661,Rhinolophus blasii,exact,castro-2024,"Table 3, row 161",castro-2024-unstated,unspecified,,,,,,,,,,,peak_frequency,single,60.5,,,kHz,,,60.5,ok,
castro2024-1004665,1004665,Rhinolophus capensis,exact,castro-2024,"Table 3, row 162",castro-2024-unstated,unspecified,,,,,,,,,,,bandwidth,single,12.5,,,kHz,,,12.5,ok,
castro2024-1004665,1004665,Rhinolophus capensis,exact,castro-2024,"Table 3, row 162",castro-2024-unstated,unspecified,,,,,,,,,,,body_mass,single,12.87,,,g,,,12.87,ok,
castro2024-1004665,1004665,Rhinolophus capensis,exact,castro-2024,"Table 3, row 162",castro-2024-unstated,unspecified,,,,,,,,,,,duration,single,42.67,,,ms,,,42.67,ok,
castro2024-1004665,1004665,Rhinolophus capensis,exact,castro-2024,"Table 3, row 162",castro-2024-unstated,unspecified,,,,,,,,,,,emission,single,nasal,,,,,,nasal,ok,
castro2024-1004665,1004665,Rhinolophus capensis,exact,castro-2024,"Table 3, row 162",castro-2024-unstated,unspecified,,,,,,,,,,,peak_frequency,single,84.36,,,kHz,,,84.36,ok,
castro2024-1004670,1004670,Rhinolophus coelophyllus,exact,castro-2024,"Table 3, row 163",castro-2024-unstated,unspecified,,,,,,,,,,,bandwidth,single,12.5,,,kHz,,,12.5,ok,
castro2024-1004670,1004670,Rhinolophus coelophyllus,exact,castro-2024,"Table 3, row 163",castro-2024-unstated,unspecified,,,,,,,,,,,body_mass,single,7.07,,,g,,,7.07,ok,
castro2024-1004670,1004670,Rhinolophus coelophyllus,exact,castro-2024,"Table 3, row 163",castro-2024-unstated,unspecified,,,,,,,,,,,duration,single,35.01,,,ms,,,35.01,ok,
castro2024-1004670,1004670,Rhinolophus coelophyllus,exact,castro-2024,"Table 3, row 163",castro-2024-unstated,unspecified,,,,,,,,,,,emission,single,nasal,,,,,,nasal,ok,
castro2024-1004670,1004670,Rhinolophus coelophyllus,exact,castro-2024,"Table 3, row 163",castro-2024-unstated,unspecified,,,,,,,,,,,peak_frequency,single,78.46,,,kHz,,,78.46,ok,
castro2024-1004674,1004674,Rhinolophus cornutus,exact,castro-2024,"Table 3, row 164",castro-2024-unstated,unspecified,,,,,,,,,,,bandwidth,single,13.35,,,kHz,,,13.35,ok,
castro2024-1004674,1004674,Rhinolophus cornutus,exact,castro-2024,"Table 3, row 164",castro-2024-unstated,unspecified,,,,,,,,,,,body_mass,single,7.27,,,g,,,7.27,ok,
castro2024-1004674,1004674,Rhinolophus cornutus,exact,castro-2024,"Table 3, row 164",castro-2024-unstated,unspecified,,,,,,,,,,,duration,single,43.58,,,ms,,,43.58,ok,
castro2024-1004674,1004674,Rhinolophus cornutus,exact,castro-2024,"Table 3, row 164",castro-2024-unstated,unspecified,,,,,,,,,,,emission,single,nasal,,,,,,nasal,ok,
castro2024-1004674,1004674,Rhinolophus cornutus,exact,castro-2024,"Table 3, row 164",castro-2024-unstated,unspecified,,,,,,,,,,,peak_frequency,single,105.97,,,kHz,,,105.97,ok,
castro2024-1004677,1004677,Rhinolophus darlingi,exact,castro-2024,"Table 3, row 165",castro-2024-unstated,unspecified,,,,,,,,,,,bandwidth,single,13.04,,,kHz,,,13.04,ok,
castro2024-1004677,1004677,Rhinolophus darlingi,exact,castro-2024,"Table 3, row 165",castro-2024-unstated,unspecified,,,,,,,,,,,body_mass,single,8.94,,,g,,,8.94,ok,
castro2024-1004677,1004677,Rhinolophus darlingi,exact,castro-2024,"Table 3, row 165",castro-2024-unstated,unspecified,,,,,,,,,,,duration,single,36.05,,,ms,,,36.05,ok,
castro2024-1004677,1004677,Rhinolophus darlingi,exact,castro-2024,"Table 3, row 165",castro-2024-unstated,unspecified,,,,,,,,,,,emission,single,nasal,,,,,,nasal,ok,
castro2024-1004677,1004677,Rhinolophus darlingi,exact,castro-2024,"Table 3, row 165",castro-2024-unstated,unspecified,,,,,,,,,,,peak_frequency,single,86.01,,,kHz,,,86.01,ok,
castro2024-1004679,1004679,Rhinolophus denti,exact,castro-2024,"Table 3, row 166",castro-2024-unstated,unspecified,,,,,,,,,,,bandwidth,single,19.98,,,kHz,,,19.98,ok,
castro2024-1004679,1004679,Rhinolophus denti,exact,castro-2024,"Table 3, row 166",castro-2024-unstated,unspecified,,,,,,,,,,,body_mass,single,6.3,,,g,,,6.3,ok,
castro2024-1004679,1004679,Rhinolophus denti,exact,castro-2024,"Table 3, row 166",castro-2024-unstated,unspecified,,,,,,,,,,,duration,single,22.28,,,ms,,,22.28,ok,
castro2024-1004679,1004679,Rhinolophus denti,exact,castro-2024,"Table 3, row 166",castro-2024-unstated,unspecified,,,,,,,,,,,emission,single,nasal,,,,,,nasal,ok,
castro2024-1004679,1004679,Rhinolophus denti,exact,castro-2024,"Table 3, row 166",castro-2024-unstated,unspecified,,,,,,,,,,,peak_frequency,single,110.6,,,kHz,,,110.6,ok,
castro2024-1004682,1004682,Rhinolophus euryale,exact,castro-2024,"Table 3, row 167",castro-2024-unstated,unspecified,,,,,,,,,,,bandwidth,single,15.58,,,kHz,,,15.58,ok,
castro2024-1004682,1004682,Rhinolophus euryale,exact,castro-2024,"Table 3, row 167",castro-2024-unstated,unspecified,,,,,,,,,,,body_mass,single,9.25,,,g,,,9.25,ok,
castro2024-1004682,1004682,Rhinolophus euryale,exact,castro-2024,"Table 3, row 167",castro-2024-unstated,unspecified,,,,,,,,,,,duration,single,21.82,,,ms,,,21.82,ok,
castro2024-1004682,1004682,Rhinolophus euryale,exact,castro-2024,"Table 3, row 167",castro-2024-unstated,unspecified,,,,,,,,,,,emission,single,nasal,,,,,,nasal,ok,
castro2024-1004682,1004682,Rhinolophus euryale,exact,castro-2024,"Table 3, row 167",castro-2024-unstated,unspecified,,,,,,,,,,,peak_frequency,single,105.67,,,kHz,,,105.67,ok,
castro2024-1004683,1004683,Rhinolophus euryotis,exact,castro-2024,"Table 3, row 168",castro-2024-unstated,unspecified,,,,,,,,,,,bandwidth,single,7.1,,,kHz,,,7.1,ok,
castro2024-1004683,1004683,Rhinolophus euryotis,exact,castro-2024,"Table 3, row 168",castro-2024-unstated,unspecified,,,,,,,,,,,body_mass,single,14.3,,,g,,,14.3,ok,
castro2024-1004683,1004683,Rhinolophus euryotis,exact,castro-2024,"Table 3, row 168",castro-2024-unstated,unspecified,,,,,,,,,,,duration,single,50.82,,,ms,,,50.82,ok,
castro2024-1004683,1004683,Rhinolophus euryotis,exact,castro-2024,"Table 3, row 168",castro-2024-unstated,unspecified,,,,,,,,,,,emission,single,nasal,,,,,,nasal,ok,
castro2024-1004683,1004683,Rhinolophus euryotis,exact,castro-2024,"Table 3, row 168",castro-2024-unstated,unspecified,,,,,,,,,,,peak_frequency,single,51.99,,,kHz,,,51.99,ok,
castro2024-1004684,1004684,Rhinolophus ferrumequinum,exact,castro-2024,"Table 3, row 169",castro-2024-unstated,unspecified,,,,,,,,,,,bandwidth,single,12.55,,,kHz,,,12.55,ok,
castro2024-1004684,1004684,Rhinolophus ferrumequinum,exact,castro-2024,"Table 3, row 169",castro-2024-unstated,unspecified,,,,,,,,,,,body_mass,single,22.59,,,g,,,22.59,ok,
castro2024-1004684,1004684,Rhinolophus ferrumequinum,exact,castro-2024,"Table 3, row 169",castro-2024-unstated,unspecified,,,,,,,,,,,duration,single,48.09,,,ms,,,48.09,ok,
castro2024-1004684,1004684,Rhinolophus ferrumequinum,exact,castro-2024,"Table 3, row 169",castro-2024-unstated,unspecified,,,,,,,,,,,emission,single,nasal,,,,,,nasal,ok,
castro2024-1004684,1004684,Rhinolophus ferrumequinum,exact,castro-2024,"Table 3, row 169",castro-2024-unstated,unspecified,,,,,,,,,,,peak_frequency,single,82.18,,,kHz,,,82.18,ok,
castro2024-1004687,1004687,Rhinolophus fumigatus,exact,castro-2024,"Table 3, row 170",castro-2024-unstated,unspecified,,,,,,,,,,,bandwidth,single,6.64,,,kHz,,,6.64,ok,
castro2024-1004687,1004687,Rhinolophus fumigatus,exact,castro-2024,"Table 3, row 170",castro-2024-unstated,unspecified,,,,,,,,,,,body_mass,single,13.09,,,g,,,13.09,ok,
castro2024-1004687,1004687,Rhinolophus fumigatus,exact,castro-2024,"Table 3, row 170",castro-2024-unstated,unspecified,,,,,,,,,,,duration,single,41.27,,,ms,,,41.27,ok,
castro2024-1004687,1004687,Rhinolophus fumigatus,exact,castro-2024,"Table 3, row 170",castro-2024-unstated,unspecified,,,,,,,,,,,emission,single,nasal,,,,,,nasal,ok,
castro2024-1004687,1004687,Rhinolophus fumigatus,exact,castro-2024,"Table 3, row 170",castro-2024-unstated,unspecified,,,,,,,,,,,peak_frequency,single,53.24,,,kHz,,,53.24,ok,
castro2024-1004690,1004690,Rhinolophus hildebrandtii,exact,castro-2024,"Table 3, row 171",castro-2024-unstated,unspecified,,,,,,,,,,,bandwidth,single,5.79,,,kHz,,,5.79,ok,
castro2024-1004690,1004690,Rhinolophus hildebrandtii,exact,castro-2024,"Table 3, row 171",castro-2024-unstated,unspecified,,,,,,,,,,,body_mass,single,25.99,,,g,,,25.99,ok,
castro2024-1004690,1004690,Rhinolophus hildebrandtii,exact,castro-2024,"Table 3, row 171",castro-2024-unstated,unspecified,,,,,,,,,,,duration,single,46.62,,,ms,,,46.62,ok,
castro2024-1004690,1004690,Rhinolophus hildebrandtii,exact,castro-2024,"Table 3, row 171",castro-2024-unstated,unspecified,,,,,,,,,,,emission,single,nasal,,,,,,nasal,ok,
castro2024-1004690,1004690,Rhinolophus hildebrandtii,exact,castro-2024,"Table 3, row 171",castro-2024-unstated,unspecified,,,,,,,,,,,peak_frequency,single,34.27,,,kHz,,,34.27,ok,
castro2024-1004693,1004693,Rhinolophus hipposideros,exact,castro-2024,"Table 3, row 172",castro-2024-unstated,unspecified,,,,,,,,,,,bandwidth,single,14.83,,,kHz,,,14.83,ok,
castro2024-1004693,1004693,Rhinolophus hipposideros,exact,castro-2024,"Table 3, row 172",castro-2024-unstated,unspecified,,,,,,,,,,,body_mass,single,4.57,,,g,,,4.57,ok,
castro2024-1004693,1004693,Rhinolophus hipposideros,exact,castro-2024,"Table 3, row 172",castro-2024-unstated,unspecified,,,,,,,,,,,duration,single,40.83,,,ms,,,40.83,ok,
castro2024-1004693,1004693,Rhinolophus hipposideros,exact,castro-2024,"Table 3, row 172",castro-2024-unstated,unspecified,,,,,,,,,,,emission,single,nasal,,,,,,nasal,ok,
castro2024-1004693,1004693,Rhinolophus hipposideros,exact,castro-2024,"Table 3, row 172",castro-2024-unstated,unspecified,,,,,,,,,,,peak_frequency,single,109.32,,,kHz,,,109.32,ok,
castro2024-1004699,1004699,Rhinolophus landeri,exact,castro-2024,"Table 3, row 173",castro-2024-unstated,unspecified,,,,,,,,,,,bandwidth,single,19.2,,,kHz,,,19.2,ok,
castro2024-1004699,1004699,Rhinolophus landeri,exact,castro-2024,"Table 3, row 173",castro-2024-unstated,unspecified,,,,,,,,,,,body_mass,single,9.39,,,g,,,9.39,ok,
castro2024-1004699,1004699,Rhinolophus landeri,exact,castro-2024,"Table 3, row 173",castro-2024-unstated,unspecified,,,,,,,,,,,duration,single,41.85,,,ms,,,41.85,ok,
castro2024-1004699,1004699,Rhinolophus landeri,exact,castro-2024,"Table 3, row 173",castro-2024-unstated,unspecified,,,,,,,,,,,emission,single,nasal,,,,,,nasal,ok,
castro2024-1004699,1004699,Rhinolophus landeri,exact,castro-2024,"Table 3, row 173",castro-2024-unstated,unspecified,,,,,,,,,,,peak_frequency,single,105.41,,,kHz,,,105.41,ok,
castro2024-1004700,1004700,Rhinolophus lepidus,exact,castro-2024,"Table 3, row 174",castro-2024-unstated,unspecified,,,,,,,,,,,bandwidth,single,18.37,,,kHz,,,18.37,ok,
castro2024-1004700,1004700,Rhinolophus lepidus,exact,castro-2024,"Table 3, row 174",castro-2024-unstated,unspecified,,,,,,,,,,,body_mass,single,5.46,,,g,,,5.46,ok,
castro2024-1004700,1004700,Rhinolophus lepidus,exact,castro-2024,"Table 3, row 174",castro-2024-unstated,unspecified,,,,,,,,,,,duration,single,35.34,,,ms,,,35.34,ok,
castro2024-1004700,1004700,Rhinolophus lepidus,exact,castro-2024,"Table 3, row 174",castro-2024-unstated,unspecified,,,,,,,,,,,emission,single,nasal,,,,,,nasal,ok,
castro2024-1004700,1004700,Rhinolophus lepidus,exact,castro-2024,"Table 3, row 174",castro-2024-unstated,unspecified,,,,,,,,,,,peak_frequency,single,103.2,,,kHz,,,103.2,ok,
castro2024-1004703,1004703,Rhinolophus luctus,exact,castro-2024,"Table 3, row 175",castro-2024-unstated,unspecified,,,,,,,,,,,bandwidth,single,1.49,,,kHz,,,1.49,ok,
castro2024-1004703,1004703,Rhinolophus luctus,exact,castro-2024,"Table 3, row 175",castro-2024-unstated,unspecified,,,,,,,,,,,body_mass,single,34.07,,,g,,,34.07,ok,
castro2024-1004703,1004703,Rhinolophus luctus,exact,castro-2024,"Table 3, row 175",castro-2024-unstated,unspecified,,,,,,,,,,,duration,single,64.97,,,ms,,,64.97,ok,
castro2024-1004703,1004703,Rhinolophus luctus,exact,castro-2024,"Table 3, row 175",castro-2024-unstated,unspecified,,,,,,,,,,,emission,single,nasal,,,,,,nasal,ok,
castro2024-1004703,1004703,Rhinolophus luctus,exact,castro-2024,"Table 3, row 175",castro-2024-unstated,unspecified,,,,,,,,,,,peak_frequency,single,31.07,,,kHz,,,31.07,ok,
castro2024-1004706,1004706,Rhinolophus macrotis,exact,castro-2024,"Table 3, row 176",castro-2024-unstated,unspecified,,,,,,,,,,,bandwidth,single,6.44,,,kHz,,,6.44,ok,
castro2024-1004706,1004706,Rhinolophus macrotis,exact,castro-2024,"Table 3, row 176",castro-2024-unstated,unspecified,,,,,,,,,,,body_mass,single,6.18,,,g,,,6.18,ok,
castro2024-1004706,1004706,Rhinolophus macrotis,exact,castro-2024,"Table 3, row 176",castro-2024-unstated,unspecified,,,,,,,,,,,duration,single,28.47,,,ms,,,28.47,ok,
castro2024-1004706,1004706,Rhinolophus macrotis,exact,castro-2024,"Table 3, row 176",castro-2024-unstated,unspecified,,,,,,,,,,,emission,single,nasal,,,,,,nasal,ok,
castro2024-1004706,1004706,Rhinolophus macrotis,exact,castro-2024,"Table 3, row 176",castro-2024-unstated,unspecified,,,,,,,,,,,peak_frequency,single,46.95,,,kHz,,,46.95,ok,
castro2024-1004709,1004709,Rhinolophus malayanus,exact,castro-2024,"Table 3, row 177",castro-2024-unstated,unspecified,,,,,,,,,,,bandwidth,single,13.95,,,kHz,,,13.95,ok,
castro2024-1004709,1004709,Rhinolophus malayanus,exact,castro-2024,"Table 3, row 177",castro-2024-unstated,unspecified,,,,,,,,,,,body_mass,single,6.73,,,g,,,6.73,ok,
castro2024-1004709,1004709,Rhinolophus malayanus,exact,castro-2024,"Table 3, row 177",castro-2024-unstated,unspecified,,,,,,,,,,,duration,single,32.04,,,ms,,,32.04,ok,
castro2024-1004709,1004709,Rhinolophus malayanus,exact,castro-2024,"Table 3, row 177",castro-2024-unstated,unspecified,,,,,,,,,,,emission,single,nasal,,,,,,nasal,ok,
castro2024-1004709,1004709,Rhinolophus malayanus,exact,castro-2024,"Table 3, row 177",castro-2024-unstated,unspecified,,,,,,,,,,,peak_frequency,single,85.55,,,kHz,,,85.55,ok,
castro2024-1004712,1004712,Rhinolophus megaphyllus,exact,castro-2024,"Table 3, row 178",castro-2024-unstated,unspecified,,,,,,,,,,,bandwidth,single,7.56,,,kHz,,,7.56,ok,
castro2024-1004712,1004712,Rhinolophus megaphyllus,exact,castro-2024,"Table 3, row 178",castro-2024-unstated,unspecified,,,,,,,,,,,body_mass,single,10.17,,,g,,,10.17,ok,
castro2024-1004712,1004712,Rhinolophus megaphyllus,exact,castro-2024,"Table 3, row 178",castro-2024-unstated,unspecified,,,,,,,,,,,duration,single,56.06,,,ms,,,56.06,ok,
castro2024-1004712,1004712,Rhinolophus megaphyllus,exact,castro-2024,"Table 3, row 178",castro-2024-unstated,unspecified,,,,,,,,,,,emission,single,nasal,,,,,,nasal,ok,
castro2024-1004712,1004712,Rhinolophus megaphyllus,exact,castro-2024,"Table 3, row 178",castro-2024-unstated,unspecified,,,,,,,,,,,peak_frequency,single,68.8,,,kHz,,,68.8,ok,
castro2024-1004713,1004713,Rhinolophus mehelyi,exact,castro-2024,"Table 3, row 179",castro-2024-unstated,unspecified,,,,,,,,,,,bandwidth,single,5,,,kHz,,,5,ok,
castro2024-1004713,1004713,Rhinolophus mehelyi,exact,castro-2024,"Table 3, row 179",castro-2024-unstated,unspecified,,,,,,,,,,,body_mass,single,14.03,,,g,,,14.03,ok,
castro2024-1004713,1004713,Rhinolophus mehelyi,exact,castro-2024,"Table 3, row 179",castro-2024-unstated,unspecified,,,,,,,,,,,duration,single,35.9,,,ms,,,35.9,ok,
castro2024-1004713,1004713,Rhinolophus mehelyi,exact,castro-2024,"Table 3, row 179",castro-2024-unstated,unspecified,,,,,,,,,,,emission,single,nasal,,,,,,nasal,ok,
castro2024-1004713,1004713,Rhinolophus mehelyi,exact,castro-2024,"Table 3, row 179",castro-2024-unstated,unspecified,,,,,,,,,,,peak_frequency,single,110,,,kHz,,,110,ok,
castro2024-1004716,1004716,Rhinolophus monoceros,exact,castro-2024,"Table 3, row 180",castro-2024-unstated,unspecified,,,,,,,,,,,bandwidth,single,16.27,,,kHz,,,16.27,ok,
castro2024-1004716,1004716,Rhinolophus monoceros,exact,castro-2024,"Table 3, row 180",castro-2024-unstated,unspecified,,,,,,,,,,,body_mass,single,7.49,,,g,,,7.49,ok,
castro2024-1004716,1004716,Rhinolophus monoceros,exact,castro-2024,"Table 3, row 180",castro-2024-unstated,unspecified,,,,,,,,,,,duration,single,40.39,,,ms,,,40.39,ok,
castro2024-1004716,1004716,Rhinolophus monoceros,exact,castro-2024,"Table 3, row 180",castro-2024-unstated,unspecified,,,,,,,,,,,emission,single,nasal,,,,,,nasal,ok,
castro2024-1004716,1004716,Rhinolophus monoceros,exact,castro-2024,"Table 3, row 180",castro-2024-unstated,unspecified,,,,,,,,,,,peak_frequency,single,106.45,,,kHz,,,106.45,ok,
castro2024-1004724,1004724,Rhinolophus pearsonii,exact,castro-2024,"Table 3, row 181",castro-2024-unstated,unspecified,,,,,,,,,,,bandwidth,single,5.33,,,kHz,,,5.33,ok,
castro2024-1004724,1004724,Rhinolophus pearsonii,exact,castro-2024,"Table 3, row 181",castro-2024-unstated,unspecified,,,,,,,,,,,body_mass,single,11.55,,,g,,,11.55,ok,
castro2024-1004724,1004724,Rhinolophus pearsonii,exact,castro-2024,"Table 3, row 181",castro-2024-unstated,unspecified,,,,,,,,,,,duration,single,42.3,,,ms,,,42.3,ok,
castro2024-1004724,1004724,Rhinolophus pearsonii,exact,castro-2024,"Table 3, row 181",castro-2024-unstated,unspecified,,,,,,,,,,,emission,single,nasal,,,,,,nasal,ok,
castro2024-1004724,1004724,Rhinolophus pearsonii,exact,castro-2024,"Table 3, row 181",castro-2024-unstated,unspecified,,,,,,,,,,,peak_frequency,single,56.68,,,kHz,,,56.68,ok,
castro2024-1004727,1004727,Rhinolophus philippinensis,exact,castro-2024,"Table 3, row 182",castro-2024-unstated,unspecified,,,,,,,,,,,bandwidth,single,4.71,,,kHz,,,4.71,ok,
castro2024-1004727,1004727,Rhinolophus philippinensis,exact,castro-2024,"Table 3, row 182",castro-2024-unstated,unspecified,,,,,,,,,,,body_mass,single,10.91,,,g,,,10.91,ok,
castro2024-1004727,1004727,Rhinolophus philippinensis,exact,castro-2024,"Table 3, row 182",castro-2024-unstated,unspecified,,,,,,,,,,,duration,single,81.84,,,ms,,,81.84,ok,
castro2024-1004727,1004727,Rhinolophus philippinensis,exact,castro-2024,"Table 3, row 182",castro-2024-unstated,unspecified,,,,,,,,,,,emission,single,nasal,,,,,,nasal,ok,
castro2024-1004727,1004727,Rhinolophus philippinensis,exact,castro-2024,"Table 3, row 182",castro-2024-unstated,unspecified,,,,,,,,,,,peak_frequency,single,39.78,,,kHz,,,39.78,ok,
castro2024-1004730,1004730,Rhinolophus pusillus,exact,castro-2024,"Table 3, row 183",castro-2024-unstated,unspecified,,,,,,,,,,,bandwidth,single,12.18,,,kHz,,,12.18,ok,
castro2024-1004730,1004730,Rhinolophus pusillus,exact,castro-2024,"Table 3, row 183",castro-2024-unstated,unspecified,,,,,,,,,,,body_mass,single,5.15,,,g,,,5.15,ok,
castro2024-1004730,1004730,Rhinolophus pusillus,exact,castro-2024,"Table 3, row 183",castro-2024-unstated,unspecified,,,,,,,,,,,duration,single,36.08,,,ms,,,36.08,ok,
castro2024-1004730,1004730,Rhinolophus pusillus,exact,castro-2024,"Table 3, row 183",castro-2024-unstated,unspecified,,,,,,,,,,,emission,single,nasal,,,,,,nasal,ok,
castro2024-1004730,1004730,Rhinolophus pusillus,exact,castro-2024,"Table 3, row 183",castro-2024-unstated,unspecified,,,,,,,,,,,peak_frequency,single,109.85,,,kHz,,,109.85,ok,
castro2024-1004732,1004732,Rhinolophus rex,exact,castro-2024,"Table 3, row 184",castro-2024-unstated,unspecified,,,,,,,,,,,bandwidth,single,3.99,,,kHz,,,3.99,ok,
castro2024-1004732,1004732,Rhinolophus rex,exact,castro-2024,"Table 3, row 184",castro-2024-unstated,unspecified,,,,,,,,,,,body_mass,single,32.62,,,g,,,32.62,ok,
castro2024-1004732,1004732,Rhinolophus rex,exact,castro-2024,"Table 3, row 184",castro-2024-unstated,unspecified,,,,,,,,,,,duration,single,43.52,,,ms,,,43.52,ok,
castro2024-1004732,1004732,Rhinolophus rex,exact,castro-2024,"Table 3, row 184",castro-2024-unstated,unspecified,,,,,,,,,,,emission,single,nasal,,,,,,nasal,ok,
castro2024-1004732,1004732,Rhinolophus rex,exact,castro-2024,"Table 3, row 184",castro-2024-unstated,unspecified,,,,,,,,,,,peak_frequency,single,26.01,,,kHz,,,26.01,ok,
castro2024-1004740,1004740,Rhinolophus sedulus,exact,castro-2024,"Table 3, row 185",castro-2024-unstated,unspecified,,,,,,,,,,,bandwidth,single,8.07,,,kHz,,,8.07,ok,
castro2024-1004740,1004740,Rhinolophus sedulus,exact,castro-2024,"Table 3, row 185",castro-2024-unstated,unspecified,,,,,,,,,,,body_mass,single,8.74,,,g,,,8.74,ok,
castro2024-1004740,1004740,Rhinolophus sedulus,exact,castro-2024,"Table 3, row 185",castro-2024-unstated,unspecified,,,,,,,,,,,duration,single,30.5,,,ms,,,30.5,ok,
castro2024-1004740,1004740,Rhinolophus sedulus,exact,castro-2024,"Table 3, row 185",castro-2024-unstated,unspecified,,,,,,,,,,,emission,single,nasal,,,,,,nasal,ok,
castro2024-1004740,1004740,Rhinolophus sedulus,exact,castro-2024,"Table 3, row 185",castro-2024-unstated,unspecified,,,,,,,,,,,peak_frequency,single,67.87,,,kHz,,,67.87,ok,
castro2024-1004741,1004741,Rhinolophus shameli,exact,castro-2024,"Table 3, row 186",castro-2024-unstated,unspecified,,,,,,,,,,,bandwidth,single,7.66,,,kHz,,,7.66,ok,
castro2024-1004741,1004741,Rhinolophus shameli,exact,castro-2024,"Table 3, row 186",castro-2024-unstated,unspecified,,,,,,,,,,,body_mass,single,9.61,,,g,,,9.61,ok,
castro2024-1004741,1004741,Rhinolophus shameli,exact,castro-2024,"Table 3, row 186",castro-2024-unstated,unspecified,,,,,,,,,,,duration,single,34.87,,,ms,,,34.87,ok,
castro2024-1004741,1004741,Rhinolophus shameli,exact,castro-2024,"Table 3, row 186",castro-2024-unstated,unspecified,,,,,,,,,,,emission,single,nasal,,,,,,nasal,ok,
castro2024-1004741,1004741,Rhinolophus shameli,exact,castro-2024,"Table 3, row 186",castro-2024-unstated,unspecified,,,,,,,,,,,peak_frequency,single,69.59,,,kHz,,,69.59,ok,
castro2024-1004745,1004745,Rhinolophus simulator,exact,castro-2024,"Table 3, row 187",castro-2024-unstated,unspecified,,,,,,,,,,,bandwidth,single,14.59,,,kHz,,,14.59,ok,
castro2024-1004745,1004745,Rhinolophus simulator,exact,castro-2024,"Table 3, row 187",castro-2024-unstated,unspecified,,,,,,,,,,,body_mass,single,8.13,,,g,,,8.13,ok,
castro2024-1004745,1004745,Rhinolophus simulator,exact,castro-2024,"Table 3, row 187",castro-2024-unstated,unspecified,,,,,,,,,,,duration,single,29.37,,,ms,,,29.37,ok,
castro2024-1004745,1004745,Rhinolophus simulator,exact,castro-2024,"Table 3, row 187",castro-2024-unstated,unspecified,,,,,,,,,,,emission,single,nasal,,,,,,nasal,ok,
castro2024-1004745,1004745,Rhinolophus simulator,exact,castro-2024,"Table 3, row 187",castro-2024-unstated,unspecified,,,,,,,,,,,peak_frequency,single,80.71,,,kHz,,,80.71,ok,
castro2024-1004748,1004748,Rhinolophus stheno,exact,castro-2024,"Table 3, row 188",castro-2024-unstated,unspecified,,,,,,,,,,,bandwidth,single,14.52,,,kHz,,,14.52,ok,
castro2024-1004748,1004748,Rhinolophus stheno,exact,castro-2024,"Table 3, row 188",castro-2024-unstated,unspecified,,,,,,,,,,,body_mass,single,7.92,,,g,,,7.92,ok,
castro2024-1004748,1004748,Rhinolophus stheno,exact,castro-2024,"Table 3, row 188",castro-2024-unstated,unspecified,,,,,,,,,,,duration,single,26.53,,,ms,,,26.53,ok,
castro2024-1004748,1004748,Rhinolophus stheno,exact,castro-2024,"Table 3, row 188",castro-2024-unstated,unspecified,,,,,,,,,,,emission,single,nasal,,,,,,nasal,ok,
castro2024-1004748,1004748,Rhinolophus stheno,exact,castro-2024,"Table 3, row 188",castro-2024-unstated,unspecified,,,,,,,,,,,peak_frequency,single,93.89,,,kHz,,,93.89,ok,
castro2024-1004751,1004751,Rhinolophus swinnyi,exact,castro-2024,"Table 3, row 189",castro-2024-unstated,unspecified,,,,,,,,,,,bandwidth,single,18.78,,,kHz,,,18.78,ok,
castro2024-1004751,1004751,Rhinolophus swinnyi,exact,castro-2024,"Table 3, row 189",castro-2024-unstated,unspecified,,,,,,,,,,,body_mass,single,7.07,,,g,,,7.07,ok,
castro2024-1004751,1004751,Rhinolophus swinnyi,exact,castro-2024,"Table 3, row 189",castro-2024-unstated,unspecified,,,,,,,,,,,duration,single,22.3,,,ms,,,22.3,ok,
castro2024-1004751,1004751,Rhinolophus swinnyi,exact,castro-2024,"Table 3, row 189",castro-2024-unstated,unspecified,,,,,,,,,,,emission,single,nasal,,,,,,nasal,ok,
castro2024-1004751,1004751,Rhinolophus swinnyi,exact,castro-2024,"Table 3, row 189",castro-2024-unstated,unspecified,,,,,,,,,,,peak_frequency,single,104.36,,,kHz,,,104.36,ok,
castro2024-1004754,1004754,Rhinolophus thomasi,exact,castro-2024,"Table 3, row 190",castro-2024-unstated,unspecified,,,,,,,,,,,bandwidth,single,14.8,,,kHz,,,14.8,ok,
castro2024-1004754,1004754,Rhinolophus thomasi,exact,castro-2024,"Table 3, row 190",castro-2024-unstated,unspecified,,,,,,,,,,,body_mass,single,8.26,,,g,,,8.26,ok,
castro2024-1004754,1004754,Rhinolophus thomasi,exact,castro-2024,"Table 3, row 190",castro-2024-unstated,unspecified,,,,,,,,,,,duration,single,33.89,,,ms,,,33.89,ok,
castro2024-1004754,1004754,Rhinolophus thomasi,exact,castro-2024,"Table 3, row 190",castro-2024-unstated,unspecified,,,,,,,,,,,emission,single,nasal,,,,,,nasal,ok,
castro2024-1004754,1004754,Rhinolophus thomasi,exact,castro-2024,"Table 3, row 190",castro-2024-unstated,unspecified,,,,,,,,,,,peak_frequency,single,89.53,,,kHz,,,89.53,ok,
castro2024-1004755,1004755,Rhinolophus trifoliatus,exact,castro-2024,"Table 3, row 191",castro-2024-unstated,unspecified,,,,,,,,,,,bandwidth,single,8.21,,,kHz,,,8.21,ok,
castro2024-1004755,1004755,Rhinolophus trifoliatus,exact,castro-2024,"Table 3, row 191",castro-2024-unstated,unspecified,,,,,,,,,,,body_mass,single,15.16,,,g,,,15.16,ok,
castro2024-1004755,1004755,Rhinolophus trifoliatus,exact,castro-2024,"Table 3, row 191",castro-2024-unstated,unspecified,,,,,,,,,,,duration,single,19.51,,,ms,,,19.51,ok,
castro2024-1004755,1004755,Rhinolophus trifoliatus,exact,castro-2024,"Table 3, row 191",castro-2024-unstated,unspecified,,,,,,,,,,,emission,single,nasal,,,,,,nasal,ok,
castro2024-1004755,1004755,Rhinolophus trifoliatus,exact,castro-2024,"Table 3, row 191",castro-2024-unstated,unspecified,,,,,,,,,,,peak_frequency,single,52.41,,,kHz,,,52.41,ok,
castro2024-1004759,1004759,Rhinolophus yunanensis,exact,castro-2024,"Table 3, row 192",castro-2024-unstated,unspecified,,,,,,,,,,,bandwidth,single,4.74,,,kHz,,,4.74,ok,
castro2024-1004759,1004759,Rhinolophus yunanensis,exact,castro-2024,"Table 3, row 192",castro-2024-unstated,unspecified,,,,,,,,,,,body_mass,single,19.33,,,g,,,19.33,ok,
castro2024-1004759,1004759,Rhinolophus yunanensis,exact,castro-2024,"Table 3, row 192",castro-2024-unstated,unspecified,,,,,,,,,,,duration,single,49.34,,,ms,,,49.34,ok,
castro2024-1004759,1004759,Rhinolophus yunanensis,exact,castro-2024,"Table 3, row 192",castro-2024-unstated,unspecified,,,,,,,,,,,emission,single,nasal,,,,,,nasal,ok,
castro2024-1004759,1004759,Rhinolophus yunanensis,exact,castro-2024,"Table 3, row 192",castro-2024-unstated,unspecified,,,,,,,,,,,peak_frequency,single,49.7,,,kHz,,,49.7,ok,
castro2024-1004761,1004761,Cloeotis percivali,exact,castro-2024,"Table 3, row 25",castro-2024-unstated,unspecified,,,,,,,,,,,bandwidth,single,20.74,,,kHz,,,20.74,ok,
castro2024-1004761,1004761,Cloeotis percivali,exact,castro-2024,"Table 3, row 25",castro-2024-unstated,unspecified,,,,,,,,,,,body_mass,single,4.16,,,g,,,4.16,ok,
castro2024-1004761,1004761,Cloeotis percivali,exact,castro-2024,"Table 3, row 25",castro-2024-unstated,unspecified,,,,,,,,,,,duration,single,2.67,,,ms,,,2.67,ok,
castro2024-1004761,1004761,Cloeotis percivali,exact,castro-2024,"Table 3, row 25",castro-2024-unstated,unspecified,,,,,,,,,,,emission,single,nasal,,,,,,nasal,ok,
castro2024-1004761,1004761,Cloeotis percivali,exact,castro-2024,"Table 3, row 25",castro-2024-unstated,unspecified,,,,,,,,,,,peak_frequency,single,209.31,,,kHz,,,209.31,ok,
castro2024-1004763-furculus,1004763,Paratriaenops furculus,manual,castro-2024,"Table 3, row 53",castro-2024-unstated,unspecified,,,,,,,,,,,bandwidth,single,9.54,,,kHz,,,9.54,ok,Printed in the source as a separate species; the current taxonomy treats it as Paratriaenops furcula.
castro2024-1004763-furculus,1004763,Paratriaenops furculus,manual,castro-2024,"Table 3, row 53",castro-2024-unstated,unspecified,,,,,,,,,,,body_mass,single,5.56,,,g,,,5.56,ok,Printed in the source as a separate species; the current taxonomy treats it as Paratriaenops furcula.
castro2024-1004763-furculus,1004763,Paratriaenops furculus,manual,castro-2024,"Table 3, row 53",castro-2024-unstated,unspecified,,,,,,,,,,,duration,single,8.05,,,ms,,,8.05,ok,Printed in the source as a separate species; the current taxonomy treats it as Paratriaenops furcula.
castro2024-1004763-furculus,1004763,Paratriaenops furculus,manual,castro-2024,"Table 3, row 53",castro-2024-unstated,unspecified,,,,,,,,,,,emission,single,nasal,,,,,,nasal,ok,Printed in the source as a separate species; the current taxonomy treats it as Paratriaenops furcula.
castro2024-1004763-furculus,1004763,Paratriaenops furculus,manual,castro-2024,"Table 3, row 53",castro-2024-unstated,unspecified,,,,,,,,,,,peak_frequency,single,98.98,,,kHz,,,98.98,ok,Printed in the source as a separate species; the current taxonomy treats it as Paratriaenops furcula.
castro2024-1004765,1004765,Rhinonicteris aurantia,exact,castro-2024,"Table 3, row 52",castro-2024-unstated,unspecified,,,,,,,,,,,bandwidth,single,15,,,kHz,,,15,ok,
castro2024-1004765,1004765,Rhinonicteris aurantia,exact,castro-2024,"Table 3, row 52",castro-2024-unstated,unspecified,,,,,,,,,,,body_mass,single,8.99,,,g,,,8.99,ok,
castro2024-1004765,1004765,Rhinonicteris aurantia,exact,castro-2024,"Table 3, row 52",castro-2024-unstated,unspecified,,,,,,,,,,,duration,single,12,,,ms,,,12,ok,
castro2024-1004765,1004765,Rhinonicteris aurantia,exact,castro-2024,"Table 3, row 52",castro-2024-unstated,unspecified,,,,,,,,,,,emission,single,nasal,,,,,,nasal,ok,
castro2024-1004765,1004765,Rhinonicteris aurantia,exact,castro-2024,"Table 3, row 52",castro-2024-unstated,unspecified,,,,,,,,,,,peak_frequency,single,114,,,kHz,,,114,ok,
castro2024-1004769,1004769,Triaenops persicus,exact,castro-2024,"Table 3, row 54",castro-2024-unstated,unspecified,,,,,,,,,,,bandwidth,single,7.48,,,kHz,,,7.48,ok,
castro2024-1004769,1004769,Triaenops persicus,exact,castro-2024,"Table 3, row 54",castro-2024-unstated,unspecified,,,,,,,,,,,body_mass,single,9.1,,,g,,,9.1,ok,
castro2024-1004769,1004769,Triaenops persicus,exact,castro-2024,"Table 3, row 54",castro-2024-unstated,unspecified,,,,,,,,,,,duration,single,8.43,,,ms,,,8.43,ok,
castro2024-1004769,1004769,Triaenops persicus,exact,castro-2024,"Table 3, row 54",castro-2024-unstated,unspecified,,,,,,,,,,,emission,single,nasal,,,,,,nasal,ok,
castro2024-1004769,1004769,Triaenops persicus,exact,castro-2024,"Table 3, row 54",castro-2024-unstated,unspecified,,,,,,,,,,,peak_frequency,single,39.82,,,kHz,,,39.82,suspect,"Castro gives 39.82 kHz for Triaenops persicus, but the primary source it republishes (Collen 2012, Appendix F) lists T. persicus at 83.00 kHz and gives 39.82 for a different species, T. rufus (now Triaenops menamena). 83 kHz is what published Malagasy Triaenops call at, so this row appears to carry the right number under the wrong name. The value is kept and flagged rather than deleted; the correctly attributed measurements are imported from Collen."
castro2024-1004772,1004772,Rhinopoma hardwickii,exact,castro-2024,"Table 3, row 193",castro-2024-unstated,unspecified,,,,,,,,,,,bandwidth,single,4.33,,,kHz,,,4.33,ok,
castro2024-1004772,1004772,Rhinopoma hardwickii,exact,castro-2024,"Table 3, row 193",castro-2024-unstated,unspecified,,,,,,,,,,,body_mass,single,13.1,,,g,,,13.1,ok,
castro2024-1004772,1004772,Rhinopoma hardwickii,exact,castro-2024,"Table 3, row 193",castro-2024-unstated,unspecified,,,,,,,,,,,duration,single,9.42,,,ms,,,9.42,ok,
castro2024-1004772,1004772,Rhinopoma hardwickii,exact,castro-2024,"Table 3, row 193",castro-2024-unstated,unspecified,,,,,,,,,,,emission,single,nasal,,,,,,nasal,ok,
castro2024-1004772,1004772,Rhinopoma hardwickii,exact,castro-2024,"Table 3, row 193",castro-2024-unstated,unspecified,,,,,,,,,,,peak_frequency,single,32.33,,,kHz,,,32.33,ok,
castro2024-1004774,1004774,Rhinopoma microphyllum,exact,castro-2024,"Table 3, row 194",castro-2024-unstated,unspecified,,,,,,,,,,,bandwidth,single,1.88,,,kHz,,,1.88,ok,
castro2024-1004774,1004774,Rhinopoma microphyllum,exact,castro-2024,"Table 3, row 194",castro-2024-unstated,unspecified,,,,,,,,,,,body_mass,single,28.02,,,g,,,28.02,ok,
castro2024-1004774,1004774,Rhinopoma microphyllum,exact,castro-2024,"Table 3, row 194",castro-2024-unstated,unspecified,,,,,,,,,,,duration,single,9.88,,,ms,,,9.88,ok,
castro2024-1004774,1004774,Rhinopoma microphyllum,exact,castro-2024,"Table 3, row 194",castro-2024-unstated,unspecified,,,,,,,,,,,emission,single,nasal,,,,,,nasal,ok,
castro2024-1004774,1004774,Rhinopoma microphyllum,exact,castro-2024,"Table 3, row 194",castro-2024-unstated,unspecified,,,,,,,,,,,peak_frequency,single,30.72,,,kHz,,,30.72,ok,
castro2024-1004776,1004776,Balantiopteryx infusca,exact,castro-2024,"Table 3, row 2",castro-2024-unstated,unspecified,,,,,,,,,,,bandwidth,single,6,,,kHz,,,6,ok,
castro2024-1004776,1004776,Balantiopteryx infusca,exact,castro-2024,"Table 3, row 2",castro-2024-unstated,unspecified,,,,,,,,,,,body_mass,single,9.05,,,g,,,9.05,ok,
castro2024-1004776,1004776,Balantiopteryx infusca,exact,castro-2024,"Table 3, row 2",castro-2024-unstated,unspecified,,,,,,,,,,,duration,single,6.7,,,ms,,,6.7,ok,
castro2024-1004776,1004776,Balantiopteryx infusca,exact,castro-2024,"Table 3, row 2",castro-2024-unstated,unspecified,,,,,,,,,,,emission,single,oral,,,,,,oral,ok,
castro2024-1004776,1004776,Balantiopteryx infusca,exact,castro-2024,"Table 3, row 2",castro-2024-unstated,unspecified,,,,,,,,,,,peak_frequency,single,56,,,kHz,,,56,ok,
castro2024-1004777,1004777,Balantiopteryx io,exact,castro-2024,"Table 3, row 3",castro-2024-unstated,unspecified,,,,,,,,,,,bandwidth,single,4,,,kHz,,,4,ok,
castro2024-1004777,1004777,Balantiopteryx io,exact,castro-2024,"Table 3, row 3",castro-2024-unstated,unspecified,,,,,,,,,,,body_mass,single,3.97,,,g,,,3.97,ok,
castro2024-1004777,1004777,Balantiopteryx io,exact,castro-2024,"Table 3, row 3",castro-2024-unstated,unspecified,,,,,,,,,,,duration,single,7.8,,,ms,,,7.8,ok,
castro2024-1004777,1004777,Balantiopteryx io,exact,castro-2024,"Table 3, row 3",castro-2024-unstated,unspecified,,,,,,,,,,,emission,single,oral,,,,,,oral,ok,
castro2024-1004777,1004777,Balantiopteryx io,exact,castro-2024,"Table 3, row 3",castro-2024-unstated,unspecified,,,,,,,,,,,peak_frequency,single,49,,,kHz,,,49,ok,
castro2024-1004778,1004778,Balantiopteryx plicata,exact,castro-2024,"Table 3, row 4",castro-2024-unstated,unspecified,,,,,,,,,,,bandwidth,single,6.66,,,kHz,,,6.66,ok,
castro2024-1004778,1004778,Balantiopteryx plicata,exact,castro-2024,"Table 3, row 4",castro-2024-unstated,unspecified,,,,,,,,,,,body_mass,single,6.57,,,g,,,6.57,ok,
castro2024-1004778,1004778,Balantiopteryx plicata,exact,castro-2024,"Table 3, row 4",castro-2024-unstated,unspecified,,,,,,,,,,,duration,single,4.93,,,ms,,,4.93,ok,
castro2024-1004778,1004778,Balantiopteryx plicata,exact,castro-2024,"Table 3, row 4",castro-2024-unstated,unspecified,,,,,,,,,,,emission,single,oral,,,,,,oral,ok,
castro2024-1004778,1004778,Balantiopteryx plicata,exact,castro-2024,"Table 3, row 4",castro-2024-unstated,unspecified,,,,,,,,,,,peak_frequency,single,40.57,,,kHz,,,40.57,ok,
castro2024-1004780,1004780,Centronycteris maximiliani,exact,castro-2024,"Table 3, row 5",castro-2024-unstated,unspecified,,,,,,,,,,,bandwidth,single,6.1,,,kHz,,,6.1,ok,
castro2024-1004780,1004780,Centronycteris maximiliani,exact,castro-2024,"Table 3, row 5",castro-2024-unstated,unspecified,,,,,,,,,,,body_mass,single,23,,,g,,,23,ok,
castro2024-1004780,1004780,Centronycteris maximiliani,exact,castro-2024,"Table 3, row 5",castro-2024-unstated,unspecified,,,,,,,,,,,duration,single,5.29,,,ms,,,5.29,ok,
castro2024-1004780,1004780,Centronycteris maximiliani,exact,castro-2024,"Table 3, row 5",castro-2024-unstated,unspecified,,,,,,,,,,,emission,single,oral,,,,,,oral,ok,
castro2024-1004780,1004780,Centronycteris maximiliani,exact,castro-2024,"Table 3, row 5",castro-2024-unstated,unspecified,,,,,,,,,,,peak_frequency,single,40.8,,,kHz,,,40.8,ok,
castro2024-1004781,1004781,Cormura brevirostris,exact,castro-2024,"Table 3, row 7",castro-2024-unstated,unspecified,,,,,,,,,,,bandwidth,single,2.96,,,kHz,,,2.96,ok,
castro2024-1004781,1004781,Cormura brevirostris,exact,castro-2024,"Table 3, row 7",castro-2024-unstated,unspecified,,,,,,,,,,,body_mass,single,9.26,,,g,,,9.26,ok,
castro2024-1004781,1004781,Cormura brevirostris,exact,castro-2024,"Table 3, row 7",castro-2024-unstated,unspecified,,,,,,,,,,,duration,single,10.8,,,ms,,,10.8,ok,
castro2024-1004781,1004781,Cormura brevirostris,exact,castro-2024,"Table 3, row 7",castro-2024-unstated,unspecified,,,,,,,,,,,emission,single,oral,,,,,,oral,ok,
castro2024-1004781,1004781,Cormura brevirostris,exact,castro-2024,"Table 3, row 7",castro-2024-unstated,unspecified,,,,,,,,,,,peak_frequency,single,29.38,,,kHz,,,29.38,ok,
castro2024-1004789,1004789,Peropteryx macrotis,exact,castro-2024,"Table 3, row 11",castro-2024-unstated,unspecified,,,,,,,,,,,bandwidth,single,3.9,,,kHz,,,3.9,ok,
castro2024-1004789,1004789,Peropteryx macrotis,exact,castro-2024,"Table 3, row 11",castro-2024-unstated,unspecified,,,,,,,,,,,body_mass,single,5.68,,,g,,,5.68,ok,
castro2024-1004789,1004789,Peropteryx macrotis,exact,castro-2024,"Table 3, row 11",castro-2024-unstated,unspecified,,,,,,,,,,,duration,single,5.63,,,ms,,,5.63,ok,
castro2024-1004789,1004789,Peropteryx macrotis,exact,castro-2024,"Table 3, row 11",castro-2024-unstated,unspecified,,,,,,,,,,,emission,single,oral,,,,,,oral,ok,
castro2024-1004789,1004789,Peropteryx macrotis,exact,castro-2024,"Table 3, row 11",castro-2024-unstated,unspecified,,,,,,,,,,,peak_frequency,single,37.35,,,kHz,,,37.35,ok,
castro2024-1004792,1004792,Rhynchonycteris naso,exact,castro-2024,"Table 3, row 12",castro-2024-unstated,unspecified,,,,,,,,,,,bandwidth,single,17.6,,,kHz,,,17.6,ok,
castro2024-1004792,1004792,Rhynchonycteris naso,exact,castro-2024,"Table 3, row 12",castro-2024-unstated,unspecified,,,,,,,,,,,body_mass,single,4.14,,,g,,,4.14,ok,
castro2024-1004792,1004792,Rhynchonycteris naso,exact,castro-2024,"Table 3, row 12",castro-2024-unstated,unspecified,,,,,,,,,,,duration,single,4.25,,,ms,,,4.25,ok,
castro2024-1004792,1004792,Rhynchonycteris naso,exact,castro-2024,"Table 3, row 12",castro-2024-unstated,unspecified,,,,,,,,,,,emission,single,oral,,,,,,oral,ok,
castro2024-1004792,1004792,Rhynchonycteris naso,exact,castro-2024,"Table 3, row 12",castro-2024-unstated,unspecified,,,,,,,,,,,peak_frequency,single,89.69,,,kHz,,,89.69,ok,
castro2024-1004794,1004794,Saccopteryx bilineata,exact,castro-2024,"Table 3, row 14",castro-2024-unstated,unspecified,,,,,,,,,,,bandwidth,single,3.71,,,kHz,,,3.71,ok,
castro2024-1004794,1004794,Saccopteryx bilineata,exact,castro-2024,"Table 3, row 14",castro-2024-unstated,unspecified,,,,,,,,,,,body_mass,single,8.08,,,g,,,8.08,ok,
castro2024-1004794,1004794,Saccopteryx bilineata,exact,castro-2024,"Table 3, row 14",castro-2024-unstated,unspecified,,,,,,,,,,,duration,single,8.27,,,ms,,,8.27,ok,
castro2024-1004794,1004794,Saccopteryx bilineata,exact,castro-2024,"Table 3, row 14",castro-2024-unstated,unspecified,,,,,,,,,,,emission,single,oral,,,,,,oral,ok,
castro2024-1004794,1004794,Saccopteryx bilineata,exact,castro-2024,"Table 3, row 14",castro-2024-unstated,unspecified,,,,,,,,,,,peak_frequency,single,45.76,,,kHz,,,45.76,ok,
castro2024-1004798,1004798,Coleura afra,exact,castro-2024,"Table 3, row 6",castro-2024-unstated,unspecified,,,,,,,,,,,bandwidth,single,2.4,,,kHz,,,2.4,ok,
castro2024-1004798,1004798,Coleura afra,exact,castro-2024,"Table 3, row 6",castro-2024-unstated,unspecified,,,,,,,,,,,body_mass,single,10.68,,,g,,,10.68,ok,
castro2024-1004798,1004798,Coleura afra,exact,castro-2024,"Table 3, row 6",castro-2024-unstated,unspecified,,,,,,,,,,,duration,single,7.7,,,ms,,,7.7,ok,
castro2024-1004798,1004798,Coleura afra,exact,castro-2024,"Table 3, row 6",castro-2024-unstated,unspecified,,,,,,,,,,,emission,single,oral,,,,,,oral,ok,
castro2024-1004798,1004798,Coleura afra,exact,castro-2024,"Table 3, row 6",castro-2024-unstated,unspecified,,,,,,,,,,,peak_frequency,single,32.9,,,kHz,,,32.9,ok,
castro2024-1004804,1004804,Emballonura dianae,exact,castro-2024,"Table 3, row 8",castro-2024-unstated,unspecified,,,,,,,,,,,bandwidth,single,8.38,,,kHz,,,8.38,ok,
castro2024-1004804,1004804,Emballonura dianae,exact,castro-2024,"Table 3, row 8",castro-2024-unstated,unspecified,,,,,,,,,,,body_mass,single,13.21,,,g,,,13.21,ok,
castro2024-1004804,1004804,Emballonura dianae,exact,castro-2024,"Table 3, row 8",castro-2024-unstated,unspecified,,,,,,,,,,,duration,single,3.13,,,ms,,,3.13,ok,
castro2024-1004804,1004804,Emballonura dianae,exact,castro-2024,"Table 3, row 8",castro-2024-unstated,unspecified,,,,,,,,,,,emission,single,oral,,,,,,oral,ok,
castro2024-1004804,1004804,Emballonura dianae,exact,castro-2024,"Table 3, row 8",castro-2024-unstated,unspecified,,,,,,,,,,,peak_frequency,single,32.36,,,kHz,,,32.36,ok,
castro2024-1004805,1004805,Emballonura furax,exact,castro-2024,"Table 3, row 9",castro-2024-unstated,unspecified,,,,,,,,,,,bandwidth,single,13.09,,,kHz,,,13.09,ok,
castro2024-1004805,1004805,Emballonura furax,exact,castro-2024,"Table 3, row 9",castro-2024-unstated,unspecified,,,,,,,,,,,body_mass,single,15.94,,,g,,,15.94,ok,
castro2024-1004805,1004805,Emballonura furax,exact,castro-2024,"Table 3, row 9",castro-2024-unstated,unspecified,,,,,,,,,,,duration,single,3.08,,,ms,,,3.08,ok,
castro2024-1004805,1004805,Emballonura furax,exact,castro-2024,"Table 3, row 9",castro-2024-unstated,unspecified,,,,,,,,,,,emission,single,oral,,,,,,oral,ok,
castro2024-1004805,1004805,Emballonura furax,exact,castro-2024,"Table 3, row 9",castro-2024-unstated,unspecified,,,,,,,,,,,peak_frequency,single,41.9,,,kHz,,,41.9,ok,
castro2024-1004806,1004806,Emballonura monticola,exact,castro-2024,"Table 3, row 10",castro-2024-unstated,unspecified,,,,,,,,,,,bandwidth,single,4.15,,,kHz,,,4.15,ok,
castro2024-1004806,1004806,Emballonura monticola,exact,castro-2024,"Table 3, row 10",castro-2024-unstated,unspecified,,,,,,,,,,,body_mass,single,5.35,,,g,,,5.35,ok,
castro2024-1004806,1004806,Emballonura monticola,exact,castro-2024,"Table 3, row 10",castro-2024-unstated,unspecified,,,,,,,,,,,duration,single,5.68,,,ms,,,5.68,ok,
castro2024-1004806,1004806,Emballonura monticola,exact,castro-2024,"Table 3, row 10",castro-2024-unstated,unspecified,,,,,,,,,,,emission,single,oral,,,,,,oral,ok,
castro2024-1004806,1004806,Emballonura monticola,exact,castro-2024,"Table 3, row 10",castro-2024-unstated,unspecified,,,,,,,,,,,peak_frequency,single,50.76,,,kHz,,,50.76,ok,
castro2024-1004813,1004813,Saccolaimus flaviventris,exact,castro-2024,"Table 3, row 13",castro-2024-unstated,unspecified,,,,,,,,,,,bandwidth,single,6,,,kHz,,,6,ok,
castro2024-1004813,1004813,Saccolaimus flaviventris,exact,castro-2024,"Table 3, row 13",castro-2024-unstated,unspecified,,,,,,,,,,,body_mass,single,45.25,,,g,,,45.25,ok,
castro2024-1004813,1004813,Saccolaimus flaviventris,exact,castro-2024,"Table 3, row 13",castro-2024-unstated,unspecified,,,,,,,,,,,duration,single,19,,,ms,,,19,ok,
castro2024-1004813,1004813,Saccolaimus flaviventris,exact,castro-2024,"Table 3, row 13",castro-2024-unstated,unspecified,,,,,,,,,,,emission,single,oral,,,,,,oral,ok,
castro2024-1004813,1004813,Saccolaimus flaviventris,exact,castro-2024,"Table 3, row 13",castro-2024-unstated,unspecified,,,,,,,,,,,peak_frequency,single,19,,,kHz,,,19,ok,
castro2024-1004822,1004822,Taphozous hilli,exact,castro-2024,"Table 3, row 15",castro-2024-unstated,unspecified,,,,,,,,,,,bandwidth,single,1,,,kHz,,,1,ok,
castro2024-1004822,1004822,Taphozous hilli,exact,castro-2024,"Table 3, row 15",castro-2024-unstated,unspecified,,,,,,,,,,,body_mass,single,21.99,,,g,,,21.99,ok,
castro2024-1004822,1004822,Taphozous hilli,exact,castro-2024,"Table 3, row 15",castro-2024-unstated,unspecified,,,,,,,,,,,duration,single,10,,,ms,,,10,ok,
castro2024-1004822,1004822,Taphozous hilli,exact,castro-2024,"Table 3, row 15",castro-2024-unstated,unspecified,,,,,,,,,,,emission,single,oral,,,,,,oral,ok,
castro2024-1004822,1004822,Taphozous hilli,exact,castro-2024,"Table 3, row 15",castro-2024-unstated,unspecified,,,,,,,,,,,peak_frequency,single,27.5,,,kHz,,,27.5,ok,
castro2024-1004823,1004823,Taphozous kapalgensis,exact,castro-2024,"Table 3, row 16",castro-2024-unstated,unspecified,,,,,,,,,,,bandwidth,single,1.5,,,kHz,,,1.5,ok,
castro2024-1004823,1004823,Taphozous kapalgensis,exact,castro-2024,"Table 3, row 16",castro-2024-unstated,unspecified,,,,,,,,,,,body_mass,single,26.45,,,g,,,26.45,ok,
castro2024-1004823,1004823,Taphozous kapalgensis,exact,castro-2024,"Table 3, row 16",castro-2024-unstated,unspecified,,,,,,,,,,,duration,single,5,,,ms,,,5,ok,
castro2024-1004823,1004823,Taphozous kapalgensis,exact,castro-2024,"Table 3, row 16",castro-2024-unstated,unspecified,,,,,,,,,,,emission,single,oral,,,,,,oral,ok,
castro2024-1004823,1004823,Taphozous kapalgensis,exact,castro-2024,"Table 3, row 16",castro-2024-unstated,unspecified,,,,,,,,,,,peak_frequency,single,24,,,kHz,,,24,ok,
castro2024-1004825,1004825,Taphozous mauritianus,exact,castro-2024,"Table 3, row 17",castro-2024-unstated,unspecified,,,,,,,,,,,bandwidth,single,2.09,,,kHz,,,2.09,ok,
castro2024-1004825,1004825,Taphozous mauritianus,exact,castro-2024,"Table 3, row 17",castro-2024-unstated,unspecified,,,,,,,,,,,body_mass,single,27.97,,,g,,,27.97,ok,
castro2024-1004825,1004825,Taphozous mauritianus,exact,castro-2024,"Table 3, row 17",castro-2024-unstated,unspecified,,,,,,,,,,,duration,single,13.27,,,ms,,,13.27,ok,
castro2024-1004825,1004825,Taphozous mauritianus,exact,castro-2024,"Table 3, row 17",castro-2024-unstated,unspecified,,,,,,,,,,,emission,single,oral,,,,,,oral,ok,
castro2024-1004825,1004825,Taphozous mauritianus,exact,castro-2024,"Table 3, row 17",castro-2024-unstated,unspecified,,,,,,,,,,,peak_frequency,single,25.29,,,kHz,,,25.29,ok,
castro2024-1004826,1004826,Taphozous melanopogon,exact,castro-2024,"Table 3, row 18",castro-2024-unstated,unspecified,,,,,,,,,,,bandwidth,single,8.05,,,kHz,,,8.05,ok,
castro2024-1004826,1004826,Taphozous melanopogon,exact,castro-2024,"Table 3, row 18",castro-2024-unstated,unspecified,,,,,,,,,,,body_mass,single,25.99,,,g,,,25.99,ok,
castro2024-1004826,1004826,Taphozous melanopogon,exact,castro-2024,"Table 3, row 18",castro-2024-unstated,unspecified,,,,,,,,,,,duration,single,4.06,,,ms,,,4.06,ok,
castro2024-1004826,1004826,Taphozous melanopogon,exact,castro-2024,"Table 3, row 18",castro-2024-unstated,unspecified,,,,,,,,,,,emission,single,oral,,,,,,oral,ok,
castro2024-1004826,1004826,Taphozous melanopogon,exact,castro-2024,"Table 3, row 18",castro-2024-unstated,unspecified,,,,,,,,,,,peak_frequency,single,29.11,,,kHz,,,29.11,ok,
castro2024-1004828,1004828,Taphozous perforatus,exact,castro-2024,"Table 3, row 19",castro-2024-unstated,unspecified,,,,,,,,,,,bandwidth,single,7.09,,,kHz,,,7.09,ok,
castro2024-1004828,1004828,Taphozous perforatus,exact,castro-2024,"Table 3, row 19",castro-2024-unstated,unspecified,,,,,,,,,,,body_mass,single,24.43,,,g,,,24.43,ok,
castro2024-1004828,1004828,Taphozous perforatus,exact,castro-2024,"Table 3, row 19",castro-2024-unstated,unspecified,,,,,,,,,,,duration,single,7.1,,,ms,,,7.1,ok,
castro2024-1004828,1004828,Taphozous perforatus,exact,castro-2024,"Table 3, row 19",castro-2024-unstated,unspecified,,,,,,,,,,,emission,single,oral,,,,,,oral,ok,
castro2024-1004828,1004828,Taphozous perforatus,exact,castro-2024,"Table 3, row 19",castro-2024-unstated,unspecified,,,,,,,,,,,peak_frequency,single,31.38,,,kHz,,,31.38,ok,
castro2024-1004830,1004830,Taphozous troughtoni,exact,castro-2024,"Table 3, row 20",castro-2024-unstated,unspecified,,,,,,,,,,,bandwidth,single,2,,,kHz,,,2,ok,
castro2024-1004830,1004830,Taphozous troughtoni,exact,castro-2024,"Table 3, row 20",castro-2024-unstated,unspecified,,,,,,,,,,,body_mass,single,53.52,,,g,,,53.52,ok,
castro2024-1004830,1004830,Taphozous troughtoni,exact,castro-2024,"Table 3, row 20",castro-2024-unstated,unspecified,,,,,,,,,,,duration,single,13,,,ms,,,13,ok,
castro2024-1004830,1004830,Taphozous troughtoni,exact,castro-2024,"Table 3, row 20",castro-2024-unstated,unspecified,,,,,,,,,,,emission,single,oral,,,,,,oral,ok,
castro2024-1004830,1004830,Taphozous troughtoni,exact,castro-2024,"Table 3, row 20",castro-2024-unstated,unspecified,,,,,,,,,,,peak_frequency,single,22,,,kHz,,,22,ok,
castro2024-1004831,1004831,Myzopoda aurita,exact,castro-2024,"Table 3, row 99",castro-2024-unstated,unspecified,,,,,,,,,,,bandwidth,single,6.72,,,kHz,,,6.72,ok,
castro2024-1004831,1004831,Myzopoda aurita,exact,castro-2024,"Table 3, row 99",castro-2024-unstated,unspecified,,,,,,,,,,,body_mass,single,9.1,,,g,,,9.1,ok,
castro2024-1004831,1004831,Myzopoda aurita,exact,castro-2024,"Table 3, row 99",castro-2024-unstated,unspecified,,,,,,,,,,,duration,single,5.32,,,ms,,,5.32,ok,
castro2024-1004831,1004831,Myzopoda aurita,exact,castro-2024,"Table 3, row 99",castro-2024-unstated,unspecified,,,,,,,,,,,emission,single,oral,,,,,,oral,ok,
castro2024-1004831,1004831,Myzopoda aurita,exact,castro-2024,"Table 3, row 99",castro-2024-unstated,unspecified,,,,,,,,,,,peak_frequency,single,33.4,,,kHz,,,33.4,ok,
castro2024-1004836,1004836,Nycteris grandis,exact,castro-2024,"Table 3, row 103",castro-2024-unstated,unspecified,,,,,,,,,,,bandwidth,single,24,,,kHz,,,24,ok,
castro2024-1004836,1004836,Nycteris grandis,exact,castro-2024,"Table 3, row 103",castro-2024-unstated,unspecified,,,,,,,,,,,body_mass,single,29.8,,,g,,,29.8,ok,
castro2024-1004836,1004836,Nycteris grandis,exact,castro-2024,"Table 3, row 103",castro-2024-unstated,unspecified,,,,,,,,,,,duration,single,3.5,,,ms,,,3.5,ok,
castro2024-1004836,1004836,Nycteris grandis,exact,castro-2024,"Table 3, row 103",castro-2024-unstated,unspecified,,,,,,,,,,,emission,single,nasal,,,,,,nasal,ok,
castro2024-1004836,1004836,Nycteris grandis,exact,castro-2024,"Table 3, row 103",castro-2024-unstated,unspecified,,,,,,,,,,,peak_frequency,single,20,,,kHz,,,20,ok,
castro2024-1004840,1004840,Nycteris macrotis,exact,castro-2024,"Table 3, row 104",castro-2024-unstated,unspecified,,,,,,,,,,,bandwidth,single,21.55,,,kHz,,,21.55,ok,
castro2024-1004840,1004840,Nycteris macrotis,exact,castro-2024,"Table 3, row 104",castro-2024-unstated,unspecified,,,,,,,,,,,body_mass,single,14.49,,,g,,,14.49,ok,
castro2024-1004840,1004840,Nycteris macrotis,exact,castro-2024,"Table 3, row 104",castro-2024-unstated,unspecified,,,,,,,,,,,duration,single,1.18,,,ms,,,1.18,ok,
castro2024-1004840,1004840,Nycteris macrotis,exact,castro-2024,"Table 3, row 104",castro-2024-unstated,unspecified,,,,,,,,,,,emission,single,nasal,,,,,,nasal,ok,
castro2024-1004840,1004840,Nycteris macrotis,exact,castro-2024,"Table 3, row 104",castro-2024-unstated,unspecified,,,,,,,,,,,peak_frequency,single,59.97,,,kHz,,,59.97,ok,
castro2024-1004845,1004845,Nycteris thebaica,exact,castro-2024,"Table 3, row 105",castro-2024-unstated,unspecified,,,,,,,,,,,bandwidth,single,20.43,,,kHz,,,20.43,ok,
castro2024-1004845,1004845,Nycteris thebaica,exact,castro-2024,"Table 3, row 105",castro-2024-unstated,unspecified,,,,,,,,,,,body_mass,single,9.2,,,g,,,9.2,ok,
castro2024-1004845,1004845,Nycteris thebaica,exact,castro-2024,"Table 3, row 105",castro-2024-unstated,unspecified,,,,,,,,,,,duration,single,1.41,,,ms,,,1.41,ok,
castro2024-1004845,1004845,Nycteris thebaica,exact,castro-2024,"Table 3, row 105",castro-2024-unstated,unspecified,,,,,,,,,,,emission,single,nasal,,,,,,nasal,ok,
castro2024-1004845,1004845,Nycteris thebaica,exact,castro-2024,"Table 3, row 105",castro-2024-unstated,unspecified,,,,,,,,,,,peak_frequency,single,71.32,,,kHz,,,71.32,ok,
castro2024-1004849,1004849,Furipterus horrens,exact,castro-2024,"Table 3, row 21",castro-2024-unstated,unspecified,,,,,,,,,,,bandwidth,single,54.39,,,kHz,,,54.39,ok,
castro2024-1004849,1004849,Furipterus horrens,exact,castro-2024,"Table 3, row 21",castro-2024-unstated,unspecified,,,,,,,,,,,body_mass,single,3.15,,,g,,,3.15,ok,
castro2024-1004849,1004849,Furipterus horrens,exact,castro-2024,"Table 3, row 21",castro-2024-unstated,unspecified,,,,,,,,,,,duration,single,2.74,,,ms,,,2.74,ok,
castro2024-1004849,1004849,Furipterus horrens,exact,castro-2024,"Table 3, row 21",castro-2024-unstated,unspecified,,,,,,,,,,,emission,single,oral,,,,,,oral,ok,
castro2024-1004849,1004849,Furipterus horrens,exact,castro-2024,"Table 3, row 21",castro-2024-unstated,unspecified,,,,,,,,,,,peak_frequency,single,162.68,,,kHz,,,162.68,ok,
castro2024-1004850,1004850,Mormoops blainvillei,exact,castro-2024,"Table 3, row 92",castro-2024-unstated,unspecified,,,,,,,,,,,bandwidth,single,16,,,kHz,,,16,ok,
castro2024-1004850,1004850,Mormoops blainvillei,exact,castro-2024,"Table 3, row 92",castro-2024-unstated,unspecified,,,,,,,,,,,body_mass,single,8.69,,,g,,,8.69,ok,
castro2024-1004850,1004850,Mormoops blainvillei,exact,castro-2024,"Table 3, row 92",castro-2024-unstated,unspecified,,,,,,,,,,,duration,single,3.16,,,ms,,,3.16,ok,
castro2024-1004850,1004850,Mormoops blainvillei,exact,castro-2024,"Table 3, row 92",castro-2024-unstated,unspecified,,,,,,,,,,,emission,single,oral,,,,,,oral,ok,
castro2024-1004850,1004850,Mormoops blainvillei,exact,castro-2024,"Table 3, row 92",castro-2024-unstated,unspecified,,,,,,,,,,,peak_frequency,single,57.5,,,kHz,,,57.5,ok,
castro2024-1004852-parnellii,1004852,Pteronotus parnellii,split_assigned,castro-2024,"Table 3, row 95",castro-2024-unstated,unspecified,,,,,,,,,,,bandwidth,single,7.74,,,kHz,,,7.74,taxon_uncertain,"Published as Pteronotus parnellii before that name was restricted to one member of a nine-species cryptic complex. Pre-split recordings could belong to any of them, so the measurement is shown for each. All nine are high-duty-cycle CF bats with similar calls, but the assignment is unresolved. Printed in the source as a separate species; the current taxonomy treats it as Pteronotus alitonus."
castro2024-1004852-parnellii,1004852,Pteronotus parnellii,split_assigned,castro-2024,"Table 3, row 95",castro-2024-unstated,unspecified,,,,,,,,,,,body_mass,single,19.59,,,g,,,19.59,taxon_uncertain,"Published as Pteronotus parnellii before that name was restricted to one member of a nine-species cryptic complex. Pre-split recordings could belong to any of them, so the measurement is shown for each. All nine are high-duty-cycle CF bats with similar calls, but the assignment is unresolved. Printed in the source as a separate species; the current taxonomy treats it as Pteronotus alitonus."
castro2024-1004852-parnellii,1004852,Pteronotus parnellii,split_assigned,castro-2024,"Table 3, row 95",castro-2024-unstated,unspecified,,,,,,,,,,,duration,single,25.81,,,ms,,,25.81,taxon_uncertain,"Published as Pteronotus parnellii before that name was restricted to one member of a nine-species cryptic complex. Pre-split recordings could belong to any of them, so the measurement is shown for each. All nine are high-duty-cycle CF bats with similar calls, but the assignment is unresolved. Printed in the source as a separate species; the current taxonomy treats it as Pteronotus alitonus."
castro2024-1004852-parnellii,1004852,Pteronotus parnellii,split_assigned,castro-2024,"Table 3, row 95",castro-2024-unstated,unspecified,,,,,,,,,,,emission,single,oral,,,,,,oral,taxon_uncertain,"Published as Pteronotus parnellii before that name was restricted to one member of a nine-species cryptic complex. Pre-split recordings could belong to any of them, so the measurement is shown for each. All nine are high-duty-cycle CF bats with similar calls, but the assignment is unresolved. Printed in the source as a separate species; the current taxonomy treats it as Pteronotus alitonus."
castro2024-1004852-parnellii,1004852,Pteronotus parnellii,split_assigned,castro-2024,"Table 3, row 95",castro-2024-unstated,unspecified,,,,,,,,,,,peak_frequency,single,60.95,,,kHz,,,60.95,taxon_uncertain,"Published as Pteronotus parnellii before that name was restricted to one member of a nine-species cryptic complex. Pre-split recordings could belong to any of them, so the measurement is shown for each. All nine are high-duty-cycle CF bats with similar calls, but the assignment is unresolved. Printed in the source as a separate species; the current taxonomy treats it as Pteronotus alitonus."
castro2024-1004853,1004853,Pteronotus davyi,exact,castro-2024,"Table 3, row 93",castro-2024-unstated,unspecified,,,,,,,,,,,bandwidth,single,13.03,,,kHz,,,13.03,ok,
castro2024-1004853,1004853,Pteronotus davyi,exact,castro-2024,"Table 3, row 93",castro-2024-unstated,unspecified,,,,,,,,,,,body_mass,single,9.52,,,g,,,9.52,ok,
castro2024-1004853,1004853,Pteronotus davyi,exact,castro-2024,"Table 3, row 93",castro-2024-unstated,unspecified,,,,,,,,,,,duration,single,4.76,,,ms,,,4.76,ok,
castro2024-1004853,1004853,Pteronotus davyi,exact,castro-2024,"Table 3, row 93",castro-2024-unstated,unspecified,,,,,,,,,,,emission,single,oral,,,,,,oral,ok,
castro2024-1004853,1004853,Pteronotus davyi,exact,castro-2024,"Table 3, row 93",castro-2024-unstated,unspecified,,,,,,,,,,,peak_frequency,single,66.22,,,kHz,,,66.22,ok,
castro2024-1004855-parnellii,1004855,Pteronotus parnellii,split_assigned,castro-2024,"Table 3, row 95",castro-2024-unstated,unspecified,,,,,,,,,,,bandwidth,single,7.74,,,kHz,,,7.74,taxon_uncertain,"Published as Pteronotus parnellii before that name was restricted to one member of a nine-species cryptic complex. Pre-split recordings could belong to any of them, so the measurement is shown for each. All nine are high-duty-cycle CF bats with similar calls, but the assignment is unresolved. Printed in the source as a separate species; the current taxonomy treats it as Pteronotus fuscus."
castro2024-1004855-parnellii,1004855,Pteronotus parnellii,split_assigned,castro-2024,"Table 3, row 95",castro-2024-unstated,unspecified,,,,,,,,,,,body_mass,single,19.59,,,g,,,19.59,taxon_uncertain,"Published as Pteronotus parnellii before that name was restricted to one member of a nine-species cryptic complex. Pre-split recordings could belong to any of them, so the measurement is shown for each. All nine are high-duty-cycle CF bats with similar calls, but the assignment is unresolved. Printed in the source as a separate species; the current taxonomy treats it as Pteronotus fuscus."
castro2024-1004855-parnellii,1004855,Pteronotus parnellii,split_assigned,castro-2024,"Table 3, row 95",castro-2024-unstated,unspecified,,,,,,,,,,,duration,single,25.81,,,ms,,,25.81,taxon_uncertain,"Published as Pteronotus parnellii before that name was restricted to one member of a nine-species cryptic complex. Pre-split recordings could belong to any of them, so the measurement is shown for each. All nine are high-duty-cycle CF bats with similar calls, but the assignment is unresolved. Printed in the source as a separate species; the current taxonomy treats it as Pteronotus fuscus."
castro2024-1004855-parnellii,1004855,Pteronotus parnellii,split_assigned,castro-2024,"Table 3, row 95",castro-2024-unstated,unspecified,,,,,,,,,,,emission,single,oral,,,,,,oral,taxon_uncertain,"Published as Pteronotus parnellii before that name was restricted to one member of a nine-species cryptic complex. Pre-split recordings could belong to any of them, so the measurement is shown for each. All nine are high-duty-cycle CF bats with similar calls, but the assignment is unresolved. Printed in the source as a separate species; the current taxonomy treats it as Pteronotus fuscus."
castro2024-1004855-parnellii,1004855,Pteronotus parnellii,split_assigned,castro-2024,"Table 3, row 95",castro-2024-unstated,unspecified,,,,,,,,,,,peak_frequency,single,60.95,,,kHz,,,60.95,taxon_uncertain,"Published as Pteronotus parnellii before that name was restricted to one member of a nine-species cryptic complex. Pre-split recordings could belong to any of them, so the measurement is shown for each. All nine are high-duty-cycle CF bats with similar calls, but the assignment is unresolved. Printed in the source as a separate species; the current taxonomy treats it as Pteronotus fuscus."
castro2024-1004857,1004857,Pteronotus macleayii,exact,castro-2024,"Table 3, row 94",castro-2024-unstated,unspecified,,,,,,,,,,,bandwidth,single,12,,,kHz,,,12,ok,
castro2024-1004857,1004857,Pteronotus macleayii,exact,castro-2024,"Table 3, row 94",castro-2024-unstated,unspecified,,,,,,,,,,,body_mass,single,12.39,,,g,,,12.39,ok,
castro2024-1004857,1004857,Pteronotus macleayii,exact,castro-2024,"Table 3, row 94",castro-2024-unstated,unspecified,,,,,,,,,,,duration,single,4.03,,,ms,,,4.03,ok,
castro2024-1004857,1004857,Pteronotus macleayii,exact,castro-2024,"Table 3, row 94",castro-2024-unstated,unspecified,,,,,,,,,,,emission,single,oral,,,,,,oral,ok,
castro2024-1004857,1004857,Pteronotus macleayii,exact,castro-2024,"Table 3, row 94",castro-2024-unstated,unspecified,,,,,,,,,,,peak_frequency,single,69,,,kHz,,,69,ok,
castro2024-1004858-parnellii,1004858,Pteronotus parnellii,split_assigned,castro-2024,"Table 3, row 95",castro-2024-unstated,unspecified,,,,,,,,,,,bandwidth,single,7.74,,,kHz,,,7.74,taxon_uncertain,"Published as Pteronotus parnellii before that name was restricted to one member of a nine-species cryptic complex. Pre-split recordings could belong to any of them, so the measurement is shown for each. All nine are high-duty-cycle CF bats with similar calls, but the assignment is unresolved. Printed in the source as a separate species; the current taxonomy treats it as Pteronotus mesoamericanus."
castro2024-1004858-parnellii,1004858,Pteronotus parnellii,split_assigned,castro-2024,"Table 3, row 95",castro-2024-unstated,unspecified,,,,,,,,,,,body_mass,single,19.59,,,g,,,19.59,taxon_uncertain,"Published as Pteronotus parnellii before that name was restricted to one member of a nine-species cryptic complex. Pre-split recordings could belong to any of them, so the measurement is shown for each. All nine are high-duty-cycle CF bats with similar calls, but the assignment is unresolved. Printed in the source as a separate species; the current taxonomy treats it as Pteronotus mesoamericanus."
castro2024-1004858-parnellii,1004858,Pteronotus parnellii,split_assigned,castro-2024,"Table 3, row 95",castro-2024-unstated,unspecified,,,,,,,,,,,duration,single,25.81,,,ms,,,25.81,taxon_uncertain,"Published as Pteronotus parnellii before that name was restricted to one member of a nine-species cryptic complex. Pre-split recordings could belong to any of them, so the measurement is shown for each. All nine are high-duty-cycle CF bats with similar calls, but the assignment is unresolved. Printed in the source as a separate species; the current taxonomy treats it as Pteronotus mesoamericanus."
castro2024-1004858-parnellii,1004858,Pteronotus parnellii,split_assigned,castro-2024,"Table 3, row 95",castro-2024-unstated,unspecified,,,,,,,,,,,emission,single,oral,,,,,,oral,taxon_uncertain,"Published as Pteronotus parnellii before that name was restricted to one member of a nine-species cryptic complex. Pre-split recordings could belong to any of them, so the measurement is shown for each. All nine are high-duty-cycle CF bats with similar calls, but the assignment is unresolved. Printed in the source as a separate species; the current taxonomy treats it as Pteronotus mesoamericanus."
castro2024-1004858-parnellii,1004858,Pteronotus parnellii,split_assigned,castro-2024,"Table 3, row 95",castro-2024-unstated,unspecified,,,,,,,,,,,peak_frequency,single,60.95,,,kHz,,,60.95,taxon_uncertain,"Published as Pteronotus parnellii before that name was restricted to one member of a nine-species cryptic complex. Pre-split recordings could belong to any of them, so the measurement is shown for each. All nine are high-duty-cycle CF bats with similar calls, but the assignment is unresolved. Printed in the source as a separate species; the current taxonomy treats it as Pteronotus mesoamericanus."
castro2024-1004859-parnellii,1004859,Pteronotus parnellii,split_assigned,castro-2024,"Table 3, row 95",castro-2024-unstated,unspecified,,,,,,,,,,,bandwidth,single,7.74,,,kHz,,,7.74,taxon_uncertain,"Published as Pteronotus parnellii before that name was restricted to one member of a nine-species cryptic complex. Pre-split recordings could belong to any of them, so the measurement is shown for each. All nine are high-duty-cycle CF bats with similar calls, but the assignment is unresolved. Printed in the source as a separate species; the current taxonomy treats it as Pteronotus mexicanus."
castro2024-1004859-parnellii,1004859,Pteronotus parnellii,split_assigned,castro-2024,"Table 3, row 95",castro-2024-unstated,unspecified,,,,,,,,,,,body_mass,single,19.59,,,g,,,19.59,taxon_uncertain,"Published as Pteronotus parnellii before that name was restricted to one member of a nine-species cryptic complex. Pre-split recordings could belong to any of them, so the measurement is shown for each. All nine are high-duty-cycle CF bats with similar calls, but the assignment is unresolved. Printed in the source as a separate species; the current taxonomy treats it as Pteronotus mexicanus."
castro2024-1004859-parnellii,1004859,Pteronotus parnellii,split_assigned,castro-2024,"Table 3, row 95",castro-2024-unstated,unspecified,,,,,,,,,,,duration,single,25.81,,,ms,,,25.81,taxon_uncertain,"Published as Pteronotus parnellii before that name was restricted to one member of a nine-species cryptic complex. Pre-split recordings could belong to any of them, so the measurement is shown for each. All nine are high-duty-cycle CF bats with similar calls, but the assignment is unresolved. Printed in the source as a separate species; the current taxonomy treats it as Pteronotus mexicanus."
castro2024-1004859-parnellii,1004859,Pteronotus parnellii,split_assigned,castro-2024,"Table 3, row 95",castro-2024-unstated,unspecified,,,,,,,,,,,emission,single,oral,,,,,,oral,taxon_uncertain,"Published as Pteronotus parnellii before that name was restricted to one member of a nine-species cryptic complex. Pre-split recordings could belong to any of them, so the measurement is shown for each. All nine are high-duty-cycle CF bats with similar calls, but the assignment is unresolved. Printed in the source as a separate species; the current taxonomy treats it as Pteronotus mexicanus."
castro2024-1004859-parnellii,1004859,Pteronotus parnellii,split_assigned,castro-2024,"Table 3, row 95",castro-2024-unstated,unspecified,,,,,,,,,,,peak_frequency,single,60.95,,,kHz,,,60.95,taxon_uncertain,"Published as Pteronotus parnellii before that name was restricted to one member of a nine-species cryptic complex. Pre-split recordings could belong to any of them, so the measurement is shown for each. All nine are high-duty-cycle CF bats with similar calls, but the assignment is unresolved. Printed in the source as a separate species; the current taxonomy treats it as Pteronotus mexicanus."
castro2024-1004860-parnellii,1004860,Pteronotus parnellii,split_assigned,castro-2024,"Table 3, row 95",castro-2024-unstated,unspecified,,,,,,,,,,,bandwidth,single,7.74,,,kHz,,,7.74,taxon_uncertain,"Published as Pteronotus parnellii before that name was restricted to one member of a nine-species cryptic complex. Pre-split recordings could belong to any of them, so the measurement is shown for each. All nine are high-duty-cycle CF bats with similar calls, but the assignment is unresolved. Printed in the source as a separate species; the current taxonomy treats it as Pteronotus paraguanensis."
castro2024-1004860-parnellii,1004860,Pteronotus parnellii,split_assigned,castro-2024,"Table 3, row 95",castro-2024-unstated,unspecified,,,,,,,,,,,body_mass,single,19.59,,,g,,,19.59,taxon_uncertain,"Published as Pteronotus parnellii before that name was restricted to one member of a nine-species cryptic complex. Pre-split recordings could belong to any of them, so the measurement is shown for each. All nine are high-duty-cycle CF bats with similar calls, but the assignment is unresolved. Printed in the source as a separate species; the current taxonomy treats it as Pteronotus paraguanensis."
castro2024-1004860-parnellii,1004860,Pteronotus parnellii,split_assigned,castro-2024,"Table 3, row 95",castro-2024-unstated,unspecified,,,,,,,,,,,duration,single,25.81,,,ms,,,25.81,taxon_uncertain,"Published as Pteronotus parnellii before that name was restricted to one member of a nine-species cryptic complex. Pre-split recordings could belong to any of them, so the measurement is shown for each. All nine are high-duty-cycle CF bats with similar calls, but the assignment is unresolved. Printed in the source as a separate species; the current taxonomy treats it as Pteronotus paraguanensis."
castro2024-1004860-parnellii,1004860,Pteronotus parnellii,split_assigned,castro-2024,"Table 3, row 95",castro-2024-unstated,unspecified,,,,,,,,,,,emission,single,oral,,,,,,oral,taxon_uncertain,"Published as Pteronotus parnellii before that name was restricted to one member of a nine-species cryptic complex. Pre-split recordings could belong to any of them, so the measurement is shown for each. All nine are high-duty-cycle CF bats with similar calls, but the assignment is unresolved. Printed in the source as a separate species; the current taxonomy treats it as Pteronotus paraguanensis."
castro2024-1004860-parnellii,1004860,Pteronotus parnellii,split_assigned,castro-2024,"Table 3, row 95",castro-2024-unstated,unspecified,,,,,,,,,,,peak_frequency,single,60.95,,,kHz,,,60.95,taxon_uncertain,"Published as Pteronotus parnellii before that name was restricted to one member of a nine-species cryptic complex. Pre-split recordings could belong to any of them, so the measurement is shown for each. All nine are high-duty-cycle CF bats with similar calls, but the assignment is unresolved. Printed in the source as a separate species; the current taxonomy treats it as Pteronotus paraguanensis."
castro2024-1004861,1004861,Pteronotus parnellii,split_assigned,castro-2024,"Table 3, row 95",castro-2024-unstated,unspecified,,,,,,,,,,,bandwidth,single,7.74,,,kHz,,,7.74,taxon_uncertain,"Published as Pteronotus parnellii before that name was restricted to one member of a nine-species cryptic complex. Pre-split recordings could belong to any of them, so the measurement is shown for each. All nine are high-duty-cycle CF bats with similar calls, but the assignment is unresolved."
castro2024-1004861,1004861,Pteronotus parnellii,split_assigned,castro-2024,"Table 3, row 95",castro-2024-unstated,unspecified,,,,,,,,,,,body_mass,single,19.59,,,g,,,19.59,taxon_uncertain,"Published as Pteronotus parnellii before that name was restricted to one member of a nine-species cryptic complex. Pre-split recordings could belong to any of them, so the measurement is shown for each. All nine are high-duty-cycle CF bats with similar calls, but the assignment is unresolved."
castro2024-1004861,1004861,Pteronotus parnellii,split_assigned,castro-2024,"Table 3, row 95",castro-2024-unstated,unspecified,,,,,,,,,,,duration,single,25.81,,,ms,,,25.81,taxon_uncertain,"Published as Pteronotus parnellii before that name was restricted to one member of a nine-species cryptic complex. Pre-split recordings could belong to any of them, so the measurement is shown for each. All nine are high-duty-cycle CF bats with similar calls, but the assignment is unresolved."
castro2024-1004861,1004861,Pteronotus parnellii,split_assigned,castro-2024,"Table 3, row 95",castro-2024-unstated,unspecified,,,,,,,,,,,emission,single,oral,,,,,,oral,taxon_uncertain,"Published as Pteronotus parnellii before that name was restricted to one member of a nine-species cryptic complex. Pre-split recordings could belong to any of them, so the measurement is shown for each. All nine are high-duty-cycle CF bats with similar calls, but the assignment is unresolved."
castro2024-1004861,1004861,Pteronotus parnellii,split_assigned,castro-2024,"Table 3, row 95",castro-2024-unstated,unspecified,,,,,,,,,,,peak_frequency,single,60.95,,,kHz,,,60.95,taxon_uncertain,"Published as Pteronotus parnellii before that name was restricted to one member of a nine-species cryptic complex. Pre-split recordings could belong to any of them, so the measurement is shown for each. All nine are high-duty-cycle CF bats with similar calls, but the assignment is unresolved."
castro2024-1004862,1004862,Pteronotus personatus,exact,castro-2024,"Table 3, row 96",castro-2024-unstated,unspecified,,,,,,,,,,,bandwidth,single,17.49,,,kHz,,,17.49,ok,
castro2024-1004862,1004862,Pteronotus personatus,exact,castro-2024,"Table 3, row 96",castro-2024-unstated,unspecified,,,,,,,,,,,body_mass,single,7.99,,,g,,,7.99,ok,
castro2024-1004862,1004862,Pteronotus personatus,exact,castro-2024,"Table 3, row 96",castro-2024-unstated,unspecified,,,,,,,,,,,duration,single,4.75,,,ms,,,4.75,ok,
castro2024-1004862,1004862,Pteronotus personatus,exact,castro-2024,"Table 3, row 96",castro-2024-unstated,unspecified,,,,,,,,,,,emission,single,oral,,,,,,oral,ok,
castro2024-1004862,1004862,Pteronotus personatus,exact,castro-2024,"Table 3, row 96",castro-2024-unstated,unspecified,,,,,,,,,,,peak_frequency,single,65.45,,,kHz,,,65.45,ok,
castro2024-1004863-parnellii,1004863,Pteronotus parnellii,split_assigned,castro-2024,"Table 3, row 95",castro-2024-unstated,unspecified,,,,,,,,,,,bandwidth,single,7.74,,,kHz,,,7.74,taxon_uncertain,"Published as Pteronotus parnellii before that name was restricted to one member of a nine-species cryptic complex. Pre-split recordings could belong to any of them, so the measurement is shown for each. All nine are high-duty-cycle CF bats with similar calls, but the assignment is unresolved. Printed in the source as a separate species; the current taxonomy treats it as Pteronotus portoricensis."
castro2024-1004863-parnellii,1004863,Pteronotus parnellii,split_assigned,castro-2024,"Table 3, row 95",castro-2024-unstated,unspecified,,,,,,,,,,,body_mass,single,19.59,,,g,,,19.59,taxon_uncertain,"Published as Pteronotus parnellii before that name was restricted to one member of a nine-species cryptic complex. Pre-split recordings could belong to any of them, so the measurement is shown for each. All nine are high-duty-cycle CF bats with similar calls, but the assignment is unresolved. Printed in the source as a separate species; the current taxonomy treats it as Pteronotus portoricensis."
castro2024-1004863-parnellii,1004863,Pteronotus parnellii,split_assigned,castro-2024,"Table 3, row 95",castro-2024-unstated,unspecified,,,,,,,,,,,duration,single,25.81,,,ms,,,25.81,taxon_uncertain,"Published as Pteronotus parnellii before that name was restricted to one member of a nine-species cryptic complex. Pre-split recordings could belong to any of them, so the measurement is shown for each. All nine are high-duty-cycle CF bats with similar calls, but the assignment is unresolved. Printed in the source as a separate species; the current taxonomy treats it as Pteronotus portoricensis."
castro2024-1004863-parnellii,1004863,Pteronotus parnellii,split_assigned,castro-2024,"Table 3, row 95",castro-2024-unstated,unspecified,,,,,,,,,,,emission,single,oral,,,,,,oral,taxon_uncertain,"Published as Pteronotus parnellii before that name was restricted to one member of a nine-species cryptic complex. Pre-split recordings could belong to any of them, so the measurement is shown for each. All nine are high-duty-cycle CF bats with similar calls, but the assignment is unresolved. Printed in the source as a separate species; the current taxonomy treats it as Pteronotus portoricensis."
castro2024-1004863-parnellii,1004863,Pteronotus parnellii,split_assigned,castro-2024,"Table 3, row 95",castro-2024-unstated,unspecified,,,,,,,,,,,peak_frequency,single,60.95,,,kHz,,,60.95,taxon_uncertain,"Published as Pteronotus parnellii before that name was restricted to one member of a nine-species cryptic complex. Pre-split recordings could belong to any of them, so the measurement is shown for each. All nine are high-duty-cycle CF bats with similar calls, but the assignment is unresolved. Printed in the source as a separate species; the current taxonomy treats it as Pteronotus portoricensis."
castro2024-1004865-parnellii,1004865,Pteronotus parnellii,split_assigned,castro-2024,"Table 3, row 95",castro-2024-unstated,unspecified,,,,,,,,,,,bandwidth,single,7.74,,,kHz,,,7.74,taxon_uncertain,"Published as Pteronotus parnellii before that name was restricted to one member of a nine-species cryptic complex. Pre-split recordings could belong to any of them, so the measurement is shown for each. All nine are high-duty-cycle CF bats with similar calls, but the assignment is unresolved. Printed in the source as a separate species; the current taxonomy treats it as Pteronotus pusillus."
castro2024-1004865-parnellii,1004865,Pteronotus parnellii,split_assigned,castro-2024,"Table 3, row 95",castro-2024-unstated,unspecified,,,,,,,,,,,body_mass,single,19.59,,,g,,,19.59,taxon_uncertain,"Published as Pteronotus parnellii before that name was restricted to one member of a nine-species cryptic complex. Pre-split recordings could belong to any of them, so the measurement is shown for each. All nine are high-duty-cycle CF bats with similar calls, but the assignment is unresolved. Printed in the source as a separate species; the current taxonomy treats it as Pteronotus pusillus."
castro2024-1004865-parnellii,1004865,Pteronotus parnellii,split_assigned,castro-2024,"Table 3, row 95",castro-2024-unstated,unspecified,,,,,,,,,,,duration,single,25.81,,,ms,,,25.81,taxon_uncertain,"Published as Pteronotus parnellii before that name was restricted to one member of a nine-species cryptic complex. Pre-split recordings could belong to any of them, so the measurement is shown for each. All nine are high-duty-cycle CF bats with similar calls, but the assignment is unresolved. Printed in the source as a separate species; the current taxonomy treats it as Pteronotus pusillus."
castro2024-1004865-parnellii,1004865,Pteronotus parnellii,split_assigned,castro-2024,"Table 3, row 95",castro-2024-unstated,unspecified,,,,,,,,,,,emission,single,oral,,,,,,oral,taxon_uncertain,"Published as Pteronotus parnellii before that name was restricted to one member of a nine-species cryptic complex. Pre-split recordings could belong to any of them, so the measurement is shown for each. All nine are high-duty-cycle CF bats with similar calls, but the assignment is unresolved. Printed in the source as a separate species; the current taxonomy treats it as Pteronotus pusillus."
castro2024-1004865-parnellii,1004865,Pteronotus parnellii,split_assigned,castro-2024,"Table 3, row 95",castro-2024-unstated,unspecified,,,,,,,,,,,peak_frequency,single,60.95,,,kHz,,,60.95,taxon_uncertain,"Published as Pteronotus parnellii before that name was restricted to one member of a nine-species cryptic complex. Pre-split recordings could belong to any of them, so the measurement is shown for each. All nine are high-duty-cycle CF bats with similar calls, but the assignment is unresolved. Printed in the source as a separate species; the current taxonomy treats it as Pteronotus pusillus."
castro2024-1004866,1004866,Pteronotus quadridens,exact,castro-2024,"Table 3, row 97",castro-2024-unstated,unspecified,,,,,,,,,,,bandwidth,single,15.5,,,kHz,,,15.5,ok,
castro2024-1004866,1004866,Pteronotus quadridens,exact,castro-2024,"Table 3, row 97",castro-2024-unstated,unspecified,,,,,,,,,,,body_mass,single,5.64,,,g,,,5.64,ok,
castro2024-1004866,1004866,Pteronotus quadridens,exact,castro-2024,"Table 3, row 97",castro-2024-unstated,unspecified,,,,,,,,,,,duration,single,3.98,,,ms,,,3.98,ok,
castro2024-1004866,1004866,Pteronotus quadridens,exact,castro-2024,"Table 3, row 97",castro-2024-unstated,unspecified,,,,,,,,,,,emission,single,oral,,,,,,oral,ok,
castro2024-1004866,1004866,Pteronotus quadridens,exact,castro-2024,"Table 3, row 97",castro-2024-unstated,unspecified,,,,,,,,,,,peak_frequency,single,81.5,,,kHz,,,81.5,ok,
castro2024-1004867-parnellii,1004867,Pteronotus parnellii,split_assigned,castro-2024,"Table 3, row 95",castro-2024-unstated,unspecified,,,,,,,,,,,bandwidth,single,7.74,,,kHz,,,7.74,taxon_uncertain,"Published as Pteronotus parnellii before that name was restricted to one member of a nine-species cryptic complex. Pre-split recordings could belong to any of them, so the measurement is shown for each. All nine are high-duty-cycle CF bats with similar calls, but the assignment is unresolved. Printed in the source as a separate species; the current taxonomy treats it as Pteronotus rubiginosus."
castro2024-1004867-parnellii,1004867,Pteronotus parnellii,split_assigned,castro-2024,"Table 3, row 95",castro-2024-unstated,unspecified,,,,,,,,,,,body_mass,single,19.59,,,g,,,19.59,taxon_uncertain,"Published as Pteronotus parnellii before that name was restricted to one member of a nine-species cryptic complex. Pre-split recordings could belong to any of them, so the measurement is shown for each. All nine are high-duty-cycle CF bats with similar calls, but the assignment is unresolved. Printed in the source as a separate species; the current taxonomy treats it as Pteronotus rubiginosus."
castro2024-1004867-parnellii,1004867,Pteronotus parnellii,split_assigned,castro-2024,"Table 3, row 95",castro-2024-unstated,unspecified,,,,,,,,,,,duration,single,25.81,,,ms,,,25.81,taxon_uncertain,"Published as Pteronotus parnellii before that name was restricted to one member of a nine-species cryptic complex. Pre-split recordings could belong to any of them, so the measurement is shown for each. All nine are high-duty-cycle CF bats with similar calls, but the assignment is unresolved. Printed in the source as a separate species; the current taxonomy treats it as Pteronotus rubiginosus."
castro2024-1004867-parnellii,1004867,Pteronotus parnellii,split_assigned,castro-2024,"Table 3, row 95",castro-2024-unstated,unspecified,,,,,,,,,,,emission,single,oral,,,,,,oral,taxon_uncertain,"Published as Pteronotus parnellii before that name was restricted to one member of a nine-species cryptic complex. Pre-split recordings could belong to any of them, so the measurement is shown for each. All nine are high-duty-cycle CF bats with similar calls, but the assignment is unresolved. Printed in the source as a separate species; the current taxonomy treats it as Pteronotus rubiginosus."
castro2024-1004867-parnellii,1004867,Pteronotus parnellii,split_assigned,castro-2024,"Table 3, row 95",castro-2024-unstated,unspecified,,,,,,,,,,,peak_frequency,single,60.95,,,kHz,,,60.95,taxon_uncertain,"Published as Pteronotus parnellii before that name was restricted to one member of a nine-species cryptic complex. Pre-split recordings could belong to any of them, so the measurement is shown for each. All nine are high-duty-cycle CF bats with similar calls, but the assignment is unresolved. Printed in the source as a separate species; the current taxonomy treats it as Pteronotus rubiginosus."
castro2024-1004869,1004869,Mystacina tuberculata,exact,castro-2024,"Table 3, row 98",castro-2024-unstated,unspecified,,,,,,,,,,,bandwidth,single,19.97,,,kHz,,,19.97,ok,
castro2024-1004869,1004869,Mystacina tuberculata,exact,castro-2024,"Table 3, row 98",castro-2024-unstated,unspecified,,,,,,,,,,,body_mass,single,13.14,,,g,,,13.14,ok,
castro2024-1004869,1004869,Mystacina tuberculata,exact,castro-2024,"Table 3, row 98",castro-2024-unstated,unspecified,,,,,,,,,,,duration,single,1.94,,,ms,,,1.94,ok,
castro2024-1004869,1004869,Mystacina tuberculata,exact,castro-2024,"Table 3, row 98",castro-2024-unstated,unspecified,,,,,,,,,,,emission,single,oral,,,,,,oral,ok,
castro2024-1004869,1004869,Mystacina tuberculata,exact,castro-2024,"Table 3, row 98",castro-2024-unstated,unspecified,,,,,,,,,,,peak_frequency,single,48.38,,,kHz,,,48.38,ok,
castro2024-1004871,1004871,Noctilio leporinus,exact,castro-2024,"Table 3, row 102",castro-2024-unstated,unspecified,,,,,,,,,,,bandwidth,single,19.47,,,kHz,,,19.47,ok,
castro2024-1004871,1004871,Noctilio leporinus,exact,castro-2024,"Table 3, row 102",castro-2024-unstated,unspecified,,,,,,,,,,,body_mass,single,29.93,,,g,,,29.93,ok,
castro2024-1004871,1004871,Noctilio leporinus,exact,castro-2024,"Table 3, row 102",castro-2024-unstated,unspecified,,,,,,,,,,,duration,single,6.46,,,ms,,,6.46,ok,
castro2024-1004871,1004871,Noctilio leporinus,exact,castro-2024,"Table 3, row 102",castro-2024-unstated,unspecified,,,,,,,,,,,emission,single,oral,,,,,,oral,ok,
castro2024-1004871,1004871,Noctilio leporinus,exact,castro-2024,"Table 3, row 102",castro-2024-unstated,unspecified,,,,,,,,,,,peak_frequency,single,35.27,,,kHz,,,35.27,ok,
castro2024-1004874,1004874,Carollia castanea,exact,castro-2024,"Table 3, row 120",castro-2024-unstated,unspecified,,,,,,,,,,,bandwidth,single,26.14,,,kHz,,,26.14,ok,
castro2024-1004874,1004874,Carollia castanea,exact,castro-2024,"Table 3, row 120",castro-2024-unstated,unspecified,,,,,,,,,,,body_mass,single,13.1,,,g,,,13.1,ok,
castro2024-1004874,1004874,Carollia castanea,exact,castro-2024,"Table 3, row 120",castro-2024-unstated,unspecified,,,,,,,,,,,duration,single,0.81,,,ms,,,0.81,ok,
castro2024-1004874,1004874,Carollia castanea,exact,castro-2024,"Table 3, row 120",castro-2024-unstated,unspecified,,,,,,,,,,,emission,single,nasal,,,,,,nasal,ok,
castro2024-1004874,1004874,Carollia castanea,exact,castro-2024,"Table 3, row 120",castro-2024-unstated,unspecified,,,,,,,,,,,peak_frequency,single,95.4,,,kHz,,,95.4,ok,
castro2024-1004877,1004877,Carollia perspicillata,exact,castro-2024,"Table 3, row 121",castro-2024-unstated,unspecified,,,,,,,,,,,bandwidth,single,29.3,,,kHz,,,29.3,ok,
castro2024-1004877,1004877,Carollia perspicillata,exact,castro-2024,"Table 3, row 121",castro-2024-unstated,unspecified,,,,,,,,,,,body_mass,single,19.23,,,g,,,19.23,ok,
castro2024-1004877,1004877,Carollia perspicillata,exact,castro-2024,"Table 3, row 121",castro-2024-unstated,unspecified,,,,,,,,,,,duration,single,2.08,,,ms,,,2.08,ok,
castro2024-1004877,1004877,Carollia perspicillata,exact,castro-2024,"Table 3, row 121",castro-2024-unstated,unspecified,,,,,,,,,,,emission,single,nasal,,,,,,nasal,ok,
castro2024-1004877,1004877,Carollia perspicillata,exact,castro-2024,"Table 3, row 121",castro-2024-unstated,unspecified,,,,,,,,,,,peak_frequency,single,63.83,,,kHz,,,63.83,ok,
castro2024-1004880,1004880,Desmodus rotundus,exact,castro-2024,"Table 3, row 126",castro-2024-unstated,unspecified,,,,,,,,,,,bandwidth,single,26.72,,,kHz,,,26.72,ok,
castro2024-1004880,1004880,Desmodus rotundus,exact,castro-2024,"Table 3, row 126",castro-2024-unstated,unspecified,,,,,,,,,,,body_mass,single,33.16,,,g,,,33.16,ok,
castro2024-1004880,1004880,Desmodus rotundus,exact,castro-2024,"Table 3, row 126",castro-2024-unstated,unspecified,,,,,,,,,,,duration,single,1.92,,,ms,,,1.92,ok,
castro2024-1004880,1004880,Desmodus rotundus,exact,castro-2024,"Table 3, row 126",castro-2024-unstated,unspecified,,,,,,,,,,,emission,single,nasal,,,,,,nasal,ok,
castro2024-1004880,1004880,Desmodus rotundus,exact,castro-2024,"Table 3, row 126",castro-2024-unstated,unspecified,,,,,,,,,,,peak_frequency,single,61.56,,,kHz,,,61.56,ok,
castro2024-1004881,1004881,Diaemus youngii,exact,castro-2024,"Table 3, row 127",castro-2024-unstated,unspecified,,,,,,,,,,,bandwidth,single,21.6,,,kHz,,,21.6,ok,
castro2024-1004881,1004881,Diaemus youngii,exact,castro-2024,"Table 3, row 127",castro-2024-unstated,unspecified,,,,,,,,,,,body_mass,single,36.71,,,g,,,36.71,ok,
castro2024-1004881,1004881,Diaemus youngii,exact,castro-2024,"Table 3, row 127",castro-2024-unstated,unspecified,,,,,,,,,,,duration,single,2.22,,,ms,,,2.22,ok,
castro2024-1004881,1004881,Diaemus youngii,exact,castro-2024,"Table 3, row 127",castro-2024-unstated,unspecified,,,,,,,,,,,emission,single,nasal,,,,,,nasal,ok,
castro2024-1004881,1004881,Diaemus youngii,exact,castro-2024,"Table 3, row 127",castro-2024-unstated,unspecified,,,,,,,,,,,peak_frequency,single,51.84,,,kHz,,,51.84,ok,
castro2024-1004883,1004883,Brachyphylla cavernarum,exact,castro-2024,"Table 3, row 118",castro-2024-unstated,unspecified,,,,,,,,,,,bandwidth,single,14.35,,,kHz,,,14.35,ok,
castro2024-1004883,1004883,Brachyphylla cavernarum,exact,castro-2024,"Table 3, row 118",castro-2024-unstated,unspecified,,,,,,,,,,,body_mass,single,45.5,,,g,,,45.5,ok,
castro2024-1004883,1004883,Brachyphylla cavernarum,exact,castro-2024,"Table 3, row 118",castro-2024-unstated,unspecified,,,,,,,,,,,duration,single,5.65,,,ms,,,5.65,ok,
castro2024-1004883,1004883,Brachyphylla cavernarum,exact,castro-2024,"Table 3, row 118",castro-2024-unstated,unspecified,,,,,,,,,,,emission,single,nasal,,,,,,nasal,ok,
castro2024-1004883,1004883,Brachyphylla cavernarum,exact,castro-2024,"Table 3, row 118",castro-2024-unstated,unspecified,,,,,,,,,,,peak_frequency,single,23.3,,,kHz,,,23.3,ok,
castro2024-1004884,1004884,Brachyphylla nana,exact,castro-2024,"Table 3, row 119",castro-2024-unstated,unspecified,,,,,,,,,,,bandwidth,single,54,,,kHz,,,54,ok,
castro2024-1004884,1004884,Brachyphylla nana,exact,castro-2024,"Table 3, row 119",castro-2024-unstated,unspecified,,,,,,,,,,,body_mass,single,37.25,,,g,,,37.25,ok,
castro2024-1004884,1004884,Brachyphylla nana,exact,castro-2024,"Table 3, row 119",castro-2024-unstated,unspecified,,,,,,,,,,,duration,single,2.38,,,ms,,,2.38,ok,
castro2024-1004884,1004884,Brachyphylla nana,exact,castro-2024,"Table 3, row 119",castro-2024-unstated,unspecified,,,,,,,,,,,emission,single,nasal,,,,,,nasal,ok,
castro2024-1004884,1004884,Brachyphylla nana,exact,castro-2024,"Table 3, row 119",castro-2024-unstated,unspecified,,,,,,,,,,,peak_frequency,single,59,,,kHz,,,59,ok,
castro2024-1004886,1004886,Erophylla sezekorni,exact,castro-2024,"Table 3, row 129",castro-2024-unstated,unspecified,,,,,,,,,,,bandwidth,single,27,,,kHz,,,27,ok,
castro2024-1004886,1004886,Erophylla sezekorni,exact,castro-2024,"Table 3, row 129",castro-2024-unstated,unspecified,,,,,,,,,,,body_mass,single,15.87,,,g,,,15.87,ok,
castro2024-1004886,1004886,Erophylla sezekorni,exact,castro-2024,"Table 3, row 129",castro-2024-unstated,unspecified,,,,,,,,,,,duration,single,2.3,,,ms,,,2.3,ok,
castro2024-1004886,1004886,Erophylla sezekorni,exact,castro-2024,"Table 3, row 129",castro-2024-unstated,unspecified,,,,,,,,,,,emission,single,nasal,,,,,,nasal,ok,
castro2024-1004886,1004886,Erophylla sezekorni,exact,castro-2024,"Table 3, row 129",castro-2024-unstated,unspecified,,,,,,,,,,,peak_frequency,single,45.1,,,kHz,,,45.1,ok,
castro2024-1004888,1004888,Phyllonycteris poeyi,exact,castro-2024,"Table 3, row 143",castro-2024-unstated,unspecified,,,,,,,,,,,bandwidth,single,11,,,kHz,,,11,ok,
castro2024-1004888,1004888,Phyllonycteris poeyi,exact,castro-2024,"Table 3, row 143",castro-2024-unstated,unspecified,,,,,,,,,,,body_mass,single,15.59,,,g,,,15.59,ok,
castro2024-1004888,1004888,Phyllonycteris poeyi,exact,castro-2024,"Table 3, row 143",castro-2024-unstated,unspecified,,,,,,,,,,,duration,single,4.69,,,ms,,,4.69,ok,
castro2024-1004888,1004888,Phyllonycteris poeyi,exact,castro-2024,"Table 3, row 143",castro-2024-unstated,unspecified,,,,,,,,,,,emission,single,nasal,,,,,,nasal,ok,
castro2024-1004888,1004888,Phyllonycteris poeyi,exact,castro-2024,"Table 3, row 143",castro-2024-unstated,unspecified,,,,,,,,,,,peak_frequency,single,39,,,kHz,,,39,ok,
castro2024-1004894,1004894,Anoura geoffroyi,exact,castro-2024,"Table 3, row 107",castro-2024-unstated,unspecified,,,,,,,,,,,bandwidth,single,40.28,,,kHz,,,40.28,ok,
castro2024-1004894,1004894,Anoura geoffroyi,exact,castro-2024,"Table 3, row 107",castro-2024-unstated,unspecified,,,,,,,,,,,body_mass,single,15.15,,,g,,,15.15,ok,
castro2024-1004894,1004894,Anoura geoffroyi,exact,castro-2024,"Table 3, row 107",castro-2024-unstated,unspecified,,,,,,,,,,,duration,single,1.86,,,ms,,,1.86,ok,
castro2024-1004894,1004894,Anoura geoffroyi,exact,castro-2024,"Table 3, row 107",castro-2024-unstated,unspecified,,,,,,,,,,,emission,single,nasal,,,,,,nasal,ok,
castro2024-1004894,1004894,Anoura geoffroyi,exact,castro-2024,"Table 3, row 107",castro-2024-unstated,unspecified,,,,,,,,,,,peak_frequency,single,81.69,,,kHz,,,81.69,ok,
castro2024-1004902,1004902,Choeronycteris mexicana,exact,castro-2024,"Table 3, row 125",castro-2024-unstated,unspecified,,,,,,,,,,,bandwidth,single,35.44,,,kHz,,,35.44,ok,
castro2024-1004902,1004902,Choeronycteris mexicana,exact,castro-2024,"Table 3, row 125",castro-2024-unstated,unspecified,,,,,,,,,,,body_mass,single,17.26,,,g,,,17.26,ok,
castro2024-1004902,1004902,Choeronycteris mexicana,exact,castro-2024,"Table 3, row 125",castro-2024-unstated,unspecified,,,,,,,,,,,duration,single,2.36,,,ms,,,2.36,ok,
castro2024-1004902,1004902,Choeronycteris mexicana,exact,castro-2024,"Table 3, row 125",castro-2024-unstated,unspecified,,,,,,,,,,,emission,single,nasal,,,,,,nasal,ok,
castro2024-1004902,1004902,Choeronycteris mexicana,exact,castro-2024,"Table 3, row 125",castro-2024-unstated,unspecified,,,,,,,,,,,peak_frequency,single,50.96,,,kHz,,,50.96,ok,
castro2024-1004913,1004913,Glossophaga soricina,exact,castro-2024,"Table 3, row 130",castro-2024-unstated,unspecified,,,,,,,,,,,bandwidth,single,40.68,,,kHz,,,40.68,ok,
castro2024-1004913,1004913,Glossophaga soricina,exact,castro-2024,"Table 3, row 130",castro-2024-unstated,unspecified,,,,,,,,,,,body_mass,single,9.97,,,g,,,9.97,ok,
castro2024-1004913,1004913,Glossophaga soricina,exact,castro-2024,"Table 3, row 130",castro-2024-unstated,unspecified,,,,,,,,,,,duration,single,2.28,,,ms,,,2.28,ok,
castro2024-1004913,1004913,Glossophaga soricina,exact,castro-2024,"Table 3, row 130",castro-2024-unstated,unspecified,,,,,,,,,,,emission,single,nasal,,,,,,nasal,ok,
castro2024-1004913,1004913,Glossophaga soricina,exact,castro-2024,"Table 3, row 130",castro-2024-unstated,unspecified,,,,,,,,,,,peak_frequency,single,86.48,,,kHz,,,86.48,ok,
castro2024-1004914,1004914,Leptonycteris curasoae,exact,castro-2024,"Table 3, row 132",castro-2024-unstated,unspecified,,,,,,,,,,,bandwidth,single,58.31,,,kHz,,,58.31,ok,
castro2024-1004914,1004914,Leptonycteris curasoae,exact,castro-2024,"Table 3, row 132",castro-2024-unstated,unspecified,,,,,,,,,,,body_mass,single,25.27,,,g,,,25.27,ok,
castro2024-1004914,1004914,Leptonycteris curasoae,exact,castro-2024,"Table 3, row 132",castro-2024-unstated,unspecified,,,,,,,,,,,duration,single,5.39,,,ms,,,5.39,ok,
castro2024-1004914,1004914,Leptonycteris curasoae,exact,castro-2024,"Table 3, row 132",castro-2024-unstated,unspecified,,,,,,,,,,,emission,single,nasal,,,,,,nasal,ok,
castro2024-1004914,1004914,Leptonycteris curasoae,exact,castro-2024,"Table 3, row 132",castro-2024-unstated,unspecified,,,,,,,,,,,peak_frequency,single,73.5,,,kHz,,,73.5,ok,
castro2024-1004917,1004917,Monophyllus plethodon,exact,castro-2024,"Table 3, row 142",castro-2024-unstated,unspecified,,,,,,,,,,,bandwidth,single,47.43,,,kHz,,,47.43,ok,
castro2024-1004917,1004917,Monophyllus plethodon,exact,castro-2024,"Table 3, row 142",castro-2024-unstated,unspecified,,,,,,,,,,,body_mass,single,15.33,,,g,,,15.33,ok,
castro2024-1004917,1004917,Monophyllus plethodon,exact,castro-2024,"Table 3, row 142",castro-2024-unstated,unspecified,,,,,,,,,,,duration,single,2.62,,,ms,,,2.62,ok,
castro2024-1004917,1004917,Monophyllus plethodon,exact,castro-2024,"Table 3, row 142",castro-2024-unstated,unspecified,,,,,,,,,,,emission,single,nasal,,,,,,nasal,ok,
castro2024-1004917,1004917,Monophyllus plethodon,exact,castro-2024,"Table 3, row 142",castro-2024-unstated,unspecified,,,,,,,,,,,peak_frequency,single,96.62,,,kHz,,,96.62,ok,
castro2024-1004923,1004923,Trinycteris nicefori,exact,castro-2024,"Table 3, row 156",castro-2024-unstated,unspecified,,,,,,,,,,,bandwidth,single,25.09,,,kHz,,,25.09,ok,
castro2024-1004923,1004923,Trinycteris nicefori,exact,castro-2024,"Table 3, row 156",castro-2024-unstated,unspecified,,,,,,,,,,,body_mass,single,8.25,,,g,,,8.25,ok,
castro2024-1004923,1004923,Trinycteris nicefori,exact,castro-2024,"Table 3, row 156",castro-2024-unstated,unspecified,,,,,,,,,,,duration,single,0.39,,,ms,,,0.39,ok,
castro2024-1004923,1004923,Trinycteris nicefori,exact,castro-2024,"Table 3, row 156",castro-2024-unstated,unspecified,,,,,,,,,,,emission,single,nasal,,,,,,nasal,ok,
castro2024-1004923,1004923,Trinycteris nicefori,exact,castro-2024,"Table 3, row 156",castro-2024-unstated,unspecified,,,,,,,,,,,peak_frequency,single,82.96,,,kHz,,,82.96,ok,
castro2024-1004927,1004927,Hsunycteris thomasi,exact,castro-2024,"Table 3, row 134",castro-2024-unstated,unspecified,,,,,,,,,,,bandwidth,single,32.36,,,kHz,,,32.36,ok,
castro2024-1004927,1004927,Hsunycteris thomasi,exact,castro-2024,"Table 3, row 134",castro-2024-unstated,unspecified,,,,,,,,,,,body_mass,single,7.09,,,g,,,7.09,ok,
castro2024-1004927,1004927,Hsunycteris thomasi,exact,castro-2024,"Table 3, row 134",castro-2024-unstated,unspecified,,,,,,,,,,,duration,single,1.56,,,ms,,,1.56,ok,
castro2024-1004927,1004927,Hsunycteris thomasi,exact,castro-2024,"Table 3, row 134",castro-2024-unstated,unspecified,,,,,,,,,,,emission,single,nasal,,,,,,nasal,ok,
castro2024-1004927,1004927,Hsunycteris thomasi,exact,castro-2024,"Table 3, row 134",castro-2024-unstated,unspecified,,,,,,,,,,,peak_frequency,single,97.35,,,kHz,,,97.35,ok,
castro2024-1004928,1004928,Lionycteris spurrelli,exact,castro-2024,"Table 3, row 133",castro-2024-unstated,unspecified,,,,,,,,,,,bandwidth,single,43.12,,,kHz,,,43.12,ok,
castro2024-1004928,1004928,Lionycteris spurrelli,exact,castro-2024,"Table 3, row 133",castro-2024-unstated,unspecified,,,,,,,,,,,body_mass,single,8.85,,,g,,,8.85,ok,
castro2024-1004928,1004928,Lionycteris spurrelli,exact,castro-2024,"Table 3, row 133",castro-2024-unstated,unspecified,,,,,,,,,,,duration,single,2.99,,,ms,,,2.99,ok,
castro2024-1004928,1004928,Lionycteris spurrelli,exact,castro-2024,"Table 3, row 133",castro-2024-unstated,unspecified,,,,,,,,,,,emission,single,nasal,,,,,,nasal,ok,
castro2024-1004928,1004928,Lionycteris spurrelli,exact,castro-2024,"Table 3, row 133",castro-2024-unstated,unspecified,,,,,,,,,,,peak_frequency,single,111.54,,,kHz,,,111.54,ok,
castro2024-1004951,1004951,Macrotus waterhousii,exact,castro-2024,"Table 3, row 137",castro-2024-unstated,unspecified,,,,,,,,,,,bandwidth,single,28.5,,,kHz,,,28.5,ok,
castro2024-1004951,1004951,Macrotus waterhousii,exact,castro-2024,"Table 3, row 137",castro-2024-unstated,unspecified,,,,,,,,,,,body_mass,single,16.27,,,g,,,16.27,ok,
castro2024-1004951,1004951,Macrotus waterhousii,exact,castro-2024,"Table 3, row 137",castro-2024-unstated,unspecified,,,,,,,,,,,duration,single,1.3,,,ms,,,1.3,ok,
castro2024-1004951,1004951,Macrotus waterhousii,exact,castro-2024,"Table 3, row 137",castro-2024-unstated,unspecified,,,,,,,,,,,emission,single,nasal,,,,,,nasal,ok,
castro2024-1004951,1004951,Macrotus waterhousii,exact,castro-2024,"Table 3, row 137",castro-2024-unstated,unspecified,,,,,,,,,,,peak_frequency,single,69.2,,,kHz,,,69.2,ok,
castro2024-1004952,1004952,Lampronycteris brachyotis,exact,castro-2024,"Table 3, row 131",castro-2024-unstated,unspecified,,,,,,,,,,,bandwidth,single,4.49,,,kHz,,,4.49,ok,
castro2024-1004952,1004952,Lampronycteris brachyotis,exact,castro-2024,"Table 3, row 131",castro-2024-unstated,unspecified,,,,,,,,,,,body_mass,single,10.39,,,g,,,10.39,ok,
castro2024-1004952,1004952,Lampronycteris brachyotis,exact,castro-2024,"Table 3, row 131",castro-2024-unstated,unspecified,,,,,,,,,,,duration,single,0.11,,,ms,,,0.11,ok,
castro2024-1004952,1004952,Lampronycteris brachyotis,exact,castro-2024,"Table 3, row 131",castro-2024-unstated,unspecified,,,,,,,,,,,emission,single,nasal,,,,,,nasal,ok,
castro2024-1004952,1004952,Lampronycteris brachyotis,exact,castro-2024,"Table 3, row 131",castro-2024-unstated,unspecified,,,,,,,,,,,peak_frequency,single,98.89,,,kHz,,,98.89,ok,
castro2024-1004956,1004956,Micronycteris hirsuta,exact,castro-2024,"Table 3, row 138",castro-2024-unstated,unspecified,,,,,,,,,,,bandwidth,single,28.8,,,kHz,,,28.8,ok,
castro2024-1004956,1004956,Micronycteris hirsuta,exact,castro-2024,"Table 3, row 138",castro-2024-unstated,unspecified,,,,,,,,,,,body_mass,single,12.89,,,g,,,12.89,ok,
castro2024-1004956,1004956,Micronycteris hirsuta,exact,castro-2024,"Table 3, row 138",castro-2024-unstated,unspecified,,,,,,,,,,,duration,single,1.4,,,ms,,,1.4,ok,
castro2024-1004956,1004956,Micronycteris hirsuta,exact,castro-2024,"Table 3, row 138",castro-2024-unstated,unspecified,,,,,,,,,,,emission,single,nasal,,,,,,nasal,ok,
castro2024-1004956,1004956,Micronycteris hirsuta,exact,castro-2024,"Table 3, row 138",castro-2024-unstated,unspecified,,,,,,,,,,,peak_frequency,single,80.8,,,kHz,,,80.8,ok,
castro2024-1004958,1004958,Micronycteris megalotis,exact,castro-2024,"Table 3, row 139",castro-2024-unstated,unspecified,,,,,,,,,,,bandwidth,single,34.8,,,kHz,,,34.8,ok,
castro2024-1004958,1004958,Micronycteris megalotis,exact,castro-2024,"Table 3, row 139",castro-2024-unstated,unspecified,,,,,,,,,,,body_mass,single,6.4,,,g,,,6.4,ok,
castro2024-1004958,1004958,Micronycteris megalotis,exact,castro-2024,"Table 3, row 139",castro-2024-unstated,unspecified,,,,,,,,,,,duration,single,1.5,,,ms,,,1.5,ok,
castro2024-1004958,1004958,Micronycteris megalotis,exact,castro-2024,"Table 3, row 139",castro-2024-unstated,unspecified,,,,,,,,,,,emission,single,nasal,,,,,,nasal,ok,
castro2024-1004958,1004958,Micronycteris megalotis,exact,castro-2024,"Table 3, row 139",castro-2024-unstated,unspecified,,,,,,,,,,,peak_frequency,single,98.1,,,kHz,,,98.1,ok,
castro2024-1004960,1004960,Micronycteris minuta,exact,castro-2024,"Table 3, row 140",castro-2024-unstated,unspecified,,,,,,,,,,,bandwidth,single,41,,,kHz,,,41,ok,
castro2024-1004960,1004960,Micronycteris minuta,exact,castro-2024,"Table 3, row 140",castro-2024-unstated,unspecified,,,,,,,,,,,body_mass,single,6.9,,,g,,,6.9,ok,
castro2024-1004960,1004960,Micronycteris minuta,exact,castro-2024,"Table 3, row 140",castro-2024-unstated,unspecified,,,,,,,,,,,duration,single,1.8,,,ms,,,1.8,ok,
castro2024-1004960,1004960,Micronycteris minuta,exact,castro-2024,"Table 3, row 140",castro-2024-unstated,unspecified,,,,,,,,,,,emission,single,nasal,,,,,,nasal,ok,
castro2024-1004960,1004960,Micronycteris minuta,exact,castro-2024,"Table 3, row 140",castro-2024-unstated,unspecified,,,,,,,,,,,peak_frequency,single,82.26,,,kHz,,,82.26,ok,
castro2024-1004966,1004966,Macrophyllum macrophyllum,exact,castro-2024,"Table 3, row 136",castro-2024-unstated,unspecified,,,,,,,,,,,bandwidth,single,20.5,,,kHz,,,20.5,ok,
castro2024-1004966,1004966,Macrophyllum macrophyllum,exact,castro-2024,"Table 3, row 136",castro-2024-unstated,unspecified,,,,,,,,,,,body_mass,single,8.02,,,g,,,8.02,ok,
castro2024-1004966,1004966,Macrophyllum macrophyllum,exact,castro-2024,"Table 3, row 136",castro-2024-unstated,unspecified,,,,,,,,,,,duration,single,2,,,ms,,,2,ok,
castro2024-1004966,1004966,Macrophyllum macrophyllum,exact,castro-2024,"Table 3, row 136",castro-2024-unstated,unspecified,,,,,,,,,,,emission,single,nasal,,,,,,nasal,ok,
castro2024-1004966,1004966,Macrophyllum macrophyllum,exact,castro-2024,"Table 3, row 136",castro-2024-unstated,unspecified,,,,,,,,,,,peak_frequency,single,55,,,kHz,,,55,ok,
castro2024-1004967,1004967,Trachops cirrhosus,exact,castro-2024,"Table 3, row 155",castro-2024-unstated,unspecified,,,,,,,,,,,bandwidth,single,24.11,,,kHz,,,24.11,ok,
castro2024-1004967,1004967,Trachops cirrhosus,exact,castro-2024,"Table 3, row 155",castro-2024-unstated,unspecified,,,,,,,,,,,body_mass,single,36.9,,,g,,,36.9,ok,
castro2024-1004967,1004967,Trachops cirrhosus,exact,castro-2024,"Table 3, row 155",castro-2024-unstated,unspecified,,,,,,,,,,,duration,single,1.02,,,ms,,,1.02,ok,
castro2024-1004967,1004967,Trachops cirrhosus,exact,castro-2024,"Table 3, row 155",castro-2024-unstated,unspecified,,,,,,,,,,,emission,single,nasal,,,,,,nasal,ok,
castro2024-1004967,1004967,Trachops cirrhosus,exact,castro-2024,"Table 3, row 155",castro-2024-unstated,unspecified,,,,,,,,,,,peak_frequency,single,64.87,,,kHz,,,64.87,ok,
castro2024-1004969-crenulatum,1004969,Gardnerycteris crenulatum,manual,castro-2024,"Table 3, row 141",castro-2024-unstated,unspecified,,,,,,,,,,,bandwidth,single,20.22,,,kHz,,,20.22,ok,Printed in the source as a separate species; the current taxonomy treats it as Gardnerycteris crenulata.
castro2024-1004969-crenulatum,1004969,Gardnerycteris crenulatum,manual,castro-2024,"Table 3, row 141",castro-2024-unstated,unspecified,,,,,,,,,,,body_mass,single,13.91,,,g,,,13.91,ok,Printed in the source as a separate species; the current taxonomy treats it as Gardnerycteris crenulata.
castro2024-1004969-crenulatum,1004969,Gardnerycteris crenulatum,manual,castro-2024,"Table 3, row 141",castro-2024-unstated,unspecified,,,,,,,,,,,duration,single,1.06,,,ms,,,1.06,ok,Printed in the source as a separate species; the current taxonomy treats it as Gardnerycteris crenulata.
castro2024-1004969-crenulatum,1004969,Gardnerycteris crenulatum,manual,castro-2024,"Table 3, row 141",castro-2024-unstated,unspecified,,,,,,,,,,,emission,single,nasal,,,,,,nasal,ok,Printed in the source as a separate species; the current taxonomy treats it as Gardnerycteris crenulata.
castro2024-1004969-crenulatum,1004969,Gardnerycteris crenulatum,manual,castro-2024,"Table 3, row 141",castro-2024-unstated,unspecified,,,,,,,,,,,peak_frequency,single,69.66,,,kHz,,,69.66,ok,Printed in the source as a separate species; the current taxonomy treats it as Gardnerycteris crenulata.
castro2024-1004978,1004978,Lophostoma silvicola,exact,castro-2024,"Table 3, row 135",castro-2024-unstated,unspecified,,,,,,,,,,,bandwidth,single,23.92,,,kHz,,,23.92,ok,
castro2024-1004978,1004978,Lophostoma silvicola,exact,castro-2024,"Table 3, row 135",castro-2024-unstated,unspecified,,,,,,,,,,,body_mass,single,32.29,,,g,,,32.29,ok,
castro2024-1004978,1004978,Lophostoma silvicola,exact,castro-2024,"Table 3, row 135",castro-2024-unstated,unspecified,,,,,,,,,,,duration,single,1.15,,,ms,,,1.15,ok,
castro2024-1004978,1004978,Lophostoma silvicola,exact,castro-2024,"Table 3, row 135",castro-2024-unstated,unspecified,,,,,,,,,,,emission,single,nasal,,,,,,nasal,ok,
castro2024-1004978,1004978,Lophostoma silvicola,exact,castro-2024,"Table 3, row 135",castro-2024-unstated,unspecified,,,,,,,,,,,peak_frequency,single,66.75,,,kHz,,,66.75,ok,
castro2024-1004980,1004980,Phyllostomus discolor,exact,castro-2024,"Table 3, row 145",castro-2024-unstated,unspecified,,,,,,,,,,,bandwidth,single,18.14,,,kHz,,,18.14,ok,
castro2024-1004980,1004980,Phyllostomus discolor,exact,castro-2024,"Table 3, row 145",castro-2024-unstated,unspecified,,,,,,,,,,,body_mass,single,36.7,,,g,,,36.7,ok,
castro2024-1004980,1004980,Phyllostomus discolor,exact,castro-2024,"Table 3, row 145",castro-2024-unstated,unspecified,,,,,,,,,,,duration,single,2.25,,,ms,,,2.25,ok,
castro2024-1004980,1004980,Phyllostomus discolor,exact,castro-2024,"Table 3, row 145",castro-2024-unstated,unspecified,,,,,,,,,,,emission,single,nasal,,,,,,nasal,ok,
castro2024-1004980,1004980,Phyllostomus discolor,exact,castro-2024,"Table 3, row 145",castro-2024-unstated,unspecified,,,,,,,,,,,peak_frequency,single,63.16,,,kHz,,,63.16,ok,
castro2024-1004982,1004982,Phyllostomus hastatus,exact,castro-2024,"Table 3, row 146",castro-2024-unstated,unspecified,,,,,,,,,,,bandwidth,single,13.7,,,kHz,,,13.7,ok,
castro2024-1004982,1004982,Phyllostomus hastatus,exact,castro-2024,"Table 3, row 146",castro-2024-unstated,unspecified,,,,,,,,,,,body_mass,single,91.44,,,g,,,91.44,ok,
castro2024-1004982,1004982,Phyllostomus hastatus,exact,castro-2024,"Table 3, row 146",castro-2024-unstated,unspecified,,,,,,,,,,,duration,single,1.47,,,ms,,,1.47,ok,
castro2024-1004982,1004982,Phyllostomus hastatus,exact,castro-2024,"Table 3, row 146",castro-2024-unstated,unspecified,,,,,,,,,,,emission,single,nasal,,,,,,nasal,ok,
castro2024-1004982,1004982,Phyllostomus hastatus,exact,castro-2024,"Table 3, row 146",castro-2024-unstated,unspecified,,,,,,,,,,,peak_frequency,single,48.68,,,kHz,,,48.68,ok,
castro2024-1004985,1004985,Tonatia bidens,exact,castro-2024,"Table 3, row 154",castro-2024-unstated,unspecified,,,,,,,,,,,bandwidth,single,19.79,,,kHz,,,19.79,ok,
castro2024-1004985,1004985,Tonatia bidens,exact,castro-2024,"Table 3, row 154",castro-2024-unstated,unspecified,,,,,,,,,,,body_mass,single,27.7,,,g,,,27.7,ok,
castro2024-1004985,1004985,Tonatia bidens,exact,castro-2024,"Table 3, row 154",castro-2024-unstated,unspecified,,,,,,,,,,,duration,single,1.38,,,ms,,,1.38,ok,
castro2024-1004985,1004985,Tonatia bidens,exact,castro-2024,"Table 3, row 154",castro-2024-unstated,unspecified,,,,,,,,,,,emission,single,nasal,,,,,,nasal,ok,
castro2024-1004985,1004985,Tonatia bidens,exact,castro-2024,"Table 3, row 154",castro-2024-unstated,unspecified,,,,,,,,,,,peak_frequency,single,78.18,,,kHz,,,78.18,ok,
castro2024-1004995,1004995,Ametrida centurio,exact,castro-2024,"Table 3, row 106",castro-2024-unstated,unspecified,,,,,,,,,,,bandwidth,single,38.94,,,kHz,,,38.94,ok,
castro2024-1004995,1004995,Ametrida centurio,exact,castro-2024,"Table 3, row 106",castro-2024-unstated,unspecified,,,,,,,,,,,body_mass,single,10.61,,,g,,,10.61,ok,
castro2024-1004995,1004995,Ametrida centurio,exact,castro-2024,"Table 3, row 106",castro-2024-unstated,unspecified,,,,,,,,,,,duration,single,2.49,,,ms,,,2.49,ok,
castro2024-1004995,1004995,Ametrida centurio,exact,castro-2024,"Table 3, row 106",castro-2024-unstated,unspecified,,,,,,,,,,,emission,single,nasal,,,,,,nasal,ok,
castro2024-1004995,1004995,Ametrida centurio,exact,castro-2024,"Table 3, row 106",castro-2024-unstated,unspecified,,,,,,,,,,,peak_frequency,single,74.59,,,kHz,,,74.59,ok,
castro2024-1004996,1004996,Ardops nichollsi,exact,castro-2024,"Table 3, row 108",castro-2024-unstated,unspecified,,,,,,,,,,,bandwidth,single,59.79,,,kHz,,,59.79,ok,
castro2024-1004996,1004996,Ardops nichollsi,exact,castro-2024,"Table 3, row 108",castro-2024-unstated,unspecified,,,,,,,,,,,body_mass,single,19.23,,,g,,,19.23,ok,
castro2024-1004996,1004996,Ardops nichollsi,exact,castro-2024,"Table 3, row 108",castro-2024-unstated,unspecified,,,,,,,,,,,duration,single,2.39,,,ms,,,2.39,ok,
castro2024-1004996,1004996,Ardops nichollsi,exact,castro-2024,"Table 3, row 108",castro-2024-unstated,unspecified,,,,,,,,,,,emission,single,nasal,,,,,,nasal,ok,
castro2024-1004996,1004996,Ardops nichollsi,exact,castro-2024,"Table 3, row 108",castro-2024-unstated,unspecified,,,,,,,,,,,peak_frequency,single,72.59,,,kHz,,,72.59,ok,
castro2024-1005003-cinereus,1005003,Artibeus cinereus,synonym_via_mdd,castro-2024,"Table 3, row 109",castro-2024-unstated,unspecified,,,,,,,,,,,bandwidth,single,41.02,,,kHz,,,41.02,ok,Printed in the source as a separate species; the current taxonomy treats it as Dermanura cinerea.
castro2024-1005003-cinereus,1005003,Artibeus cinereus,synonym_via_mdd,castro-2024,"Table 3, row 109",castro-2024-unstated,unspecified,,,,,,,,,,,body_mass,single,12.7,,,g,,,12.7,ok,Printed in the source as a separate species; the current taxonomy treats it as Dermanura cinerea.
castro2024-1005003-cinereus,1005003,Artibeus cinereus,synonym_via_mdd,castro-2024,"Table 3, row 109",castro-2024-unstated,unspecified,,,,,,,,,,,duration,single,1.11,,,ms,,,1.11,ok,Printed in the source as a separate species; the current taxonomy treats it as Dermanura cinerea.
castro2024-1005003-cinereus,1005003,Artibeus cinereus,synonym_via_mdd,castro-2024,"Table 3, row 109",castro-2024-unstated,unspecified,,,,,,,,,,,emission,single,nasal,,,,,,nasal,ok,Printed in the source as a separate species; the current taxonomy treats it as Dermanura cinerea.
castro2024-1005003-cinereus,1005003,Artibeus cinereus,synonym_via_mdd,castro-2024,"Table 3, row 109",castro-2024-unstated,unspecified,,,,,,,,,,,peak_frequency,single,60.46,,,kHz,,,60.46,ok,Printed in the source as a separate species; the current taxonomy treats it as Dermanura cinerea.
castro2024-1005004,1005004,Artibeus concolor,exact,castro-2024,"Table 3, row 110",castro-2024-unstated,unspecified,,,,,,,,,,,bandwidth,single,14.73,,,kHz,,,14.73,ok,
castro2024-1005004,1005004,Artibeus concolor,exact,castro-2024,"Table 3, row 110",castro-2024-unstated,unspecified,,,,,,,,,,,body_mass,single,19.65,,,g,,,19.65,ok,
castro2024-1005004,1005004,Artibeus concolor,exact,castro-2024,"Table 3, row 110",castro-2024-unstated,unspecified,,,,,,,,,,,duration,single,2.92,,,ms,,,2.92,ok,
castro2024-1005004,1005004,Artibeus concolor,exact,castro-2024,"Table 3, row 110",castro-2024-unstated,unspecified,,,,,,,,,,,emission,single,nasal,,,,,,nasal,ok,
castro2024-1005004,1005004,Artibeus concolor,exact,castro-2024,"Table 3, row 110",castro-2024-unstated,unspecified,,,,,,,,,,,peak_frequency,single,37.21,,,kHz,,,37.21,ok,
castro2024-1005008-gnomus,1005008,Artibeus gnomus,synonym_via_mdd,castro-2024,"Table 3, row 111",castro-2024-unstated,unspecified,,,,,,,,,,,bandwidth,single,33.01,,,kHz,,,33.01,ok,Printed in the source as a separate species; the current taxonomy treats it as Dermanura gnomus.
castro2024-1005008-gnomus,1005008,Artibeus gnomus,synonym_via_mdd,castro-2024,"Table 3, row 111",castro-2024-unstated,unspecified,,,,,,,,,,,body_mass,single,10.06,,,g,,,10.06,ok,Printed in the source as a separate species; the current taxonomy treats it as Dermanura gnomus.
castro2024-1005008-gnomus,1005008,Artibeus gnomus,synonym_via_mdd,castro-2024,"Table 3, row 111",castro-2024-unstated,unspecified,,,,,,,,,,,duration,single,1.34,,,ms,,,1.34,ok,Printed in the source as a separate species; the current taxonomy treats it as Dermanura gnomus.
castro2024-1005008-gnomus,1005008,Artibeus gnomus,synonym_via_mdd,castro-2024,"Table 3, row 111",castro-2024-unstated,unspecified,,,,,,,,,,,emission,single,nasal,,,,,,nasal,ok,Printed in the source as a separate species; the current taxonomy treats it as Dermanura gnomus.
castro2024-1005008-gnomus,1005008,Artibeus gnomus,synonym_via_mdd,castro-2024,"Table 3, row 111",castro-2024-unstated,unspecified,,,,,,,,,,,peak_frequency,single,60.66,,,kHz,,,60.66,ok,Printed in the source as a separate species; the current taxonomy treats it as Dermanura gnomus.
castro2024-1005011,1005011,Artibeus jamaicensis,exact,castro-2024,"Table 3, row 112",castro-2024-unstated,unspecified,,,,,,,,,,,bandwidth,single,25.98,,,kHz,,,25.98,ok,
castro2024-1005011,1005011,Artibeus jamaicensis,exact,castro-2024,"Table 3, row 112",castro-2024-unstated,unspecified,,,,,,,,,,,body_mass,single,43.63,,,g,,,43.63,ok,
castro2024-1005011,1005011,Artibeus jamaicensis,exact,castro-2024,"Table 3, row 112",castro-2024-unstated,unspecified,,,,,,,,,,,duration,single,2.32,,,ms,,,2.32,ok,
castro2024-1005011,1005011,Artibeus jamaicensis,exact,castro-2024,"Table 3, row 112",castro-2024-unstated,unspecified,,,,,,,,,,,emission,single,nasal,,,,,,nasal,ok,
castro2024-1005011,1005011,Artibeus jamaicensis,exact,castro-2024,"Table 3, row 112",castro-2024-unstated,unspecified,,,,,,,,,,,peak_frequency,single,59.25,,,kHz,,,59.25,ok,
castro2024-1005012,1005012,Artibeus lituratus,exact,castro-2024,"Table 3, row 113",castro-2024-unstated,unspecified,,,,,,,,,,,bandwidth,single,24.89,,,kHz,,,24.89,ok,
castro2024-1005012,1005012,Artibeus lituratus,exact,castro-2024,"Table 3, row 113",castro-2024-unstated,unspecified,,,,,,,,,,,body_mass,single,59.3,,,g,,,59.3,ok,
castro2024-1005012,1005012,Artibeus lituratus,exact,castro-2024,"Table 3, row 113",castro-2024-unstated,unspecified,,,,,,,,,,,duration,single,1.66,,,ms,,,1.66,ok,
castro2024-1005012,1005012,Artibeus lituratus,exact,castro-2024,"Table 3, row 113",castro-2024-unstated,unspecified,,,,,,,,,,,emission,single,nasal,,,,,,nasal,ok,
castro2024-1005012,1005012,Artibeus lituratus,exact,castro-2024,"Table 3, row 113",castro-2024-unstated,unspecified,,,,,,,,,,,peak_frequency,single,62.06,,,kHz,,,62.06,ok,
castro2024-1005013,1005013,Artibeus obscurus,exact,castro-2024,"Table 3, row 114",castro-2024-unstated,unspecified,,,,,,,,,,,bandwidth,single,32.27,,,kHz,,,32.27,ok,
castro2024-1005013,1005013,Artibeus obscurus,exact,castro-2024,"Table 3, row 114",castro-2024-unstated,unspecified,,,,,,,,,,,body_mass,single,35.91,,,g,,,35.91,ok,
castro2024-1005013,1005013,Artibeus obscurus,exact,castro-2024,"Table 3, row 114",castro-2024-unstated,unspecified,,,,,,,,,,,duration,single,1.46,,,ms,,,1.46,ok,
castro2024-1005013,1005013,Artibeus obscurus,exact,castro-2024,"Table 3, row 114",castro-2024-unstated,unspecified,,,,,,,,,,,emission,single,nasal,,,,,,nasal,ok,
castro2024-1005013,1005013,Artibeus obscurus,exact,castro-2024,"Table 3, row 114",castro-2024-unstated,unspecified,,,,,,,,,,,peak_frequency,single,68.88,,,kHz,,,68.88,ok,
castro2024-1005014-phaeotis,1005014,Artibeus phaeotis,synonym_via_mdd,castro-2024,"Table 3, row 115",castro-2024-unstated,unspecified,,,,,,,,,,,bandwidth,single,47.6,,,kHz,,,47.6,ok,Printed in the source as a separate species; the current taxonomy treats it as Dermanura phaeotis.
castro2024-1005014-phaeotis,1005014,Artibeus phaeotis,synonym_via_mdd,castro-2024,"Table 3, row 115",castro-2024-unstated,unspecified,,,,,,,,,,,body_mass,single,11.69,,,g,,,11.69,ok,Printed in the source as a separate species; the current taxonomy treats it as Dermanura phaeotis.
castro2024-1005014-phaeotis,1005014,Artibeus phaeotis,synonym_via_mdd,castro-2024,"Table 3, row 115",castro-2024-unstated,unspecified,,,,,,,,,,,duration,single,1.1,,,ms,,,1.1,ok,Printed in the source as a separate species; the current taxonomy treats it as Dermanura phaeotis.
castro2024-1005014-phaeotis,1005014,Artibeus phaeotis,synonym_via_mdd,castro-2024,"Table 3, row 115",castro-2024-unstated,unspecified,,,,,,,,,,,emission,single,nasal,,,,,,nasal,ok,Printed in the source as a separate species; the current taxonomy treats it as Dermanura phaeotis.
castro2024-1005014-phaeotis,1005014,Artibeus phaeotis,synonym_via_mdd,castro-2024,"Table 3, row 115",castro-2024-unstated,unspecified,,,,,,,,,,,peak_frequency,single,89.39,,,kHz,,,89.39,ok,Printed in the source as a separate species; the current taxonomy treats it as Dermanura phaeotis.
castro2024-1005019-toltecus,1005019,Artibeus toltecus,synonym_via_mdd,castro-2024,"Table 3, row 116",castro-2024-unstated,unspecified,,,,,,,,,,,bandwidth,single,34.38,,,kHz,,,34.38,ok,Printed in the source as a separate species; the current taxonomy treats it as Dermanura tolteca.
castro2024-1005019-toltecus,1005019,Artibeus toltecus,synonym_via_mdd,castro-2024,"Table 3, row 116",castro-2024-unstated,unspecified,,,,,,,,,,,body_mass,single,15.47,,,g,,,15.47,ok,Printed in the source as a separate species; the current taxonomy treats it as Dermanura tolteca.
castro2024-1005019-toltecus,1005019,Artibeus toltecus,synonym_via_mdd,castro-2024,"Table 3, row 116",castro-2024-unstated,unspecified,,,,,,,,,,,duration,single,0.81,,,ms,,,0.81,ok,Printed in the source as a separate species; the current taxonomy treats it as Dermanura tolteca.
castro2024-1005019-toltecus,1005019,Artibeus toltecus,synonym_via_mdd,castro-2024,"Table 3, row 116",castro-2024-unstated,unspecified,,,,,,,,,,,emission,single,nasal,,,,,,nasal,ok,Printed in the source as a separate species; the current taxonomy treats it as Dermanura tolteca.
castro2024-1005019-toltecus,1005019,Artibeus toltecus,synonym_via_mdd,castro-2024,"Table 3, row 116",castro-2024-unstated,unspecified,,,,,,,,,,,peak_frequency,single,67.15,,,kHz,,,67.15,ok,Printed in the source as a separate species; the current taxonomy treats it as Dermanura tolteca.
castro2024-1005020-watsoni,1005020,Artibeus watsoni,synonym_via_mdd,castro-2024,"Table 3, row 117",castro-2024-unstated,unspecified,,,,,,,,,,,bandwidth,single,22.18,,,kHz,,,22.18,ok,Printed in the source as a separate species; the current taxonomy treats it as Dermanura watsoni.
castro2024-1005020-watsoni,1005020,Artibeus watsoni,synonym_via_mdd,castro-2024,"Table 3, row 117",castro-2024-unstated,unspecified,,,,,,,,,,,body_mass,single,11.2,,,g,,,11.2,ok,Printed in the source as a separate species; the current taxonomy treats it as Dermanura watsoni.
castro2024-1005020-watsoni,1005020,Artibeus watsoni,synonym_via_mdd,castro-2024,"Table 3, row 117",castro-2024-unstated,unspecified,,,,,,,,,,,duration,single,0.89,,,ms,,,0.89,ok,Printed in the source as a separate species; the current taxonomy treats it as Dermanura watsoni.
castro2024-1005020-watsoni,1005020,Artibeus watsoni,synonym_via_mdd,castro-2024,"Table 3, row 117",castro-2024-unstated,unspecified,,,,,,,,,,,emission,single,nasal,,,,,,nasal,ok,Printed in the source as a separate species; the current taxonomy treats it as Dermanura watsoni.
castro2024-1005020-watsoni,1005020,Artibeus watsoni,synonym_via_mdd,castro-2024,"Table 3, row 117",castro-2024-unstated,unspecified,,,,,,,,,,,peak_frequency,single,62.83,,,kHz,,,62.83,ok,Printed in the source as a separate species; the current taxonomy treats it as Dermanura watsoni.
castro2024-1005024,1005024,Chiroderma improvisum,exact,castro-2024,"Table 3, row 122",castro-2024-unstated,unspecified,,,,,,,,,,,bandwidth,single,24.5,,,kHz,,,24.5,ok,
castro2024-1005024,1005024,Chiroderma improvisum,exact,castro-2024,"Table 3, row 122",castro-2024-unstated,unspecified,,,,,,,,,,,body_mass,single,35.39,,,g,,,35.39,ok,
castro2024-1005024,1005024,Chiroderma improvisum,exact,castro-2024,"Table 3, row 122",castro-2024-unstated,unspecified,,,,,,,,,,,duration,single,3.67,,,ms,,,3.67,ok,
castro2024-1005024,1005024,Chiroderma improvisum,exact,castro-2024,"Table 3, row 122",castro-2024-unstated,unspecified,,,,,,,,,,,emission,single,nasal,,,,,,nasal,ok,
castro2024-1005024,1005024,Chiroderma improvisum,exact,castro-2024,"Table 3, row 122",castro-2024-unstated,unspecified,,,,,,,,,,,peak_frequency,single,59.65,,,kHz,,,59.65,ok,
castro2024-1005027,1005027,Chiroderma trinitatum,exact,castro-2024,"Table 3, row 123",castro-2024-unstated,unspecified,,,,,,,,,,,bandwidth,single,23.58,,,kHz,,,23.58,ok,
castro2024-1005027,1005027,Chiroderma trinitatum,exact,castro-2024,"Table 3, row 123",castro-2024-unstated,unspecified,,,,,,,,,,,body_mass,single,13.91,,,g,,,13.91,ok,
castro2024-1005027,1005027,Chiroderma trinitatum,exact,castro-2024,"Table 3, row 123",castro-2024-unstated,unspecified,,,,,,,,,,,duration,single,3.68,,,ms,,,3.68,ok,
castro2024-1005027,1005027,Chiroderma trinitatum,exact,castro-2024,"Table 3, row 123",castro-2024-unstated,unspecified,,,,,,,,,,,emission,single,nasal,,,,,,nasal,ok,
castro2024-1005027,1005027,Chiroderma trinitatum,exact,castro-2024,"Table 3, row 123",castro-2024-unstated,unspecified,,,,,,,,,,,peak_frequency,single,86.92,,,kHz,,,86.92,ok,
castro2024-1005028,1005028,Chiroderma villosum,exact,castro-2024,"Table 3, row 124",castro-2024-unstated,unspecified,,,,,,,,,,,bandwidth,single,23.66,,,kHz,,,23.66,ok,
castro2024-1005028,1005028,Chiroderma villosum,exact,castro-2024,"Table 3, row 124",castro-2024-unstated,unspecified,,,,,,,,,,,body_mass,single,23.81,,,g,,,23.81,ok,
castro2024-1005028,1005028,Chiroderma villosum,exact,castro-2024,"Table 3, row 124",castro-2024-unstated,unspecified,,,,,,,,,,,duration,single,0.95,,,ms,,,0.95,ok,
castro2024-1005028,1005028,Chiroderma villosum,exact,castro-2024,"Table 3, row 124",castro-2024-unstated,unspecified,,,,,,,,,,,emission,single,nasal,,,,,,nasal,ok,
castro2024-1005028,1005028,Chiroderma villosum,exact,castro-2024,"Table 3, row 124",castro-2024-unstated,unspecified,,,,,,,,,,,peak_frequency,single,83.29,,,kHz,,,83.29,ok,
castro2024-1005029,1005029,Ectophylla alba,exact,castro-2024,"Table 3, row 128",castro-2024-unstated,unspecified,,,,,,,,,,,bandwidth,single,35.47,,,kHz,,,35.47,ok,
castro2024-1005029,1005029,Ectophylla alba,exact,castro-2024,"Table 3, row 128",castro-2024-unstated,unspecified,,,,,,,,,,,body_mass,single,5.55,,,g,,,5.55,ok,
castro2024-1005029,1005029,Ectophylla alba,exact,castro-2024,"Table 3, row 128",castro-2024-unstated,unspecified,,,,,,,,,,,duration,single,1.27,,,ms,,,1.27,ok,
castro2024-1005029,1005029,Ectophylla alba,exact,castro-2024,"Table 3, row 128",castro-2024-unstated,unspecified,,,,,,,,,,,emission,single,nasal,,,,,,nasal,ok,
castro2024-1005029,1005029,Ectophylla alba,exact,castro-2024,"Table 3, row 128",castro-2024-unstated,unspecified,,,,,,,,,,,peak_frequency,single,74.58,,,kHz,,,74.58,ok,
castro2024-1005032,1005032,Phyllops falcatus,exact,castro-2024,"Table 3, row 144",castro-2024-unstated,unspecified,,,,,,,,,,,bandwidth,single,31,,,kHz,,,31,ok,
castro2024-1005032,1005032,Phyllops falcatus,exact,castro-2024,"Table 3, row 144",castro-2024-unstated,unspecified,,,,,,,,,,,body_mass,single,10.82,,,g,,,10.82,ok,
castro2024-1005032,1005032,Phyllops falcatus,exact,castro-2024,"Table 3, row 144",castro-2024-unstated,unspecified,,,,,,,,,,,duration,single,5.57,,,ms,,,5.57,ok,
castro2024-1005032,1005032,Phyllops falcatus,exact,castro-2024,"Table 3, row 144",castro-2024-unstated,unspecified,,,,,,,,,,,emission,single,nasal,,,,,,nasal,ok,
castro2024-1005032,1005032,Phyllops falcatus,exact,castro-2024,"Table 3, row 144",castro-2024-unstated,unspecified,,,,,,,,,,,peak_frequency,single,50.5,,,kHz,,,50.5,ok,
castro2024-1005037,1005037,Platyrrhinus brachycephalus,exact,castro-2024,"Table 3, row 147",castro-2024-unstated,unspecified,,,,,,,,,,,bandwidth,single,40.2,,,kHz,,,40.2,ok,
castro2024-1005037,1005037,Platyrrhinus brachycephalus,exact,castro-2024,"Table 3, row 147",castro-2024-unstated,unspecified,,,,,,,,,,,body_mass,single,14.26,,,g,,,14.26,ok,
castro2024-1005037,1005037,Platyrrhinus brachycephalus,exact,castro-2024,"Table 3, row 147",castro-2024-unstated,unspecified,,,,,,,,,,,duration,single,4.5,,,ms,,,4.5,ok,
castro2024-1005037,1005037,Platyrrhinus brachycephalus,exact,castro-2024,"Table 3, row 147",castro-2024-unstated,unspecified,,,,,,,,,,,emission,single,nasal,,,,,,nasal,ok,
castro2024-1005037,1005037,Platyrrhinus brachycephalus,exact,castro-2024,"Table 3, row 147",castro-2024-unstated,unspecified,,,,,,,,,,,peak_frequency,single,91.38,,,kHz,,,91.38,ok,
castro2024-1005041,1005041,Platyrrhinus helleri,exact,castro-2024,"Table 3, row 148",castro-2024-unstated,unspecified,,,,,,,,,,,bandwidth,single,24.67,,,kHz,,,24.67,ok,
castro2024-1005041,1005041,Platyrrhinus helleri,exact,castro-2024,"Table 3, row 148",castro-2024-unstated,unspecified,,,,,,,,,,,body_mass,single,13.44,,,g,,,13.44,ok,
castro2024-1005041,1005041,Platyrrhinus helleri,exact,castro-2024,"Table 3, row 148",castro-2024-unstated,unspecified,,,,,,,,,,,duration,single,2.83,,,ms,,,2.83,ok,
castro2024-1005041,1005041,Platyrrhinus helleri,exact,castro-2024,"Table 3, row 148",castro-2024-unstated,unspecified,,,,,,,,,,,emission,single,nasal,,,,,,nasal,ok,
castro2024-1005041,1005041,Platyrrhinus helleri,exact,castro-2024,"Table 3, row 148",castro-2024-unstated,unspecified,,,,,,,,,,,peak_frequency,single,50.87,,,kHz,,,50.87,ok,
castro2024-1005056,1005056,Uroderma bilobatum,exact,castro-2024,"Table 3, row 157",castro-2024-unstated,unspecified,,,,,,,,,,,bandwidth,single,28.57,,,kHz,,,28.57,ok,
castro2024-1005056,1005056,Uroderma bilobatum,exact,castro-2024,"Table 3, row 157",castro-2024-unstated,unspecified,,,,,,,,,,,body_mass,single,16.28,,,g,,,16.28,ok,
castro2024-1005056,1005056,Uroderma bilobatum,exact,castro-2024,"Table 3, row 157",castro-2024-unstated,unspecified,,,,,,,,,,,duration,single,1.2,,,ms,,,1.2,ok,
castro2024-1005056,1005056,Uroderma bilobatum,exact,castro-2024,"Table 3, row 157",castro-2024-unstated,unspecified,,,,,,,,,,,emission,single,nasal,,,,,,nasal,ok,
castro2024-1005056,1005056,Uroderma bilobatum,exact,castro-2024,"Table 3, row 157",castro-2024-unstated,unspecified,,,,,,,,,,,peak_frequency,single,92.35,,,kHz,,,92.35,ok,
castro2024-1005068,1005068,Vampyrodes caraccioli,exact,castro-2024,"Table 3, row 158",castro-2024-unstated,unspecified,,,,,,,,,,,bandwidth,single,20.86,,,kHz,,,20.86,ok,
castro2024-1005068,1005068,Vampyrodes caraccioli,exact,castro-2024,"Table 3, row 158",castro-2024-unstated,unspecified,,,,,,,,,,,body_mass,single,35.89,,,g,,,35.89,ok,
castro2024-1005068,1005068,Vampyrodes caraccioli,exact,castro-2024,"Table 3, row 158",castro-2024-unstated,unspecified,,,,,,,,,,,duration,single,1.03,,,ms,,,1.03,ok,
castro2024-1005068,1005068,Vampyrodes caraccioli,exact,castro-2024,"Table 3, row 158",castro-2024-unstated,unspecified,,,,,,,,,,,emission,single,nasal,,,,,,nasal,ok,
castro2024-1005068,1005068,Vampyrodes caraccioli,exact,castro-2024,"Table 3, row 158",castro-2024-unstated,unspecified,,,,,,,,,,,peak_frequency,single,71.74,,,kHz,,,71.74,ok,
castro2024-1005071,1005071,Sturnira angeli,exact,castro-2024,"Table 3, row 152",castro-2024-unstated,unspecified,,,,,,,,,,,bandwidth,single,31.59,,,kHz,,,31.59,ok,
castro2024-1005071,1005071,Sturnira angeli,exact,castro-2024,"Table 3, row 152",castro-2024-unstated,unspecified,,,,,,,,,,,body_mass,single,15.46,,,g,,,15.46,ok,
castro2024-1005071,1005071,Sturnira angeli,exact,castro-2024,"Table 3, row 152",castro-2024-unstated,unspecified,,,,,,,,,,,duration,single,5.46,,,ms,,,5.46,ok,
castro2024-1005071,1005071,Sturnira angeli,exact,castro-2024,"Table 3, row 152",castro-2024-unstated,unspecified,,,,,,,,,,,emission,single,nasal,,,,,,nasal,ok,
castro2024-1005071,1005071,Sturnira angeli,exact,castro-2024,"Table 3, row 152",castro-2024-unstated,unspecified,,,,,,,,,,,peak_frequency,single,56.48,,,kHz,,,56.48,ok,
castro2024-1005081,1005081,Sturnira lilium,exact,castro-2024,"Table 3, row 149",castro-2024-unstated,unspecified,,,,,,,,,,,bandwidth,single,38.94,,,kHz,,,38.94,ok,
castro2024-1005081,1005081,Sturnira lilium,exact,castro-2024,"Table 3, row 149",castro-2024-unstated,unspecified,,,,,,,,,,,body_mass,single,20.19,,,g,,,20.19,ok,
castro2024-1005081,1005081,Sturnira lilium,exact,castro-2024,"Table 3, row 149",castro-2024-unstated,unspecified,,,,,,,,,,,duration,single,1.93,,,ms,,,1.93,ok,
castro2024-1005081,1005081,Sturnira lilium,exact,castro-2024,"Table 3, row 149",castro-2024-unstated,unspecified,,,,,,,,,,,emission,single,nasal,,,,,,nasal,ok,
castro2024-1005081,1005081,Sturnira lilium,exact,castro-2024,"Table 3, row 149",castro-2024-unstated,unspecified,,,,,,,,,,,peak_frequency,single,88.06,,,kHz,,,88.06,ok,
castro2024-1005082,1005082,Sturnira ludovici,exact,castro-2024,"Table 3, row 150",castro-2024-unstated,unspecified,,,,,,,,,,,bandwidth,single,35.62,,,kHz,,,35.62,ok,
castro2024-1005082,1005082,Sturnira ludovici,exact,castro-2024,"Table 3, row 150",castro-2024-unstated,unspecified,,,,,,,,,,,body_mass,single,21,,,g,,,21,ok,
castro2024-1005082,1005082,Sturnira ludovici,exact,castro-2024,"Table 3, row 150",castro-2024-unstated,unspecified,,,,,,,,,,,duration,single,1.01,,,ms,,,1.01,ok,
castro2024-1005082,1005082,Sturnira ludovici,exact,castro-2024,"Table 3, row 150",castro-2024-unstated,unspecified,,,,,,,,,,,emission,single,nasal,,,,,,nasal,ok,
castro2024-1005082,1005082,Sturnira ludovici,exact,castro-2024,"Table 3, row 150",castro-2024-unstated,unspecified,,,,,,,,,,,peak_frequency,single,71.5,,,kHz,,,71.5,ok,
castro2024-1005086,1005086,Sturnira mordax,exact,castro-2024,"Table 3, row 151",castro-2024-unstated,unspecified,,,,,,,,,,,bandwidth,single,29.93,,,kHz,,,29.93,ok,
castro2024-1005086,1005086,Sturnira mordax,exact,castro-2024,"Table 3, row 151",castro-2024-unstated,unspecified,,,,,,,,,,,body_mass,single,11.79,,,g,,,11.79,ok,
castro2024-1005086,1005086,Sturnira mordax,exact,castro-2024,"Table 3, row 151",castro-2024-unstated,unspecified,,,,,,,,,,,duration,single,1.65,,,ms,,,1.65,ok,
castro2024-1005086,1005086,Sturnira mordax,exact,castro-2024,"Table 3, row 151",castro-2024-unstated,unspecified,,,,,,,,,,,emission,single,nasal,,,,,,nasal,ok,
castro2024-1005086,1005086,Sturnira mordax,exact,castro-2024,"Table 3, row 151",castro-2024-unstated,unspecified,,,,,,,,,,,peak_frequency,single,72.07,,,kHz,,,72.07,ok,
castro2024-1005093,1005093,Sturnira tildae,exact,castro-2024,"Table 3, row 153",castro-2024-unstated,unspecified,,,,,,,,,,,bandwidth,single,19.94,,,kHz,,,19.94,ok,
castro2024-1005093,1005093,Sturnira tildae,exact,castro-2024,"Table 3, row 153",castro-2024-unstated,unspecified,,,,,,,,,,,body_mass,single,24.39,,,g,,,24.39,ok,
castro2024-1005093,1005093,Sturnira tildae,exact,castro-2024,"Table 3, row 153",castro-2024-unstated,unspecified,,,,,,,,,,,duration,single,0.96,,,ms,,,0.96,ok,
castro2024-1005093,1005093,Sturnira tildae,exact,castro-2024,"Table 3, row 153",castro-2024-unstated,unspecified,,,,,,,,,,,emission,single,nasal,,,,,,nasal,ok,
castro2024-1005093,1005093,Sturnira tildae,exact,castro-2024,"Table 3, row 153",castro-2024-unstated,unspecified,,,,,,,,,,,peak_frequency,single,55.93,,,kHz,,,55.93,ok,
castro2024-1005097,1005097,Thyroptera tricolor,exact,castro-2024,"Table 3, row 195",castro-2024-unstated,unspecified,,,,,,,,,,,bandwidth,single,24.13,,,kHz,,,24.13,ok,
castro2024-1005097,1005097,Thyroptera tricolor,exact,castro-2024,"Table 3, row 195",castro-2024-unstated,unspecified,,,,,,,,,,,body_mass,single,4.52,,,g,,,4.52,ok,
castro2024-1005097,1005097,Thyroptera tricolor,exact,castro-2024,"Table 3, row 195",castro-2024-unstated,unspecified,,,,,,,,,,,duration,single,2.48,,,ms,,,2.48,ok,
castro2024-1005097,1005097,Thyroptera tricolor,exact,castro-2024,"Table 3, row 195",castro-2024-unstated,unspecified,,,,,,,,,,,emission,single,oral,,,,,,oral,ok,
castro2024-1005097,1005097,Thyroptera tricolor,exact,castro-2024,"Table 3, row 195",castro-2024-unstated,unspecified,,,,,,,,,,,peak_frequency,single,54.39,,,kHz,,,54.39,ok,
castro2024-1005099,1005099,Cistugo lesueuri,exact,castro-2024,"Table 3, row 204",castro-2024-unstated,unspecified,,,,,,,,,,,bandwidth,single,45.8,,,kHz,,,45.8,ok,
castro2024-1005099,1005099,Cistugo lesueuri,exact,castro-2024,"Table 3, row 204",castro-2024-unstated,unspecified,,,,,,,,,,,body_mass,single,6.38,,,g,,,6.38,ok,
castro2024-1005099,1005099,Cistugo lesueuri,exact,castro-2024,"Table 3, row 204",castro-2024-unstated,unspecified,,,,,,,,,,,duration,single,2.9,,,ms,,,2.9,ok,
castro2024-1005099,1005099,Cistugo lesueuri,exact,castro-2024,"Table 3, row 204",castro-2024-unstated,unspecified,,,,,,,,,,,emission,single,oral,,,,,,oral,ok,
castro2024-1005099,1005099,Cistugo lesueuri,exact,castro-2024,"Table 3, row 204",castro-2024-unstated,unspecified,,,,,,,,,,,peak_frequency,single,46.5,,,kHz,,,46.5,ok,
castro2024-1005100,1005100,Cistugo seabrae,exact,castro-2024,"Table 3, row 205",castro-2024-unstated,unspecified,,,,,,,,,,,bandwidth,single,45.15,,,kHz,,,45.15,ok,
castro2024-1005100,1005100,Cistugo seabrae,exact,castro-2024,"Table 3, row 205",castro-2024-unstated,unspecified,,,,,,,,,,,body_mass,single,5.37,,,g,,,5.37,ok,
castro2024-1005100,1005100,Cistugo seabrae,exact,castro-2024,"Table 3, row 205",castro-2024-unstated,unspecified,,,,,,,,,,,duration,single,1.99,,,ms,,,1.99,ok,
castro2024-1005100,1005100,Cistugo seabrae,exact,castro-2024,"Table 3, row 205",castro-2024-unstated,unspecified,,,,,,,,,,,emission,single,oral,,,,,,oral,ok,
castro2024-1005100,1005100,Cistugo seabrae,exact,castro-2024,"Table 3, row 205",castro-2024-unstated,unspecified,,,,,,,,,,,peak_frequency,single,45.92,,,kHz,,,45.92,ok,
castro2024-1005105,1005105,Miniopterus australis,exact,castro-2024,"Table 3, row 59",castro-2024-unstated,unspecified,,,,,,,,,,,bandwidth,single,48.01,,,kHz,,,48.01,ok,
castro2024-1005105,1005105,Miniopterus australis,exact,castro-2024,"Table 3, row 59",castro-2024-unstated,unspecified,,,,,,,,,,,body_mass,single,7.4,,,g,,,7.4,ok,
castro2024-1005105,1005105,Miniopterus australis,exact,castro-2024,"Table 3, row 59",castro-2024-unstated,unspecified,,,,,,,,,,,duration,single,3.6,,,ms,,,3.6,ok,
castro2024-1005105,1005105,Miniopterus australis,exact,castro-2024,"Table 3, row 59",castro-2024-unstated,unspecified,,,,,,,,,,,emission,single,oral,,,,,,oral,ok,
castro2024-1005105,1005105,Miniopterus australis,exact,castro-2024,"Table 3, row 59",castro-2024-unstated,unspecified,,,,,,,,,,,peak_frequency,single,59.07,,,kHz,,,59.07,ok,
castro2024-1005110,1005110,Miniopterus fraterculus,exact,castro-2024,"Table 3, row 60",castro-2024-unstated,unspecified,,,,,,,,,,,bandwidth,single,45.8,,,kHz,,,45.8,ok,
castro2024-1005110,1005110,Miniopterus fraterculus,exact,castro-2024,"Table 3, row 60",castro-2024-unstated,unspecified,,,,,,,,,,,body_mass,single,7.38,,,g,,,7.38,ok,
castro2024-1005110,1005110,Miniopterus fraterculus,exact,castro-2024,"Table 3, row 60",castro-2024-unstated,unspecified,,,,,,,,,,,duration,single,3.16,,,ms,,,3.16,ok,
castro2024-1005110,1005110,Miniopterus fraterculus,exact,castro-2024,"Table 3, row 60",castro-2024-unstated,unspecified,,,,,,,,,,,emission,single,oral,,,,,,oral,ok,
castro2024-1005110,1005110,Miniopterus fraterculus,exact,castro-2024,"Table 3, row 60",castro-2024-unstated,unspecified,,,,,,,,,,,peak_frequency,single,61.92,,,kHz,,,61.92,ok,
castro2024-1005116,1005116,Miniopterus inflatus,exact,castro-2024,"Table 3, row 61",castro-2024-unstated,unspecified,,,,,,,,,,,bandwidth,single,55,,,kHz,,,55,ok,
castro2024-1005116,1005116,Miniopterus inflatus,exact,castro-2024,"Table 3, row 61",castro-2024-unstated,unspecified,,,,,,,,,,,body_mass,single,14.9,,,g,,,14.9,ok,
castro2024-1005116,1005116,Miniopterus inflatus,exact,castro-2024,"Table 3, row 61",castro-2024-unstated,unspecified,,,,,,,,,,,duration,single,2.5,,,ms,,,2.5,ok,
castro2024-1005116,1005116,Miniopterus inflatus,exact,castro-2024,"Table 3, row 61",castro-2024-unstated,unspecified,,,,,,,,,,,emission,single,oral,,,,,,oral,ok,
castro2024-1005116,1005116,Miniopterus inflatus,exact,castro-2024,"Table 3, row 61",castro-2024-unstated,unspecified,,,,,,,,,,,peak_frequency,single,47.4,,,kHz,,,47.4,ok,
castro2024-1005122,1005122,Miniopterus manavi,exact,castro-2024,"Table 3, row 62",castro-2024-unstated,unspecified,,,,,,,,,,,bandwidth,single,44.49,,,kHz,,,44.49,ok,
castro2024-1005122,1005122,Miniopterus manavi,exact,castro-2024,"Table 3, row 62",castro-2024-unstated,unspecified,,,,,,,,,,,body_mass,single,7.81,,,g,,,7.81,ok,
castro2024-1005122,1005122,Miniopterus manavi,exact,castro-2024,"Table 3, row 62",castro-2024-unstated,unspecified,,,,,,,,,,,duration,single,2.96,,,ms,,,2.96,ok,
castro2024-1005122,1005122,Miniopterus manavi,exact,castro-2024,"Table 3, row 62",castro-2024-unstated,unspecified,,,,,,,,,,,emission,single,oral,,,,,,oral,ok,
castro2024-1005122,1005122,Miniopterus manavi,exact,castro-2024,"Table 3, row 62",castro-2024-unstated,unspecified,,,,,,,,,,,peak_frequency,single,54.97,,,kHz,,,54.97,ok,
castro2024-1005126,1005126,Miniopterus natalensis,exact,castro-2024,"Table 3, row 63",castro-2024-unstated,unspecified,,,,,,,,,,,bandwidth,single,36.29,,,kHz,,,36.29,ok,
castro2024-1005126,1005126,Miniopterus natalensis,exact,castro-2024,"Table 3, row 63",castro-2024-unstated,unspecified,,,,,,,,,,,body_mass,single,10.43,,,g,,,10.43,ok,
castro2024-1005126,1005126,Miniopterus natalensis,exact,castro-2024,"Table 3, row 63",castro-2024-unstated,unspecified,,,,,,,,,,,duration,single,3.48,,,ms,,,3.48,ok,
castro2024-1005126,1005126,Miniopterus natalensis,exact,castro-2024,"Table 3, row 63",castro-2024-unstated,unspecified,,,,,,,,,,,emission,single,oral,,,,,,oral,ok,
castro2024-1005126,1005126,Miniopterus natalensis,exact,castro-2024,"Table 3, row 63",castro-2024-unstated,unspecified,,,,,,,,,,,peak_frequency,single,52.07,,,kHz,,,52.07,ok,
castro2024-1005133,1005133,Miniopterus pusillus,exact,castro-2024,"Table 3, row 64",castro-2024-unstated,unspecified,,,,,,,,,,,bandwidth,single,34.56,,,kHz,,,34.56,ok,
castro2024-1005133,1005133,Miniopterus pusillus,exact,castro-2024,"Table 3, row 64",castro-2024-unstated,unspecified,,,,,,,,,,,body_mass,single,8.95,,,g,,,8.95,ok,
castro2024-1005133,1005133,Miniopterus pusillus,exact,castro-2024,"Table 3, row 64",castro-2024-unstated,unspecified,,,,,,,,,,,duration,single,3.38,,,ms,,,3.38,ok,
castro2024-1005133,1005133,Miniopterus pusillus,exact,castro-2024,"Table 3, row 64",castro-2024-unstated,unspecified,,,,,,,,,,,emission,single,oral,,,,,,oral,ok,
castro2024-1005133,1005133,Miniopterus pusillus,exact,castro-2024,"Table 3, row 64",castro-2024-unstated,unspecified,,,,,,,,,,,peak_frequency,single,59.79,,,kHz,,,59.79,ok,
castro2024-1005135,1005135,Miniopterus schreibersii,exact,castro-2024,"Table 3, row 65",castro-2024-unstated,unspecified,,,,,,,,,,,bandwidth,single,27.11,,,kHz,,,27.11,ok,
castro2024-1005135,1005135,Miniopterus schreibersii,exact,castro-2024,"Table 3, row 65",castro-2024-unstated,unspecified,,,,,,,,,,,body_mass,single,11.46,,,g,,,11.46,ok,
castro2024-1005135,1005135,Miniopterus schreibersii,exact,castro-2024,"Table 3, row 65",castro-2024-unstated,unspecified,,,,,,,,,,,duration,single,5.47,,,ms,,,5.47,ok,
castro2024-1005135,1005135,Miniopterus schreibersii,exact,castro-2024,"Table 3, row 65",castro-2024-unstated,unspecified,,,,,,,,,,,emission,single,oral,,,,,,oral,ok,
castro2024-1005135,1005135,Miniopterus schreibersii,exact,castro-2024,"Table 3, row 65",castro-2024-unstated,unspecified,,,,,,,,,,,peak_frequency,single,53.41,,,kHz,,,53.41,ok,
castro2024-1005141,1005141,Austronomus australis,exact,castro-2024,"Table 3, row 88",castro-2024-unstated,unspecified,,,,,,,,,,,bandwidth,single,7.36,,,kHz,,,7.36,ok,
castro2024-1005141,1005141,Austronomus australis,exact,castro-2024,"Table 3, row 88",castro-2024-unstated,unspecified,,,,,,,,,,,body_mass,single,36.4,,,g,,,36.4,ok,
castro2024-1005141,1005141,Austronomus australis,exact,castro-2024,"Table 3, row 88",castro-2024-unstated,unspecified,,,,,,,,,,,duration,single,15.52,,,ms,,,15.52,ok,
castro2024-1005141,1005141,Austronomus australis,exact,castro-2024,"Table 3, row 88",castro-2024-unstated,unspecified,,,,,,,,,,,emission,single,oral,,,,,,oral,ok,
castro2024-1005141,1005141,Austronomus australis,exact,castro-2024,"Table 3, row 88",castro-2024-unstated,unspecified,,,,,,,,,,,peak_frequency,single,12.77,,,kHz,,,12.77,ok,
castro2024-1005145-ansorgei,1005145,Chaerephon ansorgei,synonym_via_mdd,castro-2024,"Table 3, row 66",castro-2024-unstated,unspecified,,,,,,,,,,,bandwidth,single,12,,,kHz,,,12,ok,Printed in the source as a separate species; the current taxonomy treats it as Mops ansorgei.
castro2024-1005145-ansorgei,1005145,Chaerephon ansorgei,synonym_via_mdd,castro-2024,"Table 3, row 66",castro-2024-unstated,unspecified,,,,,,,,,,,body_mass,single,14.53,,,g,,,14.53,ok,Printed in the source as a separate species; the current taxonomy treats it as Mops ansorgei.
castro2024-1005145-ansorgei,1005145,Chaerephon ansorgei,synonym_via_mdd,castro-2024,"Table 3, row 66",castro-2024-unstated,unspecified,,,,,,,,,,,duration,single,15,,,ms,,,15,ok,Printed in the source as a separate species; the current taxonomy treats it as Mops ansorgei.
castro2024-1005145-ansorgei,1005145,Chaerephon ansorgei,synonym_via_mdd,castro-2024,"Table 3, row 66",castro-2024-unstated,unspecified,,,,,,,,,,,emission,single,oral,,,,,,oral,ok,Printed in the source as a separate species; the current taxonomy treats it as Mops ansorgei.
castro2024-1005145-ansorgei,1005145,Chaerephon ansorgei,synonym_via_mdd,castro-2024,"Table 3, row 66",castro-2024-unstated,unspecified,,,,,,,,,,,peak_frequency,single,17.8,,,kHz,,,17.8,ok,Printed in the source as a separate species; the current taxonomy treats it as Mops ansorgei.
castro2024-1005148-bivittatus,1005148,Chaerephon bivittatus,synonym_via_mdd,castro-2024,"Table 3, row 67",castro-2024-unstated,unspecified,,,,,,,,,,,bandwidth,single,14,,,kHz,,,14,ok,Printed in the source as a separate species; the current taxonomy treats it as Mops bivittatus.
castro2024-1005148-bivittatus,1005148,Chaerephon bivittatus,synonym_via_mdd,castro-2024,"Table 3, row 67",castro-2024-unstated,unspecified,,,,,,,,,,,body_mass,single,15.42,,,g,,,15.42,ok,Printed in the source as a separate species; the current taxonomy treats it as Mops bivittatus.
castro2024-1005148-bivittatus,1005148,Chaerephon bivittatus,synonym_via_mdd,castro-2024,"Table 3, row 67",castro-2024-unstated,unspecified,,,,,,,,,,,duration,single,6.8,,,ms,,,6.8,ok,Printed in the source as a separate species; the current taxonomy treats it as Mops bivittatus.
castro2024-1005148-bivittatus,1005148,Chaerephon bivittatus,synonym_via_mdd,castro-2024,"Table 3, row 67",castro-2024-unstated,unspecified,,,,,,,,,,,emission,single,oral,,,,,,oral,ok,Printed in the source as a separate species; the current taxonomy treats it as Mops bivittatus.
castro2024-1005148-bivittatus,1005148,Chaerephon bivittatus,synonym_via_mdd,castro-2024,"Table 3, row 67",castro-2024-unstated,unspecified,,,,,,,,,,,peak_frequency,single,21,,,kHz,,,21,ok,Printed in the source as a separate species; the current taxonomy treats it as Mops bivittatus.
castro2024-1005150-chapini,1005150,Chaerephon chapini,synonym_via_mdd,castro-2024,"Table 3, row 68",castro-2024-unstated,unspecified,,,,,,,,,,,bandwidth,single,8,,,kHz,,,8,ok,Printed in the source as a separate species; the current taxonomy treats it as Mops chapini.
castro2024-1005150-chapini,1005150,Chaerephon chapini,synonym_via_mdd,castro-2024,"Table 3, row 68",castro-2024-unstated,unspecified,,,,,,,,,,,body_mass,single,7.49,,,g,,,7.49,ok,Printed in the source as a separate species; the current taxonomy treats it as Mops chapini.
castro2024-1005150-chapini,1005150,Chaerephon chapini,synonym_via_mdd,castro-2024,"Table 3, row 68",castro-2024-unstated,unspecified,,,,,,,,,,,duration,single,10,,,ms,,,10,ok,Printed in the source as a separate species; the current taxonomy treats it as Mops chapini.
castro2024-1005150-chapini,1005150,Chaerephon chapini,synonym_via_mdd,castro-2024,"Table 3, row 68",castro-2024-unstated,unspecified,,,,,,,,,,,emission,single,oral,,,,,,oral,ok,Printed in the source as a separate species; the current taxonomy treats it as Mops chapini.
castro2024-1005150-chapini,1005150,Chaerephon chapini,synonym_via_mdd,castro-2024,"Table 3, row 68",castro-2024-unstated,unspecified,,,,,,,,,,,peak_frequency,single,20,,,kHz,,,20,ok,Printed in the source as a separate species; the current taxonomy treats it as Mops chapini.
castro2024-1005152-jobensis,1005152,Chaerephon jobensis,synonym_via_mdd,castro-2024,"Table 3, row 69",castro-2024-unstated,unspecified,,,,,,,,,,,bandwidth,single,8,,,kHz,,,8,ok,Printed in the source as a separate species; the current taxonomy treats it as Mops jobensis.
castro2024-1005152-jobensis,1005152,Chaerephon jobensis,synonym_via_mdd,castro-2024,"Table 3, row 69",castro-2024-unstated,unspecified,,,,,,,,,,,body_mass,single,20.71,,,g,,,20.71,ok,Printed in the source as a separate species; the current taxonomy treats it as Mops jobensis.
castro2024-1005152-jobensis,1005152,Chaerephon jobensis,synonym_via_mdd,castro-2024,"Table 3, row 69",castro-2024-unstated,unspecified,,,,,,,,,,,duration,single,10,,,ms,,,10,ok,Printed in the source as a separate species; the current taxonomy treats it as Mops jobensis.
castro2024-1005152-jobensis,1005152,Chaerephon jobensis,synonym_via_mdd,castro-2024,"Table 3, row 69",castro-2024-unstated,unspecified,,,,,,,,,,,emission,single,oral,,,,,,oral,ok,Printed in the source as a separate species; the current taxonomy treats it as Mops jobensis.
castro2024-1005152-jobensis,1005152,Chaerephon jobensis,synonym_via_mdd,castro-2024,"Table 3, row 69",castro-2024-unstated,unspecified,,,,,,,,,,,peak_frequency,single,19.8,,,kHz,,,19.8,ok,Printed in the source as a separate species; the current taxonomy treats it as Mops jobensis.
castro2024-1005154-johorensis,1005154,Chaerephon johorensis,synonym_via_mdd,castro-2024,"Table 3, row 70",castro-2024-unstated,unspecified,,,,,,,,,,,bandwidth,single,9.94,,,kHz,,,9.94,ok,Printed in the source as a separate species; the current taxonomy treats it as Mops johorensis.
castro2024-1005154-johorensis,1005154,Chaerephon johorensis,synonym_via_mdd,castro-2024,"Table 3, row 70",castro-2024-unstated,unspecified,,,,,,,,,,,body_mass,single,15.69,,,g,,,15.69,ok,Printed in the source as a separate species; the current taxonomy treats it as Mops johorensis.
castro2024-1005154-johorensis,1005154,Chaerephon johorensis,synonym_via_mdd,castro-2024,"Table 3, row 70",castro-2024-unstated,unspecified,,,,,,,,,,,duration,single,5.76,,,ms,,,5.76,ok,Printed in the source as a separate species; the current taxonomy treats it as Mops johorensis.
castro2024-1005154-johorensis,1005154,Chaerephon johorensis,synonym_via_mdd,castro-2024,"Table 3, row 70",castro-2024-unstated,unspecified,,,,,,,,,,,emission,single,oral,,,,,,oral,ok,Printed in the source as a separate species; the current taxonomy treats it as Mops johorensis.
castro2024-1005154-johorensis,1005154,Chaerephon johorensis,synonym_via_mdd,castro-2024,"Table 3, row 70",castro-2024-unstated,unspecified,,,,,,,,,,,peak_frequency,single,19.59,,,kHz,,,19.59,ok,Printed in the source as a separate species; the current taxonomy treats it as Mops johorensis.
castro2024-1005157-nigeriae,1005157,Chaerephon nigeriae,synonym_via_mdd,castro-2024,"Table 3, row 71",castro-2024-unstated,unspecified,,,,,,,,,,,bandwidth,single,10,,,kHz,,,10,ok,Printed in the source as a separate species; the current taxonomy treats it as Mops nigeriae.
castro2024-1005157-nigeriae,1005157,Chaerephon nigeriae,synonym_via_mdd,castro-2024,"Table 3, row 71",castro-2024-unstated,unspecified,,,,,,,,,,,body_mass,single,20.14,,,g,,,20.14,ok,Printed in the source as a separate species; the current taxonomy treats it as Mops nigeriae.
castro2024-1005157-nigeriae,1005157,Chaerephon nigeriae,synonym_via_mdd,castro-2024,"Table 3, row 71",castro-2024-unstated,unspecified,,,,,,,,,,,duration,single,10,,,ms,,,10,ok,Printed in the source as a separate species; the current taxonomy treats it as Mops nigeriae.
castro2024-1005157-nigeriae,1005157,Chaerephon nigeriae,synonym_via_mdd,castro-2024,"Table 3, row 71",castro-2024-unstated,unspecified,,,,,,,,,,,emission,single,oral,,,,,,oral,ok,Printed in the source as a separate species; the current taxonomy treats it as Mops nigeriae.
castro2024-1005157-nigeriae,1005157,Chaerephon nigeriae,synonym_via_mdd,castro-2024,"Table 3, row 71",castro-2024-unstated,unspecified,,,,,,,,,,,peak_frequency,single,17,,,kHz,,,17,ok,Printed in the source as a separate species; the current taxonomy treats it as Mops nigeriae.
castro2024-1005159-pumilus,1005159,Chaerephon pumilus,synonym_via_mdd,castro-2024,"Table 3, row 72",castro-2024-unstated,unspecified,,,,,,,,,,,bandwidth,single,20.18,,,kHz,,,20.18,ok,Printed in the source as a separate species; the current taxonomy treats it as Mops pumilus.
castro2024-1005159-pumilus,1005159,Chaerephon pumilus,synonym_via_mdd,castro-2024,"Table 3, row 72",castro-2024-unstated,unspecified,,,,,,,,,,,body_mass,single,10.98,,,g,,,10.98,ok,Printed in the source as a separate species; the current taxonomy treats it as Mops pumilus.
castro2024-1005159-pumilus,1005159,Chaerephon pumilus,synonym_via_mdd,castro-2024,"Table 3, row 72",castro-2024-unstated,unspecified,,,,,,,,,,,duration,single,4.19,,,ms,,,4.19,ok,Printed in the source as a separate species; the current taxonomy treats it as Mops pumilus.
castro2024-1005159-pumilus,1005159,Chaerephon pumilus,synonym_via_mdd,castro-2024,"Table 3, row 72",castro-2024-unstated,unspecified,,,,,,,,,,,emission,single,oral,,,,,,oral,ok,Printed in the source as a separate species; the current taxonomy treats it as Mops pumilus.
castro2024-1005159-pumilus,1005159,Chaerephon pumilus,synonym_via_mdd,castro-2024,"Table 3, row 72",castro-2024-unstated,unspecified,,,,,,,,,,,peak_frequency,single,27.13,,,kHz,,,27.13,ok,Printed in the source as a separate species; the current taxonomy treats it as Mops pumilus.
castro2024-1005165,1005165,Cheiromeles torquatus,exact,castro-2024,"Table 3, row 73",castro-2024-unstated,unspecified,,,,,,,,,,,bandwidth,single,9,,,kHz,,,9,ok,
castro2024-1005165,1005165,Cheiromeles torquatus,exact,castro-2024,"Table 3, row 73",castro-2024-unstated,unspecified,,,,,,,,,,,body_mass,single,169.4,,,g,,,169.4,ok,
castro2024-1005165,1005165,Cheiromeles torquatus,exact,castro-2024,"Table 3, row 73",castro-2024-unstated,unspecified,,,,,,,,,,,duration,single,14.14,,,ms,,,14.14,ok,
castro2024-1005165,1005165,Cheiromeles torquatus,exact,castro-2024,"Table 3, row 73",castro-2024-unstated,unspecified,,,,,,,,,,,emission,single,oral,,,,,,oral,ok,
castro2024-1005165,1005165,Cheiromeles torquatus,exact,castro-2024,"Table 3, row 73",castro-2024-unstated,unspecified,,,,,,,,,,,peak_frequency,single,27.9,,,kHz,,,27.9,ok,
castro2024-1005182,1005182,Eumops glaucinus,exact,castro-2024,"Table 3, row 74",castro-2024-unstated,unspecified,,,,,,,,,,,bandwidth,single,5,,,kHz,,,5,ok,
castro2024-1005182,1005182,Eumops glaucinus,exact,castro-2024,"Table 3, row 74",castro-2024-unstated,unspecified,,,,,,,,,,,body_mass,single,36.2,,,g,,,36.2,ok,
castro2024-1005182,1005182,Eumops glaucinus,exact,castro-2024,"Table 3, row 74",castro-2024-unstated,unspecified,,,,,,,,,,,duration,single,14.2,,,ms,,,14.2,ok,
castro2024-1005182,1005182,Eumops glaucinus,exact,castro-2024,"Table 3, row 74",castro-2024-unstated,unspecified,,,,,,,,,,,emission,single,oral,,,,,,oral,ok,
castro2024-1005182,1005182,Eumops glaucinus,exact,castro-2024,"Table 3, row 74",castro-2024-unstated,unspecified,,,,,,,,,,,peak_frequency,single,18,,,kHz,,,18,ok,
castro2024-1005191,1005191,Micronomus norfolkensis,exact,castro-2024,"Table 3, row 83",castro-2024-unstated,unspecified,,,,,,,,,,,bandwidth,single,1.5,,,kHz,,,1.5,ok,
castro2024-1005191,1005191,Micronomus norfolkensis,exact,castro-2024,"Table 3, row 83",castro-2024-unstated,unspecified,,,,,,,,,,,body_mass,single,8,,,g,,,8,ok,
castro2024-1005191,1005191,Micronomus norfolkensis,exact,castro-2024,"Table 3, row 83",castro-2024-unstated,unspecified,,,,,,,,,,,duration,single,8,,,ms,,,8,ok,
castro2024-1005191,1005191,Micronomus norfolkensis,exact,castro-2024,"Table 3, row 83",castro-2024-unstated,unspecified,,,,,,,,,,,emission,single,oral,,,,,,oral,ok,
castro2024-1005191,1005191,Micronomus norfolkensis,exact,castro-2024,"Table 3, row 83",castro-2024-unstated,unspecified,,,,,,,,,,,peak_frequency,single,31,,,kHz,,,31,ok,
castro2024-1005193,1005193,Molossops temminckii,exact,castro-2024,"Table 3, row 75",castro-2024-unstated,unspecified,,,,,,,,,,,bandwidth,single,10.3,,,kHz,,,10.3,ok,
castro2024-1005193,1005193,Molossops temminckii,exact,castro-2024,"Table 3, row 75",castro-2024-unstated,unspecified,,,,,,,,,,,body_mass,single,5.86,,,g,,,5.86,ok,
castro2024-1005193,1005193,Molossops temminckii,exact,castro-2024,"Table 3, row 75",castro-2024-unstated,unspecified,,,,,,,,,,,duration,single,7.8,,,ms,,,7.8,ok,
castro2024-1005193,1005193,Molossops temminckii,exact,castro-2024,"Table 3, row 75",castro-2024-unstated,unspecified,,,,,,,,,,,emission,single,oral,,,,,,oral,ok,
castro2024-1005193,1005193,Molossops temminckii,exact,castro-2024,"Table 3, row 75",castro-2024-unstated,unspecified,,,,,,,,,,,peak_frequency,single,50.4,,,kHz,,,50.4,ok,
castro2024-1005202,1005202,Molossus molossus,exact,castro-2024,"Table 3, row 76",castro-2024-unstated,unspecified,,,,,,,,,,,bandwidth,single,4.62,,,kHz,,,4.62,ok,
castro2024-1005202,1005202,Molossus molossus,exact,castro-2024,"Table 3, row 76",castro-2024-unstated,unspecified,,,,,,,,,,,body_mass,single,13.7,,,g,,,13.7,ok,
castro2024-1005202,1005202,Molossus molossus,exact,castro-2024,"Table 3, row 76",castro-2024-unstated,unspecified,,,,,,,,,,,duration,single,9.29,,,ms,,,9.29,ok,
castro2024-1005202,1005202,Molossus molossus,exact,castro-2024,"Table 3, row 76",castro-2024-unstated,unspecified,,,,,,,,,,,emission,single,oral,,,,,,oral,ok,
castro2024-1005202,1005202,Molossus molossus,exact,castro-2024,"Table 3, row 76",castro-2024-unstated,unspecified,,,,,,,,,,,peak_frequency,single,37.66,,,kHz,,,37.66,ok,
castro2024-1005210,1005210,Mops condylurus,exact,castro-2024,"Table 3, row 77",castro-2024-unstated,unspecified,,,,,,,,,,,bandwidth,single,22.09,,,kHz,,,22.09,ok,
castro2024-1005210,1005210,Mops condylurus,exact,castro-2024,"Table 3, row 77",castro-2024-unstated,unspecified,,,,,,,,,,,body_mass,single,26.59,,,g,,,26.59,ok,
castro2024-1005210,1005210,Mops condylurus,exact,castro-2024,"Table 3, row 77",castro-2024-unstated,unspecified,,,,,,,,,,,duration,single,5.57,,,ms,,,5.57,ok,
castro2024-1005210,1005210,Mops condylurus,exact,castro-2024,"Table 3, row 77",castro-2024-unstated,unspecified,,,,,,,,,,,emission,single,oral,,,,,,oral,ok,
castro2024-1005210,1005210,Mops condylurus,exact,castro-2024,"Table 3, row 77",castro-2024-unstated,unspecified,,,,,,,,,,,peak_frequency,single,27.12,,,kHz,,,27.12,ok,
castro2024-1005214,1005214,Mops midas,exact,castro-2024,"Table 3, row 78",castro-2024-unstated,unspecified,,,,,,,,,,,bandwidth,single,4.8,,,kHz,,,4.8,ok,
castro2024-1005214,1005214,Mops midas,exact,castro-2024,"Table 3, row 78",castro-2024-unstated,unspecified,,,,,,,,,,,body_mass,single,45.5,,,g,,,45.5,ok,
castro2024-1005214,1005214,Mops midas,exact,castro-2024,"Table 3, row 78",castro-2024-unstated,unspecified,,,,,,,,,,,duration,single,16.5,,,ms,,,16.5,ok,
castro2024-1005214,1005214,Mops midas,exact,castro-2024,"Table 3, row 78",castro-2024-unstated,unspecified,,,,,,,,,,,emission,single,oral,,,,,,oral,ok,
castro2024-1005214,1005214,Mops midas,exact,castro-2024,"Table 3, row 78",castro-2024-unstated,unspecified,,,,,,,,,,,peak_frequency,single,15,,,kHz,,,15,ok,
castro2024-1005215,1005215,Mops mops,exact,castro-2024,"Table 3, row 79",castro-2024-unstated,unspecified,,,,,,,,,,,bandwidth,single,0.73,,,kHz,,,0.73,ok,
castro2024-1005215,1005215,Mops mops,exact,castro-2024,"Table 3, row 79",castro-2024-unstated,unspecified,,,,,,,,,,,body_mass,single,31.12,,,g,,,31.12,ok,
castro2024-1005215,1005215,Mops mops,exact,castro-2024,"Table 3, row 79",castro-2024-unstated,unspecified,,,,,,,,,,,duration,single,8.57,,,ms,,,8.57,ok,
castro2024-1005215,1005215,Mops mops,exact,castro-2024,"Table 3, row 79",castro-2024-unstated,unspecified,,,,,,,,,,,emission,single,oral,,,,,,oral,ok,
castro2024-1005215,1005215,Mops mops,exact,castro-2024,"Table 3, row 79",castro-2024-unstated,unspecified,,,,,,,,,,,peak_frequency,single,17.8,,,kHz,,,17.8,ok,
castro2024-1005218,1005218,Mops niveiventer,exact,castro-2024,"Table 3, row 80",castro-2024-unstated,unspecified,,,,,,,,,,,bandwidth,single,20.78,,,kHz,,,20.78,ok,
castro2024-1005218,1005218,Mops niveiventer,exact,castro-2024,"Table 3, row 80",castro-2024-unstated,unspecified,,,,,,,,,,,body_mass,single,21.82,,,g,,,21.82,ok,
castro2024-1005218,1005218,Mops niveiventer,exact,castro-2024,"Table 3, row 80",castro-2024-unstated,unspecified,,,,,,,,,,,duration,single,8.82,,,ms,,,8.82,ok,
castro2024-1005218,1005218,Mops niveiventer,exact,castro-2024,"Table 3, row 80",castro-2024-unstated,unspecified,,,,,,,,,,,emission,single,oral,,,,,,oral,ok,
castro2024-1005218,1005218,Mops niveiventer,exact,castro-2024,"Table 3, row 80",castro-2024-unstated,unspecified,,,,,,,,,,,peak_frequency,single,22.11,,,kHz,,,22.11,ok,
castro2024-1005227,1005227,Mormopterus jugularis,exact,castro-2024,"Table 3, row 81",castro-2024-unstated,unspecified,,,,,,,,,,,bandwidth,single,28.42,,,kHz,,,28.42,ok,
castro2024-1005227,1005227,Mormopterus jugularis,exact,castro-2024,"Table 3, row 81",castro-2024-unstated,unspecified,,,,,,,,,,,body_mass,single,11.56,,,g,,,11.56,ok,
castro2024-1005227,1005227,Mormopterus jugularis,exact,castro-2024,"Table 3, row 81",castro-2024-unstated,unspecified,,,,,,,,,,,duration,single,3.98,,,ms,,,3.98,ok,
castro2024-1005227,1005227,Mormopterus jugularis,exact,castro-2024,"Table 3, row 81",castro-2024-unstated,unspecified,,,,,,,,,,,emission,single,oral,,,,,,oral,ok,
castro2024-1005227,1005227,Mormopterus jugularis,exact,castro-2024,"Table 3, row 81",castro-2024-unstated,unspecified,,,,,,,,,,,peak_frequency,single,32.04,,,kHz,,,32.04,ok,
castro2024-1005237,1005237,Nyctinomops macrotis,exact,castro-2024,"Table 3, row 84",castro-2024-unstated,unspecified,,,,,,,,,,,bandwidth,single,5,,,kHz,,,5,ok,
castro2024-1005237,1005237,Nyctinomops macrotis,exact,castro-2024,"Table 3, row 84",castro-2024-unstated,unspecified,,,,,,,,,,,body_mass,single,16.38,,,g,,,16.38,ok,
castro2024-1005237,1005237,Nyctinomops macrotis,exact,castro-2024,"Table 3, row 84",castro-2024-unstated,unspecified,,,,,,,,,,,duration,single,15.7,,,ms,,,15.7,ok,
castro2024-1005237,1005237,Nyctinomops macrotis,exact,castro-2024,"Table 3, row 84",castro-2024-unstated,unspecified,,,,,,,,,,,emission,single,oral,,,,,,oral,ok,
castro2024-1005237,1005237,Nyctinomops macrotis,exact,castro-2024,"Table 3, row 84",castro-2024-unstated,unspecified,,,,,,,,,,,peak_frequency,single,17.5,,,kHz,,,17.5,ok,
castro2024-1005242,1005242,Otomops martiensseni,exact,castro-2024,"Table 3, row 85",castro-2024-unstated,unspecified,,,,,,,,,,,bandwidth,single,6.4,,,kHz,,,6.4,ok,
castro2024-1005242,1005242,Otomops martiensseni,exact,castro-2024,"Table 3, row 85",castro-2024-unstated,unspecified,,,,,,,,,,,body_mass,single,34.92,,,g,,,34.92,ok,
castro2024-1005242,1005242,Otomops martiensseni,exact,castro-2024,"Table 3, row 85",castro-2024-unstated,unspecified,,,,,,,,,,,duration,single,24,,,ms,,,24,ok,
castro2024-1005242,1005242,Otomops martiensseni,exact,castro-2024,"Table 3, row 85",castro-2024-unstated,unspecified,,,,,,,,,,,emission,single,oral,,,,,,oral,ok,
castro2024-1005242,1005242,Otomops martiensseni,exact,castro-2024,"Table 3, row 85",castro-2024-unstated,unspecified,,,,,,,,,,,peak_frequency,single,10.8,,,kHz,,,10.8,ok,
castro2024-1005250,1005250,Ozimops loriae,exact,castro-2024,"Table 3, row 82",castro-2024-unstated,unspecified,,,,,,,,,,,bandwidth,single,12,,,kHz,,,12,ok,
castro2024-1005250,1005250,Ozimops loriae,exact,castro-2024,"Table 3, row 82",castro-2024-unstated,unspecified,,,,,,,,,,,body_mass,single,7,,,g,,,7,ok,
castro2024-1005250,1005250,Ozimops loriae,exact,castro-2024,"Table 3, row 82",castro-2024-unstated,unspecified,,,,,,,,,,,duration,single,6,,,ms,,,6,ok,
castro2024-1005250,1005250,Ozimops loriae,exact,castro-2024,"Table 3, row 82",castro-2024-unstated,unspecified,,,,,,,,,,,emission,single,oral,,,,,,oral,ok,
castro2024-1005250,1005250,Ozimops loriae,exact,castro-2024,"Table 3, row 82",castro-2024-unstated,unspecified,,,,,,,,,,,peak_frequency,single,36,,,kHz,,,36,ok,
castro2024-1005259,1005259,Sauromys petrophilus,exact,castro-2024,"Table 3, row 86",castro-2024-unstated,unspecified,,,,,,,,,,,bandwidth,single,25.87,,,kHz,,,25.87,ok,
castro2024-1005259,1005259,Sauromys petrophilus,exact,castro-2024,"Table 3, row 86",castro-2024-unstated,unspecified,,,,,,,,,,,body_mass,single,14.25,,,g,,,14.25,ok,
castro2024-1005259,1005259,Sauromys petrophilus,exact,castro-2024,"Table 3, row 86",castro-2024-unstated,unspecified,,,,,,,,,,,duration,single,3.74,,,ms,,,3.74,ok,
castro2024-1005259,1005259,Sauromys petrophilus,exact,castro-2024,"Table 3, row 86",castro-2024-unstated,unspecified,,,,,,,,,,,emission,single,oral,,,,,,oral,ok,
castro2024-1005259,1005259,Sauromys petrophilus,exact,castro-2024,"Table 3, row 86",castro-2024-unstated,unspecified,,,,,,,,,,,peak_frequency,single,27.99,,,kHz,,,27.99,ok,
castro2024-1005261-aegyptiaca,1005261,Tadarida aegyptiaca,synonym_via_mdd,castro-2024,"Table 3, row 87",castro-2024-unstated,unspecified,,,,,,,,,,,bandwidth,single,17.44,,,kHz,,,17.44,ok,Printed in the source as a separate species; the current taxonomy treats it as Nyctinomus aegyptiacus.
castro2024-1005261-aegyptiaca,1005261,Tadarida aegyptiaca,synonym_via_mdd,castro-2024,"Table 3, row 87",castro-2024-unstated,unspecified,,,,,,,,,,,body_mass,single,17.63,,,g,,,17.63,ok,Printed in the source as a separate species; the current taxonomy treats it as Nyctinomus aegyptiacus.
castro2024-1005261-aegyptiaca,1005261,Tadarida aegyptiaca,synonym_via_mdd,castro-2024,"Table 3, row 87",castro-2024-unstated,unspecified,,,,,,,,,,,duration,single,4.93,,,ms,,,4.93,ok,Printed in the source as a separate species; the current taxonomy treats it as Nyctinomus aegyptiacus.
castro2024-1005261-aegyptiaca,1005261,Tadarida aegyptiaca,synonym_via_mdd,castro-2024,"Table 3, row 87",castro-2024-unstated,unspecified,,,,,,,,,,,emission,single,oral,,,,,,oral,ok,Printed in the source as a separate species; the current taxonomy treats it as Nyctinomus aegyptiacus.
castro2024-1005261-aegyptiaca,1005261,Tadarida aegyptiaca,synonym_via_mdd,castro-2024,"Table 3, row 87",castro-2024-unstated,unspecified,,,,,,,,,,,peak_frequency,single,23.57,,,kHz,,,23.57,ok,Printed in the source as a separate species; the current taxonomy treats it as Nyctinomus aegyptiacus.
castro2024-1005262,1005262,Tadarida brasiliensis,exact,castro-2024,"Table 3, row 89",castro-2024-unstated,unspecified,,,,,,,,,,,bandwidth,single,3.16,,,kHz,,,3.16,ok,
castro2024-1005262,1005262,Tadarida brasiliensis,exact,castro-2024,"Table 3, row 89",castro-2024-unstated,unspecified,,,,,,,,,,,body_mass,single,12.61,,,g,,,12.61,ok,
castro2024-1005262,1005262,Tadarida brasiliensis,exact,castro-2024,"Table 3, row 89",castro-2024-unstated,unspecified,,,,,,,,,,,duration,single,11.25,,,ms,,,11.25,ok,
castro2024-1005262,1005262,Tadarida brasiliensis,exact,castro-2024,"Table 3, row 89",castro-2024-unstated,unspecified,,,,,,,,,,,emission,single,oral,,,,,,oral,ok,
castro2024-1005262,1005262,Tadarida brasiliensis,exact,castro-2024,"Table 3, row 89",castro-2024-unstated,unspecified,,,,,,,,,,,peak_frequency,single,26.72,,,kHz,,,26.72,ok,
castro2024-1005263,1005263,Tadarida fulminans,exact,castro-2024,"Table 3, row 90",castro-2024-unstated,unspecified,,,,,,,,,,,bandwidth,single,13,,,kHz,,,13,ok,
castro2024-1005263,1005263,Tadarida fulminans,exact,castro-2024,"Table 3, row 90",castro-2024-unstated,unspecified,,,,,,,,,,,body_mass,single,33.89,,,g,,,33.89,ok,
castro2024-1005263,1005263,Tadarida fulminans,exact,castro-2024,"Table 3, row 90",castro-2024-unstated,unspecified,,,,,,,,,,,duration,single,15,,,ms,,,15,ok,
castro2024-1005263,1005263,Tadarida fulminans,exact,castro-2024,"Table 3, row 90",castro-2024-unstated,unspecified,,,,,,,,,,,emission,single,oral,,,,,,oral,ok,
castro2024-1005263,1005263,Tadarida fulminans,exact,castro-2024,"Table 3, row 90",castro-2024-unstated,unspecified,,,,,,,,,,,peak_frequency,single,17,,,kHz,,,17,ok,
castro2024-1005268,1005268,Tadarida ventralis,exact,castro-2024,"Table 3, row 91",castro-2024-unstated,unspecified,,,,,,,,,,,bandwidth,single,4,,,kHz,,,4,ok,
castro2024-1005268,1005268,Tadarida ventralis,exact,castro-2024,"Table 3, row 91",castro-2024-unstated,unspecified,,,,,,,,,,,body_mass,single,37.43,,,g,,,37.43,ok,
castro2024-1005268,1005268,Tadarida ventralis,exact,castro-2024,"Table 3, row 91",castro-2024-unstated,unspecified,,,,,,,,,,,duration,single,9,,,ms,,,9,ok,
castro2024-1005268,1005268,Tadarida ventralis,exact,castro-2024,"Table 3, row 91",castro-2024-unstated,unspecified,,,,,,,,,,,emission,single,oral,,,,,,oral,ok,
castro2024-1005268,1005268,Tadarida ventralis,exact,castro-2024,"Table 3, row 91",castro-2024-unstated,unspecified,,,,,,,,,,,peak_frequency,single,19.3,,,kHz,,,19.3,ok,
castro2024-1005279,1005279,Natalus stramineus,exact,castro-2024,"Table 3, row 100",castro-2024-unstated,unspecified,,,,,,,,,,,bandwidth,single,49.56,,,kHz,,,49.56,ok,
castro2024-1005279,1005279,Natalus stramineus,exact,castro-2024,"Table 3, row 100",castro-2024-unstated,unspecified,,,,,,,,,,,body_mass,single,5.68,,,g,,,5.68,ok,
castro2024-1005279,1005279,Natalus stramineus,exact,castro-2024,"Table 3, row 100",castro-2024-unstated,unspecified,,,,,,,,,,,duration,single,1.58,,,ms,,,1.58,ok,
castro2024-1005279,1005279,Natalus stramineus,exact,castro-2024,"Table 3, row 100",castro-2024-unstated,unspecified,,,,,,,,,,,emission,single,oral,,,,,,oral,ok,
castro2024-1005279,1005279,Natalus stramineus,exact,castro-2024,"Table 3, row 100",castro-2024-unstated,unspecified,,,,,,,,,,,peak_frequency,single,116.48,,,kHz,,,116.48,ok,
castro2024-1005281,1005281,Nyctiellus lepidus,exact,castro-2024,"Table 3, row 101",castro-2024-unstated,unspecified,,,,,,,,,,,bandwidth,single,42.7,,,kHz,,,42.7,ok,
castro2024-1005281,1005281,Nyctiellus lepidus,exact,castro-2024,"Table 3, row 101",castro-2024-unstated,unspecified,,,,,,,,,,,body_mass,single,3.88,,,g,,,3.88,ok,
castro2024-1005281,1005281,Nyctiellus lepidus,exact,castro-2024,"Table 3, row 101",castro-2024-unstated,unspecified,,,,,,,,,,,duration,single,2.7,,,ms,,,2.7,ok,
castro2024-1005281,1005281,Nyctiellus lepidus,exact,castro-2024,"Table 3, row 101",castro-2024-unstated,unspecified,,,,,,,,,,,emission,single,oral,,,,,,oral,ok,
castro2024-1005281,1005281,Nyctiellus lepidus,exact,castro-2024,"Table 3, row 101",castro-2024-unstated,unspecified,,,,,,,,,,,peak_frequency,single,83.4,,,kHz,,,83.4,ok,
castro2024-1005284,1005284,Kerivoula argentata,exact,castro-2024,"Table 3, row 223",castro-2024-unstated,unspecified,,,,,,,,,,,bandwidth,single,36,,,kHz,,,36,ok,
castro2024-1005284,1005284,Kerivoula argentata,exact,castro-2024,"Table 3, row 223",castro-2024-unstated,unspecified,,,,,,,,,,,body_mass,single,10.11,,,g,,,10.11,ok,
castro2024-1005284,1005284,Kerivoula argentata,exact,castro-2024,"Table 3, row 223",castro-2024-unstated,unspecified,,,,,,,,,,,duration,single,2.3,,,ms,,,2.3,ok,
castro2024-1005284,1005284,Kerivoula argentata,exact,castro-2024,"Table 3, row 223",castro-2024-unstated,unspecified,,,,,,,,,,,emission,single,oral,,,,,,oral,ok,
castro2024-1005284,1005284,Kerivoula argentata,exact,castro-2024,"Table 3, row 223",castro-2024-unstated,unspecified,,,,,,,,,,,peak_frequency,single,92,,,kHz,,,92,ok,
castro2024-1005292,1005292,Kerivoula hardwickii,exact,castro-2024,"Table 3, row 224",castro-2024-unstated,unspecified,,,,,,,,,,,bandwidth,single,95.09,,,kHz,,,95.09,ok,
castro2024-1005292,1005292,Kerivoula hardwickii,exact,castro-2024,"Table 3, row 224",castro-2024-unstated,unspecified,,,,,,,,,,,body_mass,single,4.55,,,g,,,4.55,ok,
castro2024-1005292,1005292,Kerivoula hardwickii,exact,castro-2024,"Table 3, row 224",castro-2024-unstated,unspecified,,,,,,,,,,,duration,single,1.99,,,ms,,,1.99,ok,
castro2024-1005292,1005292,Kerivoula hardwickii,exact,castro-2024,"Table 3, row 224",castro-2024-unstated,unspecified,,,,,,,,,,,emission,single,oral,,,,,,oral,ok,
castro2024-1005292,1005292,Kerivoula hardwickii,exact,castro-2024,"Table 3, row 224",castro-2024-unstated,unspecified,,,,,,,,,,,peak_frequency,single,148.17,,,kHz,,,148.17,ok,
castro2024-1005293,1005293,Kerivoula intermedia,exact,castro-2024,"Table 3, row 225",castro-2024-unstated,unspecified,,,,,,,,,,,bandwidth,single,69.35,,,kHz,,,69.35,ok,
castro2024-1005293,1005293,Kerivoula intermedia,exact,castro-2024,"Table 3, row 225",castro-2024-unstated,unspecified,,,,,,,,,,,body_mass,single,3.68,,,g,,,3.68,ok,
castro2024-1005293,1005293,Kerivoula intermedia,exact,castro-2024,"Table 3, row 225",castro-2024-unstated,unspecified,,,,,,,,,,,duration,single,2.74,,,ms,,,2.74,ok,
castro2024-1005293,1005293,Kerivoula intermedia,exact,castro-2024,"Table 3, row 225",castro-2024-unstated,unspecified,,,,,,,,,,,emission,single,oral,,,,,,oral,ok,
castro2024-1005293,1005293,Kerivoula intermedia,exact,castro-2024,"Table 3, row 225",castro-2024-unstated,unspecified,,,,,,,,,,,peak_frequency,single,83.82,,,kHz,,,83.82,ok,
castro2024-1005296,1005296,Kerivoula lanosa,exact,castro-2024,"Table 3, row 226",castro-2024-unstated,unspecified,,,,,,,,,,,bandwidth,single,43.33,,,kHz,,,43.33,ok,
castro2024-1005296,1005296,Kerivoula lanosa,exact,castro-2024,"Table 3, row 226",castro-2024-unstated,unspecified,,,,,,,,,,,body_mass,single,6.66,,,g,,,6.66,ok,
castro2024-1005296,1005296,Kerivoula lanosa,exact,castro-2024,"Table 3, row 226",castro-2024-unstated,unspecified,,,,,,,,,,,duration,single,2.13,,,ms,,,2.13,ok,
castro2024-1005296,1005296,Kerivoula lanosa,exact,castro-2024,"Table 3, row 226",castro-2024-unstated,unspecified,,,,,,,,,,,emission,single,oral,,,,,,oral,ok,
castro2024-1005296,1005296,Kerivoula lanosa,exact,castro-2024,"Table 3, row 226",castro-2024-unstated,unspecified,,,,,,,,,,,peak_frequency,single,45.57,,,kHz,,,45.57,ok,
castro2024-1005299,1005299,Kerivoula minuta,exact,castro-2024,"Table 3, row 227",castro-2024-unstated,unspecified,,,,,,,,,,,bandwidth,single,47.83,,,kHz,,,47.83,ok,
castro2024-1005299,1005299,Kerivoula minuta,exact,castro-2024,"Table 3, row 227",castro-2024-unstated,unspecified,,,,,,,,,,,body_mass,single,2.03,,,g,,,2.03,ok,
castro2024-1005299,1005299,Kerivoula minuta,exact,castro-2024,"Table 3, row 227",castro-2024-unstated,unspecified,,,,,,,,,,,duration,single,1.16,,,ms,,,1.16,ok,
castro2024-1005299,1005299,Kerivoula minuta,exact,castro-2024,"Table 3, row 227",castro-2024-unstated,unspecified,,,,,,,,,,,emission,single,oral,,,,,,oral,ok,
castro2024-1005299,1005299,Kerivoula minuta,exact,castro-2024,"Table 3, row 227",castro-2024-unstated,unspecified,,,,,,,,,,,peak_frequency,single,105.05,,,kHz,,,105.05,ok,
castro2024-1005302,1005302,Kerivoula papillosa,exact,castro-2024,"Table 3, row 228",castro-2024-unstated,unspecified,,,,,,,,,,,bandwidth,single,64.8,,,kHz,,,64.8,ok,
castro2024-1005302,1005302,Kerivoula papillosa,exact,castro-2024,"Table 3, row 228",castro-2024-unstated,unspecified,,,,,,,,,,,body_mass,single,10.21,,,g,,,10.21,ok,
castro2024-1005302,1005302,Kerivoula papillosa,exact,castro-2024,"Table 3, row 228",castro-2024-unstated,unspecified,,,,,,,,,,,duration,single,1.62,,,ms,,,1.62,ok,
castro2024-1005302,1005302,Kerivoula papillosa,exact,castro-2024,"Table 3, row 228",castro-2024-unstated,unspecified,,,,,,,,,,,emission,single,oral,,,,,,oral,ok,
castro2024-1005302,1005302,Kerivoula papillosa,exact,castro-2024,"Table 3, row 228",castro-2024-unstated,unspecified,,,,,,,,,,,peak_frequency,single,108.1,,,kHz,,,108.1,ok,
castro2024-1005303,1005303,Kerivoula pellucida,exact,castro-2024,"Table 3, row 229",castro-2024-unstated,unspecified,,,,,,,,,,,bandwidth,single,59.03,,,kHz,,,59.03,ok,
castro2024-1005303,1005303,Kerivoula pellucida,exact,castro-2024,"Table 3, row 229",castro-2024-unstated,unspecified,,,,,,,,,,,body_mass,single,4.14,,,g,,,4.14,ok,
castro2024-1005303,1005303,Kerivoula pellucida,exact,castro-2024,"Table 3, row 229",castro-2024-unstated,unspecified,,,,,,,,,,,duration,single,1.86,,,ms,,,1.86,ok,
castro2024-1005303,1005303,Kerivoula pellucida,exact,castro-2024,"Table 3, row 229",castro-2024-unstated,unspecified,,,,,,,,,,,emission,single,oral,,,,,,oral,ok,
castro2024-1005303,1005303,Kerivoula pellucida,exact,castro-2024,"Table 3, row 229",castro-2024-unstated,unspecified,,,,,,,,,,,peak_frequency,single,147.27,,,kHz,,,147.27,ok,
castro2024-1005313,1005313,Phoniscus papuensis,exact,castro-2024,"Table 3, row 291",castro-2024-unstated,unspecified,,,,,,,,,,,bandwidth,single,95,,,kHz,,,95,ok,
castro2024-1005313,1005313,Phoniscus papuensis,exact,castro-2024,"Table 3, row 291",castro-2024-unstated,unspecified,,,,,,,,,,,body_mass,single,6.32,,,g,,,6.32,ok,
castro2024-1005313,1005313,Phoniscus papuensis,exact,castro-2024,"Table 3, row 291",castro-2024-unstated,unspecified,,,,,,,,,,,duration,single,3,,,ms,,,3,ok,
castro2024-1005313,1005313,Phoniscus papuensis,exact,castro-2024,"Table 3, row 291",castro-2024-unstated,unspecified,,,,,,,,,,,emission,single,oral,,,,,,oral,ok,
castro2024-1005313,1005313,Phoniscus papuensis,exact,castro-2024,"Table 3, row 291",castro-2024-unstated,unspecified,,,,,,,,,,,peak_frequency,single,80,,,kHz,,,80,ok,
castro2024-1005329,1005329,Murina florium,exact,castro-2024,"Table 3, row 236",castro-2024-unstated,unspecified,,,,,,,,,,,bandwidth,single,44.82,,,kHz,,,44.82,ok,
castro2024-1005329,1005329,Murina florium,exact,castro-2024,"Table 3, row 236",castro-2024-unstated,unspecified,,,,,,,,,,,body_mass,single,4.41,,,g,,,4.41,ok,
castro2024-1005329,1005329,Murina florium,exact,castro-2024,"Table 3, row 236",castro-2024-unstated,unspecified,,,,,,,,,,,duration,single,1.01,,,ms,,,1.01,ok,
castro2024-1005329,1005329,Murina florium,exact,castro-2024,"Table 3, row 236",castro-2024-unstated,unspecified,,,,,,,,,,,emission,single,oral,,,,,,oral,ok,
castro2024-1005329,1005329,Murina florium,exact,castro-2024,"Table 3, row 236",castro-2024-unstated,unspecified,,,,,,,,,,,peak_frequency,single,60.51,,,kHz,,,60.51,ok,
castro2024-1005341,1005341,Murina leucogaster,exact,castro-2024,"Table 3, row 237",castro-2024-unstated,unspecified,,,,,,,,,,,bandwidth,single,70,,,kHz,,,70,ok,
castro2024-1005341,1005341,Murina leucogaster,exact,castro-2024,"Table 3, row 237",castro-2024-unstated,unspecified,,,,,,,,,,,body_mass,single,7.54,,,g,,,7.54,ok,
castro2024-1005341,1005341,Murina leucogaster,exact,castro-2024,"Table 3, row 237",castro-2024-unstated,unspecified,,,,,,,,,,,duration,single,3,,,ms,,,3,ok,
castro2024-1005341,1005341,Murina leucogaster,exact,castro-2024,"Table 3, row 237",castro-2024-unstated,unspecified,,,,,,,,,,,emission,single,oral,,,,,,oral,ok,
castro2024-1005341,1005341,Murina leucogaster,exact,castro-2024,"Table 3, row 237",castro-2024-unstated,unspecified,,,,,,,,,,,peak_frequency,single,70,,,kHz,,,70,ok,
castro2024-1005346,1005346,Murina puta,exact,castro-2024,"Table 3, row 238",castro-2024-unstated,unspecified,,,,,,,,,,,bandwidth,single,70.19,,,kHz,,,70.19,ok,
castro2024-1005346,1005346,Murina puta,exact,castro-2024,"Table 3, row 238",castro-2024-unstated,unspecified,,,,,,,,,,,body_mass,single,6.91,,,g,,,6.91,ok,
castro2024-1005346,1005346,Murina puta,exact,castro-2024,"Table 3, row 238",castro-2024-unstated,unspecified,,,,,,,,,,,duration,single,1.49,,,ms,,,1.49,ok,
castro2024-1005346,1005346,Murina puta,exact,castro-2024,"Table 3, row 238",castro-2024-unstated,unspecified,,,,,,,,,,,emission,single,oral,,,,,,oral,ok,
castro2024-1005346,1005346,Murina puta,exact,castro-2024,"Table 3, row 238",castro-2024-unstated,unspecified,,,,,,,,,,,peak_frequency,single,65.99,,,kHz,,,65.99,ok,
castro2024-1005352,1005352,Murina suilla,exact,castro-2024,"Table 3, row 239",castro-2024-unstated,unspecified,,,,,,,,,,,bandwidth,single,92.5,,,kHz,,,92.5,ok,
castro2024-1005352,1005352,Murina suilla,exact,castro-2024,"Table 3, row 239",castro-2024-unstated,unspecified,,,,,,,,,,,body_mass,single,4,,,g,,,4,ok,
castro2024-1005352,1005352,Murina suilla,exact,castro-2024,"Table 3, row 239",castro-2024-unstated,unspecified,,,,,,,,,,,duration,single,1.25,,,ms,,,1.25,ok,
castro2024-1005352,1005352,Murina suilla,exact,castro-2024,"Table 3, row 239",castro-2024-unstated,unspecified,,,,,,,,,,,emission,single,oral,,,,,,oral,ok,
castro2024-1005352,1005352,Murina suilla,exact,castro-2024,"Table 3, row 239",castro-2024-unstated,unspecified,,,,,,,,,,,peak_frequency,single,124.14,,,kHz,,,124.14,ok,
castro2024-1005355,1005355,Murina ussuriensis,exact,castro-2024,"Table 3, row 240",castro-2024-unstated,unspecified,,,,,,,,,,,bandwidth,single,71.59,,,kHz,,,71.59,ok,
castro2024-1005355,1005355,Murina ussuriensis,exact,castro-2024,"Table 3, row 240",castro-2024-unstated,unspecified,,,,,,,,,,,body_mass,single,4.69,,,g,,,4.69,ok,
castro2024-1005355,1005355,Murina ussuriensis,exact,castro-2024,"Table 3, row 240",castro-2024-unstated,unspecified,,,,,,,,,,,duration,single,1.84,,,ms,,,1.84,ok,
castro2024-1005355,1005355,Murina ussuriensis,exact,castro-2024,"Table 3, row 240",castro-2024-unstated,unspecified,,,,,,,,,,,emission,single,oral,,,,,,oral,ok,
castro2024-1005355,1005355,Murina ussuriensis,exact,castro-2024,"Table 3, row 240",castro-2024-unstated,unspecified,,,,,,,,,,,peak_frequency,single,67.14,,,kHz,,,67.14,ok,
castro2024-1005359,1005359,Myotis albescens,exact,castro-2024,"Table 3, row 241",castro-2024-unstated,unspecified,,,,,,,,,,,bandwidth,single,44.23,,,kHz,,,44.23,ok,
castro2024-1005359,1005359,Myotis albescens,exact,castro-2024,"Table 3, row 241",castro-2024-unstated,unspecified,,,,,,,,,,,body_mass,single,5.69,,,g,,,5.69,ok,
castro2024-1005359,1005359,Myotis albescens,exact,castro-2024,"Table 3, row 241",castro-2024-unstated,unspecified,,,,,,,,,,,duration,single,1.49,,,ms,,,1.49,ok,
castro2024-1005359,1005359,Myotis albescens,exact,castro-2024,"Table 3, row 241",castro-2024-unstated,unspecified,,,,,,,,,,,emission,single,oral,,,,,,oral,ok,
castro2024-1005359,1005359,Myotis albescens,exact,castro-2024,"Table 3, row 241",castro-2024-unstated,unspecified,,,,,,,,,,,peak_frequency,single,73.02,,,kHz,,,73.02,ok,
castro2024-1005370,1005370,Myotis auriculus,exact,castro-2024,"Table 3, row 242",castro-2024-unstated,unspecified,,,,,,,,,,,bandwidth,single,59.76,,,kHz,,,59.76,ok,
castro2024-1005370,1005370,Myotis auriculus,exact,castro-2024,"Table 3, row 242",castro-2024-unstated,unspecified,,,,,,,,,,,body_mass,single,38.04,,,g,,,38.04,ok,
castro2024-1005370,1005370,Myotis auriculus,exact,castro-2024,"Table 3, row 242",castro-2024-unstated,unspecified,,,,,,,,,,,duration,single,3.46,,,ms,,,3.46,ok,
castro2024-1005370,1005370,Myotis auriculus,exact,castro-2024,"Table 3, row 242",castro-2024-unstated,unspecified,,,,,,,,,,,emission,single,oral,,,,,,oral,ok,
castro2024-1005370,1005370,Myotis auriculus,exact,castro-2024,"Table 3, row 242",castro-2024-unstated,unspecified,,,,,,,,,,,peak_frequency,single,49.6,,,kHz,,,49.6,ok,
castro2024-1005375,1005375,Myotis bechsteinii,exact,castro-2024,"Table 3, row 243",castro-2024-unstated,unspecified,,,,,,,,,,,bandwidth,single,48.09,,,kHz,,,48.09,ok,
castro2024-1005375,1005375,Myotis bechsteinii,exact,castro-2024,"Table 3, row 243",castro-2024-unstated,unspecified,,,,,,,,,,,body_mass,single,9.47,,,g,,,9.47,ok,
castro2024-1005375,1005375,Myotis bechsteinii,exact,castro-2024,"Table 3, row 243",castro-2024-unstated,unspecified,,,,,,,,,,,duration,single,3.51,,,ms,,,3.51,ok,
castro2024-1005375,1005375,Myotis bechsteinii,exact,castro-2024,"Table 3, row 243",castro-2024-unstated,unspecified,,,,,,,,,,,emission,single,oral,,,,,,oral,ok,
castro2024-1005375,1005375,Myotis bechsteinii,exact,castro-2024,"Table 3, row 243",castro-2024-unstated,unspecified,,,,,,,,,,,peak_frequency,single,46.11,,,kHz,,,46.11,ok,
castro2024-1005376,1005376,Myotis blythii,exact,castro-2024,"Table 3, row 244",castro-2024-unstated,unspecified,,,,,,,,,,,bandwidth,single,53.72,,,kHz,,,53.72,ok,
castro2024-1005376,1005376,Myotis blythii,exact,castro-2024,"Table 3, row 244",castro-2024-unstated,unspecified,,,,,,,,,,,body_mass,single,23.82,,,g,,,23.82,ok,
castro2024-1005376,1005376,Myotis blythii,exact,castro-2024,"Table 3, row 244",castro-2024-unstated,unspecified,,,,,,,,,,,duration,single,3.54,,,ms,,,3.54,ok,
castro2024-1005376,1005376,Myotis blythii,exact,castro-2024,"Table 3, row 244",castro-2024-unstated,unspecified,,,,,,,,,,,emission,single,oral,,,,,,oral,ok,
castro2024-1005376,1005376,Myotis blythii,exact,castro-2024,"Table 3, row 244",castro-2024-unstated,unspecified,,,,,,,,,,,peak_frequency,single,44,,,kHz,,,44,ok,
castro2024-1005377,1005377,Myotis bocagii,exact,castro-2024,"Table 3, row 245",castro-2024-unstated,unspecified,,,,,,,,,,,bandwidth,single,36.58,,,kHz,,,36.58,ok,
castro2024-1005377,1005377,Myotis bocagii,exact,castro-2024,"Table 3, row 245",castro-2024-unstated,unspecified,,,,,,,,,,,body_mass,single,7.93,,,g,,,7.93,ok,
castro2024-1005377,1005377,Myotis bocagii,exact,castro-2024,"Table 3, row 245",castro-2024-unstated,unspecified,,,,,,,,,,,duration,single,2.2,,,ms,,,2.2,ok,
castro2024-1005377,1005377,Myotis bocagii,exact,castro-2024,"Table 3, row 245",castro-2024-unstated,unspecified,,,,,,,,,,,emission,single,oral,,,,,,oral,ok,
castro2024-1005377,1005377,Myotis bocagii,exact,castro-2024,"Table 3, row 245",castro-2024-unstated,unspecified,,,,,,,,,,,peak_frequency,single,41.26,,,kHz,,,41.26,ok,
castro2024-1005380,1005380,Myotis brandtii,exact,castro-2024,"Table 3, row 246",castro-2024-unstated,unspecified,,,,,,,,,,,bandwidth,single,52.67,,,kHz,,,52.67,ok,
castro2024-1005380,1005380,Myotis brandtii,exact,castro-2024,"Table 3, row 246",castro-2024-unstated,unspecified,,,,,,,,,,,body_mass,single,5.3,,,g,,,5.3,ok,
castro2024-1005380,1005380,Myotis brandtii,exact,castro-2024,"Table 3, row 246",castro-2024-unstated,unspecified,,,,,,,,,,,duration,single,2.89,,,ms,,,2.89,ok,
castro2024-1005380,1005380,Myotis brandtii,exact,castro-2024,"Table 3, row 246",castro-2024-unstated,unspecified,,,,,,,,,,,emission,single,oral,,,,,,oral,ok,
castro2024-1005380,1005380,Myotis brandtii,exact,castro-2024,"Table 3, row 246",castro-2024-unstated,unspecified,,,,,,,,,,,peak_frequency,single,49.27,,,kHz,,,49.27,ok,
castro2024-1005383,1005383,Myotis californicus,exact,castro-2024,"Table 3, row 247",castro-2024-unstated,unspecified,,,,,,,,,,,bandwidth,single,48.61,,,kHz,,,48.61,ok,
castro2024-1005383,1005383,Myotis californicus,exact,castro-2024,"Table 3, row 247",castro-2024-unstated,unspecified,,,,,,,,,,,body_mass,single,4.39,,,g,,,4.39,ok,
castro2024-1005383,1005383,Myotis californicus,exact,castro-2024,"Table 3, row 247",castro-2024-unstated,unspecified,,,,,,,,,,,duration,single,3.29,,,ms,,,3.29,ok,
castro2024-1005383,1005383,Myotis californicus,exact,castro-2024,"Table 3, row 247",castro-2024-unstated,unspecified,,,,,,,,,,,emission,single,oral,,,,,,oral,ok,
castro2024-1005383,1005383,Myotis californicus,exact,castro-2024,"Table 3, row 247",castro-2024-unstated,unspecified,,,,,,,,,,,peak_frequency,single,51.44,,,kHz,,,51.44,ok,
castro2024-1005384,1005384,Myotis capaccinii,exact,castro-2024,"Table 3, row 248",castro-2024-unstated,unspecified,,,,,,,,,,,bandwidth,single,41.38,,,kHz,,,41.38,ok,
castro2024-1005384,1005384,Myotis capaccinii,exact,castro-2024,"Table 3, row 248",castro-2024-unstated,unspecified,,,,,,,,,,,body_mass,single,8.15,,,g,,,8.15,ok,
castro2024-1005384,1005384,Myotis capaccinii,exact,castro-2024,"Table 3, row 248",castro-2024-unstated,unspecified,,,,,,,,,,,duration,single,3.55,,,ms,,,3.55,ok,
castro2024-1005384,1005384,Myotis capaccinii,exact,castro-2024,"Table 3, row 248",castro-2024-unstated,unspecified,,,,,,,,,,,emission,single,oral,,,,,,oral,ok,
castro2024-1005384,1005384,Myotis capaccinii,exact,castro-2024,"Table 3, row 248",castro-2024-unstated,unspecified,,,,,,,,,,,peak_frequency,single,52.27,,,kHz,,,52.27,ok,
castro2024-1005388,1005388,Myotis chinensis,exact,castro-2024,"Table 3, row 249",castro-2024-unstated,unspecified,,,,,,,,,,,bandwidth,single,33.68,,,kHz,,,33.68,ok,
castro2024-1005388,1005388,Myotis chinensis,exact,castro-2024,"Table 3, row 249",castro-2024-unstated,unspecified,,,,,,,,,,,body_mass,single,41.99,,,g,,,41.99,ok,
castro2024-1005388,1005388,Myotis chinensis,exact,castro-2024,"Table 3, row 249",castro-2024-unstated,unspecified,,,,,,,,,,,duration,single,4.56,,,ms,,,4.56,ok,
castro2024-1005388,1005388,Myotis chinensis,exact,castro-2024,"Table 3, row 249",castro-2024-unstated,unspecified,,,,,,,,,,,emission,single,oral,,,,,,oral,ok,
castro2024-1005388,1005388,Myotis chinensis,exact,castro-2024,"Table 3, row 249",castro-2024-unstated,unspecified,,,,,,,,,,,peak_frequency,single,34.47,,,kHz,,,34.47,ok,
castro2024-1005394,1005394,Myotis dasycneme,exact,castro-2024,"Table 3, row 250",castro-2024-unstated,unspecified,,,,,,,,,,,bandwidth,single,32.9,,,kHz,,,32.9,ok,
castro2024-1005394,1005394,Myotis dasycneme,exact,castro-2024,"Table 3, row 250",castro-2024-unstated,unspecified,,,,,,,,,,,body_mass,single,15.16,,,g,,,15.16,ok,
castro2024-1005394,1005394,Myotis dasycneme,exact,castro-2024,"Table 3, row 250",castro-2024-unstated,unspecified,,,,,,,,,,,duration,single,4.45,,,ms,,,4.45,ok,
castro2024-1005394,1005394,Myotis dasycneme,exact,castro-2024,"Table 3, row 250",castro-2024-unstated,unspecified,,,,,,,,,,,emission,single,oral,,,,,,oral,ok,
castro2024-1005394,1005394,Myotis dasycneme,exact,castro-2024,"Table 3, row 250",castro-2024-unstated,unspecified,,,,,,,,,,,peak_frequency,single,39.43,,,kHz,,,39.43,ok,
castro2024-1005395,1005395,Myotis daubentonii,exact,castro-2024,"Table 3, row 251",castro-2024-unstated,unspecified,,,,,,,,,,,bandwidth,single,42.78,,,kHz,,,42.78,ok,
castro2024-1005395,1005395,Myotis daubentonii,exact,castro-2024,"Table 3, row 251",castro-2024-unstated,unspecified,,,,,,,,,,,body_mass,single,7.63,,,g,,,7.63,ok,
castro2024-1005395,1005395,Myotis daubentonii,exact,castro-2024,"Table 3, row 251",castro-2024-unstated,unspecified,,,,,,,,,,,duration,single,3.26,,,ms,,,3.26,ok,
castro2024-1005395,1005395,Myotis daubentonii,exact,castro-2024,"Table 3, row 251",castro-2024-unstated,unspecified,,,,,,,,,,,emission,single,oral,,,,,,oral,ok,
castro2024-1005395,1005395,Myotis daubentonii,exact,castro-2024,"Table 3, row 251",castro-2024-unstated,unspecified,,,,,,,,,,,peak_frequency,single,46.98,,,kHz,,,46.98,ok,
castro2024-1005400,1005400,Myotis dominicensis,exact,castro-2024,"Table 3, row 252",castro-2024-unstated,unspecified,,,,,,,,,,,bandwidth,single,33.08,,,kHz,,,33.08,ok,
castro2024-1005400,1005400,Myotis dominicensis,exact,castro-2024,"Table 3, row 252",castro-2024-unstated,unspecified,,,,,,,,,,,body_mass,single,6.11,,,g,,,6.11,ok,
castro2024-1005400,1005400,Myotis dominicensis,exact,castro-2024,"Table 3, row 252",castro-2024-unstated,unspecified,,,,,,,,,,,duration,single,2.9,,,ms,,,2.9,ok,
castro2024-1005400,1005400,Myotis dominicensis,exact,castro-2024,"Table 3, row 252",castro-2024-unstated,unspecified,,,,,,,,,,,emission,single,oral,,,,,,oral,ok,
castro2024-1005400,1005400,Myotis dominicensis,exact,castro-2024,"Table 3, row 252",castro-2024-unstated,unspecified,,,,,,,,,,,peak_frequency,single,50.78,,,kHz,,,50.78,ok,
castro2024-1005401,1005401,Myotis elegans,exact,castro-2024,"Table 3, row 253",castro-2024-unstated,unspecified,,,,,,,,,,,bandwidth,single,45.92,,,kHz,,,45.92,ok,
castro2024-1005401,1005401,Myotis elegans,exact,castro-2024,"Table 3, row 253",castro-2024-unstated,unspecified,,,,,,,,,,,body_mass,single,4.21,,,g,,,4.21,ok,
castro2024-1005401,1005401,Myotis elegans,exact,castro-2024,"Table 3, row 253",castro-2024-unstated,unspecified,,,,,,,,,,,duration,single,2.61,,,ms,,,2.61,ok,
castro2024-1005401,1005401,Myotis elegans,exact,castro-2024,"Table 3, row 253",castro-2024-unstated,unspecified,,,,,,,,,,,emission,single,oral,,,,,,oral,ok,
castro2024-1005401,1005401,Myotis elegans,exact,castro-2024,"Table 3, row 253",castro-2024-unstated,unspecified,,,,,,,,,,,peak_frequency,single,66.28,,,kHz,,,66.28,ok,
castro2024-1005402,1005402,Myotis emarginatus,exact,castro-2024,"Table 3, row 254",castro-2024-unstated,unspecified,,,,,,,,,,,bandwidth,single,54.29,,,kHz,,,54.29,ok,
castro2024-1005402,1005402,Myotis emarginatus,exact,castro-2024,"Table 3, row 254",castro-2024-unstated,unspecified,,,,,,,,,,,body_mass,single,7.56,,,g,,,7.56,ok,
castro2024-1005402,1005402,Myotis emarginatus,exact,castro-2024,"Table 3, row 254",castro-2024-unstated,unspecified,,,,,,,,,,,duration,single,2.15,,,ms,,,2.15,ok,
castro2024-1005402,1005402,Myotis emarginatus,exact,castro-2024,"Table 3, row 254",castro-2024-unstated,unspecified,,,,,,,,,,,emission,single,oral,,,,,,oral,ok,
castro2024-1005402,1005402,Myotis emarginatus,exact,castro-2024,"Table 3, row 254",castro-2024-unstated,unspecified,,,,,,,,,,,peak_frequency,single,60.75,,,kHz,,,60.75,ok,
castro2024-1005404,1005404,Myotis evotis,exact,castro-2024,"Table 3, row 255",castro-2024-unstated,unspecified,,,,,,,,,,,bandwidth,single,40,,,kHz,,,40,ok,
castro2024-1005404,1005404,Myotis evotis,exact,castro-2024,"Table 3, row 255",castro-2024-unstated,unspecified,,,,,,,,,,,body_mass,single,6.91,,,g,,,6.91,ok,
castro2024-1005404,1005404,Myotis evotis,exact,castro-2024,"Table 3, row 255",castro-2024-unstated,unspecified,,,,,,,,,,,duration,single,2.72,,,ms,,,2.72,ok,
castro2024-1005404,1005404,Myotis evotis,exact,castro-2024,"Table 3, row 255",castro-2024-unstated,unspecified,,,,,,,,,,,emission,single,oral,,,,,,oral,ok,
castro2024-1005404,1005404,Myotis evotis,exact,castro-2024,"Table 3, row 255",castro-2024-unstated,unspecified,,,,,,,,,,,peak_frequency,single,52,,,kHz,,,52,ok,
castro2024-1005408,1005408,Myotis formosus,exact,castro-2024,"Table 3, row 256",castro-2024-unstated,unspecified,,,,,,,,,,,bandwidth,single,54.36,,,kHz,,,54.36,ok,
castro2024-1005408,1005408,Myotis formosus,exact,castro-2024,"Table 3, row 256",castro-2024-unstated,unspecified,,,,,,,,,,,body_mass,single,7.07,,,g,,,7.07,ok,
castro2024-1005408,1005408,Myotis formosus,exact,castro-2024,"Table 3, row 256",castro-2024-unstated,unspecified,,,,,,,,,,,duration,single,2.35,,,ms,,,2.35,ok,
castro2024-1005408,1005408,Myotis formosus,exact,castro-2024,"Table 3, row 256",castro-2024-unstated,unspecified,,,,,,,,,,,emission,single,oral,,,,,,oral,ok,
castro2024-1005408,1005408,Myotis formosus,exact,castro-2024,"Table 3, row 256",castro-2024-unstated,unspecified,,,,,,,,,,,peak_frequency,single,54.26,,,kHz,,,54.26,ok,
castro2024-1005412,1005412,Myotis goudotii,exact,castro-2024,"Table 3, row 257",castro-2024-unstated,unspecified,,,,,,,,,,,bandwidth,single,58.34,,,kHz,,,58.34,ok,
castro2024-1005412,1005412,Myotis goudotii,exact,castro-2024,"Table 3, row 257",castro-2024-unstated,unspecified,,,,,,,,,,,body_mass,single,5.56,,,g,,,5.56,ok,
castro2024-1005412,1005412,Myotis goudotii,exact,castro-2024,"Table 3, row 257",castro-2024-unstated,unspecified,,,,,,,,,,,duration,single,3.01,,,ms,,,3.01,ok,
castro2024-1005412,1005412,Myotis goudotii,exact,castro-2024,"Table 3, row 257",castro-2024-unstated,unspecified,,,,,,,,,,,emission,single,oral,,,,,,oral,ok,
castro2024-1005412,1005412,Myotis goudotii,exact,castro-2024,"Table 3, row 257",castro-2024-unstated,unspecified,,,,,,,,,,,peak_frequency,single,64.37,,,kHz,,,64.37,ok,
castro2024-1005415,1005415,Myotis hasseltii,exact,castro-2024,"Table 3, row 258",castro-2024-unstated,unspecified,,,,,,,,,,,bandwidth,single,42.67,,,kHz,,,42.67,ok,
castro2024-1005415,1005415,Myotis hasseltii,exact,castro-2024,"Table 3, row 258",castro-2024-unstated,unspecified,,,,,,,,,,,body_mass,single,8.7,,,g,,,8.7,ok,
castro2024-1005415,1005415,Myotis hasseltii,exact,castro-2024,"Table 3, row 258",castro-2024-unstated,unspecified,,,,,,,,,,,duration,single,5.63,,,ms,,,5.63,ok,
castro2024-1005415,1005415,Myotis hasseltii,exact,castro-2024,"Table 3, row 258",castro-2024-unstated,unspecified,,,,,,,,,,,emission,single,oral,,,,,,oral,ok,
castro2024-1005415,1005415,Myotis hasseltii,exact,castro-2024,"Table 3, row 258",castro-2024-unstated,unspecified,,,,,,,,,,,peak_frequency,single,47.72,,,kHz,,,47.72,ok,
castro2024-1005420,1005420,Myotis ikonnikovi,exact,castro-2024,"Table 3, row 259",castro-2024-unstated,unspecified,,,,,,,,,,,bandwidth,single,59.03,,,kHz,,,59.03,ok,
castro2024-1005420,1005420,Myotis ikonnikovi,exact,castro-2024,"Table 3, row 259",castro-2024-unstated,unspecified,,,,,,,,,,,body_mass,single,5.86,,,g,,,5.86,ok,
castro2024-1005420,1005420,Myotis ikonnikovi,exact,castro-2024,"Table 3, row 259",castro-2024-unstated,unspecified,,,,,,,,,,,duration,single,2.18,,,ms,,,2.18,ok,
castro2024-1005420,1005420,Myotis ikonnikovi,exact,castro-2024,"Table 3, row 259",castro-2024-unstated,unspecified,,,,,,,,,,,emission,single,oral,,,,,,oral,ok,
castro2024-1005420,1005420,Myotis ikonnikovi,exact,castro-2024,"Table 3, row 259",castro-2024-unstated,unspecified,,,,,,,,,,,peak_frequency,single,48.34,,,kHz,,,48.34,ok,
castro2024-1005424,1005424,Myotis keaysi,exact,castro-2024,"Table 3, row 260",castro-2024-unstated,unspecified,,,,,,,,,,,bandwidth,single,45.62,,,kHz,,,45.62,ok,
castro2024-1005424,1005424,Myotis keaysi,exact,castro-2024,"Table 3, row 260",castro-2024-unstated,unspecified,,,,,,,,,,,body_mass,single,5.45,,,g,,,5.45,ok,
castro2024-1005424,1005424,Myotis keaysi,exact,castro-2024,"Table 3, row 260",castro-2024-unstated,unspecified,,,,,,,,,,,duration,single,2.92,,,ms,,,2.92,ok,
castro2024-1005424,1005424,Myotis keaysi,exact,castro-2024,"Table 3, row 260",castro-2024-unstated,unspecified,,,,,,,,,,,emission,single,oral,,,,,,oral,ok,
castro2024-1005424,1005424,Myotis keaysi,exact,castro-2024,"Table 3, row 260",castro-2024-unstated,unspecified,,,,,,,,,,,peak_frequency,single,62.93,,,kHz,,,62.93,ok,
castro2024-1005425,1005425,Myotis keenii,exact,castro-2024,"Table 3, row 261",castro-2024-unstated,unspecified,,,,,,,,,,,bandwidth,single,67.77,,,kHz,,,67.77,ok,
castro2024-1005425,1005425,Myotis keenii,exact,castro-2024,"Table 3, row 261",castro-2024-unstated,unspecified,,,,,,,,,,,body_mass,single,6.51,,,g,,,6.51,ok,
castro2024-1005425,1005425,Myotis keenii,exact,castro-2024,"Table 3, row 261",castro-2024-unstated,unspecified,,,,,,,,,,,duration,single,1.14,,,ms,,,1.14,ok,
castro2024-1005425,1005425,Myotis keenii,exact,castro-2024,"Table 3, row 261",castro-2024-unstated,unspecified,,,,,,,,,,,emission,single,oral,,,,,,oral,ok,
castro2024-1005425,1005425,Myotis keenii,exact,castro-2024,"Table 3, row 261",castro-2024-unstated,unspecified,,,,,,,,,,,peak_frequency,single,59.67,,,kHz,,,59.67,ok,
castro2024-1005428,1005428,Myotis leibii,exact,castro-2024,"Table 3, row 262",castro-2024-unstated,unspecified,,,,,,,,,,,bandwidth,single,52.9,,,kHz,,,52.9,ok,
castro2024-1005428,1005428,Myotis leibii,exact,castro-2024,"Table 3, row 262",castro-2024-unstated,unspecified,,,,,,,,,,,body_mass,single,5.22,,,g,,,5.22,ok,
castro2024-1005428,1005428,Myotis leibii,exact,castro-2024,"Table 3, row 262",castro-2024-unstated,unspecified,,,,,,,,,,,duration,single,3.77,,,ms,,,3.77,ok,
castro2024-1005428,1005428,Myotis leibii,exact,castro-2024,"Table 3, row 262",castro-2024-unstated,unspecified,,,,,,,,,,,emission,single,oral,,,,,,oral,ok,
castro2024-1005428,1005428,Myotis leibii,exact,castro-2024,"Table 3, row 262",castro-2024-unstated,unspecified,,,,,,,,,,,peak_frequency,single,55.78,,,kHz,,,55.78,ok,
castro2024-1005431,1005431,Myotis longipes,exact,castro-2024,"Table 3, row 263",castro-2024-unstated,unspecified,,,,,,,,,,,bandwidth,single,39.29,,,kHz,,,39.29,ok,
castro2024-1005431,1005431,Myotis longipes,exact,castro-2024,"Table 3, row 263",castro-2024-unstated,unspecified,,,,,,,,,,,body_mass,single,7.2,,,g,,,7.2,ok,
castro2024-1005431,1005431,Myotis longipes,exact,castro-2024,"Table 3, row 263",castro-2024-unstated,unspecified,,,,,,,,,,,duration,single,5.33,,,ms,,,5.33,ok,
castro2024-1005431,1005431,Myotis longipes,exact,castro-2024,"Table 3, row 263",castro-2024-unstated,unspecified,,,,,,,,,,,emission,single,oral,,,,,,oral,ok,
castro2024-1005431,1005431,Myotis longipes,exact,castro-2024,"Table 3, row 263",castro-2024-unstated,unspecified,,,,,,,,,,,peak_frequency,single,44.64,,,kHz,,,44.64,ok,
castro2024-1005432,1005432,Myotis lucifugus,exact,castro-2024,"Table 3, row 264",castro-2024-unstated,unspecified,,,,,,,,,,,bandwidth,single,41.15,,,kHz,,,41.15,ok,
castro2024-1005432,1005432,Myotis lucifugus,exact,castro-2024,"Table 3, row 264",castro-2024-unstated,unspecified,,,,,,,,,,,body_mass,single,7.8,,,g,,,7.8,ok,
castro2024-1005432,1005432,Myotis lucifugus,exact,castro-2024,"Table 3, row 264",castro-2024-unstated,unspecified,,,,,,,,,,,duration,single,2.52,,,ms,,,2.52,ok,
castro2024-1005432,1005432,Myotis lucifugus,exact,castro-2024,"Table 3, row 264",castro-2024-unstated,unspecified,,,,,,,,,,,emission,single,oral,,,,,,oral,ok,
castro2024-1005432,1005432,Myotis lucifugus,exact,castro-2024,"Table 3, row 264",castro-2024-unstated,unspecified,,,,,,,,,,,peak_frequency,single,47.39,,,kHz,,,47.39,ok,
castro2024-1005433,1005433,Myotis macrodactylus,exact,castro-2024,"Table 3, row 265",castro-2024-unstated,unspecified,,,,,,,,,,,bandwidth,single,41.09,,,kHz,,,41.09,ok,
castro2024-1005433,1005433,Myotis macrodactylus,exact,castro-2024,"Table 3, row 265",castro-2024-unstated,unspecified,,,,,,,,,,,body_mass,single,7.48,,,g,,,7.48,ok,
castro2024-1005433,1005433,Myotis macrodactylus,exact,castro-2024,"Table 3, row 265",castro-2024-unstated,unspecified,,,,,,,,,,,duration,single,4.68,,,ms,,,4.68,ok,
castro2024-1005433,1005433,Myotis macrodactylus,exact,castro-2024,"Table 3, row 265",castro-2024-unstated,unspecified,,,,,,,,,,,emission,single,oral,,,,,,oral,ok,
castro2024-1005433,1005433,Myotis macrodactylus,exact,castro-2024,"Table 3, row 265",castro-2024-unstated,unspecified,,,,,,,,,,,peak_frequency,single,51.29,,,kHz,,,51.29,ok,
castro2024-1005436,1005436,Myotis martiniquensis,exact,castro-2024,"Table 3, row 266",castro-2024-unstated,unspecified,,,,,,,,,,,bandwidth,single,40.14,,,kHz,,,40.14,ok,
castro2024-1005436,1005436,Myotis martiniquensis,exact,castro-2024,"Table 3, row 266",castro-2024-unstated,unspecified,,,,,,,,,,,body_mass,single,7.49,,,g,,,7.49,ok,
castro2024-1005436,1005436,Myotis martiniquensis,exact,castro-2024,"Table 3, row 266",castro-2024-unstated,unspecified,,,,,,,,,,,duration,single,2.14,,,ms,,,2.14,ok,
castro2024-1005436,1005436,Myotis martiniquensis,exact,castro-2024,"Table 3, row 266",castro-2024-unstated,unspecified,,,,,,,,,,,emission,single,oral,,,,,,oral,ok,
castro2024-1005436,1005436,Myotis martiniquensis,exact,castro-2024,"Table 3, row 266",castro-2024-unstated,unspecified,,,,,,,,,,,peak_frequency,single,47.03,,,kHz,,,47.03,ok,
castro2024-1005442,1005442,Myotis muricola,exact,castro-2024,"Table 3, row 267",castro-2024-unstated,unspecified,,,,,,,,,,,bandwidth,single,48.1,,,kHz,,,48.1,ok,
castro2024-1005442,1005442,Myotis muricola,exact,castro-2024,"Table 3, row 267",castro-2024-unstated,unspecified,,,,,,,,,,,body_mass,single,4.8,,,g,,,4.8,ok,
castro2024-1005442,1005442,Myotis muricola,exact,castro-2024,"Table 3, row 267",castro-2024-unstated,unspecified,,,,,,,,,,,duration,single,5.07,,,ms,,,5.07,ok,
castro2024-1005442,1005442,Myotis muricola,exact,castro-2024,"Table 3, row 267",castro-2024-unstated,unspecified,,,,,,,,,,,emission,single,oral,,,,,,oral,ok,
castro2024-1005442,1005442,Myotis muricola,exact,castro-2024,"Table 3, row 267",castro-2024-unstated,unspecified,,,,,,,,,,,peak_frequency,single,48.69,,,kHz,,,48.69,ok,
castro2024-1005443,1005443,Myotis myotis,exact,castro-2024,"Table 3, row 268",castro-2024-unstated,unspecified,,,,,,,,,,,bandwidth,single,38.52,,,kHz,,,38.52,ok,
castro2024-1005443,1005443,Myotis myotis,exact,castro-2024,"Table 3, row 268",castro-2024-unstated,unspecified,,,,,,,,,,,body_mass,single,25.59,,,g,,,25.59,ok,
castro2024-1005443,1005443,Myotis myotis,exact,castro-2024,"Table 3, row 268",castro-2024-unstated,unspecified,,,,,,,,,,,duration,single,5.24,,,ms,,,5.24,ok,
castro2024-1005443,1005443,Myotis myotis,exact,castro-2024,"Table 3, row 268",castro-2024-unstated,unspecified,,,,,,,,,,,emission,single,oral,,,,,,oral,ok,
castro2024-1005443,1005443,Myotis myotis,exact,castro-2024,"Table 3, row 268",castro-2024-unstated,unspecified,,,,,,,,,,,peak_frequency,single,35.45,,,kHz,,,35.45,ok,
castro2024-1005445,1005445,Myotis nattereri,exact,castro-2024,"Table 3, row 269",castro-2024-unstated,unspecified,,,,,,,,,,,bandwidth,single,67.57,,,kHz,,,67.57,ok,
castro2024-1005445,1005445,Myotis nattereri,exact,castro-2024,"Table 3, row 269",castro-2024-unstated,unspecified,,,,,,,,,,,body_mass,single,7.25,,,g,,,7.25,ok,
castro2024-1005445,1005445,Myotis nattereri,exact,castro-2024,"Table 3, row 269",castro-2024-unstated,unspecified,,,,,,,,,,,duration,single,3.47,,,ms,,,3.47,ok,
castro2024-1005445,1005445,Myotis nattereri,exact,castro-2024,"Table 3, row 269",castro-2024-unstated,unspecified,,,,,,,,,,,emission,single,oral,,,,,,oral,ok,
castro2024-1005445,1005445,Myotis nattereri,exact,castro-2024,"Table 3, row 269",castro-2024-unstated,unspecified,,,,,,,,,,,peak_frequency,single,46.95,,,kHz,,,46.95,ok,
castro2024-1005457,1005457,Myotis pilosus,exact,castro-2024,"Table 3, row 270",castro-2024-unstated,unspecified,,,,,,,,,,,bandwidth,single,39.36,,,kHz,,,39.36,ok,
castro2024-1005457,1005457,Myotis pilosus,exact,castro-2024,"Table 3, row 270",castro-2024-unstated,unspecified,,,,,,,,,,,body_mass,single,26.19,,,g,,,26.19,ok,
castro2024-1005457,1005457,Myotis pilosus,exact,castro-2024,"Table 3, row 270",castro-2024-unstated,unspecified,,,,,,,,,,,duration,single,3.65,,,ms,,,3.65,ok,
castro2024-1005457,1005457,Myotis pilosus,exact,castro-2024,"Table 3, row 270",castro-2024-unstated,unspecified,,,,,,,,,,,emission,single,oral,,,,,,oral,ok,
castro2024-1005457,1005457,Myotis pilosus,exact,castro-2024,"Table 3, row 270",castro-2024-unstated,unspecified,,,,,,,,,,,peak_frequency,single,40.52,,,kHz,,,40.52,ok,
castro2024-1005462,1005462,Myotis riparius,exact,castro-2024,"Table 3, row 271",castro-2024-unstated,unspecified,,,,,,,,,,,bandwidth,single,34.33,,,kHz,,,34.33,ok,
castro2024-1005462,1005462,Myotis riparius,exact,castro-2024,"Table 3, row 271",castro-2024-unstated,unspecified,,,,,,,,,,,body_mass,single,4.57,,,g,,,4.57,ok,
castro2024-1005462,1005462,Myotis riparius,exact,castro-2024,"Table 3, row 271",castro-2024-unstated,unspecified,,,,,,,,,,,duration,single,3.19,,,ms,,,3.19,ok,
castro2024-1005462,1005462,Myotis riparius,exact,castro-2024,"Table 3, row 271",castro-2024-unstated,unspecified,,,,,,,,,,,emission,single,oral,,,,,,oral,ok,
castro2024-1005462,1005462,Myotis riparius,exact,castro-2024,"Table 3, row 271",castro-2024-unstated,unspecified,,,,,,,,,,,peak_frequency,single,57.68,,,kHz,,,57.68,ok,
castro2024-1005473,1005473,Myotis siligorensis,exact,castro-2024,"Table 3, row 272",castro-2024-unstated,unspecified,,,,,,,,,,,bandwidth,single,49.13,,,kHz,,,49.13,ok,
castro2024-1005473,1005473,Myotis siligorensis,exact,castro-2024,"Table 3, row 272",castro-2024-unstated,unspecified,,,,,,,,,,,body_mass,single,2.93,,,g,,,2.93,ok,
castro2024-1005473,1005473,Myotis siligorensis,exact,castro-2024,"Table 3, row 272",castro-2024-unstated,unspecified,,,,,,,,,,,duration,single,4.45,,,ms,,,4.45,ok,
castro2024-1005473,1005473,Myotis siligorensis,exact,castro-2024,"Table 3, row 272",castro-2024-unstated,unspecified,,,,,,,,,,,emission,single,oral,,,,,,oral,ok,
castro2024-1005473,1005473,Myotis siligorensis,exact,castro-2024,"Table 3, row 272",castro-2024-unstated,unspecified,,,,,,,,,,,peak_frequency,single,79.76,,,kHz,,,79.76,ok,
castro2024-1005478,1005478,Myotis thysanodes,exact,castro-2024,"Table 3, row 273",castro-2024-unstated,unspecified,,,,,,,,,,,bandwidth,single,66.97,,,kHz,,,66.97,ok,
castro2024-1005478,1005478,Myotis thysanodes,exact,castro-2024,"Table 3, row 273",castro-2024-unstated,unspecified,,,,,,,,,,,body_mass,single,8.49,,,g,,,8.49,ok,
castro2024-1005478,1005478,Myotis thysanodes,exact,castro-2024,"Table 3, row 273",castro-2024-unstated,unspecified,,,,,,,,,,,duration,single,4.01,,,ms,,,4.01,ok,
castro2024-1005478,1005478,Myotis thysanodes,exact,castro-2024,"Table 3, row 273",castro-2024-unstated,unspecified,,,,,,,,,,,emission,single,oral,,,,,,oral,ok,
castro2024-1005478,1005478,Myotis thysanodes,exact,castro-2024,"Table 3, row 273",castro-2024-unstated,unspecified,,,,,,,,,,,peak_frequency,single,36.52,,,kHz,,,36.52,ok,
castro2024-1005479,1005479,Myotis tricolor,exact,castro-2024,"Table 3, row 274",castro-2024-unstated,unspecified,,,,,,,,,,,bandwidth,single,56.91,,,kHz,,,56.91,ok,
castro2024-1005479,1005479,Myotis tricolor,exact,castro-2024,"Table 3, row 274",castro-2024-unstated,unspecified,,,,,,,,,,,body_mass,single,13.67,,,g,,,13.67,ok,
castro2024-1005479,1005479,Myotis tricolor,exact,castro-2024,"Table 3, row 274",castro-2024-unstated,unspecified,,,,,,,,,,,duration,single,2.16,,,ms,,,2.16,ok,
castro2024-1005479,1005479,Myotis tricolor,exact,castro-2024,"Table 3, row 274",castro-2024-unstated,unspecified,,,,,,,,,,,emission,single,oral,,,,,,oral,ok,
castro2024-1005479,1005479,Myotis tricolor,exact,castro-2024,"Table 3, row 274",castro-2024-unstated,unspecified,,,,,,,,,,,peak_frequency,single,49.12,,,kHz,,,49.12,ok,
castro2024-1005481,1005481,Myotis velifer,exact,castro-2024,"Table 3, row 275",castro-2024-unstated,unspecified,,,,,,,,,,,bandwidth,single,37.54,,,kHz,,,37.54,ok,
castro2024-1005481,1005481,Myotis velifer,exact,castro-2024,"Table 3, row 275",castro-2024-unstated,unspecified,,,,,,,,,,,body_mass,single,9.82,,,g,,,9.82,ok,
castro2024-1005481,1005481,Myotis velifer,exact,castro-2024,"Table 3, row 275",castro-2024-unstated,unspecified,,,,,,,,,,,duration,single,2.48,,,ms,,,2.48,ok,
castro2024-1005481,1005481,Myotis velifer,exact,castro-2024,"Table 3, row 275",castro-2024-unstated,unspecified,,,,,,,,,,,emission,single,oral,,,,,,oral,ok,
castro2024-1005481,1005481,Myotis velifer,exact,castro-2024,"Table 3, row 275",castro-2024-unstated,unspecified,,,,,,,,,,,peak_frequency,single,43.44,,,kHz,,,43.44,ok,
castro2024-1005483,1005483,Myotis volans,exact,castro-2024,"Table 3, row 276",castro-2024-unstated,unspecified,,,,,,,,,,,bandwidth,single,44.71,,,kHz,,,44.71,ok,
castro2024-1005483,1005483,Myotis volans,exact,castro-2024,"Table 3, row 276",castro-2024-unstated,unspecified,,,,,,,,,,,body_mass,single,8.71,,,g,,,8.71,ok,
castro2024-1005483,1005483,Myotis volans,exact,castro-2024,"Table 3, row 276",castro-2024-unstated,unspecified,,,,,,,,,,,duration,single,3.71,,,ms,,,3.71,ok,
castro2024-1005483,1005483,Myotis volans,exact,castro-2024,"Table 3, row 276",castro-2024-unstated,unspecified,,,,,,,,,,,emission,single,oral,,,,,,oral,ok,
castro2024-1005483,1005483,Myotis volans,exact,castro-2024,"Table 3, row 276",castro-2024-unstated,unspecified,,,,,,,,,,,peak_frequency,single,46.39,,,kHz,,,46.39,ok,
castro2024-1005485,1005485,Myotis welwitschii,exact,castro-2024,"Table 3, row 277",castro-2024-unstated,unspecified,,,,,,,,,,,bandwidth,single,28.3,,,kHz,,,28.3,ok,
castro2024-1005485,1005485,Myotis welwitschii,exact,castro-2024,"Table 3, row 277",castro-2024-unstated,unspecified,,,,,,,,,,,body_mass,single,15.88,,,g,,,15.88,ok,
castro2024-1005485,1005485,Myotis welwitschii,exact,castro-2024,"Table 3, row 277",castro-2024-unstated,unspecified,,,,,,,,,,,duration,single,2.47,,,ms,,,2.47,ok,
castro2024-1005485,1005485,Myotis welwitschii,exact,castro-2024,"Table 3, row 277",castro-2024-unstated,unspecified,,,,,,,,,,,emission,single,oral,,,,,,oral,ok,
castro2024-1005485,1005485,Myotis welwitschii,exact,castro-2024,"Table 3, row 277",castro-2024-unstated,unspecified,,,,,,,,,,,peak_frequency,single,32.66,,,kHz,,,32.66,ok,
castro2024-1005492,1005492,Antrozous pallidus,exact,castro-2024,"Table 3, row 196",castro-2024-unstated,unspecified,,,,,,,,,,,bandwidth,single,34.36,,,kHz,,,34.36,ok,
castro2024-1005492,1005492,Antrozous pallidus,exact,castro-2024,"Table 3, row 196",castro-2024-unstated,unspecified,,,,,,,,,,,body_mass,single,22.24,,,g,,,22.24,ok,
castro2024-1005492,1005492,Antrozous pallidus,exact,castro-2024,"Table 3, row 196",castro-2024-unstated,unspecified,,,,,,,,,,,duration,single,2.59,,,ms,,,2.59,ok,
castro2024-1005492,1005492,Antrozous pallidus,exact,castro-2024,"Table 3, row 196",castro-2024-unstated,unspecified,,,,,,,,,,,emission,single,oral,,,,,,oral,ok,
castro2024-1005492,1005492,Antrozous pallidus,exact,castro-2024,"Table 3, row 196",castro-2024-unstated,unspecified,,,,,,,,,,,peak_frequency,single,44.76,,,kHz,,,44.76,ok,
castro2024-1005506,1005506,Rhogeessa tumida,exact,castro-2024,"Table 3, row 306",castro-2024-unstated,unspecified,,,,,,,,,,,bandwidth,single,34.9,,,kHz,,,34.9,ok,
castro2024-1005506,1005506,Rhogeessa tumida,exact,castro-2024,"Table 3, row 306",castro-2024-unstated,unspecified,,,,,,,,,,,body_mass,single,4.58,,,g,,,4.58,ok,
castro2024-1005506,1005506,Rhogeessa tumida,exact,castro-2024,"Table 3, row 306",castro-2024-unstated,unspecified,,,,,,,,,,,duration,single,5.12,,,ms,,,5.12,ok,
castro2024-1005506,1005506,Rhogeessa tumida,exact,castro-2024,"Table 3, row 306",castro-2024-unstated,unspecified,,,,,,,,,,,emission,single,oral,,,,,,oral,ok,
castro2024-1005506,1005506,Rhogeessa tumida,exact,castro-2024,"Table 3, row 306",castro-2024-unstated,unspecified,,,,,,,,,,,peak_frequency,single,48.65,,,kHz,,,48.65,ok,
castro2024-1005513-bottae,1005513,Eptesicus bottae,synonym_via_mdd,castro-2024,"Table 3, row 207",castro-2024-unstated,unspecified,,,,,,,,,,,bandwidth,single,14.99,,,kHz,,,14.99,ok,Printed in the source as a separate species; the current taxonomy treats it as Cnephaeus bottae.
castro2024-1005513-bottae,1005513,Eptesicus bottae,synonym_via_mdd,castro-2024,"Table 3, row 207",castro-2024-unstated,unspecified,,,,,,,,,,,body_mass,single,15.66,,,g,,,15.66,ok,Printed in the source as a separate species; the current taxonomy treats it as Cnephaeus bottae.
castro2024-1005513-bottae,1005513,Eptesicus bottae,synonym_via_mdd,castro-2024,"Table 3, row 207",castro-2024-unstated,unspecified,,,,,,,,,,,duration,single,7.76,,,ms,,,7.76,ok,Printed in the source as a separate species; the current taxonomy treats it as Cnephaeus bottae.
castro2024-1005513-bottae,1005513,Eptesicus bottae,synonym_via_mdd,castro-2024,"Table 3, row 207",castro-2024-unstated,unspecified,,,,,,,,,,,emission,single,oral,,,,,,oral,ok,Printed in the source as a separate species; the current taxonomy treats it as Cnephaeus bottae.
castro2024-1005513-bottae,1005513,Eptesicus bottae,synonym_via_mdd,castro-2024,"Table 3, row 207",castro-2024-unstated,unspecified,,,,,,,,,,,peak_frequency,single,33.56,,,kHz,,,33.56,ok,Printed in the source as a separate species; the current taxonomy treats it as Cnephaeus bottae.
castro2024-1005514-brasiliensis,1005514,Eptesicus brasiliensis,synonym_via_mdd,castro-2024,"Table 3, row 208",castro-2024-unstated,unspecified,,,,,,,,,,,bandwidth,single,20.06,,,kHz,,,20.06,ok,Printed in the source as a separate species; the current taxonomy treats it as Neoeptesicus brasiliensis.
castro2024-1005514-brasiliensis,1005514,Eptesicus brasiliensis,synonym_via_mdd,castro-2024,"Table 3, row 208",castro-2024-unstated,unspecified,,,,,,,,,,,body_mass,single,9.2,,,g,,,9.2,ok,Printed in the source as a separate species; the current taxonomy treats it as Neoeptesicus brasiliensis.
castro2024-1005514-brasiliensis,1005514,Eptesicus brasiliensis,synonym_via_mdd,castro-2024,"Table 3, row 208",castro-2024-unstated,unspecified,,,,,,,,,,,duration,single,9.45,,,ms,,,9.45,ok,Printed in the source as a separate species; the current taxonomy treats it as Neoeptesicus brasiliensis.
castro2024-1005514-brasiliensis,1005514,Eptesicus brasiliensis,synonym_via_mdd,castro-2024,"Table 3, row 208",castro-2024-unstated,unspecified,,,,,,,,,,,emission,single,oral,,,,,,oral,ok,Printed in the source as a separate species; the current taxonomy treats it as Neoeptesicus brasiliensis.
castro2024-1005514-brasiliensis,1005514,Eptesicus brasiliensis,synonym_via_mdd,castro-2024,"Table 3, row 208",castro-2024-unstated,unspecified,,,,,,,,,,,peak_frequency,single,34.86,,,kHz,,,34.86,ok,Printed in the source as a separate species; the current taxonomy treats it as Neoeptesicus brasiliensis.
castro2024-1005518-furinalis,1005518,Eptesicus furinalis,synonym_via_mdd,castro-2024,"Table 3, row 209",castro-2024-unstated,unspecified,,,,,,,,,,,bandwidth,single,26.97,,,kHz,,,26.97,ok,Printed in the source as a separate species; the current taxonomy treats it as Neoeptesicus furinalis.
castro2024-1005518-furinalis,1005518,Eptesicus furinalis,synonym_via_mdd,castro-2024,"Table 3, row 209",castro-2024-unstated,unspecified,,,,,,,,,,,body_mass,single,7.7,,,g,,,7.7,ok,Printed in the source as a separate species; the current taxonomy treats it as Neoeptesicus furinalis.
castro2024-1005518-furinalis,1005518,Eptesicus furinalis,synonym_via_mdd,castro-2024,"Table 3, row 209",castro-2024-unstated,unspecified,,,,,,,,,,,duration,single,5.35,,,ms,,,5.35,ok,Printed in the source as a separate species; the current taxonomy treats it as Neoeptesicus furinalis.
castro2024-1005518-furinalis,1005518,Eptesicus furinalis,synonym_via_mdd,castro-2024,"Table 3, row 209",castro-2024-unstated,unspecified,,,,,,,,,,,emission,single,oral,,,,,,oral,ok,Printed in the source as a separate species; the current taxonomy treats it as Neoeptesicus furinalis.
castro2024-1005518-furinalis,1005518,Eptesicus furinalis,synonym_via_mdd,castro-2024,"Table 3, row 209",castro-2024-unstated,unspecified,,,,,,,,,,,peak_frequency,single,42.84,,,kHz,,,42.84,ok,Printed in the source as a separate species; the current taxonomy treats it as Neoeptesicus furinalis.
castro2024-1005519,1005519,Eptesicus fuscus,exact,castro-2024,"Table 3, row 210",castro-2024-unstated,unspecified,,,,,,,,,,,bandwidth,single,31.56,,,kHz,,,31.56,ok,
castro2024-1005519,1005519,Eptesicus fuscus,exact,castro-2024,"Table 3, row 210",castro-2024-unstated,unspecified,,,,,,,,,,,body_mass,single,17.49,,,g,,,17.49,ok,
castro2024-1005519,1005519,Eptesicus fuscus,exact,castro-2024,"Table 3, row 210",castro-2024-unstated,unspecified,,,,,,,,,,,duration,single,7.93,,,ms,,,7.93,ok,
castro2024-1005519,1005519,Eptesicus fuscus,exact,castro-2024,"Table 3, row 210",castro-2024-unstated,unspecified,,,,,,,,,,,emission,single,oral,,,,,,oral,ok,
castro2024-1005519,1005519,Eptesicus fuscus,exact,castro-2024,"Table 3, row 210",castro-2024-unstated,unspecified,,,,,,,,,,,peak_frequency,single,32.55,,,kHz,,,32.55,ok,
castro2024-1005522-hottentotus,1005522,Eptesicus hottentotus,synonym_via_mdd,castro-2024,"Table 3, row 212",castro-2024-unstated,unspecified,,,,,,,,,,,bandwidth,single,32.65,,,kHz,,,32.65,ok,Printed in the source as a separate species; the current taxonomy treats it as Cnephaeus hottentotus.
castro2024-1005522-hottentotus,1005522,Eptesicus hottentotus,synonym_via_mdd,castro-2024,"Table 3, row 212",castro-2024-unstated,unspecified,,,,,,,,,,,body_mass,single,30.33,,,g,,,30.33,ok,Printed in the source as a separate species; the current taxonomy treats it as Cnephaeus hottentotus.
castro2024-1005522-hottentotus,1005522,Eptesicus hottentotus,synonym_via_mdd,castro-2024,"Table 3, row 212",castro-2024-unstated,unspecified,,,,,,,,,,,duration,single,5.06,,,ms,,,5.06,ok,Printed in the source as a separate species; the current taxonomy treats it as Cnephaeus hottentotus.
castro2024-1005522-hottentotus,1005522,Eptesicus hottentotus,synonym_via_mdd,castro-2024,"Table 3, row 212",castro-2024-unstated,unspecified,,,,,,,,,,,emission,single,oral,,,,,,oral,ok,Printed in the source as a separate species; the current taxonomy treats it as Cnephaeus hottentotus.
castro2024-1005522-hottentotus,1005522,Eptesicus hottentotus,synonym_via_mdd,castro-2024,"Table 3, row 212",castro-2024-unstated,unspecified,,,,,,,,,,,peak_frequency,single,30.88,,,kHz,,,30.88,ok,Printed in the source as a separate species; the current taxonomy treats it as Cnephaeus hottentotus.
castro2024-1005526-nilssonii,1005526,Eptesicus nilssonii,synonym_via_mdd,castro-2024,"Table 3, row 213",castro-2024-unstated,unspecified,,,,,,,,,,,bandwidth,single,9.53,,,kHz,,,9.53,ok,Printed in the source as a separate species; the current taxonomy treats it as Cnephaeus nilssonii.
castro2024-1005526-nilssonii,1005526,Eptesicus nilssonii,synonym_via_mdd,castro-2024,"Table 3, row 213",castro-2024-unstated,unspecified,,,,,,,,,,,body_mass,single,10.72,,,g,,,10.72,ok,Printed in the source as a separate species; the current taxonomy treats it as Cnephaeus nilssonii.
castro2024-1005526-nilssonii,1005526,Eptesicus nilssonii,synonym_via_mdd,castro-2024,"Table 3, row 213",castro-2024-unstated,unspecified,,,,,,,,,,,duration,single,11.72,,,ms,,,11.72,ok,Printed in the source as a separate species; the current taxonomy treats it as Cnephaeus nilssonii.
castro2024-1005526-nilssonii,1005526,Eptesicus nilssonii,synonym_via_mdd,castro-2024,"Table 3, row 213",castro-2024-unstated,unspecified,,,,,,,,,,,emission,single,oral,,,,,,oral,ok,Printed in the source as a separate species; the current taxonomy treats it as Cnephaeus nilssonii.
castro2024-1005526-nilssonii,1005526,Eptesicus nilssonii,synonym_via_mdd,castro-2024,"Table 3, row 213",castro-2024-unstated,unspecified,,,,,,,,,,,peak_frequency,single,28.55,,,kHz,,,28.55,ok,Printed in the source as a separate species; the current taxonomy treats it as Cnephaeus nilssonii.
castro2024-1005531-serotinus,1005531,Eptesicus serotinus,synonym_via_mdd,castro-2024,"Table 3, row 214",castro-2024-unstated,unspecified,,,,,,,,,,,bandwidth,single,25.6,,,kHz,,,25.6,ok,Printed in the source as a separate species; the current taxonomy treats it as Cnephaeus serotinus.
castro2024-1005531-serotinus,1005531,Eptesicus serotinus,synonym_via_mdd,castro-2024,"Table 3, row 214",castro-2024-unstated,unspecified,,,,,,,,,,,body_mass,single,23.09,,,g,,,23.09,ok,Printed in the source as a separate species; the current taxonomy treats it as Cnephaeus serotinus.
castro2024-1005531-serotinus,1005531,Eptesicus serotinus,synonym_via_mdd,castro-2024,"Table 3, row 214",castro-2024-unstated,unspecified,,,,,,,,,,,duration,single,6.39,,,ms,,,6.39,ok,Printed in the source as a separate species; the current taxonomy treats it as Cnephaeus serotinus.
castro2024-1005531-serotinus,1005531,Eptesicus serotinus,synonym_via_mdd,castro-2024,"Table 3, row 214",castro-2024-unstated,unspecified,,,,,,,,,,,emission,single,oral,,,,,,oral,ok,Printed in the source as a separate species; the current taxonomy treats it as Cnephaeus serotinus.
castro2024-1005531-serotinus,1005531,Eptesicus serotinus,synonym_via_mdd,castro-2024,"Table 3, row 214",castro-2024-unstated,unspecified,,,,,,,,,,,peak_frequency,single,31.17,,,kHz,,,31.17,ok,Printed in the source as a separate species; the current taxonomy treats it as Cnephaeus serotinus.
castro2024-1005547,1005547,Glauconycteris variegata,exact,castro-2024,"Table 3, row 217",castro-2024-unstated,unspecified,,,,,,,,,,,bandwidth,single,34.16,,,kHz,,,34.16,ok,
castro2024-1005547,1005547,Glauconycteris variegata,exact,castro-2024,"Table 3, row 217",castro-2024-unstated,unspecified,,,,,,,,,,,body_mass,single,11.25,,,g,,,11.25,ok,
castro2024-1005547,1005547,Glauconycteris variegata,exact,castro-2024,"Table 3, row 217",castro-2024-unstated,unspecified,,,,,,,,,,,duration,single,2.26,,,ms,,,2.26,ok,
castro2024-1005547,1005547,Glauconycteris variegata,exact,castro-2024,"Table 3, row 217",castro-2024-unstated,unspecified,,,,,,,,,,,emission,single,oral,,,,,,oral,ok,
castro2024-1005547,1005547,Glauconycteris variegata,exact,castro-2024,"Table 3, row 217",castro-2024-unstated,unspecified,,,,,,,,,,,peak_frequency,single,40.63,,,kHz,,,40.63,ok,
castro2024-1005562,1005562,Lasionycteris noctivagans,exact,castro-2024,"Table 3, row 233",castro-2024-unstated,unspecified,,,,,,,,,,,bandwidth,single,24.76,,,kHz,,,24.76,ok,
castro2024-1005562,1005562,Lasionycteris noctivagans,exact,castro-2024,"Table 3, row 233",castro-2024-unstated,unspecified,,,,,,,,,,,body_mass,single,11.02,,,g,,,11.02,ok,
castro2024-1005562,1005562,Lasionycteris noctivagans,exact,castro-2024,"Table 3, row 233",castro-2024-unstated,unspecified,,,,,,,,,,,duration,single,9.21,,,ms,,,9.21,ok,
castro2024-1005562,1005562,Lasionycteris noctivagans,exact,castro-2024,"Table 3, row 233",castro-2024-unstated,unspecified,,,,,,,,,,,emission,single,oral,,,,,,oral,ok,
castro2024-1005562,1005562,Lasionycteris noctivagans,exact,castro-2024,"Table 3, row 233",castro-2024-unstated,unspecified,,,,,,,,,,,peak_frequency,single,30.19,,,kHz,,,30.19,ok,
castro2024-1005563,1005563,Scoteanax rueppellii,exact,castro-2024,"Table 3, row 307",castro-2024-unstated,unspecified,,,,,,,,,,,bandwidth,single,40,,,kHz,,,40,ok,
castro2024-1005563,1005563,Scoteanax rueppellii,exact,castro-2024,"Table 3, row 307",castro-2024-unstated,unspecified,,,,,,,,,,,body_mass,single,26.41,,,g,,,26.41,ok,
castro2024-1005563,1005563,Scoteanax rueppellii,exact,castro-2024,"Table 3, row 307",castro-2024-unstated,unspecified,,,,,,,,,,,duration,single,9,,,ms,,,9,ok,
castro2024-1005563,1005563,Scoteanax rueppellii,exact,castro-2024,"Table 3, row 307",castro-2024-unstated,unspecified,,,,,,,,,,,emission,single,oral,,,,,,oral,ok,
castro2024-1005563,1005563,Scoteanax rueppellii,exact,castro-2024,"Table 3, row 307",castro-2024-unstated,unspecified,,,,,,,,,,,peak_frequency,single,35,,,kHz,,,35,ok,
castro2024-1005565,1005565,Scotorepens balstoni,exact,castro-2024,"Table 3, row 314",castro-2024-unstated,unspecified,,,,,,,,,,,bandwidth,single,31,,,kHz,,,31,ok,
castro2024-1005565,1005565,Scotorepens balstoni,exact,castro-2024,"Table 3, row 314",castro-2024-unstated,unspecified,,,,,,,,,,,body_mass,single,11.92,,,g,,,11.92,ok,
castro2024-1005565,1005565,Scotorepens balstoni,exact,castro-2024,"Table 3, row 314",castro-2024-unstated,unspecified,,,,,,,,,,,duration,single,8,,,ms,,,8,ok,
castro2024-1005565,1005565,Scotorepens balstoni,exact,castro-2024,"Table 3, row 314",castro-2024-unstated,unspecified,,,,,,,,,,,emission,single,oral,,,,,,oral,ok,
castro2024-1005565,1005565,Scotorepens balstoni,exact,castro-2024,"Table 3, row 314",castro-2024-unstated,unspecified,,,,,,,,,,,peak_frequency,single,34,,,kHz,,,34,ok,
castro2024-1005566,1005566,Scotorepens greyii,exact,castro-2024,"Table 3, row 315",castro-2024-unstated,unspecified,,,,,,,,,,,bandwidth,single,10.12,,,kHz,,,10.12,ok,
castro2024-1005566,1005566,Scotorepens greyii,exact,castro-2024,"Table 3, row 315",castro-2024-unstated,unspecified,,,,,,,,,,,body_mass,single,10,,,g,,,10,ok,
castro2024-1005566,1005566,Scotorepens greyii,exact,castro-2024,"Table 3, row 315",castro-2024-unstated,unspecified,,,,,,,,,,,duration,single,8.57,,,ms,,,8.57,ok,
castro2024-1005566,1005566,Scotorepens greyii,exact,castro-2024,"Table 3, row 315",castro-2024-unstated,unspecified,,,,,,,,,,,emission,single,oral,,,,,,oral,ok,
castro2024-1005566,1005566,Scotorepens greyii,exact,castro-2024,"Table 3, row 315",castro-2024-unstated,unspecified,,,,,,,,,,,peak_frequency,single,36.08,,,kHz,,,36.08,ok,
castro2024-1005567,1005567,Scotorepens orion,exact,castro-2024,"Table 3, row 316",castro-2024-unstated,unspecified,,,,,,,,,,,bandwidth,single,26,,,kHz,,,26,ok,
castro2024-1005567,1005567,Scotorepens orion,exact,castro-2024,"Table 3, row 316",castro-2024-unstated,unspecified,,,,,,,,,,,body_mass,single,11.83,,,g,,,11.83,ok,
castro2024-1005567,1005567,Scotorepens orion,exact,castro-2024,"Table 3, row 316",castro-2024-unstated,unspecified,,,,,,,,,,,duration,single,10,,,ms,,,10,ok,
castro2024-1005567,1005567,Scotorepens orion,exact,castro-2024,"Table 3, row 316",castro-2024-unstated,unspecified,,,,,,,,,,,emission,single,oral,,,,,,oral,ok,
castro2024-1005567,1005567,Scotorepens orion,exact,castro-2024,"Table 3, row 316",castro-2024-unstated,unspecified,,,,,,,,,,,peak_frequency,single,36,,,kHz,,,36,ok,
castro2024-1005568,1005568,Scotorepens sanborni,exact,castro-2024,"Table 3, row 317",castro-2024-unstated,unspecified,,,,,,,,,,,bandwidth,single,17,,,kHz,,,17,ok,
castro2024-1005568,1005568,Scotorepens sanborni,exact,castro-2024,"Table 3, row 317",castro-2024-unstated,unspecified,,,,,,,,,,,body_mass,single,8.13,,,g,,,8.13,ok,
castro2024-1005568,1005568,Scotorepens sanborni,exact,castro-2024,"Table 3, row 317",castro-2024-unstated,unspecified,,,,,,,,,,,duration,single,6.3,,,ms,,,6.3,ok,
castro2024-1005568,1005568,Scotorepens sanborni,exact,castro-2024,"Table 3, row 317",castro-2024-unstated,unspecified,,,,,,,,,,,emission,single,oral,,,,,,oral,ok,
castro2024-1005568,1005568,Scotorepens sanborni,exact,castro-2024,"Table 3, row 317",castro-2024-unstated,unspecified,,,,,,,,,,,peak_frequency,single,39.3,,,kHz,,,39.3,ok,
castro2024-1005575,1005575,Lasiurus borealis,exact,castro-2024,"Table 3, row 234",castro-2024-unstated,unspecified,,,,,,,,,,,bandwidth,single,13.84,,,kHz,,,13.84,ok,
castro2024-1005575,1005575,Lasiurus borealis,exact,castro-2024,"Table 3, row 234",castro-2024-unstated,unspecified,,,,,,,,,,,body_mass,single,12.33,,,g,,,12.33,ok,
castro2024-1005575,1005575,Lasiurus borealis,exact,castro-2024,"Table 3, row 234",castro-2024-unstated,unspecified,,,,,,,,,,,duration,single,8.5,,,ms,,,8.5,ok,
castro2024-1005575,1005575,Lasiurus borealis,exact,castro-2024,"Table 3, row 234",castro-2024-unstated,unspecified,,,,,,,,,,,emission,single,oral,,,,,,oral,ok,
castro2024-1005575,1005575,Lasiurus borealis,exact,castro-2024,"Table 3, row 234",castro-2024-unstated,unspecified,,,,,,,,,,,peak_frequency,single,40.95,,,kHz,,,40.95,ok,
castro2024-1005584-intermedius,1005584,Dasiypterus intermedius,manual,castro-2024,"Table 3, row 235",castro-2024-unstated,unspecified,,,,,,,,,,,bandwidth,single,30.41,,,kHz,,,30.41,ok,Printed in the source as a separate species; the current taxonomy treats it as Lasiurus intermedius.
castro2024-1005584-intermedius,1005584,Dasiypterus intermedius,manual,castro-2024,"Table 3, row 235",castro-2024-unstated,unspecified,,,,,,,,,,,body_mass,single,22.96,,,g,,,22.96,ok,Printed in the source as a separate species; the current taxonomy treats it as Lasiurus intermedius.
castro2024-1005584-intermedius,1005584,Dasiypterus intermedius,manual,castro-2024,"Table 3, row 235",castro-2024-unstated,unspecified,,,,,,,,,,,duration,single,3.18,,,ms,,,3.18,ok,Printed in the source as a separate species; the current taxonomy treats it as Lasiurus intermedius.
castro2024-1005584-intermedius,1005584,Dasiypterus intermedius,manual,castro-2024,"Table 3, row 235",castro-2024-unstated,unspecified,,,,,,,,,,,emission,single,oral,,,,,,oral,ok,Printed in the source as a separate species; the current taxonomy treats it as Lasiurus intermedius.
castro2024-1005584-intermedius,1005584,Dasiypterus intermedius,manual,castro-2024,"Table 3, row 235",castro-2024-unstated,unspecified,,,,,,,,,,,peak_frequency,single,36.18,,,kHz,,,36.18,ok,Printed in the source as a separate species; the current taxonomy treats it as Lasiurus intermedius.
castro2024-1005595,1005595,Parastrellus hesperus,exact,castro-2024,"Table 3, row 293",castro-2024-unstated,unspecified,,,,,,,,,,,bandwidth,single,33.51,,,kHz,,,33.51,ok,
castro2024-1005595,1005595,Parastrellus hesperus,exact,castro-2024,"Table 3, row 293",castro-2024-unstated,unspecified,,,,,,,,,,,body_mass,single,3.56,,,g,,,3.56,ok,
castro2024-1005595,1005595,Parastrellus hesperus,exact,castro-2024,"Table 3, row 293",castro-2024-unstated,unspecified,,,,,,,,,,,duration,single,3.83,,,ms,,,3.83,ok,
castro2024-1005595,1005595,Parastrellus hesperus,exact,castro-2024,"Table 3, row 293",castro-2024-unstated,unspecified,,,,,,,,,,,emission,single,oral,,,,,,oral,ok,
castro2024-1005595,1005595,Parastrellus hesperus,exact,castro-2024,"Table 3, row 293",castro-2024-unstated,unspecified,,,,,,,,,,,peak_frequency,single,43.04,,,kHz,,,43.04,ok,
castro2024-1005596,1005596,Perimyotis subflavus,exact,castro-2024,"Table 3, row 301",castro-2024-unstated,unspecified,,,,,,,,,,,bandwidth,single,28.51,,,kHz,,,28.51,ok,
castro2024-1005596,1005596,Perimyotis subflavus,exact,castro-2024,"Table 3, row 301",castro-2024-unstated,unspecified,,,,,,,,,,,body_mass,single,5.74,,,g,,,5.74,ok,
castro2024-1005596,1005596,Perimyotis subflavus,exact,castro-2024,"Table 3, row 301",castro-2024-unstated,unspecified,,,,,,,,,,,duration,single,6.81,,,ms,,,6.81,ok,
castro2024-1005596,1005596,Perimyotis subflavus,exact,castro-2024,"Table 3, row 301",castro-2024-unstated,unspecified,,,,,,,,,,,emission,single,oral,,,,,,oral,ok,
castro2024-1005596,1005596,Perimyotis subflavus,exact,castro-2024,"Table 3, row 301",castro-2024-unstated,unspecified,,,,,,,,,,,peak_frequency,single,45.95,,,kHz,,,45.95,ok,
castro2024-1005600,1005600,Glischropus tylopus,exact,castro-2024,"Table 3, row 218",castro-2024-unstated,unspecified,,,,,,,,,,,bandwidth,single,28.31,,,kHz,,,28.31,ok,
castro2024-1005600,1005600,Glischropus tylopus,exact,castro-2024,"Table 3, row 218",castro-2024-unstated,unspecified,,,,,,,,,,,body_mass,single,4.59,,,g,,,4.59,ok,
castro2024-1005600,1005600,Glischropus tylopus,exact,castro-2024,"Table 3, row 218",castro-2024-unstated,unspecified,,,,,,,,,,,duration,single,3.43,,,ms,,,3.43,ok,
castro2024-1005600,1005600,Glischropus tylopus,exact,castro-2024,"Table 3, row 218",castro-2024-unstated,unspecified,,,,,,,,,,,emission,single,oral,,,,,,oral,ok,
castro2024-1005600,1005600,Glischropus tylopus,exact,castro-2024,"Table 3, row 218",castro-2024-unstated,unspecified,,,,,,,,,,,peak_frequency,single,48.16,,,kHz,,,48.16,ok,
castro2024-1005601,1005601,Nyctalus aviator,exact,castro-2024,"Table 3, row 282",castro-2024-unstated,unspecified,,,,,,,,,,,bandwidth,single,27.72,,,kHz,,,27.72,ok,
castro2024-1005601,1005601,Nyctalus aviator,exact,castro-2024,"Table 3, row 282",castro-2024-unstated,unspecified,,,,,,,,,,,body_mass,single,31.87,,,g,,,31.87,ok,
castro2024-1005601,1005601,Nyctalus aviator,exact,castro-2024,"Table 3, row 282",castro-2024-unstated,unspecified,,,,,,,,,,,duration,single,1.89,,,ms,,,1.89,ok,
castro2024-1005601,1005601,Nyctalus aviator,exact,castro-2024,"Table 3, row 282",castro-2024-unstated,unspecified,,,,,,,,,,,emission,single,oral,,,,,,oral,ok,
castro2024-1005601,1005601,Nyctalus aviator,exact,castro-2024,"Table 3, row 282",castro-2024-unstated,unspecified,,,,,,,,,,,peak_frequency,single,40.29,,,kHz,,,40.29,ok,
castro2024-1005604,1005604,Nyctalus lasiopterus,exact,castro-2024,"Table 3, row 283",castro-2024-unstated,unspecified,,,,,,,,,,,bandwidth,single,5.03,,,kHz,,,5.03,ok,
castro2024-1005604,1005604,Nyctalus lasiopterus,exact,castro-2024,"Table 3, row 283",castro-2024-unstated,unspecified,,,,,,,,,,,body_mass,single,45.98,,,g,,,45.98,ok,
castro2024-1005604,1005604,Nyctalus lasiopterus,exact,castro-2024,"Table 3, row 283",castro-2024-unstated,unspecified,,,,,,,,,,,duration,single,22.03,,,ms,,,22.03,ok,
castro2024-1005604,1005604,Nyctalus lasiopterus,exact,castro-2024,"Table 3, row 283",castro-2024-unstated,unspecified,,,,,,,,,,,emission,single,oral,,,,,,oral,ok,
castro2024-1005604,1005604,Nyctalus lasiopterus,exact,castro-2024,"Table 3, row 283",castro-2024-unstated,unspecified,,,,,,,,,,,peak_frequency,single,15.23,,,kHz,,,15.23,ok,
castro2024-1005605,1005605,Nyctalus leisleri,exact,castro-2024,"Table 3, row 284",castro-2024-unstated,unspecified,,,,,,,,,,,bandwidth,single,21.3,,,kHz,,,21.3,ok,
castro2024-1005605,1005605,Nyctalus leisleri,exact,castro-2024,"Table 3, row 284",castro-2024-unstated,unspecified,,,,,,,,,,,body_mass,single,12.47,,,g,,,12.47,ok,
castro2024-1005605,1005605,Nyctalus leisleri,exact,castro-2024,"Table 3, row 284",castro-2024-unstated,unspecified,,,,,,,,,,,duration,single,7.97,,,ms,,,7.97,ok,
castro2024-1005605,1005605,Nyctalus leisleri,exact,castro-2024,"Table 3, row 284",castro-2024-unstated,unspecified,,,,,,,,,,,emission,single,oral,,,,,,oral,ok,
castro2024-1005605,1005605,Nyctalus leisleri,exact,castro-2024,"Table 3, row 284",castro-2024-unstated,unspecified,,,,,,,,,,,peak_frequency,single,30.67,,,kHz,,,30.67,ok,
castro2024-1005607,1005607,Nyctalus noctula,exact,castro-2024,"Table 3, row 285",castro-2024-unstated,unspecified,,,,,,,,,,,bandwidth,single,10.01,,,kHz,,,10.01,ok,
castro2024-1005607,1005607,Nyctalus noctula,exact,castro-2024,"Table 3, row 285",castro-2024-unstated,unspecified,,,,,,,,,,,body_mass,single,28.48,,,g,,,28.48,ok,
castro2024-1005607,1005607,Nyctalus noctula,exact,castro-2024,"Table 3, row 285",castro-2024-unstated,unspecified,,,,,,,,,,,duration,single,13.13,,,ms,,,13.13,ok,
castro2024-1005607,1005607,Nyctalus noctula,exact,castro-2024,"Table 3, row 285",castro-2024-unstated,unspecified,,,,,,,,,,,emission,single,oral,,,,,,oral,ok,
castro2024-1005607,1005607,Nyctalus noctula,exact,castro-2024,"Table 3, row 285",castro-2024-unstated,unspecified,,,,,,,,,,,peak_frequency,single,22.86,,,kHz,,,22.86,ok,
castro2024-1005609-abramus,1005609,Pipistrellus abramus,synonym_via_mdd,castro-2024,"Table 3, row 292",castro-2024-unstated,unspecified,,,,,,,,,,,bandwidth,single,8.83,,,kHz,,,8.83,ok,Printed in the source as a separate species; the current taxonomy treats it as Alionoctula abramus.
castro2024-1005609-abramus,1005609,Pipistrellus abramus,synonym_via_mdd,castro-2024,"Table 3, row 292",castro-2024-unstated,unspecified,,,,,,,,,,,body_mass,single,5.87,,,g,,,5.87,ok,Printed in the source as a separate species; the current taxonomy treats it as Alionoctula abramus.
castro2024-1005609-abramus,1005609,Pipistrellus abramus,synonym_via_mdd,castro-2024,"Table 3, row 292",castro-2024-unstated,unspecified,,,,,,,,,,,duration,single,8.33,,,ms,,,8.33,ok,Printed in the source as a separate species; the current taxonomy treats it as Alionoctula abramus.
castro2024-1005609-abramus,1005609,Pipistrellus abramus,synonym_via_mdd,castro-2024,"Table 3, row 292",castro-2024-unstated,unspecified,,,,,,,,,,,emission,single,oral,,,,,,oral,ok,Printed in the source as a separate species; the current taxonomy treats it as Alionoctula abramus.
castro2024-1005609-abramus,1005609,Pipistrellus abramus,synonym_via_mdd,castro-2024,"Table 3, row 292",castro-2024-unstated,unspecified,,,,,,,,,,,peak_frequency,single,44.6,,,kHz,,,44.6,ok,Printed in the source as a separate species; the current taxonomy treats it as Alionoctula abramus.
castro2024-1005623,1005623,Pipistrellus kuhlii,exact,castro-2024,"Table 3, row 294",castro-2024-unstated,unspecified,,,,,,,,,,,bandwidth,single,22.15,,,kHz,,,22.15,ok,
castro2024-1005623,1005623,Pipistrellus kuhlii,exact,castro-2024,"Table 3, row 294",castro-2024-unstated,unspecified,,,,,,,,,,,body_mass,single,6.07,,,g,,,6.07,ok,
castro2024-1005623,1005623,Pipistrellus kuhlii,exact,castro-2024,"Table 3, row 294",castro-2024-unstated,unspecified,,,,,,,,,,,duration,single,5.18,,,ms,,,5.18,ok,
castro2024-1005623,1005623,Pipistrellus kuhlii,exact,castro-2024,"Table 3, row 294",castro-2024-unstated,unspecified,,,,,,,,,,,emission,single,oral,,,,,,oral,ok,
castro2024-1005623,1005623,Pipistrellus kuhlii,exact,castro-2024,"Table 3, row 294",castro-2024-unstated,unspecified,,,,,,,,,,,peak_frequency,single,41.16,,,kHz,,,41.16,ok,
castro2024-1005624,1005624,Pipistrellus maderensis,exact,castro-2024,"Table 3, row 295",castro-2024-unstated,unspecified,,,,,,,,,,,bandwidth,single,15.35,,,kHz,,,15.35,ok,
castro2024-1005624,1005624,Pipistrellus maderensis,exact,castro-2024,"Table 3, row 295",castro-2024-unstated,unspecified,,,,,,,,,,,body_mass,single,4.91,,,g,,,4.91,ok,
castro2024-1005624,1005624,Pipistrellus maderensis,exact,castro-2024,"Table 3, row 295",castro-2024-unstated,unspecified,,,,,,,,,,,duration,single,4.53,,,ms,,,4.53,ok,
castro2024-1005624,1005624,Pipistrellus maderensis,exact,castro-2024,"Table 3, row 295",castro-2024-unstated,unspecified,,,,,,,,,,,emission,single,oral,,,,,,oral,ok,
castro2024-1005624,1005624,Pipistrellus maderensis,exact,castro-2024,"Table 3, row 295",castro-2024-unstated,unspecified,,,,,,,,,,,peak_frequency,single,46.44,,,kHz,,,46.44,ok,
castro2024-1005628,1005628,Pipistrellus nathusii,exact,castro-2024,"Table 3, row 296",castro-2024-unstated,unspecified,,,,,,,,,,,bandwidth,single,12.71,,,kHz,,,12.71,ok,
castro2024-1005628,1005628,Pipistrellus nathusii,exact,castro-2024,"Table 3, row 296",castro-2024-unstated,unspecified,,,,,,,,,,,body_mass,single,7.44,,,g,,,7.44,ok,
castro2024-1005628,1005628,Pipistrellus nathusii,exact,castro-2024,"Table 3, row 296",castro-2024-unstated,unspecified,,,,,,,,,,,duration,single,6.66,,,ms,,,6.66,ok,
castro2024-1005628,1005628,Pipistrellus nathusii,exact,castro-2024,"Table 3, row 296",castro-2024-unstated,unspecified,,,,,,,,,,,emission,single,oral,,,,,,oral,ok,
castro2024-1005628,1005628,Pipistrellus nathusii,exact,castro-2024,"Table 3, row 296",castro-2024-unstated,unspecified,,,,,,,,,,,peak_frequency,single,41.4,,,kHz,,,41.4,ok,
castro2024-1005632,1005632,Pipistrellus pipistrellus,exact,castro-2024,"Table 3, row 297",castro-2024-unstated,unspecified,,,,,,,,,,,bandwidth,single,23.69,,,kHz,,,23.69,ok,
castro2024-1005632,1005632,Pipistrellus pipistrellus,exact,castro-2024,"Table 3, row 297",castro-2024-unstated,unspecified,,,,,,,,,,,body_mass,single,5.3,,,g,,,5.3,ok,
castro2024-1005632,1005632,Pipistrellus pipistrellus,exact,castro-2024,"Table 3, row 297",castro-2024-unstated,unspecified,,,,,,,,,,,duration,single,5.22,,,ms,,,5.22,ok,
castro2024-1005632,1005632,Pipistrellus pipistrellus,exact,castro-2024,"Table 3, row 297",castro-2024-unstated,unspecified,,,,,,,,,,,emission,single,oral,,,,,,oral,ok,
castro2024-1005632,1005632,Pipistrellus pipistrellus,exact,castro-2024,"Table 3, row 297",castro-2024-unstated,unspecified,,,,,,,,,,,peak_frequency,single,47.61,,,kHz,,,47.61,ok,
castro2024-1005635,1005635,Pipistrellus rusticus,exact,castro-2024,"Table 3, row 299",castro-2024-unstated,unspecified,,,,,,,,,,,bandwidth,single,31.34,,,kHz,,,31.34,ok,
castro2024-1005635,1005635,Pipistrellus rusticus,exact,castro-2024,"Table 3, row 299",castro-2024-unstated,unspecified,,,,,,,,,,,body_mass,single,4.57,,,g,,,4.57,ok,
castro2024-1005635,1005635,Pipistrellus rusticus,exact,castro-2024,"Table 3, row 299",castro-2024-unstated,unspecified,,,,,,,,,,,duration,single,4.86,,,ms,,,4.86,ok,
castro2024-1005635,1005635,Pipistrellus rusticus,exact,castro-2024,"Table 3, row 299",castro-2024-unstated,unspecified,,,,,,,,,,,emission,single,oral,,,,,,oral,ok,
castro2024-1005635,1005635,Pipistrellus rusticus,exact,castro-2024,"Table 3, row 299",castro-2024-unstated,unspecified,,,,,,,,,,,peak_frequency,single,55.19,,,kHz,,,55.19,ok,
castro2024-1005637-stenopterus,1005637,Pipistrellus stenopterus,synonym_via_mdd,castro-2024,"Table 3, row 300",castro-2024-unstated,unspecified,,,,,,,,,,,bandwidth,single,25.86,,,kHz,,,25.86,ok,Printed in the source as a separate species; the current taxonomy treats it as Alionoctula stenoptera.
castro2024-1005637-stenopterus,1005637,Pipistrellus stenopterus,synonym_via_mdd,castro-2024,"Table 3, row 300",castro-2024-unstated,unspecified,,,,,,,,,,,body_mass,single,15.67,,,g,,,15.67,ok,Printed in the source as a separate species; the current taxonomy treats it as Alionoctula stenoptera.
castro2024-1005637-stenopterus,1005637,Pipistrellus stenopterus,synonym_via_mdd,castro-2024,"Table 3, row 300",castro-2024-unstated,unspecified,,,,,,,,,,,duration,single,7.91,,,ms,,,7.91,ok,Printed in the source as a separate species; the current taxonomy treats it as Alionoctula stenoptera.
castro2024-1005637-stenopterus,1005637,Pipistrellus stenopterus,synonym_via_mdd,castro-2024,"Table 3, row 300",castro-2024-unstated,unspecified,,,,,,,,,,,emission,single,oral,,,,,,oral,ok,Printed in the source as a separate species; the current taxonomy treats it as Alionoctula stenoptera.
castro2024-1005637-stenopterus,1005637,Pipistrellus stenopterus,synonym_via_mdd,castro-2024,"Table 3, row 300",castro-2024-unstated,unspecified,,,,,,,,,,,peak_frequency,single,38.83,,,kHz,,,38.83,ok,Printed in the source as a separate species; the current taxonomy treats it as Alionoctula stenoptera.
castro2024-1005639-tenuis,1005639,Pipistrellus tenuis,synonym_via_mdd,castro-2024,"Table 3, row 302",castro-2024-unstated,unspecified,,,,,,,,,,,bandwidth,single,23,,,kHz,,,23,ok,Printed in the source as a separate species; the current taxonomy treats it as Alionoctula tenuis.
castro2024-1005639-tenuis,1005639,Pipistrellus tenuis,synonym_via_mdd,castro-2024,"Table 3, row 302",castro-2024-unstated,unspecified,,,,,,,,,,,body_mass,single,3.48,,,g,,,3.48,ok,Printed in the source as a separate species; the current taxonomy treats it as Alionoctula tenuis.
castro2024-1005639-tenuis,1005639,Pipistrellus tenuis,synonym_via_mdd,castro-2024,"Table 3, row 302",castro-2024-unstated,unspecified,,,,,,,,,,,duration,single,7,,,ms,,,7,ok,Printed in the source as a separate species; the current taxonomy treats it as Alionoctula tenuis.
castro2024-1005639-tenuis,1005639,Pipistrellus tenuis,synonym_via_mdd,castro-2024,"Table 3, row 302",castro-2024-unstated,unspecified,,,,,,,,,,,emission,single,oral,,,,,,oral,ok,Printed in the source as a separate species; the current taxonomy treats it as Alionoctula tenuis.
castro2024-1005639-tenuis,1005639,Pipistrellus tenuis,synonym_via_mdd,castro-2024,"Table 3, row 302",castro-2024-unstated,unspecified,,,,,,,,,,,peak_frequency,single,48,,,kHz,,,48,ok,Printed in the source as a separate species; the current taxonomy treats it as Alionoctula tenuis.
castro2024-1005641-westralis,1005641,Pipistrellus westralis,synonym_via_mdd,castro-2024,"Table 3, row 303",castro-2024-unstated,unspecified,,,,,,,,,,,bandwidth,single,16,,,kHz,,,16,ok,Printed in the source as a separate species; the current taxonomy treats it as Alionoctula westralis.
castro2024-1005641-westralis,1005641,Pipistrellus westralis,synonym_via_mdd,castro-2024,"Table 3, row 303",castro-2024-unstated,unspecified,,,,,,,,,,,body_mass,single,3.9,,,g,,,3.9,ok,Printed in the source as a separate species; the current taxonomy treats it as Alionoctula westralis.
castro2024-1005641-westralis,1005641,Pipistrellus westralis,synonym_via_mdd,castro-2024,"Table 3, row 303",castro-2024-unstated,unspecified,,,,,,,,,,,duration,single,6,,,ms,,,6,ok,Printed in the source as a separate species; the current taxonomy treats it as Alionoctula westralis.
castro2024-1005641-westralis,1005641,Pipistrellus westralis,synonym_via_mdd,castro-2024,"Table 3, row 303",castro-2024-unstated,unspecified,,,,,,,,,,,emission,single,oral,,,,,,oral,ok,Printed in the source as a separate species; the current taxonomy treats it as Alionoctula westralis.
castro2024-1005641-westralis,1005641,Pipistrellus westralis,synonym_via_mdd,castro-2024,"Table 3, row 303",castro-2024-unstated,unspecified,,,,,,,,,,,peak_frequency,single,46.6,,,kHz,,,46.6,ok,Printed in the source as a separate species; the current taxonomy treats it as Alionoctula westralis.
castro2024-1005643,1005643,Scotoecus albofuscus,exact,castro-2024,"Table 3, row 308",castro-2024-unstated,unspecified,,,,,,,,,,,bandwidth,single,26.16,,,kHz,,,26.16,ok,
castro2024-1005643,1005643,Scotoecus albofuscus,exact,castro-2024,"Table 3, row 308",castro-2024-unstated,unspecified,,,,,,,,,,,body_mass,single,4.5,,,g,,,4.5,ok,
castro2024-1005643,1005643,Scotoecus albofuscus,exact,castro-2024,"Table 3, row 308",castro-2024-unstated,unspecified,,,,,,,,,,,duration,single,2.68,,,ms,,,2.68,ok,
castro2024-1005643,1005643,Scotoecus albofuscus,exact,castro-2024,"Table 3, row 308",castro-2024-unstated,unspecified,,,,,,,,,,,emission,single,oral,,,,,,oral,ok,
castro2024-1005643,1005643,Scotoecus albofuscus,exact,castro-2024,"Table 3, row 308",castro-2024-unstated,unspecified,,,,,,,,,,,peak_frequency,single,39.08,,,kHz,,,39.08,ok,
castro2024-1005648,1005648,Vansonia rueppellii,exact,castro-2024,"Table 3, row 298",castro-2024-unstated,unspecified,,,,,,,,,,,bandwidth,single,43.09,,,kHz,,,43.09,ok,
castro2024-1005648,1005648,Vansonia rueppellii,exact,castro-2024,"Table 3, row 298",castro-2024-unstated,unspecified,,,,,,,,,,,body_mass,single,7.07,,,g,,,7.07,ok,
castro2024-1005648,1005648,Vansonia rueppellii,exact,castro-2024,"Table 3, row 298",castro-2024-unstated,unspecified,,,,,,,,,,,duration,single,6.71,,,ms,,,6.71,ok,
castro2024-1005648,1005648,Vansonia rueppellii,exact,castro-2024,"Table 3, row 298",castro-2024-unstated,unspecified,,,,,,,,,,,emission,single,oral,,,,,,oral,ok,
castro2024-1005648,1005648,Vansonia rueppellii,exact,castro-2024,"Table 3, row 298",castro-2024-unstated,unspecified,,,,,,,,,,,peak_frequency,single,56.01,,,kHz,,,56.01,ok,
castro2024-1005649,1005649,Barbastella barbastellus,exact,castro-2024,"Table 3, row 197",castro-2024-unstated,unspecified,,,,,,,,,,,bandwidth,single,17.77,,,kHz,,,17.77,ok,
castro2024-1005649,1005649,Barbastella barbastellus,exact,castro-2024,"Table 3, row 197",castro-2024-unstated,unspecified,,,,,,,,,,,body_mass,single,8.31,,,g,,,8.31,ok,
castro2024-1005649,1005649,Barbastella barbastellus,exact,castro-2024,"Table 3, row 197",castro-2024-unstated,unspecified,,,,,,,,,,,duration,single,3.52,,,ms,,,3.52,ok,
castro2024-1005649,1005649,Barbastella barbastellus,exact,castro-2024,"Table 3, row 197",castro-2024-unstated,unspecified,,,,,,,,,,,emission,single,oral,,,,,,oral,ok,
castro2024-1005649,1005649,Barbastella barbastellus,exact,castro-2024,"Table 3, row 197",castro-2024-unstated,unspecified,,,,,,,,,,,peak_frequency,single,35.33,,,kHz,,,35.33,ok,
castro2024-1005653,1005653,Barbastella leucomelas,exact,castro-2024,"Table 3, row 198",castro-2024-unstated,unspecified,,,,,,,,,,,bandwidth,single,11.33,,,kHz,,,11.33,ok,
castro2024-1005653,1005653,Barbastella leucomelas,exact,castro-2024,"Table 3, row 198",castro-2024-unstated,unspecified,,,,,,,,,,,body_mass,single,15.05,,,g,,,15.05,ok,
castro2024-1005653,1005653,Barbastella leucomelas,exact,castro-2024,"Table 3, row 198",castro-2024-unstated,unspecified,,,,,,,,,,,duration,single,2.52,,,ms,,,2.52,ok,
castro2024-1005653,1005653,Barbastella leucomelas,exact,castro-2024,"Table 3, row 198",castro-2024-unstated,unspecified,,,,,,,,,,,emission,single,oral,,,,,,oral,ok,
castro2024-1005653,1005653,Barbastella leucomelas,exact,castro-2024,"Table 3, row 198",castro-2024-unstated,unspecified,,,,,,,,,,,peak_frequency,single,34.49,,,kHz,,,34.49,ok,
castro2024-1005657,1005657,Corynorhinus townsendii,exact,castro-2024,"Table 3, row 206",castro-2024-unstated,unspecified,,,,,,,,,,,bandwidth,single,20.33,,,kHz,,,20.33,ok,
castro2024-1005657,1005657,Corynorhinus townsendii,exact,castro-2024,"Table 3, row 206",castro-2024-unstated,unspecified,,,,,,,,,,,body_mass,single,10.3,,,g,,,10.3,ok,
castro2024-1005657,1005657,Corynorhinus townsendii,exact,castro-2024,"Table 3, row 206",castro-2024-unstated,unspecified,,,,,,,,,,,duration,single,3.28,,,ms,,,3.28,ok,
castro2024-1005657,1005657,Corynorhinus townsendii,exact,castro-2024,"Table 3, row 206",castro-2024-unstated,unspecified,,,,,,,,,,,emission,single,oral,,,,,,oral,ok,
castro2024-1005657,1005657,Corynorhinus townsendii,exact,castro-2024,"Table 3, row 206",castro-2024-unstated,unspecified,,,,,,,,,,,peak_frequency,single,34.73,,,kHz,,,34.73,ok,
castro2024-1005659,1005659,Idionycteris phyllotis,exact,castro-2024,"Table 3, row 222",castro-2024-unstated,unspecified,,,,,,,,,,,bandwidth,single,15.83,,,kHz,,,15.83,ok,
castro2024-1005659,1005659,Idionycteris phyllotis,exact,castro-2024,"Table 3, row 222",castro-2024-unstated,unspecified,,,,,,,,,,,body_mass,single,12.13,,,g,,,12.13,ok,
castro2024-1005659,1005659,Idionycteris phyllotis,exact,castro-2024,"Table 3, row 222",castro-2024-unstated,unspecified,,,,,,,,,,,duration,single,2.92,,,ms,,,2.92,ok,
castro2024-1005659,1005659,Idionycteris phyllotis,exact,castro-2024,"Table 3, row 222",castro-2024-unstated,unspecified,,,,,,,,,,,emission,single,oral,,,,,,oral,ok,
castro2024-1005659,1005659,Idionycteris phyllotis,exact,castro-2024,"Table 3, row 222",castro-2024-unstated,unspecified,,,,,,,,,,,peak_frequency,single,20.37,,,kHz,,,20.37,ok,
castro2024-1005660,1005660,Otonycteris hemprichii,exact,castro-2024,"Table 3, row 290",castro-2024-unstated,unspecified,,,,,,,,,,,bandwidth,single,28.94,,,kHz,,,28.94,ok,
castro2024-1005660,1005660,Otonycteris hemprichii,exact,castro-2024,"Table 3, row 290",castro-2024-unstated,unspecified,,,,,,,,,,,body_mass,single,21.98,,,g,,,21.98,ok,
castro2024-1005660,1005660,Otonycteris hemprichii,exact,castro-2024,"Table 3, row 290",castro-2024-unstated,unspecified,,,,,,,,,,,duration,single,4.28,,,ms,,,4.28,ok,
castro2024-1005660,1005660,Otonycteris hemprichii,exact,castro-2024,"Table 3, row 290",castro-2024-unstated,unspecified,,,,,,,,,,,emission,single,oral,,,,,,oral,ok,
castro2024-1005660,1005660,Otonycteris hemprichii,exact,castro-2024,"Table 3, row 290",castro-2024-unstated,unspecified,,,,,,,,,,,peak_frequency,single,37.46,,,kHz,,,37.46,ok,
castro2024-1005662,1005662,Plecotus auritus,exact,castro-2024,"Table 3, row 304",castro-2024-unstated,unspecified,,,,,,,,,,,bandwidth,single,25.51,,,kHz,,,25.51,ok,
castro2024-1005662,1005662,Plecotus auritus,exact,castro-2024,"Table 3, row 304",castro-2024-unstated,unspecified,,,,,,,,,,,body_mass,single,8.19,,,g,,,8.19,ok,
castro2024-1005662,1005662,Plecotus auritus,exact,castro-2024,"Table 3, row 304",castro-2024-unstated,unspecified,,,,,,,,,,,duration,single,2.51,,,ms,,,2.51,ok,
castro2024-1005662,1005662,Plecotus auritus,exact,castro-2024,"Table 3, row 304",castro-2024-unstated,unspecified,,,,,,,,,,,emission,single,oral,,,,,,oral,ok,
castro2024-1005662,1005662,Plecotus auritus,exact,castro-2024,"Table 3, row 304",castro-2024-unstated,unspecified,,,,,,,,,,,peak_frequency,single,36.39,,,kHz,,,36.39,ok,
castro2024-1005663,1005663,Plecotus austriacus,exact,castro-2024,"Table 3, row 305",castro-2024-unstated,unspecified,,,,,,,,,,,bandwidth,single,18.98,,,kHz,,,18.98,ok,
castro2024-1005663,1005663,Plecotus austriacus,exact,castro-2024,"Table 3, row 305",castro-2024-unstated,unspecified,,,,,,,,,,,body_mass,single,6.75,,,g,,,6.75,ok,
castro2024-1005663,1005663,Plecotus austriacus,exact,castro-2024,"Table 3, row 305",castro-2024-unstated,unspecified,,,,,,,,,,,duration,single,2.94,,,ms,,,2.94,ok,
castro2024-1005663,1005663,Plecotus austriacus,exact,castro-2024,"Table 3, row 305",castro-2024-unstated,unspecified,,,,,,,,,,,emission,single,oral,,,,,,oral,ok,
castro2024-1005663,1005663,Plecotus austriacus,exact,castro-2024,"Table 3, row 305",castro-2024-unstated,unspecified,,,,,,,,,,,peak_frequency,single,29.66,,,kHz,,,29.66,ok,
castro2024-1005684,1005684,Scotophilus dinganii,exact,castro-2024,"Table 3, row 309",castro-2024-unstated,unspecified,,,,,,,,,,,bandwidth,single,28.7,,,kHz,,,28.7,ok,
castro2024-1005684,1005684,Scotophilus dinganii,exact,castro-2024,"Table 3, row 309",castro-2024-unstated,unspecified,,,,,,,,,,,body_mass,single,25.12,,,g,,,25.12,ok,
castro2024-1005684,1005684,Scotophilus dinganii,exact,castro-2024,"Table 3, row 309",castro-2024-unstated,unspecified,,,,,,,,,,,duration,single,5.9,,,ms,,,5.9,ok,
castro2024-1005684,1005684,Scotophilus dinganii,exact,castro-2024,"Table 3, row 309",castro-2024-unstated,unspecified,,,,,,,,,,,emission,single,oral,,,,,,oral,ok,
castro2024-1005684,1005684,Scotophilus dinganii,exact,castro-2024,"Table 3, row 309",castro-2024-unstated,unspecified,,,,,,,,,,,peak_frequency,single,36.38,,,kHz,,,36.38,ok,
castro2024-1005688,1005688,Scotophilus leucogaster,exact,castro-2024,"Table 3, row 310",castro-2024-unstated,unspecified,,,,,,,,,,,bandwidth,single,47.83,,,kHz,,,47.83,ok,
castro2024-1005688,1005688,Scotophilus leucogaster,exact,castro-2024,"Table 3, row 310",castro-2024-unstated,unspecified,,,,,,,,,,,body_mass,single,20.24,,,g,,,20.24,ok,
castro2024-1005688,1005688,Scotophilus leucogaster,exact,castro-2024,"Table 3, row 310",castro-2024-unstated,unspecified,,,,,,,,,,,duration,single,1.73,,,ms,,,1.73,ok,
castro2024-1005688,1005688,Scotophilus leucogaster,exact,castro-2024,"Table 3, row 310",castro-2024-unstated,unspecified,,,,,,,,,,,emission,single,oral,,,,,,oral,ok,
castro2024-1005688,1005688,Scotophilus leucogaster,exact,castro-2024,"Table 3, row 310",castro-2024-unstated,unspecified,,,,,,,,,,,peak_frequency,single,46.27,,,kHz,,,46.27,ok,
castro2024-1005691,1005691,Scotophilus nigrita,exact,castro-2024,"Table 3, row 311",castro-2024-unstated,unspecified,,,,,,,,,,,bandwidth,single,31.21,,,kHz,,,31.21,ok,
castro2024-1005691,1005691,Scotophilus nigrita,exact,castro-2024,"Table 3, row 311",castro-2024-unstated,unspecified,,,,,,,,,,,body_mass,single,27.34,,,g,,,27.34,ok,
castro2024-1005691,1005691,Scotophilus nigrita,exact,castro-2024,"Table 3, row 311",castro-2024-unstated,unspecified,,,,,,,,,,,duration,single,3.92,,,ms,,,3.92,ok,
castro2024-1005691,1005691,Scotophilus nigrita,exact,castro-2024,"Table 3, row 311",castro-2024-unstated,unspecified,,,,,,,,,,,emission,single,oral,,,,,,oral,ok,
castro2024-1005691,1005691,Scotophilus nigrita,exact,castro-2024,"Table 3, row 311",castro-2024-unstated,unspecified,,,,,,,,,,,peak_frequency,single,32.85,,,kHz,,,32.85,ok,
castro2024-1005695,1005695,Scotophilus robustus,exact,castro-2024,"Table 3, row 312",castro-2024-unstated,unspecified,,,,,,,,,,,bandwidth,single,19.38,,,kHz,,,19.38,ok,
castro2024-1005695,1005695,Scotophilus robustus,exact,castro-2024,"Table 3, row 312",castro-2024-unstated,unspecified,,,,,,,,,,,body_mass,single,60.1,,,g,,,60.1,ok,
castro2024-1005695,1005695,Scotophilus robustus,exact,castro-2024,"Table 3, row 312",castro-2024-unstated,unspecified,,,,,,,,,,,duration,single,4.24,,,ms,,,4.24,ok,
castro2024-1005695,1005695,Scotophilus robustus,exact,castro-2024,"Table 3, row 312",castro-2024-unstated,unspecified,,,,,,,,,,,emission,single,oral,,,,,,oral,ok,
castro2024-1005695,1005695,Scotophilus robustus,exact,castro-2024,"Table 3, row 312",castro-2024-unstated,unspecified,,,,,,,,,,,peak_frequency,single,36.54,,,kHz,,,36.54,ok,
castro2024-1005698,1005698,Scotophilus viridis,exact,castro-2024,"Table 3, row 313",castro-2024-unstated,unspecified,,,,,,,,,,,bandwidth,single,28.94,,,kHz,,,28.94,ok,
castro2024-1005698,1005698,Scotophilus viridis,exact,castro-2024,"Table 3, row 313",castro-2024-unstated,unspecified,,,,,,,,,,,body_mass,single,19.81,,,g,,,19.81,ok,
castro2024-1005698,1005698,Scotophilus viridis,exact,castro-2024,"Table 3, row 313",castro-2024-unstated,unspecified,,,,,,,,,,,duration,single,3.67,,,ms,,,3.67,ok,
castro2024-1005698,1005698,Scotophilus viridis,exact,castro-2024,"Table 3, row 313",castro-2024-unstated,unspecified,,,,,,,,,,,emission,single,oral,,,,,,oral,ok,
castro2024-1005698,1005698,Scotophilus viridis,exact,castro-2024,"Table 3, row 313",castro-2024-unstated,unspecified,,,,,,,,,,,peak_frequency,single,40.1,,,kHz,,,40.1,ok,
castro2024-1005700,1005700,Afronycteris nanus,exact,castro-2024,"Table 3, row 279",castro-2024-unstated,unspecified,,,,,,,,,,,bandwidth,single,22.58,,,kHz,,,22.58,ok,
castro2024-1005700,1005700,Afronycteris nanus,exact,castro-2024,"Table 3, row 279",castro-2024-unstated,unspecified,,,,,,,,,,,body_mass,single,3.88,,,g,,,3.88,ok,
castro2024-1005700,1005700,Afronycteris nanus,exact,castro-2024,"Table 3, row 279",castro-2024-unstated,unspecified,,,,,,,,,,,duration,single,4.63,,,ms,,,4.63,ok,
castro2024-1005700,1005700,Afronycteris nanus,exact,castro-2024,"Table 3, row 279",castro-2024-unstated,unspecified,,,,,,,,,,,emission,single,oral,,,,,,oral,ok,
castro2024-1005700,1005700,Afronycteris nanus,exact,castro-2024,"Table 3, row 279",castro-2024-unstated,unspecified,,,,,,,,,,,peak_frequency,single,69.41,,,kHz,,,69.41,ok,
castro2024-1005703,1005703,Chalinolobus dwyeri,exact,castro-2024,"Table 3, row 199",castro-2024-unstated,unspecified,,,,,,,,,,,bandwidth,single,15.35,,,kHz,,,15.35,ok,
castro2024-1005703,1005703,Chalinolobus dwyeri,exact,castro-2024,"Table 3, row 199",castro-2024-unstated,unspecified,,,,,,,,,,,body_mass,single,8.74,,,g,,,8.74,ok,
castro2024-1005703,1005703,Chalinolobus dwyeri,exact,castro-2024,"Table 3, row 199",castro-2024-unstated,unspecified,,,,,,,,,,,duration,single,6.5,,,ms,,,6.5,ok,
castro2024-1005703,1005703,Chalinolobus dwyeri,exact,castro-2024,"Table 3, row 199",castro-2024-unstated,unspecified,,,,,,,,,,,emission,single,oral,,,,,,oral,ok,
castro2024-1005703,1005703,Chalinolobus dwyeri,exact,castro-2024,"Table 3, row 199",castro-2024-unstated,unspecified,,,,,,,,,,,peak_frequency,single,24.44,,,kHz,,,24.44,ok,
castro2024-1005704,1005704,Chalinolobus gouldii,exact,castro-2024,"Table 3, row 200",castro-2024-unstated,unspecified,,,,,,,,,,,bandwidth,single,18.27,,,kHz,,,18.27,ok,
castro2024-1005704,1005704,Chalinolobus gouldii,exact,castro-2024,"Table 3, row 200",castro-2024-unstated,unspecified,,,,,,,,,,,body_mass,single,14.24,,,g,,,14.24,ok,
castro2024-1005704,1005704,Chalinolobus gouldii,exact,castro-2024,"Table 3, row 200",castro-2024-unstated,unspecified,,,,,,,,,,,duration,single,9.19,,,ms,,,9.19,ok,
castro2024-1005704,1005704,Chalinolobus gouldii,exact,castro-2024,"Table 3, row 200",castro-2024-unstated,unspecified,,,,,,,,,,,emission,single,oral,,,,,,oral,ok,
castro2024-1005704,1005704,Chalinolobus gouldii,exact,castro-2024,"Table 3, row 200",castro-2024-unstated,unspecified,,,,,,,,,,,peak_frequency,single,29.39,,,kHz,,,29.39,ok,
castro2024-1005705,1005705,Chalinolobus morio,exact,castro-2024,"Table 3, row 201",castro-2024-unstated,unspecified,,,,,,,,,,,bandwidth,single,23.69,,,kHz,,,23.69,ok,
castro2024-1005705,1005705,Chalinolobus morio,exact,castro-2024,"Table 3, row 201",castro-2024-unstated,unspecified,,,,,,,,,,,body_mass,single,8.91,,,g,,,8.91,ok,
castro2024-1005705,1005705,Chalinolobus morio,exact,castro-2024,"Table 3, row 201",castro-2024-unstated,unspecified,,,,,,,,,,,duration,single,5.35,,,ms,,,5.35,ok,
castro2024-1005705,1005705,Chalinolobus morio,exact,castro-2024,"Table 3, row 201",castro-2024-unstated,unspecified,,,,,,,,,,,emission,single,oral,,,,,,oral,ok,
castro2024-1005705,1005705,Chalinolobus morio,exact,castro-2024,"Table 3, row 201",castro-2024-unstated,unspecified,,,,,,,,,,,peak_frequency,single,52.92,,,kHz,,,52.92,ok,
castro2024-1005708,1005708,Chalinolobus picatus,exact,castro-2024,"Table 3, row 202",castro-2024-unstated,unspecified,,,,,,,,,,,bandwidth,single,12,,,kHz,,,12,ok,
castro2024-1005708,1005708,Chalinolobus picatus,exact,castro-2024,"Table 3, row 202",castro-2024-unstated,unspecified,,,,,,,,,,,body_mass,single,5.86,,,g,,,5.86,ok,
castro2024-1005708,1005708,Chalinolobus picatus,exact,castro-2024,"Table 3, row 202",castro-2024-unstated,unspecified,,,,,,,,,,,duration,single,6,,,ms,,,6,ok,
castro2024-1005708,1005708,Chalinolobus picatus,exact,castro-2024,"Table 3, row 202",castro-2024-unstated,unspecified,,,,,,,,,,,emission,single,oral,,,,,,oral,ok,
castro2024-1005708,1005708,Chalinolobus picatus,exact,castro-2024,"Table 3, row 202",castro-2024-unstated,unspecified,,,,,,,,,,,peak_frequency,single,40,,,kHz,,,40,ok,
castro2024-1005709,1005709,Chalinolobus tuberculatus,exact,castro-2024,"Table 3, row 203",castro-2024-unstated,unspecified,,,,,,,,,,,bandwidth,single,22.9,,,kHz,,,22.9,ok,
castro2024-1005709,1005709,Chalinolobus tuberculatus,exact,castro-2024,"Table 3, row 203",castro-2024-unstated,unspecified,,,,,,,,,,,body_mass,single,10.46,,,g,,,10.46,ok,
castro2024-1005709,1005709,Chalinolobus tuberculatus,exact,castro-2024,"Table 3, row 203",castro-2024-unstated,unspecified,,,,,,,,,,,duration,single,6.54,,,ms,,,6.54,ok,
castro2024-1005709,1005709,Chalinolobus tuberculatus,exact,castro-2024,"Table 3, row 203",castro-2024-unstated,unspecified,,,,,,,,,,,emission,single,oral,,,,,,oral,ok,
castro2024-1005709,1005709,Chalinolobus tuberculatus,exact,castro-2024,"Table 3, row 203",castro-2024-unstated,unspecified,,,,,,,,,,,peak_frequency,single,40.47,,,kHz,,,40.47,ok,
castro2024-1005710,1005710,Falsistrellus mackenziei,exact,castro-2024,"Table 3, row 215",castro-2024-unstated,unspecified,,,,,,,,,,,bandwidth,single,35,,,kHz,,,35,ok,
castro2024-1005710,1005710,Falsistrellus mackenziei,exact,castro-2024,"Table 3, row 215",castro-2024-unstated,unspecified,,,,,,,,,,,body_mass,single,23,,,g,,,23,ok,
castro2024-1005710,1005710,Falsistrellus mackenziei,exact,castro-2024,"Table 3, row 215",castro-2024-unstated,unspecified,,,,,,,,,,,duration,single,5,,,ms,,,5,ok,
castro2024-1005710,1005710,Falsistrellus mackenziei,exact,castro-2024,"Table 3, row 215",castro-2024-unstated,unspecified,,,,,,,,,,,emission,single,oral,,,,,,oral,ok,
castro2024-1005710,1005710,Falsistrellus mackenziei,exact,castro-2024,"Table 3, row 215",castro-2024-unstated,unspecified,,,,,,,,,,,peak_frequency,single,40,,,kHz,,,40,ok,
castro2024-1005711,1005711,Falsistrellus tasmaniensis,exact,castro-2024,"Table 3, row 216",castro-2024-unstated,unspecified,,,,,,,,,,,bandwidth,single,35,,,kHz,,,35,ok,
castro2024-1005711,1005711,Falsistrellus tasmaniensis,exact,castro-2024,"Table 3, row 216",castro-2024-unstated,unspecified,,,,,,,,,,,body_mass,single,22.54,,,g,,,22.54,ok,
castro2024-1005711,1005711,Falsistrellus tasmaniensis,exact,castro-2024,"Table 3, row 216",castro-2024-unstated,unspecified,,,,,,,,,,,duration,single,6,,,ms,,,6,ok,
castro2024-1005711,1005711,Falsistrellus tasmaniensis,exact,castro-2024,"Table 3, row 216",castro-2024-unstated,unspecified,,,,,,,,,,,emission,single,oral,,,,,,oral,ok,
castro2024-1005711,1005711,Falsistrellus tasmaniensis,exact,castro-2024,"Table 3, row 216",castro-2024-unstated,unspecified,,,,,,,,,,,peak_frequency,single,36,,,kHz,,,36,ok,
castro2024-1005715,1005715,Hypsugo ariel,exact,castro-2024,"Table 3, row 219",castro-2024-unstated,unspecified,,,,,,,,,,,bandwidth,single,16.14,,,kHz,,,16.14,ok,
castro2024-1005715,1005715,Hypsugo ariel,exact,castro-2024,"Table 3, row 219",castro-2024-unstated,unspecified,,,,,,,,,,,body_mass,single,4.07,,,g,,,4.07,ok,
castro2024-1005715,1005715,Hypsugo ariel,exact,castro-2024,"Table 3, row 219",castro-2024-unstated,unspecified,,,,,,,,,,,duration,single,1.96,,,ms,,,1.96,ok,
castro2024-1005715,1005715,Hypsugo ariel,exact,castro-2024,"Table 3, row 219",castro-2024-unstated,unspecified,,,,,,,,,,,emission,single,oral,,,,,,oral,ok,
castro2024-1005715,1005715,Hypsugo ariel,exact,castro-2024,"Table 3, row 219",castro-2024-unstated,unspecified,,,,,,,,,,,peak_frequency,single,45.47,,,kHz,,,45.47,ok,
castro2024-1005715-bodenheimeri,1005715,Hypsugo bodenheimeri,manual,castro-2024,"Table 3, row 220",castro-2024-unstated,unspecified,,,,,,,,,,,bandwidth,single,18.09,,,kHz,,,18.09,ok,Printed in the source as a separate species; the current taxonomy treats it as Hypsugo ariel.
castro2024-1005715-bodenheimeri,1005715,Hypsugo bodenheimeri,manual,castro-2024,"Table 3, row 220",castro-2024-unstated,unspecified,,,,,,,,,,,body_mass,single,2.73,,,g,,,2.73,ok,Printed in the source as a separate species; the current taxonomy treats it as Hypsugo ariel.
castro2024-1005715-bodenheimeri,1005715,Hypsugo bodenheimeri,manual,castro-2024,"Table 3, row 220",castro-2024-unstated,unspecified,,,,,,,,,,,duration,single,3.97,,,ms,,,3.97,ok,Printed in the source as a separate species; the current taxonomy treats it as Hypsugo ariel.
castro2024-1005715-bodenheimeri,1005715,Hypsugo bodenheimeri,manual,castro-2024,"Table 3, row 220",castro-2024-unstated,unspecified,,,,,,,,,,,emission,single,oral,,,,,,oral,ok,Printed in the source as a separate species; the current taxonomy treats it as Hypsugo ariel.
castro2024-1005715-bodenheimeri,1005715,Hypsugo bodenheimeri,manual,castro-2024,"Table 3, row 220",castro-2024-unstated,unspecified,,,,,,,,,,,peak_frequency,single,46.91,,,kHz,,,46.91,ok,Printed in the source as a separate species; the current taxonomy treats it as Hypsugo ariel.
castro2024-1005727,1005727,Hypsugo savii,exact,castro-2024,"Table 3, row 221",castro-2024-unstated,unspecified,,,,,,,,,,,bandwidth,single,16.7,,,kHz,,,16.7,ok,
castro2024-1005727,1005727,Hypsugo savii,exact,castro-2024,"Table 3, row 221",castro-2024-unstated,unspecified,,,,,,,,,,,body_mass,single,6.3,,,g,,,6.3,ok,
castro2024-1005727,1005727,Hypsugo savii,exact,castro-2024,"Table 3, row 221",castro-2024-unstated,unspecified,,,,,,,,,,,duration,single,7.08,,,ms,,,7.08,ok,
castro2024-1005727,1005727,Hypsugo savii,exact,castro-2024,"Table 3, row 221",castro-2024-unstated,unspecified,,,,,,,,,,,emission,single,oral,,,,,,oral,ok,
castro2024-1005727,1005727,Hypsugo savii,exact,castro-2024,"Table 3, row 221",castro-2024-unstated,unspecified,,,,,,,,,,,peak_frequency,single,36.15,,,kHz,,,36.15,ok,
castro2024-1005729-botswanae,1005729,Laephotis botswanae,manual,castro-2024,"Table 3, row 230",castro-2024-unstated,unspecified,,,,,,,,,,,bandwidth,single,22,,,kHz,,,22,ok,Printed in the source as a separate species; the current taxonomy treats it as Laephotis angolensis.
castro2024-1005729-botswanae,1005729,Laephotis botswanae,manual,castro-2024,"Table 3, row 230",castro-2024-unstated,unspecified,,,,,,,,,,,body_mass,single,7.28,,,g,,,7.28,ok,Printed in the source as a separate species; the current taxonomy treats it as Laephotis angolensis.
castro2024-1005729-botswanae,1005729,Laephotis botswanae,manual,castro-2024,"Table 3, row 230",castro-2024-unstated,unspecified,,,,,,,,,,,duration,single,5,,,ms,,,5,ok,Printed in the source as a separate species; the current taxonomy treats it as Laephotis angolensis.
castro2024-1005729-botswanae,1005729,Laephotis botswanae,manual,castro-2024,"Table 3, row 230",castro-2024-unstated,unspecified,,,,,,,,,,,emission,single,oral,,,,,,oral,ok,Printed in the source as a separate species; the current taxonomy treats it as Laephotis angolensis.
castro2024-1005729-botswanae,1005729,Laephotis botswanae,manual,castro-2024,"Table 3, row 230",castro-2024-unstated,unspecified,,,,,,,,,,,peak_frequency,single,33,,,kHz,,,33,ok,Printed in the source as a separate species; the current taxonomy treats it as Laephotis angolensis.
castro2024-1005731,1005731,Laephotis capensis,exact,castro-2024,"Table 3, row 278",castro-2024-unstated,unspecified,,,,,,,,,,,bandwidth,single,33.78,,,kHz,,,33.78,ok,
castro2024-1005731,1005731,Laephotis capensis,exact,castro-2024,"Table 3, row 278",castro-2024-unstated,unspecified,,,,,,,,,,,body_mass,single,5.96,,,g,,,5.96,ok,
castro2024-1005731,1005731,Laephotis capensis,exact,castro-2024,"Table 3, row 278",castro-2024-unstated,unspecified,,,,,,,,,,,duration,single,3.81,,,ms,,,3.81,ok,
castro2024-1005731,1005731,Laephotis capensis,exact,castro-2024,"Table 3, row 278",castro-2024-unstated,unspecified,,,,,,,,,,,emission,single,oral,,,,,,oral,ok,
castro2024-1005731,1005731,Laephotis capensis,exact,castro-2024,"Table 3, row 278",castro-2024-unstated,unspecified,,,,,,,,,,,peak_frequency,single,40.91,,,kHz,,,40.91,ok,
castro2024-1005735,1005735,Laephotis namibensis,exact,castro-2024,"Table 3, row 231",castro-2024-unstated,unspecified,,,,,,,,,,,bandwidth,single,13.5,,,kHz,,,13.5,ok,
castro2024-1005735,1005735,Laephotis namibensis,exact,castro-2024,"Table 3, row 231",castro-2024-unstated,unspecified,,,,,,,,,,,body_mass,single,8.72,,,g,,,8.72,ok,
castro2024-1005735,1005735,Laephotis namibensis,exact,castro-2024,"Table 3, row 231",castro-2024-unstated,unspecified,,,,,,,,,,,duration,single,2.6,,,ms,,,2.6,ok,
castro2024-1005735,1005735,Laephotis namibensis,exact,castro-2024,"Table 3, row 231",castro-2024-unstated,unspecified,,,,,,,,,,,emission,single,oral,,,,,,oral,ok,
castro2024-1005735,1005735,Laephotis namibensis,exact,castro-2024,"Table 3, row 231",castro-2024-unstated,unspecified,,,,,,,,,,,peak_frequency,single,22,,,kHz,,,22,ok,
castro2024-1005738,1005738,Laephotis wintoni,exact,castro-2024,"Table 3, row 232",castro-2024-unstated,unspecified,,,,,,,,,,,bandwidth,single,5.85,,,kHz,,,5.85,ok,
castro2024-1005738,1005738,Laephotis wintoni,exact,castro-2024,"Table 3, row 232",castro-2024-unstated,unspecified,,,,,,,,,,,body_mass,single,6.1,,,g,,,6.1,ok,
castro2024-1005738,1005738,Laephotis wintoni,exact,castro-2024,"Table 3, row 232",castro-2024-unstated,unspecified,,,,,,,,,,,duration,single,10.95,,,ms,,,10.95,ok,
castro2024-1005738,1005738,Laephotis wintoni,exact,castro-2024,"Table 3, row 232",castro-2024-unstated,unspecified,,,,,,,,,,,emission,single,oral,,,,,,oral,ok,
castro2024-1005738,1005738,Laephotis wintoni,exact,castro-2024,"Table 3, row 232",castro-2024-unstated,unspecified,,,,,,,,,,,peak_frequency,single,23.08,,,kHz,,,23.08,ok,
castro2024-1005744,1005744,Neoromicia somalica,exact,castro-2024,"Table 3, row 280",castro-2024-unstated,unspecified,,,,,,,,,,,bandwidth,single,43.3,,,kHz,,,43.3,ok,
castro2024-1005744,1005744,Neoromicia somalica,exact,castro-2024,"Table 3, row 280",castro-2024-unstated,unspecified,,,,,,,,,,,body_mass,single,3.53,,,g,,,3.53,ok,
castro2024-1005744,1005744,Neoromicia somalica,exact,castro-2024,"Table 3, row 280",castro-2024-unstated,unspecified,,,,,,,,,,,duration,single,2.15,,,ms,,,2.15,ok,
castro2024-1005744,1005744,Neoromicia somalica,exact,castro-2024,"Table 3, row 280",castro-2024-unstated,unspecified,,,,,,,,,,,emission,single,oral,,,,,,oral,ok,
castro2024-1005744,1005744,Neoromicia somalica,exact,castro-2024,"Table 3, row 280",castro-2024-unstated,unspecified,,,,,,,,,,,peak_frequency,single,44.98,,,kHz,,,44.98,ok,
castro2024-1005745,1005745,Neoromicia zuluensis,exact,castro-2024,"Table 3, row 281",castro-2024-unstated,unspecified,,,,,,,,,,,bandwidth,single,41.14,,,kHz,,,41.14,ok,
castro2024-1005745,1005745,Neoromicia zuluensis,exact,castro-2024,"Table 3, row 281",castro-2024-unstated,unspecified,,,,,,,,,,,body_mass,single,4.14,,,g,,,4.14,ok,
castro2024-1005745,1005745,Neoromicia zuluensis,exact,castro-2024,"Table 3, row 281",castro-2024-unstated,unspecified,,,,,,,,,,,duration,single,3.06,,,ms,,,3.06,ok,
castro2024-1005745,1005745,Neoromicia zuluensis,exact,castro-2024,"Table 3, row 281",castro-2024-unstated,unspecified,,,,,,,,,,,emission,single,oral,,,,,,oral,ok,
castro2024-1005745,1005745,Neoromicia zuluensis,exact,castro-2024,"Table 3, row 281",castro-2024-unstated,unspecified,,,,,,,,,,,peak_frequency,single,44.89,,,kHz,,,44.89,ok,
castro2024-1005752,1005752,Nycticeinops schlieffenii,exact,castro-2024,"Table 3, row 286",castro-2024-unstated,unspecified,,,,,,,,,,,bandwidth,single,25.59,,,kHz,,,25.59,ok,
castro2024-1005752,1005752,Nycticeinops schlieffenii,exact,castro-2024,"Table 3, row 286",castro-2024-unstated,unspecified,,,,,,,,,,,body_mass,single,5.05,,,g,,,5.05,ok,
castro2024-1005752,1005752,Nycticeinops schlieffenii,exact,castro-2024,"Table 3, row 286",castro-2024-unstated,unspecified,,,,,,,,,,,duration,single,2.82,,,ms,,,2.82,ok,
castro2024-1005752,1005752,Nycticeinops schlieffenii,exact,castro-2024,"Table 3, row 286",castro-2024-unstated,unspecified,,,,,,,,,,,emission,single,oral,,,,,,oral,ok,
castro2024-1005752,1005752,Nycticeinops schlieffenii,exact,castro-2024,"Table 3, row 286",castro-2024-unstated,unspecified,,,,,,,,,,,peak_frequency,single,43.73,,,kHz,,,43.73,ok,
castro2024-1005753,1005753,Nyctophilus arnhemensis,exact,castro-2024,"Table 3, row 287",castro-2024-unstated,unspecified,,,,,,,,,,,bandwidth,single,35,,,kHz,,,35,ok,
castro2024-1005753,1005753,Nyctophilus arnhemensis,exact,castro-2024,"Table 3, row 287",castro-2024-unstated,unspecified,,,,,,,,,,,body_mass,single,6.83,,,g,,,6.83,ok,
castro2024-1005753,1005753,Nyctophilus arnhemensis,exact,castro-2024,"Table 3, row 287",castro-2024-unstated,unspecified,,,,,,,,,,,duration,single,3,,,ms,,,3,ok,
castro2024-1005753,1005753,Nyctophilus arnhemensis,exact,castro-2024,"Table 3, row 287",castro-2024-unstated,unspecified,,,,,,,,,,,emission,single,oral,,,,,,oral,ok,
castro2024-1005753,1005753,Nyctophilus arnhemensis,exact,castro-2024,"Table 3, row 287",castro-2024-unstated,unspecified,,,,,,,,,,,peak_frequency,single,51,,,kHz,,,51,ok,
castro2024-1005757,1005757,Nyctophilus geoffroyi,exact,castro-2024,"Table 3, row 288",castro-2024-unstated,unspecified,,,,,,,,,,,bandwidth,single,45.96,,,kHz,,,45.96,ok,
castro2024-1005757,1005757,Nyctophilus geoffroyi,exact,castro-2024,"Table 3, row 288",castro-2024-unstated,unspecified,,,,,,,,,,,body_mass,single,8.2,,,g,,,8.2,ok,
castro2024-1005757,1005757,Nyctophilus geoffroyi,exact,castro-2024,"Table 3, row 288",castro-2024-unstated,unspecified,,,,,,,,,,,duration,single,4.44,,,ms,,,4.44,ok,
castro2024-1005757,1005757,Nyctophilus geoffroyi,exact,castro-2024,"Table 3, row 288",castro-2024-unstated,unspecified,,,,,,,,,,,emission,single,oral,,,,,,oral,ok,
castro2024-1005757,1005757,Nyctophilus geoffroyi,exact,castro-2024,"Table 3, row 288",castro-2024-unstated,unspecified,,,,,,,,,,,peak_frequency,single,49.77,,,kHz,,,49.77,ok,
castro2024-1005767,1005767,Nyctophilus walkeri,exact,castro-2024,"Table 3, row 289",castro-2024-unstated,unspecified,,,,,,,,,,,bandwidth,single,26,,,kHz,,,26,ok,
castro2024-1005767,1005767,Nyctophilus walkeri,exact,castro-2024,"Table 3, row 289",castro-2024-unstated,unspecified,,,,,,,,,,,body_mass,single,4.44,,,g,,,4.44,ok,
castro2024-1005767,1005767,Nyctophilus walkeri,exact,castro-2024,"Table 3, row 289",castro-2024-unstated,unspecified,,,,,,,,,,,duration,single,5,,,ms,,,5,ok,
castro2024-1005767,1005767,Nyctophilus walkeri,exact,castro-2024,"Table 3, row 289",castro-2024-unstated,unspecified,,,,,,,,,,,emission,single,oral,,,,,,oral,ok,
castro2024-1005767,1005767,Nyctophilus walkeri,exact,castro-2024,"Table 3, row 289",castro-2024-unstated,unspecified,,,,,,,,,,,peak_frequency,single,56,,,kHz,,,56,ok,
castro2024-1005779,1005779,Tylonycteris pachypus,exact,castro-2024,"Table 3, row 318",castro-2024-unstated,unspecified,,,,,,,,,,,bandwidth,single,43.73,,,kHz,,,43.73,ok,
castro2024-1005779,1005779,Tylonycteris pachypus,exact,castro-2024,"Table 3, row 318",castro-2024-unstated,unspecified,,,,,,,,,,,body_mass,single,4.1,,,g,,,4.1,ok,
castro2024-1005779,1005779,Tylonycteris pachypus,exact,castro-2024,"Table 3, row 318",castro-2024-unstated,unspecified,,,,,,,,,,,duration,single,3.76,,,ms,,,3.76,ok,
castro2024-1005779,1005779,Tylonycteris pachypus,exact,castro-2024,"Table 3, row 318",castro-2024-unstated,unspecified,,,,,,,,,,,emission,single,oral,,,,,,oral,ok,
castro2024-1005779,1005779,Tylonycteris pachypus,exact,castro-2024,"Table 3, row 318",castro-2024-unstated,unspecified,,,,,,,,,,,peak_frequency,single,48.95,,,kHz,,,48.95,ok,
castro2024-1005781,1005781,Tylonycteris robustula,exact,castro-2024,"Table 3, row 319",castro-2024-unstated,unspecified,,,,,,,,,,,bandwidth,single,61,,,kHz,,,61,ok,
castro2024-1005781,1005781,Tylonycteris robustula,exact,castro-2024,"Table 3, row 319",castro-2024-unstated,unspecified,,,,,,,,,,,body_mass,single,7.98,,,g,,,7.98,ok,
castro2024-1005781,1005781,Tylonycteris robustula,exact,castro-2024,"Table 3, row 319",castro-2024-unstated,unspecified,,,,,,,,,,,duration,single,3.78,,,ms,,,3.78,ok,
castro2024-1005781,1005781,Tylonycteris robustula,exact,castro-2024,"Table 3, row 319",castro-2024-unstated,unspecified,,,,,,,,,,,emission,single,oral,,,,,,oral,ok,
castro2024-1005781,1005781,Tylonycteris robustula,exact,castro-2024,"Table 3, row 319",castro-2024-unstated,unspecified,,,,,,,,,,,peak_frequency,single,55,,,kHz,,,55,ok,
castro2024-1005783,1005783,Vespadelus baverstocki,exact,castro-2024,"Table 3, row 320",castro-2024-unstated,unspecified,,,,,,,,,,,bandwidth,single,18,,,kHz,,,18,ok,
castro2024-1005783,1005783,Vespadelus baverstocki,exact,castro-2024,"Table 3, row 320",castro-2024-unstated,unspecified,,,,,,,,,,,body_mass,single,4.3,,,g,,,4.3,ok,
castro2024-1005783,1005783,Vespadelus baverstocki,exact,castro-2024,"Table 3, row 320",castro-2024-unstated,unspecified,,,,,,,,,,,duration,single,4,,,ms,,,4,ok,
castro2024-1005783,1005783,Vespadelus baverstocki,exact,castro-2024,"Table 3, row 320",castro-2024-unstated,unspecified,,,,,,,,,,,emission,single,oral,,,,,,oral,ok,
castro2024-1005783,1005783,Vespadelus baverstocki,exact,castro-2024,"Table 3, row 320",castro-2024-unstated,unspecified,,,,,,,,,,,peak_frequency,single,47,,,kHz,,,47,ok,
castro2024-1005784,1005784,Vespadelus caurinus,exact,castro-2024,"Table 3, row 321",castro-2024-unstated,unspecified,,,,,,,,,,,bandwidth,single,23,,,kHz,,,23,ok,
castro2024-1005784,1005784,Vespadelus caurinus,exact,castro-2024,"Table 3, row 321",castro-2024-unstated,unspecified,,,,,,,,,,,body_mass,single,3.1,,,g,,,3.1,ok,
castro2024-1005784,1005784,Vespadelus caurinus,exact,castro-2024,"Table 3, row 321",castro-2024-unstated,unspecified,,,,,,,,,,,duration,single,5,,,ms,,,5,ok,
castro2024-1005784,1005784,Vespadelus caurinus,exact,castro-2024,"Table 3, row 321",castro-2024-unstated,unspecified,,,,,,,,,,,emission,single,oral,,,,,,oral,ok,
castro2024-1005784,1005784,Vespadelus caurinus,exact,castro-2024,"Table 3, row 321",castro-2024-unstated,unspecified,,,,,,,,,,,peak_frequency,single,59.6,,,kHz,,,59.6,ok,
castro2024-1005785,1005785,Vespadelus darlingtoni,exact,castro-2024,"Table 3, row 322",castro-2024-unstated,unspecified,,,,,,,,,,,bandwidth,single,18.6,,,kHz,,,18.6,ok,
castro2024-1005785,1005785,Vespadelus darlingtoni,exact,castro-2024,"Table 3, row 322",castro-2024-unstated,unspecified,,,,,,,,,,,body_mass,single,6.06,,,g,,,6.06,ok,
castro2024-1005785,1005785,Vespadelus darlingtoni,exact,castro-2024,"Table 3, row 322",castro-2024-unstated,unspecified,,,,,,,,,,,duration,single,5.02,,,ms,,,5.02,ok,
castro2024-1005785,1005785,Vespadelus darlingtoni,exact,castro-2024,"Table 3, row 322",castro-2024-unstated,unspecified,,,,,,,,,,,emission,single,oral,,,,,,oral,ok,
castro2024-1005785,1005785,Vespadelus darlingtoni,exact,castro-2024,"Table 3, row 322",castro-2024-unstated,unspecified,,,,,,,,,,,peak_frequency,single,45.71,,,kHz,,,45.71,ok,
castro2024-1005786,1005786,Vespadelus douglasorum,exact,castro-2024,"Table 3, row 323",castro-2024-unstated,unspecified,,,,,,,,,,,bandwidth,single,21,,,kHz,,,21,ok,
castro2024-1005786,1005786,Vespadelus douglasorum,exact,castro-2024,"Table 3, row 323",castro-2024-unstated,unspecified,,,,,,,,,,,body_mass,single,4.99,,,g,,,4.99,ok,
castro2024-1005786,1005786,Vespadelus douglasorum,exact,castro-2024,"Table 3, row 323",castro-2024-unstated,unspecified,,,,,,,,,,,duration,single,6,,,ms,,,6,ok,
castro2024-1005786,1005786,Vespadelus douglasorum,exact,castro-2024,"Table 3, row 323",castro-2024-unstated,unspecified,,,,,,,,,,,emission,single,oral,,,,,,oral,ok,
castro2024-1005786,1005786,Vespadelus douglasorum,exact,castro-2024,"Table 3, row 323",castro-2024-unstated,unspecified,,,,,,,,,,,peak_frequency,single,52.8,,,kHz,,,52.8,ok,
castro2024-1005787,1005787,Vespadelus finlaysoni,exact,castro-2024,"Table 3, row 324",castro-2024-unstated,unspecified,,,,,,,,,,,bandwidth,single,34,,,kHz,,,34,ok,
castro2024-1005787,1005787,Vespadelus finlaysoni,exact,castro-2024,"Table 3, row 324",castro-2024-unstated,unspecified,,,,,,,,,,,body_mass,single,4.3,,,g,,,4.3,ok,
castro2024-1005787,1005787,Vespadelus finlaysoni,exact,castro-2024,"Table 3, row 324",castro-2024-unstated,unspecified,,,,,,,,,,,duration,single,5,,,ms,,,5,ok,
castro2024-1005787,1005787,Vespadelus finlaysoni,exact,castro-2024,"Table 3, row 324",castro-2024-unstated,unspecified,,,,,,,,,,,emission,single,oral,,,,,,oral,ok,
castro2024-1005787,1005787,Vespadelus finlaysoni,exact,castro-2024,"Table 3, row 324",castro-2024-unstated,unspecified,,,,,,,,,,,peak_frequency,single,35,,,kHz,,,35,ok,
castro2024-1005789,1005789,Vespadelus regulus,exact,castro-2024,"Table 3, row 325",castro-2024-unstated,unspecified,,,,,,,,,,,bandwidth,single,19.45,,,kHz,,,19.45,ok,
castro2024-1005789,1005789,Vespadelus regulus,exact,castro-2024,"Table 3, row 325",castro-2024-unstated,unspecified,,,,,,,,,,,body_mass,single,5.05,,,g,,,5.05,ok,
castro2024-1005789,1005789,Vespadelus regulus,exact,castro-2024,"Table 3, row 325",castro-2024-unstated,unspecified,,,,,,,,,,,duration,single,6.4,,,ms,,,6.4,ok,
castro2024-1005789,1005789,Vespadelus regulus,exact,castro-2024,"Table 3, row 325",castro-2024-unstated,unspecified,,,,,,,,,,,emission,single,oral,,,,,,oral,ok,
castro2024-1005789,1005789,Vespadelus regulus,exact,castro-2024,"Table 3, row 325",castro-2024-unstated,unspecified,,,,,,,,,,,peak_frequency,single,48.62,,,kHz,,,48.62,ok,
castro2024-1005790,1005790,Vespadelus troughtoni,exact,castro-2024,"Table 3, row 326",castro-2024-unstated,unspecified,,,,,,,,,,,bandwidth,single,18,,,kHz,,,18,ok,
castro2024-1005790,1005790,Vespadelus troughtoni,exact,castro-2024,"Table 3, row 326",castro-2024-unstated,unspecified,,,,,,,,,,,body_mass,single,5.4,,,g,,,5.4,ok,
castro2024-1005790,1005790,Vespadelus troughtoni,exact,castro-2024,"Table 3, row 326",castro-2024-unstated,unspecified,,,,,,,,,,,duration,single,6,,,ms,,,6,ok,
castro2024-1005790,1005790,Vespadelus troughtoni,exact,castro-2024,"Table 3, row 326",castro-2024-unstated,unspecified,,,,,,,,,,,emission,single,oral,,,,,,oral,ok,
castro2024-1005790,1005790,Vespadelus troughtoni,exact,castro-2024,"Table 3, row 326",castro-2024-unstated,unspecified,,,,,,,,,,,peak_frequency,single,49,,,kHz,,,49,ok,
castro2024-1005791,1005791,Vespadelus vulturnus,exact,castro-2024,"Table 3, row 327",castro-2024-unstated,unspecified,,,,,,,,,,,bandwidth,single,31.28,,,kHz,,,31.28,ok,
castro2024-1005791,1005791,Vespadelus vulturnus,exact,castro-2024,"Table 3, row 327",castro-2024-unstated,unspecified,,,,,,,,,,,body_mass,single,3.77,,,g,,,3.77,ok,
castro2024-1005791,1005791,Vespadelus vulturnus,exact,castro-2024,"Table 3, row 327",castro-2024-unstated,unspecified,,,,,,,,,,,duration,single,4.61,,,ms,,,4.61,ok,
castro2024-1005791,1005791,Vespadelus vulturnus,exact,castro-2024,"Table 3, row 327",castro-2024-unstated,unspecified,,,,,,,,,,,emission,single,oral,,,,,,oral,ok,
castro2024-1005791,1005791,Vespadelus vulturnus,exact,castro-2024,"Table 3, row 327",castro-2024-unstated,unspecified,,,,,,,,,,,peak_frequency,single,51.38,,,kHz,,,51.38,ok,
castro2024-1005792,1005792,Vespertilio murinus,exact,castro-2024,"Table 3, row 328",castro-2024-unstated,unspecified,,,,,,,,,,,bandwidth,single,8.53,,,kHz,,,8.53,ok,
castro2024-1005792,1005792,Vespertilio murinus,exact,castro-2024,"Table 3, row 328",castro-2024-unstated,unspecified,,,,,,,,,,,body_mass,single,15.42,,,g,,,15.42,ok,
castro2024-1005792,1005792,Vespertilio murinus,exact,castro-2024,"Table 3, row 328",castro-2024-unstated,unspecified,,,,,,,,,,,duration,single,14.07,,,ms,,,14.07,ok,
castro2024-1005792,1005792,Vespertilio murinus,exact,castro-2024,"Table 3, row 328",castro-2024-unstated,unspecified,,,,,,,,,,,emission,single,oral,,,,,,oral,ok,
castro2024-1005792,1005792,Vespertilio murinus,exact,castro-2024,"Table 3, row 328",castro-2024-unstated,unspecified,,,,,,,,,,,peak_frequency,single,24.35,,,kHz,,,24.35,ok,
castro2024-1005793,1005793,Vespertilio sinensis,exact,castro-2024,"Table 3, row 329",castro-2024-unstated,unspecified,,,,,,,,,,,bandwidth,single,27.17,,,kHz,,,27.17,ok,
castro2024-1005793,1005793,Vespertilio sinensis,exact,castro-2024,"Table 3, row 329",castro-2024-unstated,unspecified,,,,,,,,,,,body_mass,single,24.3,,,g,,,24.3,ok,
castro2024-1005793,1005793,Vespertilio sinensis,exact,castro-2024,"Table 3, row 329",castro-2024-unstated,unspecified,,,,,,,,,,,duration,single,1.95,,,ms,,,1.95,ok,
castro2024-1005793,1005793,Vespertilio sinensis,exact,castro-2024,"Table 3, row 329",castro-2024-unstated,unspecified,,,,,,,,,,,emission,single,oral,,,,,,oral,ok,
castro2024-1005793,1005793,Vespertilio sinensis,exact,castro-2024,"Table 3, row 329",castro-2024-unstated,unspecified,,,,,,,,,,,peak_frequency,single,25.71,,,kHz,,,25.71,ok,
castro2024-1006834-guadeloupensis,1006834,Eptesicus guadeloupensis,manual,castro-2024,"Table 3, row 211",castro-2024-unstated,unspecified,,,,,,,,,,,bandwidth,single,13.82,,,kHz,,,13.82,ok,Printed in the source as a separate species; the current taxonomy treats it as Eptesicus dutertreus.
castro2024-1006834-guadeloupensis,1006834,Eptesicus guadeloupensis,manual,castro-2024,"Table 3, row 211",castro-2024-unstated,unspecified,,,,,,,,,,,body_mass,single,18.99,,,g,,,18.99,ok,Printed in the source as a separate species; the current taxonomy treats it as Eptesicus dutertreus.
castro2024-1006834-guadeloupensis,1006834,Eptesicus guadeloupensis,manual,castro-2024,"Table 3, row 211",castro-2024-unstated,unspecified,,,,,,,,,,,duration,single,6.73,,,ms,,,6.73,ok,Printed in the source as a separate species; the current taxonomy treats it as Eptesicus dutertreus.
castro2024-1006834-guadeloupensis,1006834,Eptesicus guadeloupensis,manual,castro-2024,"Table 3, row 211",castro-2024-unstated,unspecified,,,,,,,,,,,emission,single,oral,,,,,,oral,ok,Printed in the source as a separate species; the current taxonomy treats it as Eptesicus dutertreus.
castro2024-1006834-guadeloupensis,1006834,Eptesicus guadeloupensis,manual,castro-2024,"Table 3, row 211",castro-2024-unstated,unspecified,,,,,,,,,,,peak_frequency,single,26.98,,,kHz,,,26.98,ok,Printed in the source as a separate species; the current taxonomy treats it as Eptesicus dutertreus.
