observation_id,mdd_id,verbatim_taxon_name,taxon_match_method,reference_id,locator,method_id,call_phase,call_variant,variant_label,signal_direction,recording_condition,habitat_class,country,locality,date_or_season,n_individuals,n_calls,parameter,statistic,value,value_min,value_max,unit,dispersion_type,dispersion_value,verbatim_value,quality_flag,notes
collen2012-1004539,1004539,Rousettus aegyptiacus,exact,collen-2012,"Appendix F, pp. 337-392",collen-2012-sonobat,unspecified,,,,,,,,,,,call_shape_class,single,2,,,,,,2,ok,
collen2012-1004539,1004539,Rousettus aegyptiacus,exact,collen-2012,"Appendix F, pp. 337-392",collen-2012-sonobat,unspecified,,,,,,,,,,,signal_type,single,broadband_click,,,,,,2,ok,"Read from Collen's call-shape class, whose definition states this directly."
collen2012-1004540,1004540,Rousettus amplexicaudatus,exact,collen-2012,"Appendix F, pp. 337-392",collen-2012-sonobat,unspecified,,,,,,,,,,,call_shape_class,single,2,,,,,,2,ok,
collen2012-1004540,1004540,Rousettus amplexicaudatus,exact,collen-2012,"Appendix F, pp. 337-392",collen-2012-sonobat,unspecified,,,,,,,,,,,signal_type,single,broadband_click,,,,,,2,ok,"Read from Collen's call-shape class, whose definition states this directly."
collen2012-1004546,1004546,Rousettus spinalatus,exact,collen-2012,"Appendix F, pp. 337-392",collen-2012-sonobat,unspecified,,,,,,,,,,,call_shape_class,single,2,,,,,,2,ok,
collen2012-1004546,1004546,Rousettus spinalatus,exact,collen-2012,"Appendix F, pp. 337-392",collen-2012-sonobat,unspecified,,,,,,,,,,,signal_type,single,broadband_click,,,,,,2,ok,"Read from Collen's call-shape class, whose definition states this directly."
collen2012-1004554,1004554,Craseonycteris thonglongyai,exact,collen-2012,"Appendix F, pp. 337-392",collen-2012-sonobat,unspecified,,,,,,,,,,,bandwidth,species_summary,6.64,,,kHz,,,6.64,ok,
collen2012-1004554,1004554,Craseonycteris thonglongyai,exact,collen-2012,"Appendix F, pp. 337-392",collen-2012-sonobat,unspecified,,,,,,,,,,,body_mass,species_summary,1.96,,,g,,,1.96,ok,
collen2012-1004554,1004554,Craseonycteris thonglongyai,exact,collen-2012,"Appendix F, pp. 337-392",collen-2012-sonobat,unspecified,,,,,,,,,,,call_shape_class,single,6,,,,,,6,ok,
collen2012-1004554,1004554,Craseonycteris thonglongyai,exact,collen-2012,"Appendix F, pp. 337-392",collen-2012-sonobat,unspecified,,,,,,,,,,,dominant_slope,species_summary,0.82,,,kHz/msec,,,0.82,ok,
collen2012-1004554,1004554,Craseonycteris thonglongyai,exact,collen-2012,"Appendix F, pp. 337-392",collen-2012-sonobat,unspecified,,,,,,,,,,,duration,species_summary,3.48,,,ms,,,3.48,ok,
collen2012-1004554,1004554,Craseonycteris thonglongyai,exact,collen-2012,"Appendix F, pp. 337-392",collen-2012-sonobat,unspecified,,,,,,,,,,,max_frequency,species_summary,78.32,,,kHz,,,78.32,ok,
collen2012-1004554,1004554,Craseonycteris thonglongyai,exact,collen-2012,"Appendix F, pp. 337-392",collen-2012-sonobat,unspecified,,,,,,,,,,,min_frequency,species_summary,71.67,,,kHz,,,71.67,ok,
collen2012-1004554,1004554,Craseonycteris thonglongyai,exact,collen-2012,"Appendix F, pp. 337-392",collen-2012-sonobat,unspecified,,,,,,,,,,,peak_frequency,species_summary,78.17,,,kHz,,,78.17,ok,
collen2012-1004554,1004554,Craseonycteris thonglongyai,exact,collen-2012,"Appendix F, pp. 337-392",collen-2012-sonobat,unspecified,,,,,,,,,,,total_slope,species_summary,0.92,,,kHz/msec,,,0.92,ok,
collen2012-1004559,1004559,Asellia tridens,exact,collen-2012,"Appendix F, pp. 337-392",collen-2012-sonobat,unspecified,,,,,,,,,,,bandwidth,species_summary,21.46,,,kHz,,,21.46,ok,
collen2012-1004559,1004559,Asellia tridens,exact,collen-2012,"Appendix F, pp. 337-392",collen-2012-sonobat,unspecified,,,,,,,,,,,body_mass,species_summary,12.94,,,g,,,12.94,ok,
collen2012-1004559,1004559,Asellia tridens,exact,collen-2012,"Appendix F, pp. 337-392",collen-2012-sonobat,unspecified,,,,,,,,,,,call_shape_class,single,13,,,,,,13,ok,
collen2012-1004559,1004559,Asellia tridens,exact,collen-2012,"Appendix F, pp. 337-392",collen-2012-sonobat,unspecified,,,,,,,,,,,dominant_slope,species_summary,0.39,,,kHz/msec,,,0.39,ok,
collen2012-1004559,1004559,Asellia tridens,exact,collen-2012,"Appendix F, pp. 337-392",collen-2012-sonobat,unspecified,,,,,,,,,,,duration,species_summary,5.57,,,ms,,,5.57,ok,
collen2012-1004559,1004559,Asellia tridens,exact,collen-2012,"Appendix F, pp. 337-392",collen-2012-sonobat,unspecified,,,,,,,,,,,max_frequency,species_summary,117.46,,,kHz,,,117.46,ok,
collen2012-1004559,1004559,Asellia tridens,exact,collen-2012,"Appendix F, pp. 337-392",collen-2012-sonobat,unspecified,,,,,,,,,,,min_frequency,species_summary,96.09,,,kHz,,,96.09,ok,
collen2012-1004559,1004559,Asellia tridens,exact,collen-2012,"Appendix F, pp. 337-392",collen-2012-sonobat,unspecified,,,,,,,,,,,peak_frequency,species_summary,114.22,,,kHz,,,114.22,ok,
collen2012-1004559,1004559,Asellia tridens,exact,collen-2012,"Appendix F, pp. 337-392",collen-2012-sonobat,unspecified,,,,,,,,,,,total_slope,species_summary,1.22,,,kHz/msec,,,1.22,ok,
collen2012-1004561,1004561,Aselliscus stoliczkanus,exact,collen-2012,"Appendix F, pp. 337-392",collen-2012-sonobat,unspecified,,,,,,,,,,,bandwidth,species_summary,13.34,,,kHz,,,13.34,ok,
collen2012-1004561,1004561,Aselliscus stoliczkanus,exact,collen-2012,"Appendix F, pp. 337-392",collen-2012-sonobat,unspecified,,,,,,,,,,,body_mass,species_summary,6.09,,,g,,,6.09,ok,
collen2012-1004561,1004561,Aselliscus stoliczkanus,exact,collen-2012,"Appendix F, pp. 337-392",collen-2012-sonobat,unspecified,,,,,,,,,,,call_shape_class,single,13,,,,,,13,ok,
collen2012-1004561,1004561,Aselliscus stoliczkanus,exact,collen-2012,"Appendix F, pp. 337-392",collen-2012-sonobat,unspecified,,,,,,,,,,,dominant_slope,species_summary,0.19,,,kHz/msec,,,0.19,ok,
collen2012-1004561,1004561,Aselliscus stoliczkanus,exact,collen-2012,"Appendix F, pp. 337-392",collen-2012-sonobat,unspecified,,,,,,,,,,,duration,species_summary,3.55,,,ms,,,3.55,ok,
collen2012-1004561,1004561,Aselliscus stoliczkanus,exact,collen-2012,"Appendix F, pp. 337-392",collen-2012-sonobat,unspecified,,,,,,,,,,,max_frequency,species_summary,127.61,,,kHz,,,127.61,ok,
collen2012-1004561,1004561,Aselliscus stoliczkanus,exact,collen-2012,"Appendix F, pp. 337-392",collen-2012-sonobat,unspecified,,,,,,,,,,,min_frequency,species_summary,114.25,,,kHz,,,114.25,ok,
collen2012-1004561,1004561,Aselliscus stoliczkanus,exact,collen-2012,"Appendix F, pp. 337-392",collen-2012-sonobat,unspecified,,,,,,,,,,,peak_frequency,species_summary,127.19,,,kHz,,,127.19,ok,
collen2012-1004561,1004561,Aselliscus stoliczkanus,exact,collen-2012,"Appendix F, pp. 337-392",collen-2012-sonobat,unspecified,,,,,,,,,,,total_slope,species_summary,0.17,,,kHz/msec,,,0.17,ok,
collen2012-1004562,1004562,Aselliscus tricuspidatus,exact,collen-2012,"Appendix F, pp. 337-392",collen-2012-sonobat,unspecified,,,,,,,,,,,bandwidth,species_summary,12.81,,,kHz,,,12.81,ok,
collen2012-1004562,1004562,Aselliscus tricuspidatus,exact,collen-2012,"Appendix F, pp. 337-392",collen-2012-sonobat,unspecified,,,,,,,,,,,body_mass,species_summary,4.08,,,g,,,4.08,ok,
collen2012-1004562,1004562,Aselliscus tricuspidatus,exact,collen-2012,"Appendix F, pp. 337-392",collen-2012-sonobat,unspecified,,,,,,,,,,,call_shape_class,single,13,,,,,,13,ok,
collen2012-1004562,1004562,Aselliscus tricuspidatus,exact,collen-2012,"Appendix F, pp. 337-392",collen-2012-sonobat,unspecified,,,,,,,,,,,dominant_slope,species_summary,0.08,,,kHz/msec,,,0.08,ok,
collen2012-1004562,1004562,Aselliscus tricuspidatus,exact,collen-2012,"Appendix F, pp. 337-392",collen-2012-sonobat,unspecified,,,,,,,,,,,duration,species_summary,3.31,,,ms,,,3.31,ok,
collen2012-1004562,1004562,Aselliscus tricuspidatus,exact,collen-2012,"Appendix F, pp. 337-392",collen-2012-sonobat,unspecified,,,,,,,,,,,max_frequency,species_summary,112.99,,,kHz,,,112.99,ok,
collen2012-1004562,1004562,Aselliscus tricuspidatus,exact,collen-2012,"Appendix F, pp. 337-392",collen-2012-sonobat,unspecified,,,,,,,,,,,min_frequency,species_summary,100.10,,,kHz,,,100.10,ok,
collen2012-1004562,1004562,Aselliscus tricuspidatus,exact,collen-2012,"Appendix F, pp. 337-392",collen-2012-sonobat,unspecified,,,,,,,,,,,peak_frequency,species_summary,112.82,,,kHz,,,112.82,ok,
collen2012-1004562,1004562,Aselliscus tricuspidatus,exact,collen-2012,"Appendix F, pp. 337-392",collen-2012-sonobat,unspecified,,,,,,,,,,,total_slope,species_summary,0.20,,,kHz/msec,,,0.20,ok,
collen2012-1004563,1004563,Coelops frithii,exact,collen-2012,"Appendix F, pp. 337-392",collen-2012-sonobat,unspecified,,,,,,,,,,,body_mass,species_summary,7.52,,,g,,,7.52,ok,
collen2012-1004563,1004563,Coelops frithii,exact,collen-2012,"Appendix F, pp. 337-392",collen-2012-sonobat,unspecified,,,,,,,,,,,call_shape_class,single,13,,,,,,13,ok,
collen2012-1004563,1004563,Coelops frithii,exact,collen-2012,"Appendix F, pp. 337-392",collen-2012-sonobat,unspecified,,,,,,,,,,,peak_frequency,species_summary,141.00,,,kHz,,,141.00,ok,
collen2012-1004571,1004571,Hipposideros semoni,exact,collen-2012,"Appendix F, pp. 337-392",collen-2012-sonobat,unspecified,,,,,,,,,,,bandwidth,species_summary,7.13,,,kHz,,,7.13,ok,
collen2012-1004571,1004571,Hipposideros semoni,exact,collen-2012,"Appendix F, pp. 337-392",collen-2012-sonobat,unspecified,,,,,,,,,,,body_mass,species_summary,14.00,,,g,,,14.00,ok,
collen2012-1004571,1004571,Hipposideros semoni,exact,collen-2012,"Appendix F, pp. 337-392",collen-2012-sonobat,unspecified,,,,,,,,,,,call_shape_class,single,12,,,,,,12,ok,
collen2012-1004571,1004571,Hipposideros semoni,exact,collen-2012,"Appendix F, pp. 337-392",collen-2012-sonobat,unspecified,,,,,,,,,,,dominant_slope,species_summary,0.00,,,kHz/msec,,,0.00,ok,
collen2012-1004571,1004571,Hipposideros semoni,exact,collen-2012,"Appendix F, pp. 337-392",collen-2012-sonobat,unspecified,,,,,,,,,,,duration,species_summary,51.43,,,ms,,,51.43,ok,
collen2012-1004571,1004571,Hipposideros semoni,exact,collen-2012,"Appendix F, pp. 337-392",collen-2012-sonobat,unspecified,,,,,,,,,,,max_frequency,species_summary,67.50,,,kHz,,,67.50,ok,
collen2012-1004571,1004571,Hipposideros semoni,exact,collen-2012,"Appendix F, pp. 337-392",collen-2012-sonobat,unspecified,,,,,,,,,,,min_frequency,species_summary,60.39,,,kHz,,,60.39,ok,
collen2012-1004571,1004571,Hipposideros semoni,exact,collen-2012,"Appendix F, pp. 337-392",collen-2012-sonobat,unspecified,,,,,,,,,,,peak_frequency,species_summary,67.46,,,kHz,,,67.46,ok,
collen2012-1004571,1004571,Hipposideros semoni,exact,collen-2012,"Appendix F, pp. 337-392",collen-2012-sonobat,unspecified,,,,,,,,,,,total_slope,species_summary,0.00,,,kHz/msec,,,0.00,ok,
collen2012-1004572,1004572,Hipposideros stenotis,exact,collen-2012,"Appendix F, pp. 337-392",collen-2012-sonobat,unspecified,,,,,,,,,,,bandwidth,species_summary,5.00,,,kHz,,,5.00,ok,
collen2012-1004572,1004572,Hipposideros stenotis,exact,collen-2012,"Appendix F, pp. 337-392",collen-2012-sonobat,unspecified,,,,,,,,,,,body_mass,species_summary,12,,,g,,,12,ok,
collen2012-1004572,1004572,Hipposideros stenotis,exact,collen-2012,"Appendix F, pp. 337-392",collen-2012-sonobat,unspecified,,,,,,,,,,,call_shape_class,single,12,,,,,,12,ok,
collen2012-1004572,1004572,Hipposideros stenotis,exact,collen-2012,"Appendix F, pp. 337-392",collen-2012-sonobat,unspecified,,,,,,,,,,,duration,species_summary,20.00,,,ms,,,20.00,ok,
collen2012-1004572,1004572,Hipposideros stenotis,exact,collen-2012,"Appendix F, pp. 337-392",collen-2012-sonobat,unspecified,,,,,,,,,,,max_frequency,species_summary,104.00,,,kHz,,,104.00,ok,
collen2012-1004572,1004572,Hipposideros stenotis,exact,collen-2012,"Appendix F, pp. 337-392",collen-2012-sonobat,unspecified,,,,,,,,,,,min_frequency,species_summary,99.00,,,kHz,,,99.00,ok,
collen2012-1004572,1004572,Hipposideros stenotis,exact,collen-2012,"Appendix F, pp. 337-392",collen-2012-sonobat,unspecified,,,,,,,,,,,peak_frequency,species_summary,103,,,kHz,,,103,ok,
collen2012-1004573,1004573,Hipposideros wollastoni,exact,collen-2012,"Appendix F, pp. 337-392",collen-2012-sonobat,unspecified,,,,,,,,,,,bandwidth,species_summary,3.88,,,kHz,,,3.88,ok,
collen2012-1004573,1004573,Hipposideros wollastoni,exact,collen-2012,"Appendix F, pp. 337-392",collen-2012-sonobat,unspecified,,,,,,,,,,,body_mass,species_summary,6.93,,,g,,,6.93,ok,
collen2012-1004573,1004573,Hipposideros wollastoni,exact,collen-2012,"Appendix F, pp. 337-392",collen-2012-sonobat,unspecified,,,,,,,,,,,call_shape_class,single,13,,,,,,13,ok,
collen2012-1004573,1004573,Hipposideros wollastoni,exact,collen-2012,"Appendix F, pp. 337-392",collen-2012-sonobat,unspecified,,,,,,,,,,,dominant_slope,species_summary,0.01,,,kHz/msec,,,0.01,ok,
collen2012-1004573,1004573,Hipposideros wollastoni,exact,collen-2012,"Appendix F, pp. 337-392",collen-2012-sonobat,unspecified,,,,,,,,,,,duration,species_summary,18.39,,,ms,,,18.39,ok,
collen2012-1004573,1004573,Hipposideros wollastoni,exact,collen-2012,"Appendix F, pp. 337-392",collen-2012-sonobat,unspecified,,,,,,,,,,,max_frequency,species_summary,92.08,,,kHz,,,92.08,ok,
collen2012-1004573,1004573,Hipposideros wollastoni,exact,collen-2012,"Appendix F, pp. 337-392",collen-2012-sonobat,unspecified,,,,,,,,,,,min_frequency,species_summary,88.12,,,kHz,,,88.12,ok,
collen2012-1004573,1004573,Hipposideros wollastoni,exact,collen-2012,"Appendix F, pp. 337-392",collen-2012-sonobat,unspecified,,,,,,,,,,,peak_frequency,species_summary,92.03,,,kHz,,,92.03,ok,
collen2012-1004573,1004573,Hipposideros wollastoni,exact,collen-2012,"Appendix F, pp. 337-392",collen-2012-sonobat,unspecified,,,,,,,,,,,total_slope,species_summary,0.03,,,kHz/msec,,,0.03,ok,
collen2012-1004577,1004577,Hipposideros armiger,exact,collen-2012,"Appendix F, pp. 337-392",collen-2012-sonobat,unspecified,,,,,,,,,,,bandwidth,species_summary,8.24,,,kHz,,,8.24,ok,
collen2012-1004577,1004577,Hipposideros armiger,exact,collen-2012,"Appendix F, pp. 337-392",collen-2012-sonobat,unspecified,,,,,,,,,,,body_mass,species_summary,49.99,,,g,,,49.99,ok,
collen2012-1004577,1004577,Hipposideros armiger,exact,collen-2012,"Appendix F, pp. 337-392",collen-2012-sonobat,unspecified,,,,,,,,,,,call_shape_class,single,13,,,,,,13,ok,
collen2012-1004577,1004577,Hipposideros armiger,exact,collen-2012,"Appendix F, pp. 337-392",collen-2012-sonobat,unspecified,,,,,,,,,,,dominant_slope,species_summary,0.06,,,kHz/msec,,,0.06,ok,
collen2012-1004577,1004577,Hipposideros armiger,exact,collen-2012,"Appendix F, pp. 337-392",collen-2012-sonobat,unspecified,,,,,,,,,,,duration,species_summary,8.87,,,ms,,,8.87,ok,
collen2012-1004577,1004577,Hipposideros armiger,exact,collen-2012,"Appendix F, pp. 337-392",collen-2012-sonobat,unspecified,,,,,,,,,,,max_frequency,species_summary,67.16,,,kHz,,,67.16,ok,
collen2012-1004577,1004577,Hipposideros armiger,exact,collen-2012,"Appendix F, pp. 337-392",collen-2012-sonobat,unspecified,,,,,,,,,,,min_frequency,species_summary,58.89,,,kHz,,,58.89,ok,
collen2012-1004577,1004577,Hipposideros armiger,exact,collen-2012,"Appendix F, pp. 337-392",collen-2012-sonobat,unspecified,,,,,,,,,,,peak_frequency,species_summary,67.07,,,kHz,,,67.07,ok,
collen2012-1004577,1004577,Hipposideros armiger,exact,collen-2012,"Appendix F, pp. 337-392",collen-2012-sonobat,unspecified,,,,,,,,,,,total_slope,species_summary,0.08,,,kHz/msec,,,0.08,ok,
collen2012-1004578,1004578,Hipposideros ater,exact,collen-2012,"Appendix F, pp. 337-392",collen-2012-sonobat,unspecified,,,,,,,,,,,bandwidth,species_summary,11.88,,,kHz,,,11.88,ok,
collen2012-1004578,1004578,Hipposideros ater,exact,collen-2012,"Appendix F, pp. 337-392",collen-2012-sonobat,unspecified,,,,,,,,,,,body_mass,species_summary,5.86,,,g,,,5.86,ok,
collen2012-1004578,1004578,Hipposideros ater,exact,collen-2012,"Appendix F, pp. 337-392",collen-2012-sonobat,unspecified,,,,,,,,,,,call_shape_class,single,13,,,,,,13,ok,
collen2012-1004578,1004578,Hipposideros ater,exact,collen-2012,"Appendix F, pp. 337-392",collen-2012-sonobat,unspecified,,,,,,,,,,,dominant_slope,species_summary,0.15,,,kHz/msec,,,0.15,ok,
collen2012-1004578,1004578,Hipposideros ater,exact,collen-2012,"Appendix F, pp. 337-392",collen-2012-sonobat,unspecified,,,,,,,,,,,duration,species_summary,4.72,,,ms,,,4.72,ok,
collen2012-1004578,1004578,Hipposideros ater,exact,collen-2012,"Appendix F, pp. 337-392",collen-2012-sonobat,unspecified,,,,,,,,,,,max_frequency,species_summary,165.51,,,kHz,,,165.51,ok,
collen2012-1004578,1004578,Hipposideros ater,exact,collen-2012,"Appendix F, pp. 337-392",collen-2012-sonobat,unspecified,,,,,,,,,,,min_frequency,species_summary,153.14,,,kHz,,,153.14,ok,
collen2012-1004578,1004578,Hipposideros ater,exact,collen-2012,"Appendix F, pp. 337-392",collen-2012-sonobat,unspecified,,,,,,,,,,,peak_frequency,species_summary,165.40,,,kHz,,,165.40,ok,
collen2012-1004578,1004578,Hipposideros ater,exact,collen-2012,"Appendix F, pp. 337-392",collen-2012-sonobat,unspecified,,,,,,,,,,,total_slope,species_summary,0.11,,,kHz/msec,,,0.11,ok,
collen2012-1004580,1004580,Hipposideros bicolor,exact,collen-2012,"Appendix F, pp. 337-392",collen-2012-sonobat,unspecified,,,,,,,,,,,bandwidth,species_summary,20.06,,,kHz,,,20.06,ok,
collen2012-1004580,1004580,Hipposideros bicolor,exact,collen-2012,"Appendix F, pp. 337-392",collen-2012-sonobat,unspecified,,,,,,,,,,,body_mass,species_summary,8.39,,,g,,,8.39,ok,
collen2012-1004580,1004580,Hipposideros bicolor,exact,collen-2012,"Appendix F, pp. 337-392",collen-2012-sonobat,unspecified,,,,,,,,,,,call_shape_class,single,13,,,,,,13,ok,
collen2012-1004580,1004580,Hipposideros bicolor,exact,collen-2012,"Appendix F, pp. 337-392",collen-2012-sonobat,unspecified,,,,,,,,,,,dominant_slope,species_summary,0.07,,,kHz/msec,,,0.07,ok,
collen2012-1004580,1004580,Hipposideros bicolor,exact,collen-2012,"Appendix F, pp. 337-392",collen-2012-sonobat,unspecified,,,,,,,,,,,duration,species_summary,5.51,,,ms,,,5.51,ok,
collen2012-1004580,1004580,Hipposideros bicolor,exact,collen-2012,"Appendix F, pp. 337-392",collen-2012-sonobat,unspecified,,,,,,,,,,,max_frequency,species_summary,143.48,,,kHz,,,143.48,ok,
collen2012-1004580,1004580,Hipposideros bicolor,exact,collen-2012,"Appendix F, pp. 337-392",collen-2012-sonobat,unspecified,,,,,,,,,,,min_frequency,species_summary,123.31,,,kHz,,,123.31,ok,
collen2012-1004580,1004580,Hipposideros bicolor,exact,collen-2012,"Appendix F, pp. 337-392",collen-2012-sonobat,unspecified,,,,,,,,,,,peak_frequency,species_summary,142.18,,,kHz,,,142.18,ok,
collen2012-1004580,1004580,Hipposideros bicolor,exact,collen-2012,"Appendix F, pp. 337-392",collen-2012-sonobat,unspecified,,,,,,,,,,,total_slope,species_summary,0.04,,,kHz/msec,,,0.04,ok,
collen2012-1004583,1004583,Hipposideros caffer,exact,collen-2012,"Appendix F, pp. 337-392",collen-2012-sonobat,unspecified,,,,,,,,,,,bandwidth,species_summary,18.94,,,kHz,,,18.94,ok,
collen2012-1004583,1004583,Hipposideros caffer,exact,collen-2012,"Appendix F, pp. 337-392",collen-2012-sonobat,unspecified,,,,,,,,,,,body_mass,species_summary,9.46,,,g,,,9.46,ok,
collen2012-1004583,1004583,Hipposideros caffer,exact,collen-2012,"Appendix F, pp. 337-392",collen-2012-sonobat,unspecified,,,,,,,,,,,call_shape_class,single,13,,,,,,13,ok,
collen2012-1004583,1004583,Hipposideros caffer,exact,collen-2012,"Appendix F, pp. 337-392",collen-2012-sonobat,unspecified,,,,,,,,,,,dominant_slope,species_summary,0.09,,,kHz/msec,,,0.09,ok,
collen2012-1004583,1004583,Hipposideros caffer,exact,collen-2012,"Appendix F, pp. 337-392",collen-2012-sonobat,unspecified,,,,,,,,,,,duration,species_summary,7.38,,,ms,,,7.38,ok,
collen2012-1004583,1004583,Hipposideros caffer,exact,collen-2012,"Appendix F, pp. 337-392",collen-2012-sonobat,unspecified,,,,,,,,,,,max_frequency,species_summary,139.51,,,kHz,,,139.51,ok,
collen2012-1004583,1004583,Hipposideros caffer,exact,collen-2012,"Appendix F, pp. 337-392",collen-2012-sonobat,unspecified,,,,,,,,,,,min_frequency,species_summary,120.60,,,kHz,,,120.60,ok,
collen2012-1004583,1004583,Hipposideros caffer,exact,collen-2012,"Appendix F, pp. 337-392",collen-2012-sonobat,unspecified,,,,,,,,,,,peak_frequency,species_summary,139.32,,,kHz,,,139.32,ok,
collen2012-1004583,1004583,Hipposideros caffer,exact,collen-2012,"Appendix F, pp. 337-392",collen-2012-sonobat,unspecified,,,,,,,,,,,total_slope,species_summary,0.07,,,kHz/msec,,,0.07,ok,
collen2012-1004584,1004584,Hipposideros calcaratus,exact,collen-2012,"Appendix F, pp. 337-392",collen-2012-sonobat,unspecified,,,,,,,,,,,bandwidth,species_summary,25.26,,,kHz,,,25.26,ok,
collen2012-1004584,1004584,Hipposideros calcaratus,exact,collen-2012,"Appendix F, pp. 337-392",collen-2012-sonobat,unspecified,,,,,,,,,,,body_mass,species_summary,18.99,,,g,,,18.99,ok,
collen2012-1004584,1004584,Hipposideros calcaratus,exact,collen-2012,"Appendix F, pp. 337-392",collen-2012-sonobat,unspecified,,,,,,,,,,,call_shape_class,single,13,,,,,,13,ok,
collen2012-1004584,1004584,Hipposideros calcaratus,exact,collen-2012,"Appendix F, pp. 337-392",collen-2012-sonobat,unspecified,,,,,,,,,,,dominant_slope,species_summary,0.07,,,kHz/msec,,,0.07,ok,
collen2012-1004584,1004584,Hipposideros calcaratus,exact,collen-2012,"Appendix F, pp. 337-392",collen-2012-sonobat,unspecified,,,,,,,,,,,duration,species_summary,4.72,,,ms,,,4.72,ok,
collen2012-1004584,1004584,Hipposideros calcaratus,exact,collen-2012,"Appendix F, pp. 337-392",collen-2012-sonobat,unspecified,,,,,,,,,,,max_frequency,species_summary,120.35,,,kHz,,,120.35,ok,
collen2012-1004584,1004584,Hipposideros calcaratus,exact,collen-2012,"Appendix F, pp. 337-392",collen-2012-sonobat,unspecified,,,,,,,,,,,min_frequency,species_summary,95.00,,,kHz,,,95.00,ok,
collen2012-1004584,1004584,Hipposideros calcaratus,exact,collen-2012,"Appendix F, pp. 337-392",collen-2012-sonobat,unspecified,,,,,,,,,,,peak_frequency,species_summary,112.71,,,kHz,,,112.71,ok,
collen2012-1004584,1004584,Hipposideros calcaratus,exact,collen-2012,"Appendix F, pp. 337-392",collen-2012-sonobat,unspecified,,,,,,,,,,,total_slope,species_summary,0.19,,,kHz/msec,,,0.19,ok,
collen2012-1004585,1004585,Hipposideros cervinus,exact,collen-2012,"Appendix F, pp. 337-392",collen-2012-sonobat,unspecified,,,,,,,,,,,bandwidth,species_summary,19.86,,,kHz,,,19.86,ok,
collen2012-1004585,1004585,Hipposideros cervinus,exact,collen-2012,"Appendix F, pp. 337-392",collen-2012-sonobat,unspecified,,,,,,,,,,,body_mass,species_summary,8.51,,,g,,,8.51,ok,
collen2012-1004585,1004585,Hipposideros cervinus,exact,collen-2012,"Appendix F, pp. 337-392",collen-2012-sonobat,unspecified,,,,,,,,,,,call_shape_class,single,13,,,,,,13,ok,
collen2012-1004585,1004585,Hipposideros cervinus,exact,collen-2012,"Appendix F, pp. 337-392",collen-2012-sonobat,unspecified,,,,,,,,,,,dominant_slope,species_summary,0.51,,,kHz/msec,,,0.51,ok,
collen2012-1004585,1004585,Hipposideros cervinus,exact,collen-2012,"Appendix F, pp. 337-392",collen-2012-sonobat,unspecified,,,,,,,,,,,duration,species_summary,4.48,,,ms,,,4.48,ok,
collen2012-1004585,1004585,Hipposideros cervinus,exact,collen-2012,"Appendix F, pp. 337-392",collen-2012-sonobat,unspecified,,,,,,,,,,,max_frequency,species_summary,131.27,,,kHz,,,131.27,ok,
collen2012-1004585,1004585,Hipposideros cervinus,exact,collen-2012,"Appendix F, pp. 337-392",collen-2012-sonobat,unspecified,,,,,,,,,,,min_frequency,species_summary,111.46,,,kHz,,,111.46,ok,
collen2012-1004585,1004585,Hipposideros cervinus,exact,collen-2012,"Appendix F, pp. 337-392",collen-2012-sonobat,unspecified,,,,,,,,,,,peak_frequency,species_summary,130.37,,,kHz,,,130.37,ok,
collen2012-1004585,1004585,Hipposideros cervinus,exact,collen-2012,"Appendix F, pp. 337-392",collen-2012-sonobat,unspecified,,,,,,,,,,,total_slope,species_summary,0.45,,,kHz/msec,,,0.45,ok,
collen2012-1004586,1004586,Hipposideros cineraceus,exact,collen-2012,"Appendix F, pp. 337-392",collen-2012-sonobat,unspecified,,,,,,,,,,,bandwidth,species_summary,18.83,,,kHz,,,18.83,ok,
collen2012-1004586,1004586,Hipposideros cineraceus,exact,collen-2012,"Appendix F, pp. 337-392",collen-2012-sonobat,unspecified,,,,,,,,,,,body_mass,species_summary,3.84,,,g,,,3.84,ok,
collen2012-1004586,1004586,Hipposideros cineraceus,exact,collen-2012,"Appendix F, pp. 337-392",collen-2012-sonobat,unspecified,,,,,,,,,,,call_shape_class,single,13,,,,,,13,ok,
collen2012-1004586,1004586,Hipposideros cineraceus,exact,collen-2012,"Appendix F, pp. 337-392",collen-2012-sonobat,unspecified,,,,,,,,,,,dominant_slope,species_summary,0.17,,,kHz/msec,,,0.17,ok,
collen2012-1004586,1004586,Hipposideros cineraceus,exact,collen-2012,"Appendix F, pp. 337-392",collen-2012-sonobat,unspecified,,,,,,,,,,,duration,species_summary,4.85,,,ms,,,4.85,ok,
collen2012-1004586,1004586,Hipposideros cineraceus,exact,collen-2012,"Appendix F, pp. 337-392",collen-2012-sonobat,unspecified,,,,,,,,,,,max_frequency,species_summary,153.82,,,kHz,,,153.82,ok,
collen2012-1004586,1004586,Hipposideros cineraceus,exact,collen-2012,"Appendix F, pp. 337-392",collen-2012-sonobat,unspecified,,,,,,,,,,,min_frequency,species_summary,134.92,,,kHz,,,134.92,ok,
collen2012-1004586,1004586,Hipposideros cineraceus,exact,collen-2012,"Appendix F, pp. 337-392",collen-2012-sonobat,unspecified,,,,,,,,,,,peak_frequency,species_summary,153.59,,,kHz,,,153.59,ok,
collen2012-1004586,1004586,Hipposideros cineraceus,exact,collen-2012,"Appendix F, pp. 337-392",collen-2012-sonobat,unspecified,,,,,,,,,,,total_slope,species_summary,0.06,,,kHz/msec,,,0.06,ok,
collen2012-1004592,1004592,Hipposideros diadema,exact,collen-2012,"Appendix F, pp. 337-392",collen-2012-sonobat,unspecified,,,,,,,,,,,bandwidth,species_summary,8.89,,,kHz,,,8.89,ok,
collen2012-1004592,1004592,Hipposideros diadema,exact,collen-2012,"Appendix F, pp. 337-392",collen-2012-sonobat,unspecified,,,,,,,,,,,body_mass,species_summary,46.90,,,g,,,46.90,ok,
collen2012-1004592,1004592,Hipposideros diadema,exact,collen-2012,"Appendix F, pp. 337-392",collen-2012-sonobat,unspecified,,,,,,,,,,,call_shape_class,single,13,,,,,,13,ok,
collen2012-1004592,1004592,Hipposideros diadema,exact,collen-2012,"Appendix F, pp. 337-392",collen-2012-sonobat,unspecified,,,,,,,,,,,dominant_slope,species_summary,0.09,,,kHz/msec,,,0.09,ok,
collen2012-1004592,1004592,Hipposideros diadema,exact,collen-2012,"Appendix F, pp. 337-392",collen-2012-sonobat,unspecified,,,,,,,,,,,duration,species_summary,11.12,,,ms,,,11.12,ok,
collen2012-1004592,1004592,Hipposideros diadema,exact,collen-2012,"Appendix F, pp. 337-392",collen-2012-sonobat,unspecified,,,,,,,,,,,max_frequency,species_summary,60.19,,,kHz,,,60.19,ok,
collen2012-1004592,1004592,Hipposideros diadema,exact,collen-2012,"Appendix F, pp. 337-392",collen-2012-sonobat,unspecified,,,,,,,,,,,min_frequency,species_summary,51.27,,,kHz,,,51.27,ok,
collen2012-1004592,1004592,Hipposideros diadema,exact,collen-2012,"Appendix F, pp. 337-392",collen-2012-sonobat,unspecified,,,,,,,,,,,peak_frequency,species_summary,59.98,,,kHz,,,59.98,ok,
collen2012-1004592,1004592,Hipposideros diadema,exact,collen-2012,"Appendix F, pp. 337-392",collen-2012-sonobat,unspecified,,,,,,,,,,,total_slope,species_summary,0.04,,,kHz/msec,,,0.04,ok,
collen2012-1004599,1004599,Hipposideros fulvus,exact,collen-2012,"Appendix F, pp. 337-392",collen-2012-sonobat,unspecified,,,,,,,,,,,bandwidth,species_summary,17.45,,,kHz,,,17.45,ok,
collen2012-1004599,1004599,Hipposideros fulvus,exact,collen-2012,"Appendix F, pp. 337-392",collen-2012-sonobat,unspecified,,,,,,,,,,,body_mass,species_summary,8.83,,,g,,,8.83,ok,
collen2012-1004599,1004599,Hipposideros fulvus,exact,collen-2012,"Appendix F, pp. 337-392",collen-2012-sonobat,unspecified,,,,,,,,,,,call_shape_class,single,13,,,,,,13,ok,
collen2012-1004599,1004599,Hipposideros fulvus,exact,collen-2012,"Appendix F, pp. 337-392",collen-2012-sonobat,unspecified,,,,,,,,,,,dominant_slope,species_summary,0.29,,,kHz/msec,,,0.29,ok,
collen2012-1004599,1004599,Hipposideros fulvus,exact,collen-2012,"Appendix F, pp. 337-392",collen-2012-sonobat,unspecified,,,,,,,,,,,duration,species_summary,5.98,,,ms,,,5.98,ok,
collen2012-1004599,1004599,Hipposideros fulvus,exact,collen-2012,"Appendix F, pp. 337-392",collen-2012-sonobat,unspecified,,,,,,,,,,,max_frequency,species_summary,139.33,,,kHz,,,139.33,ok,
collen2012-1004599,1004599,Hipposideros fulvus,exact,collen-2012,"Appendix F, pp. 337-392",collen-2012-sonobat,unspecified,,,,,,,,,,,min_frequency,species_summary,121.83,,,kHz,,,121.83,ok,
collen2012-1004599,1004599,Hipposideros fulvus,exact,collen-2012,"Appendix F, pp. 337-392",collen-2012-sonobat,unspecified,,,,,,,,,,,peak_frequency,species_summary,138.99,,,kHz,,,138.99,ok,
collen2012-1004599,1004599,Hipposideros fulvus,exact,collen-2012,"Appendix F, pp. 337-392",collen-2012-sonobat,unspecified,,,,,,,,,,,total_slope,species_summary,0.59,,,kHz/msec,,,0.59,ok,
collen2012-1004604,1004604,Hipposideros halophyllus,exact,collen-2012,"Appendix F, pp. 337-392",collen-2012-sonobat,unspecified,,,,,,,,,,,bandwidth,species_summary,15.16,,,kHz,,,15.16,ok,
collen2012-1004604,1004604,Hipposideros halophyllus,exact,collen-2012,"Appendix F, pp. 337-392",collen-2012-sonobat,unspecified,,,,,,,,,,,body_mass,species_summary,4,,,g,,,4,ok,
collen2012-1004604,1004604,Hipposideros halophyllus,exact,collen-2012,"Appendix F, pp. 337-392",collen-2012-sonobat,unspecified,,,,,,,,,,,call_shape_class,single,13,,,,,,13,ok,
collen2012-1004604,1004604,Hipposideros halophyllus,exact,collen-2012,"Appendix F, pp. 337-392",collen-2012-sonobat,unspecified,,,,,,,,,,,dominant_slope,species_summary,0.13,,,kHz/msec,,,0.13,ok,
collen2012-1004604,1004604,Hipposideros halophyllus,exact,collen-2012,"Appendix F, pp. 337-392",collen-2012-sonobat,unspecified,,,,,,,,,,,duration,species_summary,6.60,,,ms,,,6.60,ok,
collen2012-1004604,1004604,Hipposideros halophyllus,exact,collen-2012,"Appendix F, pp. 337-392",collen-2012-sonobat,unspecified,,,,,,,,,,,max_frequency,species_summary,187.11,,,kHz,,,187.11,ok,
collen2012-1004604,1004604,Hipposideros halophyllus,exact,collen-2012,"Appendix F, pp. 337-392",collen-2012-sonobat,unspecified,,,,,,,,,,,min_frequency,species_summary,171.97,,,kHz,,,171.97,ok,
collen2012-1004604,1004604,Hipposideros halophyllus,exact,collen-2012,"Appendix F, pp. 337-392",collen-2012-sonobat,unspecified,,,,,,,,,,,peak_frequency,species_summary,186.92,,,kHz,,,186.92,ok,
collen2012-1004604,1004604,Hipposideros halophyllus,exact,collen-2012,"Appendix F, pp. 337-392",collen-2012-sonobat,unspecified,,,,,,,,,,,total_slope,species_summary,1.22,,,kHz/msec,,,1.22,ok,
collen2012-1004607,1004607,Hipposideros inornatus,exact,collen-2012,"Appendix F, pp. 337-392",collen-2012-sonobat,unspecified,,,,,,,,,,,bandwidth,species_summary,5.00,,,kHz,,,5.00,ok,
collen2012-1004607,1004607,Hipposideros inornatus,exact,collen-2012,"Appendix F, pp. 337-392",collen-2012-sonobat,unspecified,,,,,,,,,,,body_mass,species_summary,25.90,,,g,,,25.90,ok,
collen2012-1004607,1004607,Hipposideros inornatus,exact,collen-2012,"Appendix F, pp. 337-392",collen-2012-sonobat,unspecified,,,,,,,,,,,call_shape_class,single,13,,,,,,13,ok,
collen2012-1004607,1004607,Hipposideros inornatus,exact,collen-2012,"Appendix F, pp. 337-392",collen-2012-sonobat,unspecified,,,,,,,,,,,duration,species_summary,12,,,ms,,,12,ok,
collen2012-1004607,1004607,Hipposideros inornatus,exact,collen-2012,"Appendix F, pp. 337-392",collen-2012-sonobat,unspecified,,,,,,,,,,,max_frequency,species_summary,64,,,kHz,,,64,ok,
collen2012-1004607,1004607,Hipposideros inornatus,exact,collen-2012,"Appendix F, pp. 337-392",collen-2012-sonobat,unspecified,,,,,,,,,,,min_frequency,species_summary,69.00,,,kHz,,,69.00,ok,
collen2012-1004607,1004607,Hipposideros inornatus,exact,collen-2012,"Appendix F, pp. 337-392",collen-2012-sonobat,unspecified,,,,,,,,,,,peak_frequency,species_summary,69.20,,,kHz,,,69.20,ok,
collen2012-1004613,1004613,Hipposideros larvatus,exact,collen-2012,"Appendix F, pp. 337-392",collen-2012-sonobat,unspecified,,,,,,,,,,,bandwidth,species_summary,11.40,,,kHz,,,11.40,ok,
collen2012-1004613,1004613,Hipposideros larvatus,exact,collen-2012,"Appendix F, pp. 337-392",collen-2012-sonobat,unspecified,,,,,,,,,,,body_mass,species_summary,19.95,,,g,,,19.95,ok,
collen2012-1004613,1004613,Hipposideros larvatus,exact,collen-2012,"Appendix F, pp. 337-392",collen-2012-sonobat,unspecified,,,,,,,,,,,call_shape_class,single,13,,,,,,13,ok,
collen2012-1004613,1004613,Hipposideros larvatus,exact,collen-2012,"Appendix F, pp. 337-392",collen-2012-sonobat,unspecified,,,,,,,,,,,dominant_slope,species_summary,0.11,,,kHz/msec,,,0.11,ok,
collen2012-1004613,1004613,Hipposideros larvatus,exact,collen-2012,"Appendix F, pp. 337-392",collen-2012-sonobat,unspecified,,,,,,,,,,,duration,species_summary,5.87,,,ms,,,5.87,ok,
collen2012-1004613,1004613,Hipposideros larvatus,exact,collen-2012,"Appendix F, pp. 337-392",collen-2012-sonobat,unspecified,,,,,,,,,,,max_frequency,species_summary,93.79,,,kHz,,,93.79,ok,
collen2012-1004613,1004613,Hipposideros larvatus,exact,collen-2012,"Appendix F, pp. 337-392",collen-2012-sonobat,unspecified,,,,,,,,,,,min_frequency,species_summary,82.43,,,kHz,,,82.43,ok,
collen2012-1004613,1004613,Hipposideros larvatus,exact,collen-2012,"Appendix F, pp. 337-392",collen-2012-sonobat,unspecified,,,,,,,,,,,peak_frequency,species_summary,93.57,,,kHz,,,93.57,ok,
collen2012-1004613,1004613,Hipposideros larvatus,exact,collen-2012,"Appendix F, pp. 337-392",collen-2012-sonobat,unspecified,,,,,,,,,,,total_slope,species_summary,0.10,,,kHz/msec,,,0.10,ok,
collen2012-1004614,1004614,Hipposideros lekaguli,exact,collen-2012,"Appendix F, pp. 337-392",collen-2012-sonobat,unspecified,,,,,,,,,,,bandwidth,species_summary,4.91,,,kHz,,,4.91,ok,
collen2012-1004614,1004614,Hipposideros lekaguli,exact,collen-2012,"Appendix F, pp. 337-392",collen-2012-sonobat,unspecified,,,,,,,,,,,body_mass,species_summary,31.08,,,g,,,31.08,ok,
collen2012-1004614,1004614,Hipposideros lekaguli,exact,collen-2012,"Appendix F, pp. 337-392",collen-2012-sonobat,unspecified,,,,,,,,,,,call_shape_class,single,13,,,,,,13,ok,
collen2012-1004614,1004614,Hipposideros lekaguli,exact,collen-2012,"Appendix F, pp. 337-392",collen-2012-sonobat,unspecified,,,,,,,,,,,dominant_slope,species_summary,0.07,,,kHz/msec,,,0.07,ok,
collen2012-1004614,1004614,Hipposideros lekaguli,exact,collen-2012,"Appendix F, pp. 337-392",collen-2012-sonobat,unspecified,,,,,,,,,,,duration,species_summary,9.60,,,ms,,,9.60,ok,
collen2012-1004614,1004614,Hipposideros lekaguli,exact,collen-2012,"Appendix F, pp. 337-392",collen-2012-sonobat,unspecified,,,,,,,,,,,max_frequency,species_summary,50.78,,,kHz,,,50.78,ok,
collen2012-1004614,1004614,Hipposideros lekaguli,exact,collen-2012,"Appendix F, pp. 337-392",collen-2012-sonobat,unspecified,,,,,,,,,,,min_frequency,species_summary,45.84,,,kHz,,,45.84,ok,
collen2012-1004614,1004614,Hipposideros lekaguli,exact,collen-2012,"Appendix F, pp. 337-392",collen-2012-sonobat,unspecified,,,,,,,,,,,peak_frequency,species_summary,50.71,,,kHz,,,50.71,ok,
collen2012-1004614,1004614,Hipposideros lekaguli,exact,collen-2012,"Appendix F, pp. 337-392",collen-2012-sonobat,unspecified,,,,,,,,,,,total_slope,species_summary,0.05,,,kHz/msec,,,0.05,ok,
collen2012-1004615,1004615,Hipposideros lylei,exact,collen-2012,"Appendix F, pp. 337-392",collen-2012-sonobat,unspecified,,,,,,,,,,,bandwidth,species_summary,8.85,,,kHz,,,8.85,ok,
collen2012-1004615,1004615,Hipposideros lylei,exact,collen-2012,"Appendix F, pp. 337-392",collen-2012-sonobat,unspecified,,,,,,,,,,,body_mass,species_summary,40,,,g,,,40,ok,
collen2012-1004615,1004615,Hipposideros lylei,exact,collen-2012,"Appendix F, pp. 337-392",collen-2012-sonobat,unspecified,,,,,,,,,,,call_shape_class,single,13,,,,,,13,ok,
collen2012-1004615,1004615,Hipposideros lylei,exact,collen-2012,"Appendix F, pp. 337-392",collen-2012-sonobat,unspecified,,,,,,,,,,,dominant_slope,species_summary,0.02,,,kHz/msec,,,0.02,ok,
collen2012-1004615,1004615,Hipposideros lylei,exact,collen-2012,"Appendix F, pp. 337-392",collen-2012-sonobat,unspecified,,,,,,,,,,,duration,species_summary,9.65,,,ms,,,9.65,ok,
collen2012-1004615,1004615,Hipposideros lylei,exact,collen-2012,"Appendix F, pp. 337-392",collen-2012-sonobat,unspecified,,,,,,,,,,,max_frequency,species_summary,67.34,,,kHz,,,67.34,ok,
collen2012-1004615,1004615,Hipposideros lylei,exact,collen-2012,"Appendix F, pp. 337-392",collen-2012-sonobat,unspecified,,,,,,,,,,,min_frequency,species_summary,58.52,,,kHz,,,58.52,ok,
collen2012-1004615,1004615,Hipposideros lylei,exact,collen-2012,"Appendix F, pp. 337-392",collen-2012-sonobat,unspecified,,,,,,,,,,,peak_frequency,species_summary,67.27,,,kHz,,,67.27,ok,
collen2012-1004615,1004615,Hipposideros lylei,exact,collen-2012,"Appendix F, pp. 337-392",collen-2012-sonobat,unspecified,,,,,,,,,,,total_slope,species_summary,0.03,,,kHz/msec,,,0.03,ok,
collen2012-1004618,1004618,Hipposideros maggietaylorae,exact,collen-2012,"Appendix F, pp. 337-392",collen-2012-sonobat,unspecified,,,,,,,,,,,bandwidth,species_summary,38.09,,,kHz,,,38.09,ok,
collen2012-1004618,1004618,Hipposideros maggietaylorae,exact,collen-2012,"Appendix F, pp. 337-392",collen-2012-sonobat,unspecified,,,,,,,,,,,body_mass,species_summary,16.1,,,g,,,16.1,ok,
collen2012-1004618,1004618,Hipposideros maggietaylorae,exact,collen-2012,"Appendix F, pp. 337-392",collen-2012-sonobat,unspecified,,,,,,,,,,,call_shape_class,single,13,,,,,,13,ok,
collen2012-1004618,1004618,Hipposideros maggietaylorae,exact,collen-2012,"Appendix F, pp. 337-392",collen-2012-sonobat,unspecified,,,,,,,,,,,dominant_slope,species_summary,0.16,,,kHz/msec,,,0.16,ok,
collen2012-1004618,1004618,Hipposideros maggietaylorae,exact,collen-2012,"Appendix F, pp. 337-392",collen-2012-sonobat,unspecified,,,,,,,,,,,duration,species_summary,5.37,,,ms,,,5.37,ok,
collen2012-1004618,1004618,Hipposideros maggietaylorae,exact,collen-2012,"Appendix F, pp. 337-392",collen-2012-sonobat,unspecified,,,,,,,,,,,max_frequency,species_summary,122.00,,,kHz,,,122.00,ok,
collen2012-1004618,1004618,Hipposideros maggietaylorae,exact,collen-2012,"Appendix F, pp. 337-392",collen-2012-sonobat,unspecified,,,,,,,,,,,min_frequency,species_summary,84.03,,,kHz,,,84.03,ok,
collen2012-1004618,1004618,Hipposideros maggietaylorae,exact,collen-2012,"Appendix F, pp. 337-392",collen-2012-sonobat,unspecified,,,,,,,,,,,peak_frequency,species_summary,114.26,,,kHz,,,114.26,ok,
collen2012-1004618,1004618,Hipposideros maggietaylorae,exact,collen-2012,"Appendix F, pp. 337-392",collen-2012-sonobat,unspecified,,,,,,,,,,,total_slope,species_summary,0.04,,,kHz/msec,,,0.04,ok,
collen2012-1004628,1004628,Hipposideros pomona,exact,collen-2012,"Appendix F, pp. 337-392",collen-2012-sonobat,unspecified,,,,,,,,,,,bandwidth,species_summary,18.57,,,kHz,,,18.57,ok,
collen2012-1004628,1004628,Hipposideros pomona,exact,collen-2012,"Appendix F, pp. 337-392",collen-2012-sonobat,unspecified,,,,,,,,,,,body_mass,species_summary,6.2,,,g,,,6.2,ok,
collen2012-1004628,1004628,Hipposideros pomona,exact,collen-2012,"Appendix F, pp. 337-392",collen-2012-sonobat,unspecified,,,,,,,,,,,call_shape_class,single,13,,,,,,13,ok,
collen2012-1004628,1004628,Hipposideros pomona,exact,collen-2012,"Appendix F, pp. 337-392",collen-2012-sonobat,unspecified,,,,,,,,,,,dominant_slope,species_summary,0.12,,,kHz/msec,,,0.12,ok,
collen2012-1004628,1004628,Hipposideros pomona,exact,collen-2012,"Appendix F, pp. 337-392",collen-2012-sonobat,unspecified,,,,,,,,,,,duration,species_summary,5.27,,,ms,,,5.27,ok,
collen2012-1004628,1004628,Hipposideros pomona,exact,collen-2012,"Appendix F, pp. 337-392",collen-2012-sonobat,unspecified,,,,,,,,,,,max_frequency,species_summary,135.89,,,kHz,,,135.89,ok,
collen2012-1004628,1004628,Hipposideros pomona,exact,collen-2012,"Appendix F, pp. 337-392",collen-2012-sonobat,unspecified,,,,,,,,,,,min_frequency,species_summary,117.29,,,kHz,,,117.29,ok,
collen2012-1004628,1004628,Hipposideros pomona,exact,collen-2012,"Appendix F, pp. 337-392",collen-2012-sonobat,unspecified,,,,,,,,,,,peak_frequency,species_summary,134.30,,,kHz,,,134.30,ok,
collen2012-1004628,1004628,Hipposideros pomona,exact,collen-2012,"Appendix F, pp. 337-392",collen-2012-sonobat,unspecified,,,,,,,,,,,total_slope,species_summary,0.03,,,kHz/msec,,,0.03,ok,
collen2012-1004630,1004630,Hipposideros ridleyi,exact,collen-2012,"Appendix F, pp. 337-392",collen-2012-sonobat,unspecified,,,,,,,,,,,bandwidth,species_summary,8.26,,,kHz,,,8.26,ok,
collen2012-1004630,1004630,Hipposideros ridleyi,exact,collen-2012,"Appendix F, pp. 337-392",collen-2012-sonobat,unspecified,,,,,,,,,,,body_mass,species_summary,9.59,,,g,,,9.59,ok,
collen2012-1004630,1004630,Hipposideros ridleyi,exact,collen-2012,"Appendix F, pp. 337-392",collen-2012-sonobat,unspecified,,,,,,,,,,,call_shape_class,single,13,,,,,,13,ok,
collen2012-1004630,1004630,Hipposideros ridleyi,exact,collen-2012,"Appendix F, pp. 337-392",collen-2012-sonobat,unspecified,,,,,,,,,,,dominant_slope,species_summary,0.09,,,kHz/msec,,,0.09,ok,
collen2012-1004630,1004630,Hipposideros ridleyi,exact,collen-2012,"Appendix F, pp. 337-392",collen-2012-sonobat,unspecified,,,,,,,,,,,duration,species_summary,7.06,,,ms,,,7.06,ok,
collen2012-1004630,1004630,Hipposideros ridleyi,exact,collen-2012,"Appendix F, pp. 337-392",collen-2012-sonobat,unspecified,,,,,,,,,,,max_frequency,species_summary,62.51,,,kHz,,,62.51,ok,
collen2012-1004630,1004630,Hipposideros ridleyi,exact,collen-2012,"Appendix F, pp. 337-392",collen-2012-sonobat,unspecified,,,,,,,,,,,min_frequency,species_summary,54.27,,,kHz,,,54.27,ok,
collen2012-1004630,1004630,Hipposideros ridleyi,exact,collen-2012,"Appendix F, pp. 337-392",collen-2012-sonobat,unspecified,,,,,,,,,,,peak_frequency,species_summary,62.36,,,kHz,,,62.36,ok,
collen2012-1004630,1004630,Hipposideros ridleyi,exact,collen-2012,"Appendix F, pp. 337-392",collen-2012-sonobat,unspecified,,,,,,,,,,,total_slope,species_summary,0.08,,,kHz/msec,,,0.08,ok,
collen2012-1004632,1004632,Hipposideros ruber,exact,collen-2012,"Appendix F, pp. 337-392",collen-2012-sonobat,unspecified,,,,,,,,,,,bandwidth,species_summary,20.86,,,kHz,,,20.86,ok,
collen2012-1004632,1004632,Hipposideros ruber,exact,collen-2012,"Appendix F, pp. 337-392",collen-2012-sonobat,unspecified,,,,,,,,,,,body_mass,species_summary,10.61,,,g,,,10.61,ok,
collen2012-1004632,1004632,Hipposideros ruber,exact,collen-2012,"Appendix F, pp. 337-392",collen-2012-sonobat,unspecified,,,,,,,,,,,call_shape_class,single,13,,,,,,13,ok,
collen2012-1004632,1004632,Hipposideros ruber,exact,collen-2012,"Appendix F, pp. 337-392",collen-2012-sonobat,unspecified,,,,,,,,,,,dominant_slope,species_summary,0.11,,,kHz/msec,,,0.11,ok,
collen2012-1004632,1004632,Hipposideros ruber,exact,collen-2012,"Appendix F, pp. 337-392",collen-2012-sonobat,unspecified,,,,,,,,,,,duration,species_summary,7.22,,,ms,,,7.22,ok,
collen2012-1004632,1004632,Hipposideros ruber,exact,collen-2012,"Appendix F, pp. 337-392",collen-2012-sonobat,unspecified,,,,,,,,,,,max_frequency,species_summary,133.43,,,kHz,,,133.43,ok,
collen2012-1004632,1004632,Hipposideros ruber,exact,collen-2012,"Appendix F, pp. 337-392",collen-2012-sonobat,unspecified,,,,,,,,,,,min_frequency,species_summary,112.58,,,kHz,,,112.58,ok,
collen2012-1004632,1004632,Hipposideros ruber,exact,collen-2012,"Appendix F, pp. 337-392",collen-2012-sonobat,unspecified,,,,,,,,,,,peak_frequency,species_summary,131.51,,,kHz,,,131.51,ok,
collen2012-1004632,1004632,Hipposideros ruber,exact,collen-2012,"Appendix F, pp. 337-392",collen-2012-sonobat,unspecified,,,,,,,,,,,total_slope,species_summary,0.31,,,kHz/msec,,,0.31,ok,
collen2012-1004635,1004635,Hipposideros speoris,exact,collen-2012,"Appendix F, pp. 337-392",collen-2012-sonobat,unspecified,,,,,,,,,,,bandwidth,species_summary,21.77,,,kHz,,,21.77,ok,
collen2012-1004635,1004635,Hipposideros speoris,exact,collen-2012,"Appendix F, pp. 337-392",collen-2012-sonobat,unspecified,,,,,,,,,,,body_mass,species_summary,10.39,,,g,,,10.39,ok,
collen2012-1004635,1004635,Hipposideros speoris,exact,collen-2012,"Appendix F, pp. 337-392",collen-2012-sonobat,unspecified,,,,,,,,,,,call_shape_class,single,13,,,,,,13,ok,
collen2012-1004635,1004635,Hipposideros speoris,exact,collen-2012,"Appendix F, pp. 337-392",collen-2012-sonobat,unspecified,,,,,,,,,,,dominant_slope,species_summary,0.31,,,kHz/msec,,,0.31,ok,
collen2012-1004635,1004635,Hipposideros speoris,exact,collen-2012,"Appendix F, pp. 337-392",collen-2012-sonobat,unspecified,,,,,,,,,,,duration,species_summary,6.29,,,ms,,,6.29,ok,
collen2012-1004635,1004635,Hipposideros speoris,exact,collen-2012,"Appendix F, pp. 337-392",collen-2012-sonobat,unspecified,,,,,,,,,,,max_frequency,species_summary,139.16,,,kHz,,,139.16,ok,
collen2012-1004635,1004635,Hipposideros speoris,exact,collen-2012,"Appendix F, pp. 337-392",collen-2012-sonobat,unspecified,,,,,,,,,,,min_frequency,species_summary,117.47,,,kHz,,,117.47,ok,
collen2012-1004635,1004635,Hipposideros speoris,exact,collen-2012,"Appendix F, pp. 337-392",collen-2012-sonobat,unspecified,,,,,,,,,,,peak_frequency,species_summary,135.74,,,kHz,,,135.74,ok,
collen2012-1004635,1004635,Hipposideros speoris,exact,collen-2012,"Appendix F, pp. 337-392",collen-2012-sonobat,unspecified,,,,,,,,,,,total_slope,species_summary,0.32,,,kHz/msec,,,0.32,ok,
collen2012-1004637-pratti,1004637,Hipposideros pratti,synonym_via_mdd,collen-2012,"Appendix F, pp. 337-392",collen-2012-sonobat,unspecified,,,,,,,,,,,bandwidth,species_summary,7.35,,,kHz,,,7.35,ok,Printed in the source as a separate species; the current taxonomy treats it as Hipposideros swinhoii.
collen2012-1004637-pratti,1004637,Hipposideros pratti,synonym_via_mdd,collen-2012,"Appendix F, pp. 337-392",collen-2012-sonobat,unspecified,,,,,,,,,,,body_mass,species_summary,84.38,,,g,,,84.38,ok,Printed in the source as a separate species; the current taxonomy treats it as Hipposideros swinhoii.
collen2012-1004637-pratti,1004637,Hipposideros pratti,synonym_via_mdd,collen-2012,"Appendix F, pp. 337-392",collen-2012-sonobat,unspecified,,,,,,,,,,,call_shape_class,single,13,,,,,,13,ok,Printed in the source as a separate species; the current taxonomy treats it as Hipposideros swinhoii.
collen2012-1004637-pratti,1004637,Hipposideros pratti,synonym_via_mdd,collen-2012,"Appendix F, pp. 337-392",collen-2012-sonobat,unspecified,,,,,,,,,,,dominant_slope,species_summary,0.06,,,kHz/msec,,,0.06,ok,Printed in the source as a separate species; the current taxonomy treats it as Hipposideros swinhoii.
collen2012-1004637-pratti,1004637,Hipposideros pratti,synonym_via_mdd,collen-2012,"Appendix F, pp. 337-392",collen-2012-sonobat,unspecified,,,,,,,,,,,duration,species_summary,8.01,,,ms,,,8.01,ok,Printed in the source as a separate species; the current taxonomy treats it as Hipposideros swinhoii.
collen2012-1004637-pratti,1004637,Hipposideros pratti,synonym_via_mdd,collen-2012,"Appendix F, pp. 337-392",collen-2012-sonobat,unspecified,,,,,,,,,,,max_frequency,species_summary,60.83,,,kHz,,,60.83,ok,Printed in the source as a separate species; the current taxonomy treats it as Hipposideros swinhoii.
collen2012-1004637-pratti,1004637,Hipposideros pratti,synonym_via_mdd,collen-2012,"Appendix F, pp. 337-392",collen-2012-sonobat,unspecified,,,,,,,,,,,min_frequency,species_summary,53.45,,,kHz,,,53.45,ok,Printed in the source as a separate species; the current taxonomy treats it as Hipposideros swinhoii.
collen2012-1004637-pratti,1004637,Hipposideros pratti,synonym_via_mdd,collen-2012,"Appendix F, pp. 337-392",collen-2012-sonobat,unspecified,,,,,,,,,,,peak_frequency,species_summary,60.77,,,kHz,,,60.77,ok,Printed in the source as a separate species; the current taxonomy treats it as Hipposideros swinhoii.
collen2012-1004637-pratti,1004637,Hipposideros pratti,synonym_via_mdd,collen-2012,"Appendix F, pp. 337-392",collen-2012-sonobat,unspecified,,,,,,,,,,,total_slope,species_summary,0.04,,,kHz/msec,,,0.04,ok,Printed in the source as a separate species; the current taxonomy treats it as Hipposideros swinhoii.
collen2012-1004639,1004639,Hipposideros turpis,exact,collen-2012,"Appendix F, pp. 337-392",collen-2012-sonobat,unspecified,,,,,,,,,,,bandwidth,species_summary,7.80,,,kHz,,,7.80,ok,
collen2012-1004639,1004639,Hipposideros turpis,exact,collen-2012,"Appendix F, pp. 337-392",collen-2012-sonobat,unspecified,,,,,,,,,,,body_mass,species_summary,33.31,,,g,,,33.31,ok,
collen2012-1004639,1004639,Hipposideros turpis,exact,collen-2012,"Appendix F, pp. 337-392",collen-2012-sonobat,unspecified,,,,,,,,,,,call_shape_class,single,13,,,,,,13,ok,
collen2012-1004639,1004639,Hipposideros turpis,exact,collen-2012,"Appendix F, pp. 337-392",collen-2012-sonobat,unspecified,,,,,,,,,,,dominant_slope,species_summary,0.04,,,kHz/msec,,,0.04,ok,
collen2012-1004639,1004639,Hipposideros turpis,exact,collen-2012,"Appendix F, pp. 337-392",collen-2012-sonobat,unspecified,,,,,,,,,,,duration,species_summary,6.89,,,ms,,,6.89,ok,
collen2012-1004639,1004639,Hipposideros turpis,exact,collen-2012,"Appendix F, pp. 337-392",collen-2012-sonobat,unspecified,,,,,,,,,,,max_frequency,species_summary,72.18,,,kHz,,,72.18,ok,
collen2012-1004639,1004639,Hipposideros turpis,exact,collen-2012,"Appendix F, pp. 337-392",collen-2012-sonobat,unspecified,,,,,,,,,,,min_frequency,species_summary,64.33,,,kHz,,,64.33,ok,
collen2012-1004639,1004639,Hipposideros turpis,exact,collen-2012,"Appendix F, pp. 337-392",collen-2012-sonobat,unspecified,,,,,,,,,,,peak_frequency,species_summary,72.07,,,kHz,,,72.07,ok,
collen2012-1004639,1004639,Hipposideros turpis,exact,collen-2012,"Appendix F, pp. 337-392",collen-2012-sonobat,unspecified,,,,,,,,,,,total_slope,species_summary,0.02,,,kHz/msec,,,0.02,ok,
collen2012-1004640-commersoni,1004640,Hipposideros commersoni,synonym_via_mdd,collen-2012,"Appendix F, pp. 337-392",collen-2012-sonobat,unspecified,,,,,,,,,,,bandwidth,species_summary,11.57,,,kHz,,,11.57,ok,Printed in the source as a separate species; the current taxonomy treats it as Macronycteris commersonii.
collen2012-1004640-commersoni,1004640,Hipposideros commersoni,synonym_via_mdd,collen-2012,"Appendix F, pp. 337-392",collen-2012-sonobat,unspecified,,,,,,,,,,,body_mass,species_summary,89.99,,,g,,,89.99,ok,Printed in the source as a separate species; the current taxonomy treats it as Macronycteris commersonii.
collen2012-1004640-commersoni,1004640,Hipposideros commersoni,synonym_via_mdd,collen-2012,"Appendix F, pp. 337-392",collen-2012-sonobat,unspecified,,,,,,,,,,,call_shape_class,single,13,,,,,,13,ok,Printed in the source as a separate species; the current taxonomy treats it as Macronycteris commersonii.
collen2012-1004640-commersoni,1004640,Hipposideros commersoni,synonym_via_mdd,collen-2012,"Appendix F, pp. 337-392",collen-2012-sonobat,unspecified,,,,,,,,,,,dominant_slope,species_summary,0.06,,,kHz/msec,,,0.06,ok,Printed in the source as a separate species; the current taxonomy treats it as Macronycteris commersonii.
collen2012-1004640-commersoni,1004640,Hipposideros commersoni,synonym_via_mdd,collen-2012,"Appendix F, pp. 337-392",collen-2012-sonobat,unspecified,,,,,,,,,,,duration,species_summary,9.94,,,ms,,,9.94,ok,Printed in the source as a separate species; the current taxonomy treats it as Macronycteris commersonii.
collen2012-1004640-commersoni,1004640,Hipposideros commersoni,synonym_via_mdd,collen-2012,"Appendix F, pp. 337-392",collen-2012-sonobat,unspecified,,,,,,,,,,,max_frequency,species_summary,66.94,,,kHz,,,66.94,ok,Printed in the source as a separate species; the current taxonomy treats it as Macronycteris commersonii.
collen2012-1004640-commersoni,1004640,Hipposideros commersoni,synonym_via_mdd,collen-2012,"Appendix F, pp. 337-392",collen-2012-sonobat,unspecified,,,,,,,,,,,min_frequency,species_summary,55.32,,,kHz,,,55.32,ok,Printed in the source as a separate species; the current taxonomy treats it as Macronycteris commersonii.
collen2012-1004640-commersoni,1004640,Hipposideros commersoni,synonym_via_mdd,collen-2012,"Appendix F, pp. 337-392",collen-2012-sonobat,unspecified,,,,,,,,,,,peak_frequency,species_summary,66.43,,,kHz,,,66.43,ok,Printed in the source as a separate species; the current taxonomy treats it as Macronycteris commersonii.
collen2012-1004640-commersoni,1004640,Hipposideros commersoni,synonym_via_mdd,collen-2012,"Appendix F, pp. 337-392",collen-2012-sonobat,unspecified,,,,,,,,,,,total_slope,species_summary,0.05,,,kHz/msec,,,0.05,ok,Printed in the source as a separate species; the current taxonomy treats it as Macronycteris commersonii.
collen2012-1004642-gigas,1004642,Hipposideros gigas,synonym_via_mdd,collen-2012,"Appendix F, pp. 337-392",collen-2012-sonobat,unspecified,,,,,,,,,,,bandwidth,species_summary,7.24,,,kHz,,,7.24,ok,Printed in the source as a separate species; the current taxonomy treats it as Macronycteris gigas.
collen2012-1004642-gigas,1004642,Hipposideros gigas,synonym_via_mdd,collen-2012,"Appendix F, pp. 337-392",collen-2012-sonobat,unspecified,,,,,,,,,,,body_mass,species_summary,115.42,,,g,,,115.42,ok,Printed in the source as a separate species; the current taxonomy treats it as Macronycteris gigas.
collen2012-1004642-gigas,1004642,Hipposideros gigas,synonym_via_mdd,collen-2012,"Appendix F, pp. 337-392",collen-2012-sonobat,unspecified,,,,,,,,,,,call_shape_class,single,13,,,,,,13,ok,Printed in the source as a separate species; the current taxonomy treats it as Macronycteris gigas.
collen2012-1004642-gigas,1004642,Hipposideros gigas,synonym_via_mdd,collen-2012,"Appendix F, pp. 337-392",collen-2012-sonobat,unspecified,,,,,,,,,,,dominant_slope,species_summary,0.02,,,kHz/msec,,,0.02,ok,Printed in the source as a separate species; the current taxonomy treats it as Macronycteris gigas.
collen2012-1004642-gigas,1004642,Hipposideros gigas,synonym_via_mdd,collen-2012,"Appendix F, pp. 337-392",collen-2012-sonobat,unspecified,,,,,,,,,,,duration,species_summary,20.90,,,ms,,,20.90,ok,Printed in the source as a separate species; the current taxonomy treats it as Macronycteris gigas.
collen2012-1004642-gigas,1004642,Hipposideros gigas,synonym_via_mdd,collen-2012,"Appendix F, pp. 337-392",collen-2012-sonobat,unspecified,,,,,,,,,,,max_frequency,species_summary,59.45,,,kHz,,,59.45,ok,Printed in the source as a separate species; the current taxonomy treats it as Macronycteris gigas.
collen2012-1004642-gigas,1004642,Hipposideros gigas,synonym_via_mdd,collen-2012,"Appendix F, pp. 337-392",collen-2012-sonobat,unspecified,,,,,,,,,,,min_frequency,species_summary,52.22,,,kHz,,,52.22,ok,Printed in the source as a separate species; the current taxonomy treats it as Macronycteris gigas.
collen2012-1004642-gigas,1004642,Hipposideros gigas,synonym_via_mdd,collen-2012,"Appendix F, pp. 337-392",collen-2012-sonobat,unspecified,,,,,,,,,,,peak_frequency,species_summary,59.28,,,kHz,,,59.28,ok,Printed in the source as a separate species; the current taxonomy treats it as Macronycteris gigas.
collen2012-1004642-gigas,1004642,Hipposideros gigas,synonym_via_mdd,collen-2012,"Appendix F, pp. 337-392",collen-2012-sonobat,unspecified,,,,,,,,,,,total_slope,species_summary,0.00,,,kHz/msec,,,0.00,ok,Printed in the source as a separate species; the current taxonomy treats it as Macronycteris gigas.
collen2012-1004644-vittatus,1004644,Hipposideros vittatus,synonym_via_mdd,collen-2012,"Appendix F, pp. 337-392",collen-2012-sonobat,unspecified,,,,,,,,,,,call_shape_class,single,13,,,,,,13,ok,Printed in the source as a separate species; the current taxonomy treats it as Macronycteris vittata.
collen2012-1004644-vittatus,1004644,Hipposideros vittatus,synonym_via_mdd,collen-2012,"Appendix F, pp. 337-392",collen-2012-sonobat,unspecified,,,,,,,,,,,duration,species_summary,12,,,ms,,,12,ok,Printed in the source as a separate species; the current taxonomy treats it as Macronycteris vittata.
collen2012-1004644-vittatus,1004644,Hipposideros vittatus,synonym_via_mdd,collen-2012,"Appendix F, pp. 337-392",collen-2012-sonobat,unspecified,,,,,,,,,,,peak_frequency,species_summary,61.00,,,kHz,,,61.00,ok,Printed in the source as a separate species; the current taxonomy treats it as Macronycteris vittata.
collen2012-1004647,1004647,Lavia frons,exact,collen-2012,"Appendix F, pp. 337-392",collen-2012-sonobat,unspecified,,,,,,,,,,,bandwidth,species_summary,24,,,kHz,,,24,ok,
collen2012-1004647,1004647,Lavia frons,exact,collen-2012,"Appendix F, pp. 337-392",collen-2012-sonobat,unspecified,,,,,,,,,,,body_mass,species_summary,23.80,,,g,,,23.80,ok,
collen2012-1004647,1004647,Lavia frons,exact,collen-2012,"Appendix F, pp. 337-392",collen-2012-sonobat,unspecified,,,,,,,,,,,duration,species_summary,3.50,,,ms,,,3.50,ok,
collen2012-1004647,1004647,Lavia frons,exact,collen-2012,"Appendix F, pp. 337-392",collen-2012-sonobat,unspecified,,,,,,,,,,,peak_frequency,species_summary,37.5,,,kHz,,,37.5,ok,
collen2012-1004648-lyra,1004648,Megaderma lyra,synonym_via_mdd,collen-2012,"Appendix F, pp. 337-392",collen-2012-sonobat,unspecified,,,,,,,,,,,bandwidth,species_summary,23.29,,,kHz,,,23.29,ok,Printed in the source as a separate species; the current taxonomy treats it as Lyroderma lyra.
collen2012-1004648-lyra,1004648,Megaderma lyra,synonym_via_mdd,collen-2012,"Appendix F, pp. 337-392",collen-2012-sonobat,unspecified,,,,,,,,,,,body_mass,species_summary,39.27,,,g,,,39.27,ok,Printed in the source as a separate species; the current taxonomy treats it as Lyroderma lyra.
collen2012-1004648-lyra,1004648,Megaderma lyra,synonym_via_mdd,collen-2012,"Appendix F, pp. 337-392",collen-2012-sonobat,unspecified,,,,,,,,,,,call_shape_class,single,9,,,,,,9,ok,Printed in the source as a separate species; the current taxonomy treats it as Lyroderma lyra.
collen2012-1004648-lyra,1004648,Megaderma lyra,synonym_via_mdd,collen-2012,"Appendix F, pp. 337-392",collen-2012-sonobat,unspecified,,,,,,,,,,,dominant_slope,species_summary,8.40,,,kHz/msec,,,8.40,ok,Printed in the source as a separate species; the current taxonomy treats it as Lyroderma lyra.
collen2012-1004648-lyra,1004648,Megaderma lyra,synonym_via_mdd,collen-2012,"Appendix F, pp. 337-392",collen-2012-sonobat,unspecified,,,,,,,,,,,duration,species_summary,1.39,,,ms,,,1.39,ok,Printed in the source as a separate species; the current taxonomy treats it as Lyroderma lyra.
collen2012-1004648-lyra,1004648,Megaderma lyra,synonym_via_mdd,collen-2012,"Appendix F, pp. 337-392",collen-2012-sonobat,unspecified,,,,,,,,,,,max_frequency,species_summary,80.50,,,kHz,,,80.50,ok,Printed in the source as a separate species; the current taxonomy treats it as Lyroderma lyra.
collen2012-1004648-lyra,1004648,Megaderma lyra,synonym_via_mdd,collen-2012,"Appendix F, pp. 337-392",collen-2012-sonobat,unspecified,,,,,,,,,,,min_frequency,species_summary,57.32,,,kHz,,,57.32,ok,Printed in the source as a separate species; the current taxonomy treats it as Lyroderma lyra.
collen2012-1004648-lyra,1004648,Megaderma lyra,synonym_via_mdd,collen-2012,"Appendix F, pp. 337-392",collen-2012-sonobat,unspecified,,,,,,,,,,,peak_frequency,species_summary,68.25,,,kHz,,,68.25,ok,Printed in the source as a separate species; the current taxonomy treats it as Lyroderma lyra.
collen2012-1004648-lyra,1004648,Megaderma lyra,synonym_via_mdd,collen-2012,"Appendix F, pp. 337-392",collen-2012-sonobat,unspecified,,,,,,,,,,,total_slope,species_summary,10.94,,,kHz/msec,,,10.94,ok,Printed in the source as a separate species; the current taxonomy treats it as Lyroderma lyra.
collen2012-1004649,1004649,Macroderma gigas,exact,collen-2012,"Appendix F, pp. 337-392",collen-2012-sonobat,unspecified,,,,,,,,,,,bandwidth,species_summary,18.61,,,kHz,,,18.61,ok,
collen2012-1004649,1004649,Macroderma gigas,exact,collen-2012,"Appendix F, pp. 337-392",collen-2012-sonobat,unspecified,,,,,,,,,,,body_mass,species_summary,124.37,,,g,,,124.37,ok,
collen2012-1004649,1004649,Macroderma gigas,exact,collen-2012,"Appendix F, pp. 337-392",collen-2012-sonobat,unspecified,,,,,,,,,,,call_shape_class,single,9,,,,,,9,ok,
collen2012-1004649,1004649,Macroderma gigas,exact,collen-2012,"Appendix F, pp. 337-392",collen-2012-sonobat,unspecified,,,,,,,,,,,dominant_slope,species_summary,11.99,,,kHz/msec,,,11.99,ok,
collen2012-1004649,1004649,Macroderma gigas,exact,collen-2012,"Appendix F, pp. 337-392",collen-2012-sonobat,unspecified,,,,,,,,,,,duration,species_summary,1.13,,,ms,,,1.13,ok,
collen2012-1004649,1004649,Macroderma gigas,exact,collen-2012,"Appendix F, pp. 337-392",collen-2012-sonobat,unspecified,,,,,,,,,,,max_frequency,species_summary,62.10,,,kHz,,,62.10,ok,
collen2012-1004649,1004649,Macroderma gigas,exact,collen-2012,"Appendix F, pp. 337-392",collen-2012-sonobat,unspecified,,,,,,,,,,,min_frequency,species_summary,43.48,,,kHz,,,43.48,ok,
collen2012-1004649,1004649,Macroderma gigas,exact,collen-2012,"Appendix F, pp. 337-392",collen-2012-sonobat,unspecified,,,,,,,,,,,peak_frequency,species_summary,51.07,,,kHz,,,51.07,ok,
collen2012-1004649,1004649,Macroderma gigas,exact,collen-2012,"Appendix F, pp. 337-392",collen-2012-sonobat,unspecified,,,,,,,,,,,total_slope,species_summary,13.45,,,kHz/msec,,,13.45,ok,
collen2012-1004650,1004650,Megaderma spasma,exact,collen-2012,"Appendix F, pp. 337-392",collen-2012-sonobat,unspecified,,,,,,,,,,,bandwidth,species_summary,8.88,,,kHz,,,8.88,ok,
collen2012-1004650,1004650,Megaderma spasma,exact,collen-2012,"Appendix F, pp. 337-392",collen-2012-sonobat,unspecified,,,,,,,,,,,body_mass,species_summary,24.71,,,g,,,24.71,ok,
collen2012-1004650,1004650,Megaderma spasma,exact,collen-2012,"Appendix F, pp. 337-392",collen-2012-sonobat,unspecified,,,,,,,,,,,call_shape_class,single,10,,,,,,10,ok,
collen2012-1004650,1004650,Megaderma spasma,exact,collen-2012,"Appendix F, pp. 337-392",collen-2012-sonobat,unspecified,,,,,,,,,,,dominant_slope,species_summary,5.90,,,kHz/msec,,,5.90,ok,
collen2012-1004650,1004650,Megaderma spasma,exact,collen-2012,"Appendix F, pp. 337-392",collen-2012-sonobat,unspecified,,,,,,,,,,,duration,species_summary,1.69,,,ms,,,1.69,ok,
collen2012-1004650,1004650,Megaderma spasma,exact,collen-2012,"Appendix F, pp. 337-392",collen-2012-sonobat,unspecified,,,,,,,,,,,max_frequency,species_summary,24.74,,,kHz,,,24.74,ok,
collen2012-1004650,1004650,Megaderma spasma,exact,collen-2012,"Appendix F, pp. 337-392",collen-2012-sonobat,unspecified,,,,,,,,,,,min_frequency,species_summary,15.76,,,kHz,,,15.76,ok,
collen2012-1004650,1004650,Megaderma spasma,exact,collen-2012,"Appendix F, pp. 337-392",collen-2012-sonobat,unspecified,,,,,,,,,,,peak_frequency,species_summary,20.10,,,kHz,,,20.10,ok,
collen2012-1004650,1004650,Megaderma spasma,exact,collen-2012,"Appendix F, pp. 337-392",collen-2012-sonobat,unspecified,,,,,,,,,,,total_slope,species_summary,5.68,,,kHz/msec,,,5.68,ok,
collen2012-1004652,1004652,Rhinolophus acuminatus,exact,collen-2012,"Appendix F, pp. 337-392",collen-2012-sonobat,unspecified,,,,,,,,,,,bandwidth,species_summary,8.63,,,kHz,,,8.63,ok,
collen2012-1004652,1004652,Rhinolophus acuminatus,exact,collen-2012,"Appendix F, pp. 337-392",collen-2012-sonobat,unspecified,,,,,,,,,,,body_mass,species_summary,12.1,,,g,,,12.1,ok,
collen2012-1004652,1004652,Rhinolophus acuminatus,exact,collen-2012,"Appendix F, pp. 337-392",collen-2012-sonobat,unspecified,,,,,,,,,,,call_shape_class,single,12,,,,,,12,ok,
collen2012-1004652,1004652,Rhinolophus acuminatus,exact,collen-2012,"Appendix F, pp. 337-392",collen-2012-sonobat,unspecified,,,,,,,,,,,dominant_slope,species_summary,0.00,,,kHz/msec,,,0.00,ok,
collen2012-1004652,1004652,Rhinolophus acuminatus,exact,collen-2012,"Appendix F, pp. 337-392",collen-2012-sonobat,unspecified,,,,,,,,,,,duration,species_summary,48.86,,,ms,,,48.86,ok,
collen2012-1004652,1004652,Rhinolophus acuminatus,exact,collen-2012,"Appendix F, pp. 337-392",collen-2012-sonobat,unspecified,,,,,,,,,,,max_frequency,species_summary,89.61,,,kHz,,,89.61,ok,
collen2012-1004652,1004652,Rhinolophus acuminatus,exact,collen-2012,"Appendix F, pp. 337-392",collen-2012-sonobat,unspecified,,,,,,,,,,,min_frequency,species_summary,80.97,,,kHz,,,80.97,ok,
collen2012-1004652,1004652,Rhinolophus acuminatus,exact,collen-2012,"Appendix F, pp. 337-392",collen-2012-sonobat,unspecified,,,,,,,,,,,peak_frequency,species_summary,89.56,,,kHz,,,89.56,ok,
collen2012-1004652,1004652,Rhinolophus acuminatus,exact,collen-2012,"Appendix F, pp. 337-392",collen-2012-sonobat,unspecified,,,,,,,,,,,total_slope,species_summary,0.00,,,kHz/msec,,,0.00,ok,
collen2012-1004654,1004654,Rhinolophus affinis,exact,collen-2012,"Appendix F, pp. 337-392",collen-2012-sonobat,unspecified,,,,,,,,,,,bandwidth,species_summary,15.78,,,kHz,,,15.78,ok,
collen2012-1004654,1004654,Rhinolophus affinis,exact,collen-2012,"Appendix F, pp. 337-392",collen-2012-sonobat,unspecified,,,,,,,,,,,body_mass,species_summary,13.7,,,g,,,13.7,ok,
collen2012-1004654,1004654,Rhinolophus affinis,exact,collen-2012,"Appendix F, pp. 337-392",collen-2012-sonobat,unspecified,,,,,,,,,,,call_shape_class,single,12,,,,,,12,ok,
collen2012-1004654,1004654,Rhinolophus affinis,exact,collen-2012,"Appendix F, pp. 337-392",collen-2012-sonobat,unspecified,,,,,,,,,,,dominant_slope,species_summary,0.01,,,kHz/msec,,,0.01,ok,
collen2012-1004654,1004654,Rhinolophus affinis,exact,collen-2012,"Appendix F, pp. 337-392",collen-2012-sonobat,unspecified,,,,,,,,,,,duration,species_summary,27.88,,,ms,,,27.88,ok,
collen2012-1004654,1004654,Rhinolophus affinis,exact,collen-2012,"Appendix F, pp. 337-392",collen-2012-sonobat,unspecified,,,,,,,,,,,max_frequency,species_summary,80.65,,,kHz,,,80.65,ok,
collen2012-1004654,1004654,Rhinolophus affinis,exact,collen-2012,"Appendix F, pp. 337-392",collen-2012-sonobat,unspecified,,,,,,,,,,,min_frequency,species_summary,64.87,,,kHz,,,64.87,ok,
collen2012-1004654,1004654,Rhinolophus affinis,exact,collen-2012,"Appendix F, pp. 337-392",collen-2012-sonobat,unspecified,,,,,,,,,,,peak_frequency,species_summary,80.55,,,kHz,,,80.55,ok,
collen2012-1004654,1004654,Rhinolophus affinis,exact,collen-2012,"Appendix F, pp. 337-392",collen-2012-sonobat,unspecified,,,,,,,,,,,total_slope,species_summary,0.01,,,kHz/msec,,,0.01,ok,
collen2012-1004655,1004655,Rhinolophus alcyone,exact,collen-2012,"Appendix F, pp. 337-392",collen-2012-sonobat,unspecified,,,,,,,,,,,body_mass,species_summary,18.62,,,g,,,18.62,ok,
collen2012-1004655,1004655,Rhinolophus alcyone,exact,collen-2012,"Appendix F, pp. 337-392",collen-2012-sonobat,unspecified,,,,,,,,,,,call_shape_class,single,12,,,,,,12,ok,
collen2012-1004655,1004655,Rhinolophus alcyone,exact,collen-2012,"Appendix F, pp. 337-392",collen-2012-sonobat,unspecified,,,,,,,,,,,peak_frequency,species_summary,87.00,,,kHz,,,87.00,ok,
collen2012-1004658,1004658,Rhinolophus arcuatus,exact,collen-2012,"Appendix F, pp. 337-392",collen-2012-sonobat,unspecified,,,,,,,,,,,body_mass,species_summary,8.98,,,g,,,8.98,ok,
collen2012-1004658,1004658,Rhinolophus arcuatus,exact,collen-2012,"Appendix F, pp. 337-392",collen-2012-sonobat,unspecified,,,,,,,,,,,call_shape_class,single,12,,,,,,12,ok,
collen2012-1004658,1004658,Rhinolophus arcuatus,exact,collen-2012,"Appendix F, pp. 337-392",collen-2012-sonobat,unspecified,,,,,,,,,,,peak_frequency,species_summary,66.50,,,kHz,,,66.50,ok,
collen2012-1004661,1004661,Rhinolophus blasii,exact,collen-2012,"Appendix F, pp. 337-392",collen-2012-sonobat,unspecified,,,,,,,,,,,bandwidth,species_summary,4.00,,,kHz,,,4.00,ok,
collen2012-1004661,1004661,Rhinolophus blasii,exact,collen-2012,"Appendix F, pp. 337-392",collen-2012-sonobat,unspecified,,,,,,,,,,,body_mass,species_summary,10.29,,,g,,,10.29,ok,
collen2012-1004661,1004661,Rhinolophus blasii,exact,collen-2012,"Appendix F, pp. 337-392",collen-2012-sonobat,unspecified,,,,,,,,,,,call_shape_class,single,12,,,,,,12,ok,
collen2012-1004661,1004661,Rhinolophus blasii,exact,collen-2012,"Appendix F, pp. 337-392",collen-2012-sonobat,unspecified,,,,,,,,,,,duration,species_summary,44.10,,,ms,,,44.10,ok,
collen2012-1004661,1004661,Rhinolophus blasii,exact,collen-2012,"Appendix F, pp. 337-392",collen-2012-sonobat,unspecified,,,,,,,,,,,peak_frequency,species_summary,60.5,,,kHz,,,60.5,ok,
collen2012-1004663,1004663,Rhinolophus borneensis,exact,collen-2012,"Appendix F, pp. 337-392",collen-2012-sonobat,unspecified,,,,,,,,,,,call_shape_class,single,12,,,,,,12,ok,
collen2012-1004663,1004663,Rhinolophus borneensis,exact,collen-2012,"Appendix F, pp. 337-392",collen-2012-sonobat,unspecified,,,,,,,,,,,peak_frequency,species_summary,81.80,,,kHz,,,81.80,ok,
collen2012-1004665,1004665,Rhinolophus capensis,exact,collen-2012,"Appendix F, pp. 337-392",collen-2012-sonobat,unspecified,,,,,,,,,,,bandwidth,species_summary,12.50,,,kHz,,,12.50,ok,
collen2012-1004665,1004665,Rhinolophus capensis,exact,collen-2012,"Appendix F, pp. 337-392",collen-2012-sonobat,unspecified,,,,,,,,,,,body_mass,species_summary,12.87,,,g,,,12.87,ok,
collen2012-1004665,1004665,Rhinolophus capensis,exact,collen-2012,"Appendix F, pp. 337-392",collen-2012-sonobat,unspecified,,,,,,,,,,,call_shape_class,single,12,,,,,,12,ok,
collen2012-1004665,1004665,Rhinolophus capensis,exact,collen-2012,"Appendix F, pp. 337-392",collen-2012-sonobat,unspecified,,,,,,,,,,,dominant_slope,species_summary,0.00,,,kHz/msec,,,0.00,ok,
collen2012-1004665,1004665,Rhinolophus capensis,exact,collen-2012,"Appendix F, pp. 337-392",collen-2012-sonobat,unspecified,,,,,,,,,,,duration,species_summary,42.67,,,ms,,,42.67,ok,
collen2012-1004665,1004665,Rhinolophus capensis,exact,collen-2012,"Appendix F, pp. 337-392",collen-2012-sonobat,unspecified,,,,,,,,,,,max_frequency,species_summary,84.42,,,kHz,,,84.42,ok,
collen2012-1004665,1004665,Rhinolophus capensis,exact,collen-2012,"Appendix F, pp. 337-392",collen-2012-sonobat,unspecified,,,,,,,,,,,min_frequency,species_summary,71.91,,,kHz,,,71.91,ok,
collen2012-1004665,1004665,Rhinolophus capensis,exact,collen-2012,"Appendix F, pp. 337-392",collen-2012-sonobat,unspecified,,,,,,,,,,,peak_frequency,species_summary,84.36,,,kHz,,,84.36,ok,
collen2012-1004665,1004665,Rhinolophus capensis,exact,collen-2012,"Appendix F, pp. 337-392",collen-2012-sonobat,unspecified,,,,,,,,,,,total_slope,species_summary,0.00,,,kHz/msec,,,0.00,ok,
collen2012-1004669,1004669,Rhinolophus clivosus,exact,collen-2012,"Appendix F, pp. 337-392",collen-2012-sonobat,unspecified,,,,,,,,,,,bandwidth,species_summary,19.32,,,kHz,,,19.32,ok,
collen2012-1004669,1004669,Rhinolophus clivosus,exact,collen-2012,"Appendix F, pp. 337-392",collen-2012-sonobat,unspecified,,,,,,,,,,,call_shape_class,single,12,,,,,,12,ok,
collen2012-1004669,1004669,Rhinolophus clivosus,exact,collen-2012,"Appendix F, pp. 337-392",collen-2012-sonobat,unspecified,,,,,,,,,,,dominant_slope,species_summary,0.00,,,kHz/msec,,,0.00,ok,
collen2012-1004669,1004669,Rhinolophus clivosus,exact,collen-2012,"Appendix F, pp. 337-392",collen-2012-sonobat,unspecified,,,,,,,,,,,duration,species_summary,36.71,,,ms,,,36.71,ok,
collen2012-1004669,1004669,Rhinolophus clivosus,exact,collen-2012,"Appendix F, pp. 337-392",collen-2012-sonobat,unspecified,,,,,,,,,,,max_frequency,species_summary,90.11,,,kHz,,,90.11,ok,
collen2012-1004669,1004669,Rhinolophus clivosus,exact,collen-2012,"Appendix F, pp. 337-392",collen-2012-sonobat,unspecified,,,,,,,,,,,min_frequency,species_summary,70.80,,,kHz,,,70.80,ok,
collen2012-1004669,1004669,Rhinolophus clivosus,exact,collen-2012,"Appendix F, pp. 337-392",collen-2012-sonobat,unspecified,,,,,,,,,,,peak_frequency,species_summary,89.52,,,kHz,,,89.52,ok,
collen2012-1004669,1004669,Rhinolophus clivosus,exact,collen-2012,"Appendix F, pp. 337-392",collen-2012-sonobat,unspecified,,,,,,,,,,,total_slope,species_summary,0.01,,,kHz/msec,,,0.01,ok,
collen2012-1004670,1004670,Rhinolophus coelophyllus,exact,collen-2012,"Appendix F, pp. 337-392",collen-2012-sonobat,unspecified,,,,,,,,,,,bandwidth,species_summary,12.50,,,kHz,,,12.50,ok,
collen2012-1004670,1004670,Rhinolophus coelophyllus,exact,collen-2012,"Appendix F, pp. 337-392",collen-2012-sonobat,unspecified,,,,,,,,,,,body_mass,species_summary,7.07,,,g,,,7.07,ok,
collen2012-1004670,1004670,Rhinolophus coelophyllus,exact,collen-2012,"Appendix F, pp. 337-392",collen-2012-sonobat,unspecified,,,,,,,,,,,call_shape_class,single,12,,,,,,12,ok,
collen2012-1004670,1004670,Rhinolophus coelophyllus,exact,collen-2012,"Appendix F, pp. 337-392",collen-2012-sonobat,unspecified,,,,,,,,,,,dominant_slope,species_summary,0.00,,,kHz/msec,,,0.00,ok,
collen2012-1004670,1004670,Rhinolophus coelophyllus,exact,collen-2012,"Appendix F, pp. 337-392",collen-2012-sonobat,unspecified,,,,,,,,,,,duration,species_summary,35.01,,,ms,,,35.01,ok,
collen2012-1004670,1004670,Rhinolophus coelophyllus,exact,collen-2012,"Appendix F, pp. 337-392",collen-2012-sonobat,unspecified,,,,,,,,,,,max_frequency,species_summary,78.77,,,kHz,,,78.77,ok,
collen2012-1004670,1004670,Rhinolophus coelophyllus,exact,collen-2012,"Appendix F, pp. 337-392",collen-2012-sonobat,unspecified,,,,,,,,,,,min_frequency,species_summary,66.29,,,kHz,,,66.29,ok,
collen2012-1004670,1004670,Rhinolophus coelophyllus,exact,collen-2012,"Appendix F, pp. 337-392",collen-2012-sonobat,unspecified,,,,,,,,,,,peak_frequency,species_summary,78.46,,,kHz,,,78.46,ok,
collen2012-1004670,1004670,Rhinolophus coelophyllus,exact,collen-2012,"Appendix F, pp. 337-392",collen-2012-sonobat,unspecified,,,,,,,,,,,total_slope,species_summary,0.00,,,kHz/msec,,,0.00,ok,
collen2012-1004674,1004674,Rhinolophus cornutus,exact,collen-2012,"Appendix F, pp. 337-392",collen-2012-sonobat,unspecified,,,,,,,,,,,bandwidth,species_summary,13.35,,,kHz,,,13.35,ok,
collen2012-1004674,1004674,Rhinolophus cornutus,exact,collen-2012,"Appendix F, pp. 337-392",collen-2012-sonobat,unspecified,,,,,,,,,,,body_mass,species_summary,7.27,,,g,,,7.27,ok,
collen2012-1004674,1004674,Rhinolophus cornutus,exact,collen-2012,"Appendix F, pp. 337-392",collen-2012-sonobat,unspecified,,,,,,,,,,,call_shape_class,single,12,,,,,,12,ok,
collen2012-1004674,1004674,Rhinolophus cornutus,exact,collen-2012,"Appendix F, pp. 337-392",collen-2012-sonobat,unspecified,,,,,,,,,,,dominant_slope,species_summary,0.00,,,kHz/msec,,,0.00,ok,
collen2012-1004674,1004674,Rhinolophus cornutus,exact,collen-2012,"Appendix F, pp. 337-392",collen-2012-sonobat,unspecified,,,,,,,,,,,duration,species_summary,43.58,,,ms,,,43.58,ok,
collen2012-1004674,1004674,Rhinolophus cornutus,exact,collen-2012,"Appendix F, pp. 337-392",collen-2012-sonobat,unspecified,,,,,,,,,,,max_frequency,species_summary,106.05,,,kHz,,,106.05,ok,
collen2012-1004674,1004674,Rhinolophus cornutus,exact,collen-2012,"Appendix F, pp. 337-392",collen-2012-sonobat,unspecified,,,,,,,,,,,min_frequency,species_summary,92.67,,,kHz,,,92.67,ok,
collen2012-1004674,1004674,Rhinolophus cornutus,exact,collen-2012,"Appendix F, pp. 337-392",collen-2012-sonobat,unspecified,,,,,,,,,,,peak_frequency,species_summary,105.97,,,kHz,,,105.97,ok,
collen2012-1004674,1004674,Rhinolophus cornutus,exact,collen-2012,"Appendix F, pp. 337-392",collen-2012-sonobat,unspecified,,,,,,,,,,,total_slope,species_summary,0.00,,,kHz/msec,,,0.00,ok,
collen2012-1004675,1004675,Rhinolophus creaghi,exact,collen-2012,"Appendix F, pp. 337-392",collen-2012-sonobat,unspecified,,,,,,,,,,,body_mass,species_summary,16.92,,,g,,,16.92,ok,
collen2012-1004675,1004675,Rhinolophus creaghi,exact,collen-2012,"Appendix F, pp. 337-392",collen-2012-sonobat,unspecified,,,,,,,,,,,call_shape_class,single,12,,,,,,12,ok,
collen2012-1004675,1004675,Rhinolophus creaghi,exact,collen-2012,"Appendix F, pp. 337-392",collen-2012-sonobat,unspecified,,,,,,,,,,,peak_frequency,species_summary,68.00,,,kHz,,,68.00,ok,
collen2012-1004677,1004677,Rhinolophus darlingi,exact,collen-2012,"Appendix F, pp. 337-392",collen-2012-sonobat,unspecified,,,,,,,,,,,bandwidth,species_summary,13.04,,,kHz,,,13.04,ok,
collen2012-1004677,1004677,Rhinolophus darlingi,exact,collen-2012,"Appendix F, pp. 337-392",collen-2012-sonobat,unspecified,,,,,,,,,,,body_mass,species_summary,8.94,,,g,,,8.94,ok,
collen2012-1004677,1004677,Rhinolophus darlingi,exact,collen-2012,"Appendix F, pp. 337-392",collen-2012-sonobat,unspecified,,,,,,,,,,,call_shape_class,single,12,,,,,,12,ok,
collen2012-1004677,1004677,Rhinolophus darlingi,exact,collen-2012,"Appendix F, pp. 337-392",collen-2012-sonobat,unspecified,,,,,,,,,,,dominant_slope,species_summary,0.01,,,kHz/msec,,,0.01,ok,
collen2012-1004677,1004677,Rhinolophus darlingi,exact,collen-2012,"Appendix F, pp. 337-392",collen-2012-sonobat,unspecified,,,,,,,,,,,duration,species_summary,36.05,,,ms,,,36.05,ok,
collen2012-1004677,1004677,Rhinolophus darlingi,exact,collen-2012,"Appendix F, pp. 337-392",collen-2012-sonobat,unspecified,,,,,,,,,,,max_frequency,species_summary,86.29,,,kHz,,,86.29,ok,
collen2012-1004677,1004677,Rhinolophus darlingi,exact,collen-2012,"Appendix F, pp. 337-392",collen-2012-sonobat,unspecified,,,,,,,,,,,min_frequency,species_summary,73.24,,,kHz,,,73.24,ok,
collen2012-1004677,1004677,Rhinolophus darlingi,exact,collen-2012,"Appendix F, pp. 337-392",collen-2012-sonobat,unspecified,,,,,,,,,,,peak_frequency,species_summary,86.01,,,kHz,,,86.01,ok,
collen2012-1004677,1004677,Rhinolophus darlingi,exact,collen-2012,"Appendix F, pp. 337-392",collen-2012-sonobat,unspecified,,,,,,,,,,,total_slope,species_summary,0.00,,,kHz/msec,,,0.00,ok,
collen2012-1004678,1004678,Rhinolophus deckenii,exact,collen-2012,"Appendix F, pp. 337-392",collen-2012-sonobat,unspecified,,,,,,,,,,,body_mass,species_summary,20.09,,,g,,,20.09,ok,
collen2012-1004678,1004678,Rhinolophus deckenii,exact,collen-2012,"Appendix F, pp. 337-392",collen-2012-sonobat,unspecified,,,,,,,,,,,call_shape_class,single,12,,,,,,12,ok,
collen2012-1004678,1004678,Rhinolophus deckenii,exact,collen-2012,"Appendix F, pp. 337-392",collen-2012-sonobat,unspecified,,,,,,,,,,,peak_frequency,species_summary,72,,,kHz,,,72,ok,
collen2012-1004679,1004679,Rhinolophus denti,exact,collen-2012,"Appendix F, pp. 337-392",collen-2012-sonobat,unspecified,,,,,,,,,,,bandwidth,species_summary,19.98,,,kHz,,,19.98,ok,
collen2012-1004679,1004679,Rhinolophus denti,exact,collen-2012,"Appendix F, pp. 337-392",collen-2012-sonobat,unspecified,,,,,,,,,,,body_mass,species_summary,6.30,,,g,,,6.30,ok,
collen2012-1004679,1004679,Rhinolophus denti,exact,collen-2012,"Appendix F, pp. 337-392",collen-2012-sonobat,unspecified,,,,,,,,,,,call_shape_class,single,12,,,,,,12,ok,
collen2012-1004679,1004679,Rhinolophus denti,exact,collen-2012,"Appendix F, pp. 337-392",collen-2012-sonobat,unspecified,,,,,,,,,,,dominant_slope,species_summary,0.01,,,kHz/msec,,,0.01,ok,
collen2012-1004679,1004679,Rhinolophus denti,exact,collen-2012,"Appendix F, pp. 337-392",collen-2012-sonobat,unspecified,,,,,,,,,,,duration,species_summary,22.28,,,ms,,,22.28,ok,
collen2012-1004679,1004679,Rhinolophus denti,exact,collen-2012,"Appendix F, pp. 337-392",collen-2012-sonobat,unspecified,,,,,,,,,,,max_frequency,species_summary,110.71,,,kHz,,,110.71,ok,
collen2012-1004679,1004679,Rhinolophus denti,exact,collen-2012,"Appendix F, pp. 337-392",collen-2012-sonobat,unspecified,,,,,,,,,,,min_frequency,species_summary,90.72,,,kHz,,,90.72,ok,
collen2012-1004679,1004679,Rhinolophus denti,exact,collen-2012,"Appendix F, pp. 337-392",collen-2012-sonobat,unspecified,,,,,,,,,,,peak_frequency,species_summary,110.60,,,kHz,,,110.60,ok,
collen2012-1004679,1004679,Rhinolophus denti,exact,collen-2012,"Appendix F, pp. 337-392",collen-2012-sonobat,unspecified,,,,,,,,,,,total_slope,species_summary,0.02,,,kHz/msec,,,0.02,ok,
collen2012-1004682,1004682,Rhinolophus euryale,exact,collen-2012,"Appendix F, pp. 337-392",collen-2012-sonobat,unspecified,,,,,,,,,,,bandwidth,species_summary,15.58,,,kHz,,,15.58,ok,
collen2012-1004682,1004682,Rhinolophus euryale,exact,collen-2012,"Appendix F, pp. 337-392",collen-2012-sonobat,unspecified,,,,,,,,,,,body_mass,species_summary,9.25,,,g,,,9.25,ok,
collen2012-1004682,1004682,Rhinolophus euryale,exact,collen-2012,"Appendix F, pp. 337-392",collen-2012-sonobat,unspecified,,,,,,,,,,,call_shape_class,single,12,,,,,,12,ok,
collen2012-1004682,1004682,Rhinolophus euryale,exact,collen-2012,"Appendix F, pp. 337-392",collen-2012-sonobat,unspecified,,,,,,,,,,,dominant_slope,species_summary,0.01,,,kHz/msec,,,0.01,ok,
collen2012-1004682,1004682,Rhinolophus euryale,exact,collen-2012,"Appendix F, pp. 337-392",collen-2012-sonobat,unspecified,,,,,,,,,,,duration,species_summary,21.82,,,ms,,,21.82,ok,
collen2012-1004682,1004682,Rhinolophus euryale,exact,collen-2012,"Appendix F, pp. 337-392",collen-2012-sonobat,unspecified,,,,,,,,,,,max_frequency,species_summary,106.91,,,kHz,,,106.91,ok,
collen2012-1004682,1004682,Rhinolophus euryale,exact,collen-2012,"Appendix F, pp. 337-392",collen-2012-sonobat,unspecified,,,,,,,,,,,min_frequency,species_summary,91.24,,,kHz,,,91.24,ok,
collen2012-1004682,1004682,Rhinolophus euryale,exact,collen-2012,"Appendix F, pp. 337-392",collen-2012-sonobat,unspecified,,,,,,,,,,,peak_frequency,species_summary,105.67,,,kHz,,,105.67,ok,
collen2012-1004682,1004682,Rhinolophus euryale,exact,collen-2012,"Appendix F, pp. 337-392",collen-2012-sonobat,unspecified,,,,,,,,,,,total_slope,species_summary,0.01,,,kHz/msec,,,0.01,ok,
collen2012-1004683,1004683,Rhinolophus euryotis,exact,collen-2012,"Appendix F, pp. 337-392",collen-2012-sonobat,unspecified,,,,,,,,,,,bandwidth,species_summary,7.10,,,kHz,,,7.10,ok,
collen2012-1004683,1004683,Rhinolophus euryotis,exact,collen-2012,"Appendix F, pp. 337-392",collen-2012-sonobat,unspecified,,,,,,,,,,,body_mass,species_summary,14.3,,,g,,,14.3,ok,
collen2012-1004683,1004683,Rhinolophus euryotis,exact,collen-2012,"Appendix F, pp. 337-392",collen-2012-sonobat,unspecified,,,,,,,,,,,call_shape_class,single,12,,,,,,12,ok,
collen2012-1004683,1004683,Rhinolophus euryotis,exact,collen-2012,"Appendix F, pp. 337-392",collen-2012-sonobat,unspecified,,,,,,,,,,,dominant_slope,species_summary,0.00,,,kHz/msec,,,0.00,ok,
collen2012-1004683,1004683,Rhinolophus euryotis,exact,collen-2012,"Appendix F, pp. 337-392",collen-2012-sonobat,unspecified,,,,,,,,,,,duration,species_summary,50.82,,,ms,,,50.82,ok,
collen2012-1004683,1004683,Rhinolophus euryotis,exact,collen-2012,"Appendix F, pp. 337-392",collen-2012-sonobat,unspecified,,,,,,,,,,,max_frequency,species_summary,52.03,,,kHz,,,52.03,ok,
collen2012-1004683,1004683,Rhinolophus euryotis,exact,collen-2012,"Appendix F, pp. 337-392",collen-2012-sonobat,unspecified,,,,,,,,,,,min_frequency,species_summary,44.92,,,kHz,,,44.92,ok,
collen2012-1004683,1004683,Rhinolophus euryotis,exact,collen-2012,"Appendix F, pp. 337-392",collen-2012-sonobat,unspecified,,,,,,,,,,,peak_frequency,species_summary,51.99,,,kHz,,,51.99,ok,
collen2012-1004683,1004683,Rhinolophus euryotis,exact,collen-2012,"Appendix F, pp. 337-392",collen-2012-sonobat,unspecified,,,,,,,,,,,total_slope,species_summary,0.00,,,kHz/msec,,,0.00,ok,
collen2012-1004684,1004684,Rhinolophus ferrumequinum,exact,collen-2012,"Appendix F, pp. 337-392",collen-2012-sonobat,unspecified,,,,,,,,,,,bandwidth,species_summary,12.55,,,kHz,,,12.55,ok,
collen2012-1004684,1004684,Rhinolophus ferrumequinum,exact,collen-2012,"Appendix F, pp. 337-392",collen-2012-sonobat,unspecified,,,,,,,,,,,body_mass,species_summary,22.59,,,g,,,22.59,ok,
collen2012-1004684,1004684,Rhinolophus ferrumequinum,exact,collen-2012,"Appendix F, pp. 337-392",collen-2012-sonobat,unspecified,,,,,,,,,,,call_shape_class,single,12,,,,,,12,ok,
collen2012-1004684,1004684,Rhinolophus ferrumequinum,exact,collen-2012,"Appendix F, pp. 337-392",collen-2012-sonobat,unspecified,,,,,,,,,,,dominant_slope,species_summary,0.00,,,kHz/msec,,,0.00,ok,
collen2012-1004684,1004684,Rhinolophus ferrumequinum,exact,collen-2012,"Appendix F, pp. 337-392",collen-2012-sonobat,unspecified,,,,,,,,,,,duration,species_summary,48.09,,,ms,,,48.09,ok,
collen2012-1004684,1004684,Rhinolophus ferrumequinum,exact,collen-2012,"Appendix F, pp. 337-392",collen-2012-sonobat,unspecified,,,,,,,,,,,max_frequency,species_summary,82.34,,,kHz,,,82.34,ok,
collen2012-1004684,1004684,Rhinolophus ferrumequinum,exact,collen-2012,"Appendix F, pp. 337-392",collen-2012-sonobat,unspecified,,,,,,,,,,,min_frequency,species_summary,69.81,,,kHz,,,69.81,ok,
collen2012-1004684,1004684,Rhinolophus ferrumequinum,exact,collen-2012,"Appendix F, pp. 337-392",collen-2012-sonobat,unspecified,,,,,,,,,,,peak_frequency,species_summary,82.18,,,kHz,,,82.18,ok,
collen2012-1004684,1004684,Rhinolophus ferrumequinum,exact,collen-2012,"Appendix F, pp. 337-392",collen-2012-sonobat,unspecified,,,,,,,,,,,total_slope,species_summary,0.00,,,kHz/msec,,,0.00,ok,
collen2012-1004687,1004687,Rhinolophus fumigatus,exact,collen-2012,"Appendix F, pp. 337-392",collen-2012-sonobat,unspecified,,,,,,,,,,,bandwidth,species_summary,6.64,,,kHz,,,6.64,ok,
collen2012-1004687,1004687,Rhinolophus fumigatus,exact,collen-2012,"Appendix F, pp. 337-392",collen-2012-sonobat,unspecified,,,,,,,,,,,body_mass,species_summary,13.09,,,g,,,13.09,ok,
collen2012-1004687,1004687,Rhinolophus fumigatus,exact,collen-2012,"Appendix F, pp. 337-392",collen-2012-sonobat,unspecified,,,,,,,,,,,call_shape_class,single,12,,,,,,12,ok,
collen2012-1004687,1004687,Rhinolophus fumigatus,exact,collen-2012,"Appendix F, pp. 337-392",collen-2012-sonobat,unspecified,,,,,,,,,,,dominant_slope,species_summary,0.01,,,kHz/msec,,,0.01,ok,
collen2012-1004687,1004687,Rhinolophus fumigatus,exact,collen-2012,"Appendix F, pp. 337-392",collen-2012-sonobat,unspecified,,,,,,,,,,,duration,species_summary,41.27,,,ms,,,41.27,ok,
collen2012-1004687,1004687,Rhinolophus fumigatus,exact,collen-2012,"Appendix F, pp. 337-392",collen-2012-sonobat,unspecified,,,,,,,,,,,max_frequency,species_summary,53.28,,,kHz,,,53.28,ok,
collen2012-1004687,1004687,Rhinolophus fumigatus,exact,collen-2012,"Appendix F, pp. 337-392",collen-2012-sonobat,unspecified,,,,,,,,,,,min_frequency,species_summary,46.57,,,kHz,,,46.57,ok,
collen2012-1004687,1004687,Rhinolophus fumigatus,exact,collen-2012,"Appendix F, pp. 337-392",collen-2012-sonobat,unspecified,,,,,,,,,,,peak_frequency,species_summary,53.24,,,kHz,,,53.24,ok,
collen2012-1004687,1004687,Rhinolophus fumigatus,exact,collen-2012,"Appendix F, pp. 337-392",collen-2012-sonobat,unspecified,,,,,,,,,,,total_slope,species_summary,0.00,,,kHz/msec,,,0.00,ok,
collen2012-1004690,1004690,Rhinolophus hildebrandtii,exact,collen-2012,"Appendix F, pp. 337-392",collen-2012-sonobat,unspecified,,,,,,,,,,,bandwidth,species_summary,5.79,,,kHz,,,5.79,ok,
collen2012-1004690,1004690,Rhinolophus hildebrandtii,exact,collen-2012,"Appendix F, pp. 337-392",collen-2012-sonobat,unspecified,,,,,,,,,,,body_mass,species_summary,25.99,,,g,,,25.99,ok,
collen2012-1004690,1004690,Rhinolophus hildebrandtii,exact,collen-2012,"Appendix F, pp. 337-392",collen-2012-sonobat,unspecified,,,,,,,,,,,call_shape_class,single,12,,,,,,12,ok,
collen2012-1004690,1004690,Rhinolophus hildebrandtii,exact,collen-2012,"Appendix F, pp. 337-392",collen-2012-sonobat,unspecified,,,,,,,,,,,dominant_slope,species_summary,0.00,,,kHz/msec,,,0.00,ok,
collen2012-1004690,1004690,Rhinolophus hildebrandtii,exact,collen-2012,"Appendix F, pp. 337-392",collen-2012-sonobat,unspecified,,,,,,,,,,,duration,species_summary,46.62,,,ms,,,46.62,ok,
collen2012-1004690,1004690,Rhinolophus hildebrandtii,exact,collen-2012,"Appendix F, pp. 337-392",collen-2012-sonobat,unspecified,,,,,,,,,,,max_frequency,species_summary,34.31,,,kHz,,,34.31,ok,
collen2012-1004690,1004690,Rhinolophus hildebrandtii,exact,collen-2012,"Appendix F, pp. 337-392",collen-2012-sonobat,unspecified,,,,,,,,,,,min_frequency,species_summary,28.50,,,kHz,,,28.50,ok,
collen2012-1004690,1004690,Rhinolophus hildebrandtii,exact,collen-2012,"Appendix F, pp. 337-392",collen-2012-sonobat,unspecified,,,,,,,,,,,peak_frequency,species_summary,34.27,,,kHz,,,34.27,ok,
collen2012-1004690,1004690,Rhinolophus hildebrandtii,exact,collen-2012,"Appendix F, pp. 337-392",collen-2012-sonobat,unspecified,,,,,,,,,,,total_slope,species_summary,0.00,,,kHz/msec,,,0.00,ok,
collen2012-1004693,1004693,Rhinolophus hipposideros,exact,collen-2012,"Appendix F, pp. 337-392",collen-2012-sonobat,unspecified,,,,,,,,,,,bandwidth,species_summary,14.83,,,kHz,,,14.83,ok,
collen2012-1004693,1004693,Rhinolophus hipposideros,exact,collen-2012,"Appendix F, pp. 337-392",collen-2012-sonobat,unspecified,,,,,,,,,,,body_mass,species_summary,4.57,,,g,,,4.57,ok,
collen2012-1004693,1004693,Rhinolophus hipposideros,exact,collen-2012,"Appendix F, pp. 337-392",collen-2012-sonobat,unspecified,,,,,,,,,,,call_shape_class,single,12,,,,,,12,ok,
collen2012-1004693,1004693,Rhinolophus hipposideros,exact,collen-2012,"Appendix F, pp. 337-392",collen-2012-sonobat,unspecified,,,,,,,,,,,dominant_slope,species_summary,0.01,,,kHz/msec,,,0.01,ok,
collen2012-1004693,1004693,Rhinolophus hipposideros,exact,collen-2012,"Appendix F, pp. 337-392",collen-2012-sonobat,unspecified,,,,,,,,,,,duration,species_summary,40.83,,,ms,,,40.83,ok,
collen2012-1004693,1004693,Rhinolophus hipposideros,exact,collen-2012,"Appendix F, pp. 337-392",collen-2012-sonobat,unspecified,,,,,,,,,,,max_frequency,species_summary,109.47,,,kHz,,,109.47,ok,
collen2012-1004693,1004693,Rhinolophus hipposideros,exact,collen-2012,"Appendix F, pp. 337-392",collen-2012-sonobat,unspecified,,,,,,,,,,,min_frequency,species_summary,94.59,,,kHz,,,94.59,ok,
collen2012-1004693,1004693,Rhinolophus hipposideros,exact,collen-2012,"Appendix F, pp. 337-392",collen-2012-sonobat,unspecified,,,,,,,,,,,peak_frequency,species_summary,109.32,,,kHz,,,109.32,ok,
collen2012-1004693,1004693,Rhinolophus hipposideros,exact,collen-2012,"Appendix F, pp. 337-392",collen-2012-sonobat,unspecified,,,,,,,,,,,total_slope,species_summary,0.01,,,kHz/msec,,,0.01,ok,
collen2012-1004699,1004699,Rhinolophus landeri,exact,collen-2012,"Appendix F, pp. 337-392",collen-2012-sonobat,unspecified,,,,,,,,,,,bandwidth,species_summary,19.20,,,kHz,,,19.20,ok,
collen2012-1004699,1004699,Rhinolophus landeri,exact,collen-2012,"Appendix F, pp. 337-392",collen-2012-sonobat,unspecified,,,,,,,,,,,body_mass,species_summary,9.39,,,g,,,9.39,ok,
collen2012-1004699,1004699,Rhinolophus landeri,exact,collen-2012,"Appendix F, pp. 337-392",collen-2012-sonobat,unspecified,,,,,,,,,,,call_shape_class,single,12,,,,,,12,ok,
collen2012-1004699,1004699,Rhinolophus landeri,exact,collen-2012,"Appendix F, pp. 337-392",collen-2012-sonobat,unspecified,,,,,,,,,,,dominant_slope,species_summary,0.01,,,kHz/msec,,,0.01,ok,
collen2012-1004699,1004699,Rhinolophus landeri,exact,collen-2012,"Appendix F, pp. 337-392",collen-2012-sonobat,unspecified,,,,,,,,,,,duration,species_summary,41.85,,,ms,,,41.85,ok,
collen2012-1004699,1004699,Rhinolophus landeri,exact,collen-2012,"Appendix F, pp. 337-392",collen-2012-sonobat,unspecified,,,,,,,,,,,max_frequency,species_summary,105.46,,,kHz,,,105.46,ok,
collen2012-1004699,1004699,Rhinolophus landeri,exact,collen-2012,"Appendix F, pp. 337-392",collen-2012-sonobat,unspecified,,,,,,,,,,,min_frequency,species_summary,86.25,,,kHz,,,86.25,ok,
collen2012-1004699,1004699,Rhinolophus landeri,exact,collen-2012,"Appendix F, pp. 337-392",collen-2012-sonobat,unspecified,,,,,,,,,,,peak_frequency,species_summary,105.41,,,kHz,,,105.41,ok,
collen2012-1004699,1004699,Rhinolophus landeri,exact,collen-2012,"Appendix F, pp. 337-392",collen-2012-sonobat,unspecified,,,,,,,,,,,total_slope,species_summary,0.00,,,kHz/msec,,,0.00,ok,
collen2012-1004700,1004700,Rhinolophus lepidus,exact,collen-2012,"Appendix F, pp. 337-392",collen-2012-sonobat,unspecified,,,,,,,,,,,bandwidth,species_summary,18.37,,,kHz,,,18.37,ok,
collen2012-1004700,1004700,Rhinolophus lepidus,exact,collen-2012,"Appendix F, pp. 337-392",collen-2012-sonobat,unspecified,,,,,,,,,,,body_mass,species_summary,5.46,,,g,,,5.46,ok,
collen2012-1004700,1004700,Rhinolophus lepidus,exact,collen-2012,"Appendix F, pp. 337-392",collen-2012-sonobat,unspecified,,,,,,,,,,,call_shape_class,single,12,,,,,,12,ok,
collen2012-1004700,1004700,Rhinolophus lepidus,exact,collen-2012,"Appendix F, pp. 337-392",collen-2012-sonobat,unspecified,,,,,,,,,,,dominant_slope,species_summary,0.01,,,kHz/msec,,,0.01,ok,
collen2012-1004700,1004700,Rhinolophus lepidus,exact,collen-2012,"Appendix F, pp. 337-392",collen-2012-sonobat,unspecified,,,,,,,,,,,duration,species_summary,35.34,,,ms,,,35.34,ok,
collen2012-1004700,1004700,Rhinolophus lepidus,exact,collen-2012,"Appendix F, pp. 337-392",collen-2012-sonobat,unspecified,,,,,,,,,,,max_frequency,species_summary,103.30,,,kHz,,,103.30,ok,
collen2012-1004700,1004700,Rhinolophus lepidus,exact,collen-2012,"Appendix F, pp. 337-392",collen-2012-sonobat,unspecified,,,,,,,,,,,min_frequency,species_summary,84.75,,,kHz,,,84.75,ok,
collen2012-1004700,1004700,Rhinolophus lepidus,exact,collen-2012,"Appendix F, pp. 337-392",collen-2012-sonobat,unspecified,,,,,,,,,,,peak_frequency,species_summary,103.20,,,kHz,,,103.20,ok,
collen2012-1004700,1004700,Rhinolophus lepidus,exact,collen-2012,"Appendix F, pp. 337-392",collen-2012-sonobat,unspecified,,,,,,,,,,,total_slope,species_summary,0.01,,,kHz/msec,,,0.01,ok,
collen2012-1004703,1004703,Rhinolophus luctus,exact,collen-2012,"Appendix F, pp. 337-392",collen-2012-sonobat,unspecified,,,,,,,,,,,bandwidth,species_summary,1.49,,,kHz,,,1.49,ok,
collen2012-1004703,1004703,Rhinolophus luctus,exact,collen-2012,"Appendix F, pp. 337-392",collen-2012-sonobat,unspecified,,,,,,,,,,,body_mass,species_summary,34.07,,,g,,,34.07,ok,
collen2012-1004703,1004703,Rhinolophus luctus,exact,collen-2012,"Appendix F, pp. 337-392",collen-2012-sonobat,unspecified,,,,,,,,,,,call_shape_class,single,12,,,,,,12,ok,
collen2012-1004703,1004703,Rhinolophus luctus,exact,collen-2012,"Appendix F, pp. 337-392",collen-2012-sonobat,unspecified,,,,,,,,,,,dominant_slope,species_summary,0.00,,,kHz/msec,,,0.00,ok,
collen2012-1004703,1004703,Rhinolophus luctus,exact,collen-2012,"Appendix F, pp. 337-392",collen-2012-sonobat,unspecified,,,,,,,,,,,duration,species_summary,64.97,,,ms,,,64.97,ok,
collen2012-1004703,1004703,Rhinolophus luctus,exact,collen-2012,"Appendix F, pp. 337-392",collen-2012-sonobat,unspecified,,,,,,,,,,,max_frequency,species_summary,31.11,,,kHz,,,31.11,ok,
collen2012-1004703,1004703,Rhinolophus luctus,exact,collen-2012,"Appendix F, pp. 337-392",collen-2012-sonobat,unspecified,,,,,,,,,,,min_frequency,species_summary,29.65,,,kHz,,,29.65,ok,
collen2012-1004703,1004703,Rhinolophus luctus,exact,collen-2012,"Appendix F, pp. 337-392",collen-2012-sonobat,unspecified,,,,,,,,,,,peak_frequency,species_summary,31.07,,,kHz,,,31.07,ok,
collen2012-1004703,1004703,Rhinolophus luctus,exact,collen-2012,"Appendix F, pp. 337-392",collen-2012-sonobat,unspecified,,,,,,,,,,,total_slope,species_summary,0.00,,,kHz/msec,,,0.00,ok,
collen2012-1004706,1004706,Rhinolophus macrotis,exact,collen-2012,"Appendix F, pp. 337-392",collen-2012-sonobat,unspecified,,,,,,,,,,,bandwidth,species_summary,6.44,,,kHz,,,6.44,ok,
collen2012-1004706,1004706,Rhinolophus macrotis,exact,collen-2012,"Appendix F, pp. 337-392",collen-2012-sonobat,unspecified,,,,,,,,,,,body_mass,species_summary,6.18,,,g,,,6.18,ok,
collen2012-1004706,1004706,Rhinolophus macrotis,exact,collen-2012,"Appendix F, pp. 337-392",collen-2012-sonobat,unspecified,,,,,,,,,,,call_shape_class,single,12,,,,,,12,ok,
collen2012-1004706,1004706,Rhinolophus macrotis,exact,collen-2012,"Appendix F, pp. 337-392",collen-2012-sonobat,unspecified,,,,,,,,,,,dominant_slope,species_summary,0.01,,,kHz/msec,,,0.01,ok,
collen2012-1004706,1004706,Rhinolophus macrotis,exact,collen-2012,"Appendix F, pp. 337-392",collen-2012-sonobat,unspecified,,,,,,,,,,,duration,species_summary,28.47,,,ms,,,28.47,ok,
collen2012-1004706,1004706,Rhinolophus macrotis,exact,collen-2012,"Appendix F, pp. 337-392",collen-2012-sonobat,unspecified,,,,,,,,,,,max_frequency,species_summary,47.00,,,kHz,,,47.00,ok,
collen2012-1004706,1004706,Rhinolophus macrotis,exact,collen-2012,"Appendix F, pp. 337-392",collen-2012-sonobat,unspecified,,,,,,,,,,,min_frequency,species_summary,40.58,,,kHz,,,40.58,ok,
collen2012-1004706,1004706,Rhinolophus macrotis,exact,collen-2012,"Appendix F, pp. 337-392",collen-2012-sonobat,unspecified,,,,,,,,,,,peak_frequency,species_summary,46.95,,,kHz,,,46.95,ok,
collen2012-1004706,1004706,Rhinolophus macrotis,exact,collen-2012,"Appendix F, pp. 337-392",collen-2012-sonobat,unspecified,,,,,,,,,,,total_slope,species_summary,0.00,,,kHz/msec,,,0.00,ok,
collen2012-1004709,1004709,Rhinolophus malayanus,exact,collen-2012,"Appendix F, pp. 337-392",collen-2012-sonobat,unspecified,,,,,,,,,,,bandwidth,species_summary,13.95,,,kHz,,,13.95,ok,
collen2012-1004709,1004709,Rhinolophus malayanus,exact,collen-2012,"Appendix F, pp. 337-392",collen-2012-sonobat,unspecified,,,,,,,,,,,body_mass,species_summary,6.73,,,g,,,6.73,ok,
collen2012-1004709,1004709,Rhinolophus malayanus,exact,collen-2012,"Appendix F, pp. 337-392",collen-2012-sonobat,unspecified,,,,,,,,,,,call_shape_class,single,12,,,,,,12,ok,
collen2012-1004709,1004709,Rhinolophus malayanus,exact,collen-2012,"Appendix F, pp. 337-392",collen-2012-sonobat,unspecified,,,,,,,,,,,dominant_slope,species_summary,0.00,,,kHz/msec,,,0.00,ok,
collen2012-1004709,1004709,Rhinolophus malayanus,exact,collen-2012,"Appendix F, pp. 337-392",collen-2012-sonobat,unspecified,,,,,,,,,,,duration,species_summary,32.04,,,ms,,,32.04,ok,
collen2012-1004709,1004709,Rhinolophus malayanus,exact,collen-2012,"Appendix F, pp. 337-392",collen-2012-sonobat,unspecified,,,,,,,,,,,max_frequency,species_summary,85.62,,,kHz,,,85.62,ok,
collen2012-1004709,1004709,Rhinolophus malayanus,exact,collen-2012,"Appendix F, pp. 337-392",collen-2012-sonobat,unspecified,,,,,,,,,,,min_frequency,species_summary,71.68,,,kHz,,,71.68,ok,
collen2012-1004709,1004709,Rhinolophus malayanus,exact,collen-2012,"Appendix F, pp. 337-392",collen-2012-sonobat,unspecified,,,,,,,,,,,peak_frequency,species_summary,85.55,,,kHz,,,85.55,ok,
collen2012-1004709,1004709,Rhinolophus malayanus,exact,collen-2012,"Appendix F, pp. 337-392",collen-2012-sonobat,unspecified,,,,,,,,,,,total_slope,species_summary,0.00,,,kHz/msec,,,0.00,ok,
collen2012-1004710,1004710,Rhinolophus marshalli,exact,collen-2012,"Appendix F, pp. 337-392",collen-2012-sonobat,unspecified,,,,,,,,,,,body_mass,species_summary,5.02,,,g,,,5.02,ok,
collen2012-1004710,1004710,Rhinolophus marshalli,exact,collen-2012,"Appendix F, pp. 337-392",collen-2012-sonobat,unspecified,,,,,,,,,,,call_shape_class,single,12,,,,,,12,ok,
collen2012-1004710,1004710,Rhinolophus marshalli,exact,collen-2012,"Appendix F, pp. 337-392",collen-2012-sonobat,unspecified,,,,,,,,,,,peak_frequency,species_summary,43.00,,,kHz,,,43.00,ok,
collen2012-1004712,1004712,Rhinolophus megaphyllus,exact,collen-2012,"Appendix F, pp. 337-392",collen-2012-sonobat,unspecified,,,,,,,,,,,bandwidth,species_summary,7.56,,,kHz,,,7.56,ok,
collen2012-1004712,1004712,Rhinolophus megaphyllus,exact,collen-2012,"Appendix F, pp. 337-392",collen-2012-sonobat,unspecified,,,,,,,,,,,body_mass,species_summary,10.17,,,g,,,10.17,ok,
collen2012-1004712,1004712,Rhinolophus megaphyllus,exact,collen-2012,"Appendix F, pp. 337-392",collen-2012-sonobat,unspecified,,,,,,,,,,,call_shape_class,single,12,,,,,,12,ok,
collen2012-1004712,1004712,Rhinolophus megaphyllus,exact,collen-2012,"Appendix F, pp. 337-392",collen-2012-sonobat,unspecified,,,,,,,,,,,dominant_slope,species_summary,0.00,,,kHz/msec,,,0.00,ok,
collen2012-1004712,1004712,Rhinolophus megaphyllus,exact,collen-2012,"Appendix F, pp. 337-392",collen-2012-sonobat,unspecified,,,,,,,,,,,duration,species_summary,56.06,,,ms,,,56.06,ok,
collen2012-1004712,1004712,Rhinolophus megaphyllus,exact,collen-2012,"Appendix F, pp. 337-392",collen-2012-sonobat,unspecified,,,,,,,,,,,max_frequency,species_summary,68.85,,,kHz,,,68.85,ok,
collen2012-1004712,1004712,Rhinolophus megaphyllus,exact,collen-2012,"Appendix F, pp. 337-392",collen-2012-sonobat,unspecified,,,,,,,,,,,min_frequency,species_summary,61.29,,,kHz,,,61.29,ok,
collen2012-1004712,1004712,Rhinolophus megaphyllus,exact,collen-2012,"Appendix F, pp. 337-392",collen-2012-sonobat,unspecified,,,,,,,,,,,peak_frequency,species_summary,68.80,,,kHz,,,68.80,ok,
collen2012-1004712,1004712,Rhinolophus megaphyllus,exact,collen-2012,"Appendix F, pp. 337-392",collen-2012-sonobat,unspecified,,,,,,,,,,,total_slope,species_summary,0.00,,,kHz/msec,,,0.00,ok,
collen2012-1004713,1004713,Rhinolophus mehelyi,exact,collen-2012,"Appendix F, pp. 337-392",collen-2012-sonobat,unspecified,,,,,,,,,,,bandwidth,species_summary,5.00,,,kHz,,,5.00,ok,
collen2012-1004713,1004713,Rhinolophus mehelyi,exact,collen-2012,"Appendix F, pp. 337-392",collen-2012-sonobat,unspecified,,,,,,,,,,,body_mass,species_summary,14.03,,,g,,,14.03,ok,
collen2012-1004713,1004713,Rhinolophus mehelyi,exact,collen-2012,"Appendix F, pp. 337-392",collen-2012-sonobat,unspecified,,,,,,,,,,,call_shape_class,single,12,,,,,,12,ok,
collen2012-1004713,1004713,Rhinolophus mehelyi,exact,collen-2012,"Appendix F, pp. 337-392",collen-2012-sonobat,unspecified,,,,,,,,,,,duration,species_summary,35.90,,,ms,,,35.90,ok,
collen2012-1004713,1004713,Rhinolophus mehelyi,exact,collen-2012,"Appendix F, pp. 337-392",collen-2012-sonobat,unspecified,,,,,,,,,,,peak_frequency,species_summary,110,,,kHz,,,110,ok,
collen2012-1004716,1004716,Rhinolophus monoceros,exact,collen-2012,"Appendix F, pp. 337-392",collen-2012-sonobat,unspecified,,,,,,,,,,,bandwidth,species_summary,16.27,,,kHz,,,16.27,ok,
collen2012-1004716,1004716,Rhinolophus monoceros,exact,collen-2012,"Appendix F, pp. 337-392",collen-2012-sonobat,unspecified,,,,,,,,,,,body_mass,species_summary,7.49,,,g,,,7.49,ok,
collen2012-1004716,1004716,Rhinolophus monoceros,exact,collen-2012,"Appendix F, pp. 337-392",collen-2012-sonobat,unspecified,,,,,,,,,,,call_shape_class,single,12,,,,,,12,ok,
collen2012-1004716,1004716,Rhinolophus monoceros,exact,collen-2012,"Appendix F, pp. 337-392",collen-2012-sonobat,unspecified,,,,,,,,,,,dominant_slope,species_summary,0.01,,,kHz/msec,,,0.01,ok,
collen2012-1004716,1004716,Rhinolophus monoceros,exact,collen-2012,"Appendix F, pp. 337-392",collen-2012-sonobat,unspecified,,,,,,,,,,,duration,species_summary,40.39,,,ms,,,40.39,ok,
collen2012-1004716,1004716,Rhinolophus monoceros,exact,collen-2012,"Appendix F, pp. 337-392",collen-2012-sonobat,unspecified,,,,,,,,,,,max_frequency,species_summary,107.29,,,kHz,,,107.29,ok,
collen2012-1004716,1004716,Rhinolophus monoceros,exact,collen-2012,"Appendix F, pp. 337-392",collen-2012-sonobat,unspecified,,,,,,,,,,,min_frequency,species_summary,90.99,,,kHz,,,90.99,ok,
collen2012-1004716,1004716,Rhinolophus monoceros,exact,collen-2012,"Appendix F, pp. 337-392",collen-2012-sonobat,unspecified,,,,,,,,,,,peak_frequency,species_summary,106.45,,,kHz,,,106.45,ok,
collen2012-1004716,1004716,Rhinolophus monoceros,exact,collen-2012,"Appendix F, pp. 337-392",collen-2012-sonobat,unspecified,,,,,,,,,,,total_slope,species_summary,0.01,,,kHz/msec,,,0.01,ok,
collen2012-1004724,1004724,Rhinolophus pearsonii,exact,collen-2012,"Appendix F, pp. 337-392",collen-2012-sonobat,unspecified,,,,,,,,,,,bandwidth,species_summary,5.33,,,kHz,,,5.33,ok,
collen2012-1004724,1004724,Rhinolophus pearsonii,exact,collen-2012,"Appendix F, pp. 337-392",collen-2012-sonobat,unspecified,,,,,,,,,,,body_mass,species_summary,11.55,,,g,,,11.55,ok,
collen2012-1004724,1004724,Rhinolophus pearsonii,exact,collen-2012,"Appendix F, pp. 337-392",collen-2012-sonobat,unspecified,,,,,,,,,,,call_shape_class,single,12,,,,,,12,ok,
collen2012-1004724,1004724,Rhinolophus pearsonii,exact,collen-2012,"Appendix F, pp. 337-392",collen-2012-sonobat,unspecified,,,,,,,,,,,dominant_slope,species_summary,0.00,,,kHz/msec,,,0.00,ok,
collen2012-1004724,1004724,Rhinolophus pearsonii,exact,collen-2012,"Appendix F, pp. 337-392",collen-2012-sonobat,unspecified,,,,,,,,,,,duration,species_summary,42.30,,,ms,,,42.30,ok,
collen2012-1004724,1004724,Rhinolophus pearsonii,exact,collen-2012,"Appendix F, pp. 337-392",collen-2012-sonobat,unspecified,,,,,,,,,,,max_frequency,species_summary,56.72,,,kHz,,,56.72,ok,
collen2012-1004724,1004724,Rhinolophus pearsonii,exact,collen-2012,"Appendix F, pp. 337-392",collen-2012-sonobat,unspecified,,,,,,,,,,,min_frequency,species_summary,51.42,,,kHz,,,51.42,ok,
collen2012-1004724,1004724,Rhinolophus pearsonii,exact,collen-2012,"Appendix F, pp. 337-392",collen-2012-sonobat,unspecified,,,,,,,,,,,peak_frequency,species_summary,56.68,,,kHz,,,56.68,ok,
collen2012-1004724,1004724,Rhinolophus pearsonii,exact,collen-2012,"Appendix F, pp. 337-392",collen-2012-sonobat,unspecified,,,,,,,,,,,total_slope,species_summary,0.00,,,kHz/msec,,,0.00,ok,
collen2012-1004727,1004727,Rhinolophus philippinensis,exact,collen-2012,"Appendix F, pp. 337-392",collen-2012-sonobat,unspecified,,,,,,,,,,,bandwidth,species_summary,4.71,,,kHz,,,4.71,ok,
collen2012-1004727,1004727,Rhinolophus philippinensis,exact,collen-2012,"Appendix F, pp. 337-392",collen-2012-sonobat,unspecified,,,,,,,,,,,body_mass,species_summary,10.91,,,g,,,10.91,ok,
collen2012-1004727,1004727,Rhinolophus philippinensis,exact,collen-2012,"Appendix F, pp. 337-392",collen-2012-sonobat,unspecified,,,,,,,,,,,call_shape_class,single,12,,,,,,12,ok,
collen2012-1004727,1004727,Rhinolophus philippinensis,exact,collen-2012,"Appendix F, pp. 337-392",collen-2012-sonobat,unspecified,,,,,,,,,,,dominant_slope,species_summary,0.00,,,kHz/msec,,,0.00,ok,
collen2012-1004727,1004727,Rhinolophus philippinensis,exact,collen-2012,"Appendix F, pp. 337-392",collen-2012-sonobat,unspecified,,,,,,,,,,,duration,species_summary,81.84,,,ms,,,81.84,ok,
collen2012-1004727,1004727,Rhinolophus philippinensis,exact,collen-2012,"Appendix F, pp. 337-392",collen-2012-sonobat,unspecified,,,,,,,,,,,max_frequency,species_summary,39.85,,,kHz,,,39.85,ok,
collen2012-1004727,1004727,Rhinolophus philippinensis,exact,collen-2012,"Appendix F, pp. 337-392",collen-2012-sonobat,unspecified,,,,,,,,,,,min_frequency,species_summary,35.10,,,kHz,,,35.10,ok,
collen2012-1004727,1004727,Rhinolophus philippinensis,exact,collen-2012,"Appendix F, pp. 337-392",collen-2012-sonobat,unspecified,,,,,,,,,,,peak_frequency,species_summary,39.78,,,kHz,,,39.78,ok,
collen2012-1004727,1004727,Rhinolophus philippinensis,exact,collen-2012,"Appendix F, pp. 337-392",collen-2012-sonobat,unspecified,,,,,,,,,,,total_slope,species_summary,0.00,,,kHz/msec,,,0.00,ok,
collen2012-1004730,1004730,Rhinolophus pusillus,exact,collen-2012,"Appendix F, pp. 337-392",collen-2012-sonobat,unspecified,,,,,,,,,,,bandwidth,species_summary,12.18,,,kHz,,,12.18,ok,
collen2012-1004730,1004730,Rhinolophus pusillus,exact,collen-2012,"Appendix F, pp. 337-392",collen-2012-sonobat,unspecified,,,,,,,,,,,body_mass,species_summary,5.15,,,g,,,5.15,ok,
collen2012-1004730,1004730,Rhinolophus pusillus,exact,collen-2012,"Appendix F, pp. 337-392",collen-2012-sonobat,unspecified,,,,,,,,,,,call_shape_class,single,12,,,,,,12,ok,
collen2012-1004730,1004730,Rhinolophus pusillus,exact,collen-2012,"Appendix F, pp. 337-392",collen-2012-sonobat,unspecified,,,,,,,,,,,dominant_slope,species_summary,0.00,,,kHz/msec,,,0.00,ok,
collen2012-1004730,1004730,Rhinolophus pusillus,exact,collen-2012,"Appendix F, pp. 337-392",collen-2012-sonobat,unspecified,,,,,,,,,,,duration,species_summary,36.08,,,ms,,,36.08,ok,
collen2012-1004730,1004730,Rhinolophus pusillus,exact,collen-2012,"Appendix F, pp. 337-392",collen-2012-sonobat,unspecified,,,,,,,,,,,max_frequency,species_summary,109.93,,,kHz,,,109.93,ok,
collen2012-1004730,1004730,Rhinolophus pusillus,exact,collen-2012,"Appendix F, pp. 337-392",collen-2012-sonobat,unspecified,,,,,,,,,,,min_frequency,species_summary,97.72,,,kHz,,,97.72,ok,
collen2012-1004730,1004730,Rhinolophus pusillus,exact,collen-2012,"Appendix F, pp. 337-392",collen-2012-sonobat,unspecified,,,,,,,,,,,peak_frequency,species_summary,109.85,,,kHz,,,109.85,ok,
collen2012-1004730,1004730,Rhinolophus pusillus,exact,collen-2012,"Appendix F, pp. 337-392",collen-2012-sonobat,unspecified,,,,,,,,,,,total_slope,species_summary,0.00,,,kHz/msec,,,0.00,ok,
collen2012-1004732,1004732,Rhinolophus rex,exact,collen-2012,"Appendix F, pp. 337-392",collen-2012-sonobat,unspecified,,,,,,,,,,,bandwidth,species_summary,3.99,,,kHz,,,3.99,ok,
collen2012-1004732,1004732,Rhinolophus rex,exact,collen-2012,"Appendix F, pp. 337-392",collen-2012-sonobat,unspecified,,,,,,,,,,,body_mass,species_summary,32.62,,,g,,,32.62,ok,
collen2012-1004732,1004732,Rhinolophus rex,exact,collen-2012,"Appendix F, pp. 337-392",collen-2012-sonobat,unspecified,,,,,,,,,,,call_shape_class,single,12,,,,,,12,ok,
collen2012-1004732,1004732,Rhinolophus rex,exact,collen-2012,"Appendix F, pp. 337-392",collen-2012-sonobat,unspecified,,,,,,,,,,,dominant_slope,species_summary,0.00,,,kHz/msec,,,0.00,ok,
collen2012-1004732,1004732,Rhinolophus rex,exact,collen-2012,"Appendix F, pp. 337-392",collen-2012-sonobat,unspecified,,,,,,,,,,,duration,species_summary,43.52,,,ms,,,43.52,ok,
collen2012-1004732,1004732,Rhinolophus rex,exact,collen-2012,"Appendix F, pp. 337-392",collen-2012-sonobat,unspecified,,,,,,,,,,,max_frequency,species_summary,26.04,,,kHz,,,26.04,ok,
collen2012-1004732,1004732,Rhinolophus rex,exact,collen-2012,"Appendix F, pp. 337-392",collen-2012-sonobat,unspecified,,,,,,,,,,,min_frequency,species_summary,22.06,,,kHz,,,22.06,ok,
collen2012-1004732,1004732,Rhinolophus rex,exact,collen-2012,"Appendix F, pp. 337-392",collen-2012-sonobat,unspecified,,,,,,,,,,,peak_frequency,species_summary,26.01,,,kHz,,,26.01,ok,
collen2012-1004732,1004732,Rhinolophus rex,exact,collen-2012,"Appendix F, pp. 337-392",collen-2012-sonobat,unspecified,,,,,,,,,,,total_slope,species_summary,0.00,,,kHz/msec,,,0.00,ok,
collen2012-1004732-paradoxolophus,1004732,Rhinolophus paradoxolophus,manual,collen-2012,"Appendix F, pp. 337-392",collen-2012-sonobat,unspecified,,,,,,,,,,,body_mass,species_summary,8.17,,,g,,,8.17,ok,Printed in the source as a separate species; the current taxonomy treats it as Rhinolophus rex.
collen2012-1004732-paradoxolophus,1004732,Rhinolophus paradoxolophus,manual,collen-2012,"Appendix F, pp. 337-392",collen-2012-sonobat,unspecified,,,,,,,,,,,call_shape_class,single,12,,,,,,12,ok,Printed in the source as a separate species; the current taxonomy treats it as Rhinolophus rex.
collen2012-1004732-paradoxolophus,1004732,Rhinolophus paradoxolophus,manual,collen-2012,"Appendix F, pp. 337-392",collen-2012-sonobat,unspecified,,,,,,,,,,,peak_frequency,species_summary,44,,,kHz,,,44,ok,Printed in the source as a separate species; the current taxonomy treats it as Rhinolophus rex.
collen2012-1004735,1004735,Rhinolophus rouxii,exact,collen-2012,"Appendix F, pp. 337-392",collen-2012-sonobat,unspecified,,,,,,,,,,,body_mass,species_summary,12.25,,,g,,,12.25,ok,
collen2012-1004735,1004735,Rhinolophus rouxii,exact,collen-2012,"Appendix F, pp. 337-392",collen-2012-sonobat,unspecified,,,,,,,,,,,call_shape_class,single,12,,,,,,12,ok,
collen2012-1004735,1004735,Rhinolophus rouxii,exact,collen-2012,"Appendix F, pp. 337-392",collen-2012-sonobat,unspecified,,,,,,,,,,,peak_frequency,species_summary,80.00,,,kHz,,,80.00,ok,
collen2012-1004740,1004740,Rhinolophus sedulus,exact,collen-2012,"Appendix F, pp. 337-392",collen-2012-sonobat,unspecified,,,,,,,,,,,bandwidth,species_summary,8.07,,,kHz,,,8.07,ok,
collen2012-1004740,1004740,Rhinolophus sedulus,exact,collen-2012,"Appendix F, pp. 337-392",collen-2012-sonobat,unspecified,,,,,,,,,,,body_mass,species_summary,8.74,,,g,,,8.74,ok,
collen2012-1004740,1004740,Rhinolophus sedulus,exact,collen-2012,"Appendix F, pp. 337-392",collen-2012-sonobat,unspecified,,,,,,,,,,,call_shape_class,single,12,,,,,,12,ok,
collen2012-1004740,1004740,Rhinolophus sedulus,exact,collen-2012,"Appendix F, pp. 337-392",collen-2012-sonobat,unspecified,,,,,,,,,,,dominant_slope,species_summary,0.00,,,kHz/msec,,,0.00,ok,
collen2012-1004740,1004740,Rhinolophus sedulus,exact,collen-2012,"Appendix F, pp. 337-392",collen-2012-sonobat,unspecified,,,,,,,,,,,duration,species_summary,30.50,,,ms,,,30.50,ok,
collen2012-1004740,1004740,Rhinolophus sedulus,exact,collen-2012,"Appendix F, pp. 337-392",collen-2012-sonobat,unspecified,,,,,,,,,,,max_frequency,species_summary,67.92,,,kHz,,,67.92,ok,
collen2012-1004740,1004740,Rhinolophus sedulus,exact,collen-2012,"Appendix F, pp. 337-392",collen-2012-sonobat,unspecified,,,,,,,,,,,min_frequency,species_summary,59.91,,,kHz,,,59.91,ok,
collen2012-1004740,1004740,Rhinolophus sedulus,exact,collen-2012,"Appendix F, pp. 337-392",collen-2012-sonobat,unspecified,,,,,,,,,,,peak_frequency,species_summary,67.87,,,kHz,,,67.87,ok,
collen2012-1004740,1004740,Rhinolophus sedulus,exact,collen-2012,"Appendix F, pp. 337-392",collen-2012-sonobat,unspecified,,,,,,,,,,,total_slope,species_summary,0.00,,,kHz/msec,,,0.00,ok,
collen2012-1004741,1004741,Rhinolophus shameli,exact,collen-2012,"Appendix F, pp. 337-392",collen-2012-sonobat,unspecified,,,,,,,,,,,bandwidth,species_summary,7.66,,,kHz,,,7.66,ok,
collen2012-1004741,1004741,Rhinolophus shameli,exact,collen-2012,"Appendix F, pp. 337-392",collen-2012-sonobat,unspecified,,,,,,,,,,,body_mass,species_summary,9.61,,,g,,,9.61,ok,
collen2012-1004741,1004741,Rhinolophus shameli,exact,collen-2012,"Appendix F, pp. 337-392",collen-2012-sonobat,unspecified,,,,,,,,,,,call_shape_class,single,12,,,,,,12,ok,
collen2012-1004741,1004741,Rhinolophus shameli,exact,collen-2012,"Appendix F, pp. 337-392",collen-2012-sonobat,unspecified,,,,,,,,,,,dominant_slope,species_summary,0.00,,,kHz/msec,,,0.00,ok,
collen2012-1004741,1004741,Rhinolophus shameli,exact,collen-2012,"Appendix F, pp. 337-392",collen-2012-sonobat,unspecified,,,,,,,,,,,duration,species_summary,34.87,,,ms,,,34.87,ok,
collen2012-1004741,1004741,Rhinolophus shameli,exact,collen-2012,"Appendix F, pp. 337-392",collen-2012-sonobat,unspecified,,,,,,,,,,,max_frequency,species_summary,69.65,,,kHz,,,69.65,ok,
collen2012-1004741,1004741,Rhinolophus shameli,exact,collen-2012,"Appendix F, pp. 337-392",collen-2012-sonobat,unspecified,,,,,,,,,,,min_frequency,species_summary,61.98,,,kHz,,,61.98,ok,
collen2012-1004741,1004741,Rhinolophus shameli,exact,collen-2012,"Appendix F, pp. 337-392",collen-2012-sonobat,unspecified,,,,,,,,,,,peak_frequency,species_summary,69.59,,,kHz,,,69.59,ok,
collen2012-1004741,1004741,Rhinolophus shameli,exact,collen-2012,"Appendix F, pp. 337-392",collen-2012-sonobat,unspecified,,,,,,,,,,,total_slope,species_summary,0.00,,,kHz/msec,,,0.00,ok,
collen2012-1004743,1004743,Rhinolophus siamensis,exact,collen-2012,"Appendix F, pp. 337-392",collen-2012-sonobat,unspecified,,,,,,,,,,,call_shape_class,single,12,,,,,,12,ok,
collen2012-1004743,1004743,Rhinolophus siamensis,exact,collen-2012,"Appendix F, pp. 337-392",collen-2012-sonobat,unspecified,,,,,,,,,,,peak_frequency,species_summary,65.00,,,kHz,,,65.00,ok,
collen2012-1004745,1004745,Rhinolophus simulator,exact,collen-2012,"Appendix F, pp. 337-392",collen-2012-sonobat,unspecified,,,,,,,,,,,bandwidth,species_summary,14.59,,,kHz,,,14.59,ok,
collen2012-1004745,1004745,Rhinolophus simulator,exact,collen-2012,"Appendix F, pp. 337-392",collen-2012-sonobat,unspecified,,,,,,,,,,,body_mass,species_summary,8.13,,,g,,,8.13,ok,
collen2012-1004745,1004745,Rhinolophus simulator,exact,collen-2012,"Appendix F, pp. 337-392",collen-2012-sonobat,unspecified,,,,,,,,,,,call_shape_class,single,12,,,,,,12,ok,
collen2012-1004745,1004745,Rhinolophus simulator,exact,collen-2012,"Appendix F, pp. 337-392",collen-2012-sonobat,unspecified,,,,,,,,,,,dominant_slope,species_summary,0.00,,,kHz/msec,,,0.00,ok,
collen2012-1004745,1004745,Rhinolophus simulator,exact,collen-2012,"Appendix F, pp. 337-392",collen-2012-sonobat,unspecified,,,,,,,,,,,duration,species_summary,29.37,,,ms,,,29.37,ok,
collen2012-1004745,1004745,Rhinolophus simulator,exact,collen-2012,"Appendix F, pp. 337-392",collen-2012-sonobat,unspecified,,,,,,,,,,,max_frequency,species_summary,80.76,,,kHz,,,80.76,ok,
collen2012-1004745,1004745,Rhinolophus simulator,exact,collen-2012,"Appendix F, pp. 337-392",collen-2012-sonobat,unspecified,,,,,,,,,,,min_frequency,species_summary,66.20,,,kHz,,,66.20,ok,
collen2012-1004745,1004745,Rhinolophus simulator,exact,collen-2012,"Appendix F, pp. 337-392",collen-2012-sonobat,unspecified,,,,,,,,,,,peak_frequency,species_summary,80.71,,,kHz,,,80.71,ok,
collen2012-1004745,1004745,Rhinolophus simulator,exact,collen-2012,"Appendix F, pp. 337-392",collen-2012-sonobat,unspecified,,,,,,,,,,,total_slope,species_summary,0.01,,,kHz/msec,,,0.01,ok,
collen2012-1004746,1004746,Rhinolophus sinicus,exact,collen-2012,"Appendix F, pp. 337-392",collen-2012-sonobat,unspecified,,,,,,,,,,,call_shape_class,single,12,,,,,,12,ok,
collen2012-1004746,1004746,Rhinolophus sinicus,exact,collen-2012,"Appendix F, pp. 337-392",collen-2012-sonobat,unspecified,,,,,,,,,,,peak_frequency,species_summary,84.00,,,kHz,,,84.00,ok,
collen2012-1004748,1004748,Rhinolophus stheno,exact,collen-2012,"Appendix F, pp. 337-392",collen-2012-sonobat,unspecified,,,,,,,,,,,bandwidth,species_summary,14.52,,,kHz,,,14.52,ok,
collen2012-1004748,1004748,Rhinolophus stheno,exact,collen-2012,"Appendix F, pp. 337-392",collen-2012-sonobat,unspecified,,,,,,,,,,,body_mass,species_summary,7.92,,,g,,,7.92,ok,
collen2012-1004748,1004748,Rhinolophus stheno,exact,collen-2012,"Appendix F, pp. 337-392",collen-2012-sonobat,unspecified,,,,,,,,,,,call_shape_class,single,12,,,,,,12,ok,
collen2012-1004748,1004748,Rhinolophus stheno,exact,collen-2012,"Appendix F, pp. 337-392",collen-2012-sonobat,unspecified,,,,,,,,,,,dominant_slope,species_summary,0.01,,,kHz/msec,,,0.01,ok,
collen2012-1004748,1004748,Rhinolophus stheno,exact,collen-2012,"Appendix F, pp. 337-392",collen-2012-sonobat,unspecified,,,,,,,,,,,duration,species_summary,26.53,,,ms,,,26.53,ok,
collen2012-1004748,1004748,Rhinolophus stheno,exact,collen-2012,"Appendix F, pp. 337-392",collen-2012-sonobat,unspecified,,,,,,,,,,,max_frequency,species_summary,93.99,,,kHz,,,93.99,ok,
collen2012-1004748,1004748,Rhinolophus stheno,exact,collen-2012,"Appendix F, pp. 337-392",collen-2012-sonobat,unspecified,,,,,,,,,,,min_frequency,species_summary,79.48,,,kHz,,,79.48,ok,
collen2012-1004748,1004748,Rhinolophus stheno,exact,collen-2012,"Appendix F, pp. 337-392",collen-2012-sonobat,unspecified,,,,,,,,,,,peak_frequency,species_summary,93.89,,,kHz,,,93.89,ok,
collen2012-1004748,1004748,Rhinolophus stheno,exact,collen-2012,"Appendix F, pp. 337-392",collen-2012-sonobat,unspecified,,,,,,,,,,,total_slope,species_summary,0.02,,,kHz/msec,,,0.02,ok,
collen2012-1004750,1004750,Rhinolophus subrufus,exact,collen-2012,"Appendix F, pp. 337-392",collen-2012-sonobat,unspecified,,,,,,,,,,,body_mass,species_summary,24.25,,,g,,,24.25,ok,
collen2012-1004750,1004750,Rhinolophus subrufus,exact,collen-2012,"Appendix F, pp. 337-392",collen-2012-sonobat,unspecified,,,,,,,,,,,call_shape_class,single,12,,,,,,12,ok,
collen2012-1004750,1004750,Rhinolophus subrufus,exact,collen-2012,"Appendix F, pp. 337-392",collen-2012-sonobat,unspecified,,,,,,,,,,,peak_frequency,species_summary,51.00,,,kHz,,,51.00,ok,
collen2012-1004751,1004751,Rhinolophus swinnyi,exact,collen-2012,"Appendix F, pp. 337-392",collen-2012-sonobat,unspecified,,,,,,,,,,,bandwidth,species_summary,18.78,,,kHz,,,18.78,ok,
collen2012-1004751,1004751,Rhinolophus swinnyi,exact,collen-2012,"Appendix F, pp. 337-392",collen-2012-sonobat,unspecified,,,,,,,,,,,body_mass,species_summary,7.07,,,g,,,7.07,ok,
collen2012-1004751,1004751,Rhinolophus swinnyi,exact,collen-2012,"Appendix F, pp. 337-392",collen-2012-sonobat,unspecified,,,,,,,,,,,call_shape_class,single,12,,,,,,12,ok,
collen2012-1004751,1004751,Rhinolophus swinnyi,exact,collen-2012,"Appendix F, pp. 337-392",collen-2012-sonobat,unspecified,,,,,,,,,,,dominant_slope,species_summary,0.01,,,kHz/msec,,,0.01,ok,
collen2012-1004751,1004751,Rhinolophus swinnyi,exact,collen-2012,"Appendix F, pp. 337-392",collen-2012-sonobat,unspecified,,,,,,,,,,,duration,species_summary,22.30,,,ms,,,22.30,ok,
collen2012-1004751,1004751,Rhinolophus swinnyi,exact,collen-2012,"Appendix F, pp. 337-392",collen-2012-sonobat,unspecified,,,,,,,,,,,max_frequency,species_summary,107.32,,,kHz,,,107.32,ok,
collen2012-1004751,1004751,Rhinolophus swinnyi,exact,collen-2012,"Appendix F, pp. 337-392",collen-2012-sonobat,unspecified,,,,,,,,,,,min_frequency,species_summary,88.57,,,kHz,,,88.57,ok,
collen2012-1004751,1004751,Rhinolophus swinnyi,exact,collen-2012,"Appendix F, pp. 337-392",collen-2012-sonobat,unspecified,,,,,,,,,,,peak_frequency,species_summary,104.36,,,kHz,,,104.36,ok,
collen2012-1004751,1004751,Rhinolophus swinnyi,exact,collen-2012,"Appendix F, pp. 337-392",collen-2012-sonobat,unspecified,,,,,,,,,,,total_slope,species_summary,0.01,,,kHz/msec,,,0.01,ok,
collen2012-1004754,1004754,Rhinolophus thomasi,exact,collen-2012,"Appendix F, pp. 337-392",collen-2012-sonobat,unspecified,,,,,,,,,,,bandwidth,species_summary,14.80,,,kHz,,,14.80,ok,
collen2012-1004754,1004754,Rhinolophus thomasi,exact,collen-2012,"Appendix F, pp. 337-392",collen-2012-sonobat,unspecified,,,,,,,,,,,body_mass,species_summary,8.26,,,g,,,8.26,ok,
collen2012-1004754,1004754,Rhinolophus thomasi,exact,collen-2012,"Appendix F, pp. 337-392",collen-2012-sonobat,unspecified,,,,,,,,,,,call_shape_class,single,12,,,,,,12,ok,
collen2012-1004754,1004754,Rhinolophus thomasi,exact,collen-2012,"Appendix F, pp. 337-392",collen-2012-sonobat,unspecified,,,,,,,,,,,dominant_slope,species_summary,0.00,,,kHz/msec,,,0.00,ok,
collen2012-1004754,1004754,Rhinolophus thomasi,exact,collen-2012,"Appendix F, pp. 337-392",collen-2012-sonobat,unspecified,,,,,,,,,,,duration,species_summary,33.89,,,ms,,,33.89,ok,
collen2012-1004754,1004754,Rhinolophus thomasi,exact,collen-2012,"Appendix F, pp. 337-392",collen-2012-sonobat,unspecified,,,,,,,,,,,max_frequency,species_summary,89.61,,,kHz,,,89.61,ok,
collen2012-1004754,1004754,Rhinolophus thomasi,exact,collen-2012,"Appendix F, pp. 337-392",collen-2012-sonobat,unspecified,,,,,,,,,,,min_frequency,species_summary,74.82,,,kHz,,,74.82,ok,
collen2012-1004754,1004754,Rhinolophus thomasi,exact,collen-2012,"Appendix F, pp. 337-392",collen-2012-sonobat,unspecified,,,,,,,,,,,peak_frequency,species_summary,89.53,,,kHz,,,89.53,ok,
collen2012-1004754,1004754,Rhinolophus thomasi,exact,collen-2012,"Appendix F, pp. 337-392",collen-2012-sonobat,unspecified,,,,,,,,,,,total_slope,species_summary,0.00,,,kHz/msec,,,0.00,ok,
collen2012-1004755,1004755,Rhinolophus trifoliatus,exact,collen-2012,"Appendix F, pp. 337-392",collen-2012-sonobat,unspecified,,,,,,,,,,,bandwidth,species_summary,8.21,,,kHz,,,8.21,ok,
collen2012-1004755,1004755,Rhinolophus trifoliatus,exact,collen-2012,"Appendix F, pp. 337-392",collen-2012-sonobat,unspecified,,,,,,,,,,,body_mass,species_summary,15.16,,,g,,,15.16,ok,
collen2012-1004755,1004755,Rhinolophus trifoliatus,exact,collen-2012,"Appendix F, pp. 337-392",collen-2012-sonobat,unspecified,,,,,,,,,,,call_shape_class,single,12,,,,,,12,ok,
collen2012-1004755,1004755,Rhinolophus trifoliatus,exact,collen-2012,"Appendix F, pp. 337-392",collen-2012-sonobat,unspecified,,,,,,,,,,,dominant_slope,species_summary,0.01,,,kHz/msec,,,0.01,ok,
collen2012-1004755,1004755,Rhinolophus trifoliatus,exact,collen-2012,"Appendix F, pp. 337-392",collen-2012-sonobat,unspecified,,,,,,,,,,,duration,species_summary,19.51,,,ms,,,19.51,ok,
collen2012-1004755,1004755,Rhinolophus trifoliatus,exact,collen-2012,"Appendix F, pp. 337-392",collen-2012-sonobat,unspecified,,,,,,,,,,,max_frequency,species_summary,52.56,,,kHz,,,52.56,ok,
collen2012-1004755,1004755,Rhinolophus trifoliatus,exact,collen-2012,"Appendix F, pp. 337-392",collen-2012-sonobat,unspecified,,,,,,,,,,,min_frequency,species_summary,44.24,,,kHz,,,44.24,ok,
collen2012-1004755,1004755,Rhinolophus trifoliatus,exact,collen-2012,"Appendix F, pp. 337-392",collen-2012-sonobat,unspecified,,,,,,,,,,,peak_frequency,species_summary,52.41,,,kHz,,,52.41,ok,
collen2012-1004755,1004755,Rhinolophus trifoliatus,exact,collen-2012,"Appendix F, pp. 337-392",collen-2012-sonobat,unspecified,,,,,,,,,,,total_slope,species_summary,0.01,,,kHz/msec,,,0.01,ok,
collen2012-1004759,1004759,Rhinolophus yunanensis,exact,collen-2012,"Appendix F, pp. 337-392",collen-2012-sonobat,unspecified,,,,,,,,,,,bandwidth,species_summary,4.74,,,kHz,,,4.74,ok,
collen2012-1004759,1004759,Rhinolophus yunanensis,exact,collen-2012,"Appendix F, pp. 337-392",collen-2012-sonobat,unspecified,,,,,,,,,,,body_mass,species_summary,19.33,,,g,,,19.33,ok,
collen2012-1004759,1004759,Rhinolophus yunanensis,exact,collen-2012,"Appendix F, pp. 337-392",collen-2012-sonobat,unspecified,,,,,,,,,,,call_shape_class,single,12,,,,,,12,ok,
collen2012-1004759,1004759,Rhinolophus yunanensis,exact,collen-2012,"Appendix F, pp. 337-392",collen-2012-sonobat,unspecified,,,,,,,,,,,dominant_slope,species_summary,0.00,,,kHz/msec,,,0.00,ok,
collen2012-1004759,1004759,Rhinolophus yunanensis,exact,collen-2012,"Appendix F, pp. 337-392",collen-2012-sonobat,unspecified,,,,,,,,,,,duration,species_summary,49.34,,,ms,,,49.34,ok,
collen2012-1004759,1004759,Rhinolophus yunanensis,exact,collen-2012,"Appendix F, pp. 337-392",collen-2012-sonobat,unspecified,,,,,,,,,,,max_frequency,species_summary,49.77,,,kHz,,,49.77,ok,
collen2012-1004759,1004759,Rhinolophus yunanensis,exact,collen-2012,"Appendix F, pp. 337-392",collen-2012-sonobat,unspecified,,,,,,,,,,,min_frequency,species_summary,45.03,,,kHz,,,45.03,ok,
collen2012-1004759,1004759,Rhinolophus yunanensis,exact,collen-2012,"Appendix F, pp. 337-392",collen-2012-sonobat,unspecified,,,,,,,,,,,peak_frequency,species_summary,49.70,,,kHz,,,49.70,ok,
collen2012-1004759,1004759,Rhinolophus yunanensis,exact,collen-2012,"Appendix F, pp. 337-392",collen-2012-sonobat,unspecified,,,,,,,,,,,total_slope,species_summary,0.00,,,kHz/msec,,,0.00,ok,
collen2012-1004761,1004761,Cloeotis percivali,exact,collen-2012,"Appendix F, pp. 337-392",collen-2012-sonobat,unspecified,,,,,,,,,,,bandwidth,species_summary,20.74,,,kHz,,,20.74,ok,
collen2012-1004761,1004761,Cloeotis percivali,exact,collen-2012,"Appendix F, pp. 337-392",collen-2012-sonobat,unspecified,,,,,,,,,,,body_mass,species_summary,4.16,,,g,,,4.16,ok,
collen2012-1004761,1004761,Cloeotis percivali,exact,collen-2012,"Appendix F, pp. 337-392",collen-2012-sonobat,unspecified,,,,,,,,,,,call_shape_class,single,13,,,,,,13,ok,
collen2012-1004761,1004761,Cloeotis percivali,exact,collen-2012,"Appendix F, pp. 337-392",collen-2012-sonobat,unspecified,,,,,,,,,,,dominant_slope,species_summary,0.29,,,kHz/msec,,,0.29,ok,
collen2012-1004761,1004761,Cloeotis percivali,exact,collen-2012,"Appendix F, pp. 337-392",collen-2012-sonobat,unspecified,,,,,,,,,,,duration,species_summary,2.67,,,ms,,,2.67,ok,
collen2012-1004761,1004761,Cloeotis percivali,exact,collen-2012,"Appendix F, pp. 337-392",collen-2012-sonobat,unspecified,,,,,,,,,,,max_frequency,species_summary,209.38,,,kHz,,,209.38,ok,
collen2012-1004761,1004761,Cloeotis percivali,exact,collen-2012,"Appendix F, pp. 337-392",collen-2012-sonobat,unspecified,,,,,,,,,,,min_frequency,species_summary,188.91,,,kHz,,,188.91,ok,
collen2012-1004761,1004761,Cloeotis percivali,exact,collen-2012,"Appendix F, pp. 337-392",collen-2012-sonobat,unspecified,,,,,,,,,,,peak_frequency,species_summary,209.31,,,kHz,,,209.31,ok,
collen2012-1004761,1004761,Cloeotis percivali,exact,collen-2012,"Appendix F, pp. 337-392",collen-2012-sonobat,unspecified,,,,,,,,,,,total_slope,species_summary,0.18,,,kHz/msec,,,0.18,ok,
collen2012-1004763-furculus,1004763,Triaenops furculus,synonym_via_mdd,collen-2012,"Appendix F, pp. 337-392",collen-2012-sonobat,unspecified,,,,,,,,,,,bandwidth,species_summary,9.54,,,kHz,,,9.54,ok,Printed in the source as a separate species; the current taxonomy treats it as Paratriaenops furcula.
collen2012-1004763-furculus,1004763,Triaenops furculus,synonym_via_mdd,collen-2012,"Appendix F, pp. 337-392",collen-2012-sonobat,unspecified,,,,,,,,,,,body_mass,species_summary,5.56,,,g,,,5.56,ok,Printed in the source as a separate species; the current taxonomy treats it as Paratriaenops furcula.
collen2012-1004763-furculus,1004763,Triaenops furculus,synonym_via_mdd,collen-2012,"Appendix F, pp. 337-392",collen-2012-sonobat,unspecified,,,,,,,,,,,call_shape_class,single,13,,,,,,13,ok,Printed in the source as a separate species; the current taxonomy treats it as Paratriaenops furcula.
collen2012-1004763-furculus,1004763,Triaenops furculus,synonym_via_mdd,collen-2012,"Appendix F, pp. 337-392",collen-2012-sonobat,unspecified,,,,,,,,,,,dominant_slope,species_summary,0.04,,,kHz/msec,,,0.04,ok,Printed in the source as a separate species; the current taxonomy treats it as Paratriaenops furcula.
collen2012-1004763-furculus,1004763,Triaenops furculus,synonym_via_mdd,collen-2012,"Appendix F, pp. 337-392",collen-2012-sonobat,unspecified,,,,,,,,,,,duration,species_summary,8.05,,,ms,,,8.05,ok,Printed in the source as a separate species; the current taxonomy treats it as Paratriaenops furcula.
collen2012-1004763-furculus,1004763,Triaenops furculus,synonym_via_mdd,collen-2012,"Appendix F, pp. 337-392",collen-2012-sonobat,unspecified,,,,,,,,,,,max_frequency,species_summary,99.28,,,kHz,,,99.28,ok,Printed in the source as a separate species; the current taxonomy treats it as Paratriaenops furcula.
collen2012-1004763-furculus,1004763,Triaenops furculus,synonym_via_mdd,collen-2012,"Appendix F, pp. 337-392",collen-2012-sonobat,unspecified,,,,,,,,,,,min_frequency,species_summary,89.74,,,kHz,,,89.74,ok,Printed in the source as a separate species; the current taxonomy treats it as Paratriaenops furcula.
collen2012-1004763-furculus,1004763,Triaenops furculus,synonym_via_mdd,collen-2012,"Appendix F, pp. 337-392",collen-2012-sonobat,unspecified,,,,,,,,,,,peak_frequency,species_summary,98.98,,,kHz,,,98.98,ok,Printed in the source as a separate species; the current taxonomy treats it as Paratriaenops furcula.
collen2012-1004763-furculus,1004763,Triaenops furculus,synonym_via_mdd,collen-2012,"Appendix F, pp. 337-392",collen-2012-sonobat,unspecified,,,,,,,,,,,total_slope,species_summary,0.06,,,kHz/msec,,,0.06,ok,Printed in the source as a separate species; the current taxonomy treats it as Paratriaenops furcula.
collen2012-1004765,1004765,Rhinonicteris aurantia,exact,collen-2012,"Appendix F, pp. 337-392",collen-2012-sonobat,unspecified,,,,,,,,,,,bandwidth,species_summary,15,,,kHz,,,15,ok,
collen2012-1004765,1004765,Rhinonicteris aurantia,exact,collen-2012,"Appendix F, pp. 337-392",collen-2012-sonobat,unspecified,,,,,,,,,,,body_mass,species_summary,8.99,,,g,,,8.99,ok,
collen2012-1004765,1004765,Rhinonicteris aurantia,exact,collen-2012,"Appendix F, pp. 337-392",collen-2012-sonobat,unspecified,,,,,,,,,,,call_shape_class,single,13,,,,,,13,ok,
collen2012-1004765,1004765,Rhinonicteris aurantia,exact,collen-2012,"Appendix F, pp. 337-392",collen-2012-sonobat,unspecified,,,,,,,,,,,duration,species_summary,12,,,ms,,,12,ok,
collen2012-1004765,1004765,Rhinonicteris aurantia,exact,collen-2012,"Appendix F, pp. 337-392",collen-2012-sonobat,unspecified,,,,,,,,,,,max_frequency,species_summary,115.00,,,kHz,,,115.00,ok,
collen2012-1004765,1004765,Rhinonicteris aurantia,exact,collen-2012,"Appendix F, pp. 337-392",collen-2012-sonobat,unspecified,,,,,,,,,,,min_frequency,species_summary,100,,,kHz,,,100,ok,
collen2012-1004765,1004765,Rhinonicteris aurantia,exact,collen-2012,"Appendix F, pp. 337-392",collen-2012-sonobat,unspecified,,,,,,,,,,,peak_frequency,species_summary,114,,,kHz,,,114,ok,
collen2012-1004767-rufus,1004767,Triaenops rufus,synonym_via_mdd,collen-2012,"Appendix F, pp. 337-392",collen-2012-sonobat,unspecified,,,,,,,,,,,bandwidth,species_summary,7.48,,,kHz,,,7.48,ok,Printed in the source as a separate species; the current taxonomy treats it as Triaenops menamena.
collen2012-1004767-rufus,1004767,Triaenops rufus,synonym_via_mdd,collen-2012,"Appendix F, pp. 337-392",collen-2012-sonobat,unspecified,,,,,,,,,,,body_mass,species_summary,9.10,,,g,,,9.10,ok,Printed in the source as a separate species; the current taxonomy treats it as Triaenops menamena.
collen2012-1004767-rufus,1004767,Triaenops rufus,synonym_via_mdd,collen-2012,"Appendix F, pp. 337-392",collen-2012-sonobat,unspecified,,,,,,,,,,,call_shape_class,single,13,,,,,,13,ok,Printed in the source as a separate species; the current taxonomy treats it as Triaenops menamena.
collen2012-1004767-rufus,1004767,Triaenops rufus,synonym_via_mdd,collen-2012,"Appendix F, pp. 337-392",collen-2012-sonobat,unspecified,,,,,,,,,,,dominant_slope,species_summary,0.03,,,kHz/msec,,,0.03,ok,Printed in the source as a separate species; the current taxonomy treats it as Triaenops menamena.
collen2012-1004767-rufus,1004767,Triaenops rufus,synonym_via_mdd,collen-2012,"Appendix F, pp. 337-392",collen-2012-sonobat,unspecified,,,,,,,,,,,duration,species_summary,8.43,,,ms,,,8.43,ok,Printed in the source as a separate species; the current taxonomy treats it as Triaenops menamena.
collen2012-1004767-rufus,1004767,Triaenops rufus,synonym_via_mdd,collen-2012,"Appendix F, pp. 337-392",collen-2012-sonobat,unspecified,,,,,,,,,,,max_frequency,species_summary,43.27,,,kHz,,,43.27,ok,Printed in the source as a separate species; the current taxonomy treats it as Triaenops menamena.
collen2012-1004767-rufus,1004767,Triaenops rufus,synonym_via_mdd,collen-2012,"Appendix F, pp. 337-392",collen-2012-sonobat,unspecified,,,,,,,,,,,min_frequency,species_summary,35.82,,,kHz,,,35.82,ok,Printed in the source as a separate species; the current taxonomy treats it as Triaenops menamena.
collen2012-1004767-rufus,1004767,Triaenops rufus,synonym_via_mdd,collen-2012,"Appendix F, pp. 337-392",collen-2012-sonobat,unspecified,,,,,,,,,,,peak_frequency,species_summary,39.82,,,kHz,,,39.82,harmonic_ambiguous,"39.82 kHz is roughly half what published Malagasy Triaenops call at (males of this species about 82 kHz, females about 93), and 39.82 x 2 = 79.6 falls in that band. This looks like the fundamental reported where the dominant second harmonic is the usual measure for a high-duty-cycle trident bat. Flagged, not corrected."
collen2012-1004767-rufus,1004767,Triaenops rufus,synonym_via_mdd,collen-2012,"Appendix F, pp. 337-392",collen-2012-sonobat,unspecified,,,,,,,,,,,total_slope,species_summary,0.85,,,kHz/msec,,,0.85,ok,Printed in the source as a separate species; the current taxonomy treats it as Triaenops menamena.
collen2012-1004769,1004769,Triaenops persicus,exact,collen-2012,"Appendix F, pp. 337-392",collen-2012-sonobat,unspecified,,,,,,,,,,,body_mass,species_summary,13.18,,,g,,,13.18,ok,
collen2012-1004769,1004769,Triaenops persicus,exact,collen-2012,"Appendix F, pp. 337-392",collen-2012-sonobat,unspecified,,,,,,,,,,,call_shape_class,single,13,,,,,,13,ok,
collen2012-1004769,1004769,Triaenops persicus,exact,collen-2012,"Appendix F, pp. 337-392",collen-2012-sonobat,unspecified,,,,,,,,,,,duration,species_summary,8.50,,,ms,,,8.50,ok,
collen2012-1004769,1004769,Triaenops persicus,exact,collen-2012,"Appendix F, pp. 337-392",collen-2012-sonobat,unspecified,,,,,,,,,,,peak_frequency,species_summary,83.00,,,kHz,,,83.00,ok,
collen2012-1004772,1004772,Rhinopoma hardwickii,exact,collen-2012,"Appendix F, pp. 337-392",collen-2012-sonobat,unspecified,,,,,,,,,,,bandwidth,species_summary,4.33,,,kHz,,,4.33,ok,
collen2012-1004772,1004772,Rhinopoma hardwickii,exact,collen-2012,"Appendix F, pp. 337-392",collen-2012-sonobat,unspecified,,,,,,,,,,,body_mass,species_summary,13.1,,,g,,,13.1,ok,
collen2012-1004772,1004772,Rhinopoma hardwickii,exact,collen-2012,"Appendix F, pp. 337-392",collen-2012-sonobat,unspecified,,,,,,,,,,,call_shape_class,single,5,,,,,,5,ok,
collen2012-1004772,1004772,Rhinopoma hardwickii,exact,collen-2012,"Appendix F, pp. 337-392",collen-2012-sonobat,unspecified,,,,,,,,,,,dominant_slope,species_summary,0.44,,,kHz/msec,,,0.44,ok,
collen2012-1004772,1004772,Rhinopoma hardwickii,exact,collen-2012,"Appendix F, pp. 337-392",collen-2012-sonobat,unspecified,,,,,,,,,,,duration,species_summary,9.42,,,ms,,,9.42,ok,
collen2012-1004772,1004772,Rhinopoma hardwickii,exact,collen-2012,"Appendix F, pp. 337-392",collen-2012-sonobat,unspecified,,,,,,,,,,,max_frequency,species_summary,34.89,,,kHz,,,34.89,ok,
collen2012-1004772,1004772,Rhinopoma hardwickii,exact,collen-2012,"Appendix F, pp. 337-392",collen-2012-sonobat,unspecified,,,,,,,,,,,min_frequency,species_summary,30.19,,,kHz,,,30.19,ok,
collen2012-1004772,1004772,Rhinopoma hardwickii,exact,collen-2012,"Appendix F, pp. 337-392",collen-2012-sonobat,unspecified,,,,,,,,,,,peak_frequency,species_summary,32.33,,,kHz,,,32.33,ok,
collen2012-1004772,1004772,Rhinopoma hardwickii,exact,collen-2012,"Appendix F, pp. 337-392",collen-2012-sonobat,unspecified,,,,,,,,,,,total_slope,species_summary,0.62,,,kHz/msec,,,0.62,ok,
collen2012-1004774,1004774,Rhinopoma microphyllum,exact,collen-2012,"Appendix F, pp. 337-392",collen-2012-sonobat,unspecified,,,,,,,,,,,bandwidth,species_summary,1.88,,,kHz,,,1.88,ok,
collen2012-1004774,1004774,Rhinopoma microphyllum,exact,collen-2012,"Appendix F, pp. 337-392",collen-2012-sonobat,unspecified,,,,,,,,,,,body_mass,species_summary,28.02,,,g,,,28.02,ok,
collen2012-1004774,1004774,Rhinopoma microphyllum,exact,collen-2012,"Appendix F, pp. 337-392",collen-2012-sonobat,unspecified,,,,,,,,,,,call_shape_class,single,5,,,,,,5,ok,
collen2012-1004774,1004774,Rhinopoma microphyllum,exact,collen-2012,"Appendix F, pp. 337-392",collen-2012-sonobat,unspecified,,,,,,,,,,,dominant_slope,species_summary,0.23,,,kHz/msec,,,0.23,ok,
collen2012-1004774,1004774,Rhinopoma microphyllum,exact,collen-2012,"Appendix F, pp. 337-392",collen-2012-sonobat,unspecified,,,,,,,,,,,duration,species_summary,9.88,,,ms,,,9.88,ok,
collen2012-1004774,1004774,Rhinopoma microphyllum,exact,collen-2012,"Appendix F, pp. 337-392",collen-2012-sonobat,unspecified,,,,,,,,,,,max_frequency,species_summary,31.92,,,kHz,,,31.92,ok,
collen2012-1004774,1004774,Rhinopoma microphyllum,exact,collen-2012,"Appendix F, pp. 337-392",collen-2012-sonobat,unspecified,,,,,,,,,,,min_frequency,species_summary,29.90,,,kHz,,,29.90,ok,
collen2012-1004774,1004774,Rhinopoma microphyllum,exact,collen-2012,"Appendix F, pp. 337-392",collen-2012-sonobat,unspecified,,,,,,,,,,,peak_frequency,species_summary,30.72,,,kHz,,,30.72,ok,
collen2012-1004774,1004774,Rhinopoma microphyllum,exact,collen-2012,"Appendix F, pp. 337-392",collen-2012-sonobat,unspecified,,,,,,,,,,,total_slope,species_summary,0.21,,,kHz/msec,,,0.21,ok,
collen2012-1004776,1004776,Balantiopteryx infusca,exact,collen-2012,"Appendix F, pp. 337-392",collen-2012-sonobat,unspecified,,,,,,,,,,,bandwidth,species_summary,6,,,kHz,,,6,ok,
collen2012-1004776,1004776,Balantiopteryx infusca,exact,collen-2012,"Appendix F, pp. 337-392",collen-2012-sonobat,unspecified,,,,,,,,,,,body_mass,species_summary,9.05,,,g,,,9.05,ok,
collen2012-1004776,1004776,Balantiopteryx infusca,exact,collen-2012,"Appendix F, pp. 337-392",collen-2012-sonobat,unspecified,,,,,,,,,,,duration,species_summary,6.70,,,ms,,,6.70,ok,
collen2012-1004776,1004776,Balantiopteryx infusca,exact,collen-2012,"Appendix F, pp. 337-392",collen-2012-sonobat,unspecified,,,,,,,,,,,peak_frequency,species_summary,56.00,,,kHz,,,56.00,ok,
collen2012-1004777,1004777,Balantiopteryx io,exact,collen-2012,"Appendix F, pp. 337-392",collen-2012-sonobat,unspecified,,,,,,,,,,,bandwidth,species_summary,4.00,,,kHz,,,4.00,ok,
collen2012-1004777,1004777,Balantiopteryx io,exact,collen-2012,"Appendix F, pp. 337-392",collen-2012-sonobat,unspecified,,,,,,,,,,,body_mass,species_summary,3.97,,,g,,,3.97,ok,
collen2012-1004777,1004777,Balantiopteryx io,exact,collen-2012,"Appendix F, pp. 337-392",collen-2012-sonobat,unspecified,,,,,,,,,,,duration,species_summary,7.80,,,ms,,,7.80,ok,
collen2012-1004777,1004777,Balantiopteryx io,exact,collen-2012,"Appendix F, pp. 337-392",collen-2012-sonobat,unspecified,,,,,,,,,,,peak_frequency,species_summary,49.00,,,kHz,,,49.00,ok,
collen2012-1004778,1004778,Balantiopteryx plicata,exact,collen-2012,"Appendix F, pp. 337-392",collen-2012-sonobat,unspecified,,,,,,,,,,,bandwidth,species_summary,6.66,,,kHz,,,6.66,ok,
collen2012-1004778,1004778,Balantiopteryx plicata,exact,collen-2012,"Appendix F, pp. 337-392",collen-2012-sonobat,unspecified,,,,,,,,,,,body_mass,species_summary,6.57,,,g,,,6.57,ok,
collen2012-1004778,1004778,Balantiopteryx plicata,exact,collen-2012,"Appendix F, pp. 337-392",collen-2012-sonobat,unspecified,,,,,,,,,,,call_shape_class,single,4,,,,,,4,ok,
collen2012-1004778,1004778,Balantiopteryx plicata,exact,collen-2012,"Appendix F, pp. 337-392",collen-2012-sonobat,unspecified,,,,,,,,,,,dominant_slope,species_summary,0.70,,,kHz/msec,,,0.70,ok,
collen2012-1004778,1004778,Balantiopteryx plicata,exact,collen-2012,"Appendix F, pp. 337-392",collen-2012-sonobat,unspecified,,,,,,,,,,,duration,species_summary,4.93,,,ms,,,4.93,ok,
collen2012-1004778,1004778,Balantiopteryx plicata,exact,collen-2012,"Appendix F, pp. 337-392",collen-2012-sonobat,unspecified,,,,,,,,,,,max_frequency,species_summary,41.97,,,kHz,,,41.97,ok,
collen2012-1004778,1004778,Balantiopteryx plicata,exact,collen-2012,"Appendix F, pp. 337-392",collen-2012-sonobat,unspecified,,,,,,,,,,,min_frequency,species_summary,35.42,,,kHz,,,35.42,ok,
collen2012-1004778,1004778,Balantiopteryx plicata,exact,collen-2012,"Appendix F, pp. 337-392",collen-2012-sonobat,unspecified,,,,,,,,,,,peak_frequency,species_summary,40.57,,,kHz,,,40.57,ok,
collen2012-1004778,1004778,Balantiopteryx plicata,exact,collen-2012,"Appendix F, pp. 337-392",collen-2012-sonobat,unspecified,,,,,,,,,,,total_slope,species_summary,0.94,,,kHz/msec,,,0.94,ok,
collen2012-1004779,1004779,Centronycteris centralis,exact,collen-2012,"Appendix F, pp. 337-392",collen-2012-sonobat,unspecified,,,,,,,,,,,bandwidth,species_summary,6.76,,,kHz,,,6.76,ok,
collen2012-1004779,1004779,Centronycteris centralis,exact,collen-2012,"Appendix F, pp. 337-392",collen-2012-sonobat,unspecified,,,,,,,,,,,call_shape_class,single,6,,,,,,6,ok,
collen2012-1004779,1004779,Centronycteris centralis,exact,collen-2012,"Appendix F, pp. 337-392",collen-2012-sonobat,unspecified,,,,,,,,,,,dominant_slope,species_summary,0.29,,,kHz/msec,,,0.29,ok,
collen2012-1004779,1004779,Centronycteris centralis,exact,collen-2012,"Appendix F, pp. 337-392",collen-2012-sonobat,unspecified,,,,,,,,,,,duration,species_summary,5.97,,,ms,,,5.97,ok,
collen2012-1004779,1004779,Centronycteris centralis,exact,collen-2012,"Appendix F, pp. 337-392",collen-2012-sonobat,unspecified,,,,,,,,,,,max_frequency,species_summary,43.68,,,kHz,,,43.68,ok,
collen2012-1004779,1004779,Centronycteris centralis,exact,collen-2012,"Appendix F, pp. 337-392",collen-2012-sonobat,unspecified,,,,,,,,,,,min_frequency,species_summary,36.92,,,kHz,,,36.92,ok,
collen2012-1004779,1004779,Centronycteris centralis,exact,collen-2012,"Appendix F, pp. 337-392",collen-2012-sonobat,unspecified,,,,,,,,,,,peak_frequency,species_summary,42.71,,,kHz,,,42.71,ok,
collen2012-1004779,1004779,Centronycteris centralis,exact,collen-2012,"Appendix F, pp. 337-392",collen-2012-sonobat,unspecified,,,,,,,,,,,total_slope,species_summary,0.28,,,kHz/msec,,,0.28,ok,
collen2012-1004780,1004780,Centronycteris maximiliani,exact,collen-2012,"Appendix F, pp. 337-392",collen-2012-sonobat,unspecified,,,,,,,,,,,bandwidth,species_summary,6.10,,,kHz,,,6.10,ok,
collen2012-1004780,1004780,Centronycteris maximiliani,exact,collen-2012,"Appendix F, pp. 337-392",collen-2012-sonobat,unspecified,,,,,,,,,,,body_mass,species_summary,23,,,g,,,23,ok,
collen2012-1004780,1004780,Centronycteris maximiliani,exact,collen-2012,"Appendix F, pp. 337-392",collen-2012-sonobat,unspecified,,,,,,,,,,,call_shape_class,single,6,,,,,,6,ok,
collen2012-1004780,1004780,Centronycteris maximiliani,exact,collen-2012,"Appendix F, pp. 337-392",collen-2012-sonobat,unspecified,,,,,,,,,,,dominant_slope,species_summary,0.25,,,kHz/msec,,,0.25,ok,
collen2012-1004780,1004780,Centronycteris maximiliani,exact,collen-2012,"Appendix F, pp. 337-392",collen-2012-sonobat,unspecified,,,,,,,,,,,duration,species_summary,5.29,,,ms,,,5.29,ok,
collen2012-1004780,1004780,Centronycteris maximiliani,exact,collen-2012,"Appendix F, pp. 337-392",collen-2012-sonobat,unspecified,,,,,,,,,,,max_frequency,species_summary,41.42,,,kHz,,,41.42,ok,
collen2012-1004780,1004780,Centronycteris maximiliani,exact,collen-2012,"Appendix F, pp. 337-392",collen-2012-sonobat,unspecified,,,,,,,,,,,min_frequency,species_summary,35.37,,,kHz,,,35.37,ok,
collen2012-1004780,1004780,Centronycteris maximiliani,exact,collen-2012,"Appendix F, pp. 337-392",collen-2012-sonobat,unspecified,,,,,,,,,,,peak_frequency,species_summary,40.80,,,kHz,,,40.80,ok,
collen2012-1004780,1004780,Centronycteris maximiliani,exact,collen-2012,"Appendix F, pp. 337-392",collen-2012-sonobat,unspecified,,,,,,,,,,,total_slope,species_summary,0.26,,,kHz/msec,,,0.26,ok,
collen2012-1004781,1004781,Cormura brevirostris,exact,collen-2012,"Appendix F, pp. 337-392",collen-2012-sonobat,unspecified,,,,,,,,,,,bandwidth,species_summary,2.96,,,kHz,,,2.96,ok,
collen2012-1004781,1004781,Cormura brevirostris,exact,collen-2012,"Appendix F, pp. 337-392",collen-2012-sonobat,unspecified,,,,,,,,,,,body_mass,species_summary,9.26,,,g,,,9.26,ok,
collen2012-1004781,1004781,Cormura brevirostris,exact,collen-2012,"Appendix F, pp. 337-392",collen-2012-sonobat,unspecified,,,,,,,,,,,call_shape_class,single,6,,,,,,6,ok,
collen2012-1004781,1004781,Cormura brevirostris,exact,collen-2012,"Appendix F, pp. 337-392",collen-2012-sonobat,unspecified,,,,,,,,,,,dominant_slope,species_summary,0.21,,,kHz/msec,,,0.21,ok,
collen2012-1004781,1004781,Cormura brevirostris,exact,collen-2012,"Appendix F, pp. 337-392",collen-2012-sonobat,unspecified,,,,,,,,,,,duration,species_summary,10.80,,,ms,,,10.80,ok,
collen2012-1004781,1004781,Cormura brevirostris,exact,collen-2012,"Appendix F, pp. 337-392",collen-2012-sonobat,unspecified,,,,,,,,,,,max_frequency,species_summary,30.09,,,kHz,,,30.09,ok,
collen2012-1004781,1004781,Cormura brevirostris,exact,collen-2012,"Appendix F, pp. 337-392",collen-2012-sonobat,unspecified,,,,,,,,,,,min_frequency,species_summary,27.33,,,kHz,,,27.33,ok,
collen2012-1004781,1004781,Cormura brevirostris,exact,collen-2012,"Appendix F, pp. 337-392",collen-2012-sonobat,unspecified,,,,,,,,,,,peak_frequency,species_summary,29.38,,,kHz,,,29.38,ok,
collen2012-1004781,1004781,Cormura brevirostris,exact,collen-2012,"Appendix F, pp. 337-392",collen-2012-sonobat,unspecified,,,,,,,,,,,total_slope,species_summary,0.15,,,kHz/msec,,,0.15,ok,
collen2012-1004782,1004782,Cyttarops alecto,exact,collen-2012,"Appendix F, pp. 337-392",collen-2012-sonobat,unspecified,,,,,,,,,,,body_mass,species_summary,5.30,,,g,,,5.30,ok,
collen2012-1004782,1004782,Cyttarops alecto,exact,collen-2012,"Appendix F, pp. 337-392",collen-2012-sonobat,unspecified,,,,,,,,,,,duration,species_summary,9.80,,,ms,,,9.80,ok,
collen2012-1004782,1004782,Cyttarops alecto,exact,collen-2012,"Appendix F, pp. 337-392",collen-2012-sonobat,unspecified,,,,,,,,,,,peak_frequency,species_summary,36.00,,,kHz,,,36.00,ok,
collen2012-1004783,1004783,Diclidurus albus,exact,collen-2012,"Appendix F, pp. 337-392",collen-2012-sonobat,unspecified,,,,,,,,,,,body_mass,species_summary,16.56,,,g,,,16.56,ok,
collen2012-1004783,1004783,Diclidurus albus,exact,collen-2012,"Appendix F, pp. 337-392",collen-2012-sonobat,unspecified,,,,,,,,,,,duration,species_summary,9.60,,,ms,,,9.60,ok,
collen2012-1004783,1004783,Diclidurus albus,exact,collen-2012,"Appendix F, pp. 337-392",collen-2012-sonobat,unspecified,,,,,,,,,,,peak_frequency,species_summary,24.00,,,kHz,,,24.00,ok,
collen2012-1004787,1004787,Peropteryx kappleri,exact,collen-2012,"Appendix F, pp. 337-392",collen-2012-sonobat,unspecified,,,,,,,,,,,body_mass,species_summary,9.85,,,g,,,9.85,ok,
collen2012-1004787,1004787,Peropteryx kappleri,exact,collen-2012,"Appendix F, pp. 337-392",collen-2012-sonobat,unspecified,,,,,,,,,,,duration,species_summary,9.60,,,ms,,,9.60,ok,
collen2012-1004787,1004787,Peropteryx kappleri,exact,collen-2012,"Appendix F, pp. 337-392",collen-2012-sonobat,unspecified,,,,,,,,,,,peak_frequency,species_summary,32.00,,,kHz,,,32.00,ok,
collen2012-1004789,1004789,Peropteryx macrotis,exact,collen-2012,"Appendix F, pp. 337-392",collen-2012-sonobat,unspecified,,,,,,,,,,,bandwidth,species_summary,3.90,,,kHz,,,3.90,ok,
collen2012-1004789,1004789,Peropteryx macrotis,exact,collen-2012,"Appendix F, pp. 337-392",collen-2012-sonobat,unspecified,,,,,,,,,,,body_mass,species_summary,5.68,,,g,,,5.68,ok,
collen2012-1004789,1004789,Peropteryx macrotis,exact,collen-2012,"Appendix F, pp. 337-392",collen-2012-sonobat,unspecified,,,,,,,,,,,call_shape_class,single,4,,,,,,4,ok,
collen2012-1004789,1004789,Peropteryx macrotis,exact,collen-2012,"Appendix F, pp. 337-392",collen-2012-sonobat,unspecified,,,,,,,,,,,dominant_slope,species_summary,0.30,,,kHz/msec,,,0.30,ok,
collen2012-1004789,1004789,Peropteryx macrotis,exact,collen-2012,"Appendix F, pp. 337-392",collen-2012-sonobat,unspecified,,,,,,,,,,,duration,species_summary,5.63,,,ms,,,5.63,ok,
collen2012-1004789,1004789,Peropteryx macrotis,exact,collen-2012,"Appendix F, pp. 337-392",collen-2012-sonobat,unspecified,,,,,,,,,,,max_frequency,species_summary,38.34,,,kHz,,,38.34,ok,
collen2012-1004789,1004789,Peropteryx macrotis,exact,collen-2012,"Appendix F, pp. 337-392",collen-2012-sonobat,unspecified,,,,,,,,,,,min_frequency,species_summary,34.31,,,kHz,,,34.31,ok,
collen2012-1004789,1004789,Peropteryx macrotis,exact,collen-2012,"Appendix F, pp. 337-392",collen-2012-sonobat,unspecified,,,,,,,,,,,peak_frequency,species_summary,37.35,,,kHz,,,37.35,ok,
collen2012-1004789,1004789,Peropteryx macrotis,exact,collen-2012,"Appendix F, pp. 337-392",collen-2012-sonobat,unspecified,,,,,,,,,,,total_slope,species_summary,0.48,,,kHz/msec,,,0.48,ok,
collen2012-1004792,1004792,Rhynchonycteris naso,exact,collen-2012,"Appendix F, pp. 337-392",collen-2012-sonobat,unspecified,,,,,,,,,,,bandwidth,species_summary,17.60,,,kHz,,,17.60,ok,
collen2012-1004792,1004792,Rhynchonycteris naso,exact,collen-2012,"Appendix F, pp. 337-392",collen-2012-sonobat,unspecified,,,,,,,,,,,body_mass,species_summary,4.14,,,g,,,4.14,ok,
collen2012-1004792,1004792,Rhynchonycteris naso,exact,collen-2012,"Appendix F, pp. 337-392",collen-2012-sonobat,unspecified,,,,,,,,,,,call_shape_class,single,13,,,,,,13,ok,
collen2012-1004792,1004792,Rhynchonycteris naso,exact,collen-2012,"Appendix F, pp. 337-392",collen-2012-sonobat,unspecified,,,,,,,,,,,dominant_slope,species_summary,0.35,,,kHz/msec,,,0.35,ok,
collen2012-1004792,1004792,Rhynchonycteris naso,exact,collen-2012,"Appendix F, pp. 337-392",collen-2012-sonobat,unspecified,,,,,,,,,,,duration,species_summary,4.25,,,ms,,,4.25,ok,
collen2012-1004792,1004792,Rhynchonycteris naso,exact,collen-2012,"Appendix F, pp. 337-392",collen-2012-sonobat,unspecified,,,,,,,,,,,max_frequency,species_summary,98.88,,,kHz,,,98.88,ok,
collen2012-1004792,1004792,Rhynchonycteris naso,exact,collen-2012,"Appendix F, pp. 337-392",collen-2012-sonobat,unspecified,,,,,,,,,,,min_frequency,species_summary,81.25,,,kHz,,,81.25,ok,
collen2012-1004792,1004792,Rhynchonycteris naso,exact,collen-2012,"Appendix F, pp. 337-392",collen-2012-sonobat,unspecified,,,,,,,,,,,peak_frequency,species_summary,89.69,,,kHz,,,89.69,ok,
collen2012-1004792,1004792,Rhynchonycteris naso,exact,collen-2012,"Appendix F, pp. 337-392",collen-2012-sonobat,unspecified,,,,,,,,,,,total_slope,species_summary,1.11,,,kHz/msec,,,1.11,ok,
collen2012-1004794,1004794,Saccopteryx bilineata,exact,collen-2012,"Appendix F, pp. 337-392",collen-2012-sonobat,unspecified,,,,,,,,,,,bandwidth,species_summary,3.71,,,kHz,,,3.71,ok,
collen2012-1004794,1004794,Saccopteryx bilineata,exact,collen-2012,"Appendix F, pp. 337-392",collen-2012-sonobat,unspecified,,,,,,,,,,,body_mass,species_summary,8.08,,,g,,,8.08,ok,
collen2012-1004794,1004794,Saccopteryx bilineata,exact,collen-2012,"Appendix F, pp. 337-392",collen-2012-sonobat,unspecified,,,,,,,,,,,call_shape_class,single,5,,,,,,5,ok,
collen2012-1004794,1004794,Saccopteryx bilineata,exact,collen-2012,"Appendix F, pp. 337-392",collen-2012-sonobat,unspecified,,,,,,,,,,,dominant_slope,species_summary,0.17,,,kHz/msec,,,0.17,ok,
collen2012-1004794,1004794,Saccopteryx bilineata,exact,collen-2012,"Appendix F, pp. 337-392",collen-2012-sonobat,unspecified,,,,,,,,,,,duration,species_summary,8.27,,,ms,,,8.27,ok,
collen2012-1004794,1004794,Saccopteryx bilineata,exact,collen-2012,"Appendix F, pp. 337-392",collen-2012-sonobat,unspecified,,,,,,,,,,,max_frequency,species_summary,46.35,,,kHz,,,46.35,ok,
collen2012-1004794,1004794,Saccopteryx bilineata,exact,collen-2012,"Appendix F, pp. 337-392",collen-2012-sonobat,unspecified,,,,,,,,,,,min_frequency,species_summary,42.62,,,kHz,,,42.62,ok,
collen2012-1004794,1004794,Saccopteryx bilineata,exact,collen-2012,"Appendix F, pp. 337-392",collen-2012-sonobat,unspecified,,,,,,,,,,,peak_frequency,species_summary,45.76,,,kHz,,,45.76,ok,
collen2012-1004794,1004794,Saccopteryx bilineata,exact,collen-2012,"Appendix F, pp. 337-392",collen-2012-sonobat,unspecified,,,,,,,,,,,total_slope,species_summary,0.10,,,kHz/msec,,,0.10,ok,
collen2012-1004797,1004797,Saccopteryx leptura,exact,collen-2012,"Appendix F, pp. 337-392",collen-2012-sonobat,unspecified,,,,,,,,,,,bandwidth,species_summary,3.56,,,kHz,,,3.56,ok,
collen2012-1004797,1004797,Saccopteryx leptura,exact,collen-2012,"Appendix F, pp. 337-392",collen-2012-sonobat,unspecified,,,,,,,,,,,call_shape_class,single,5,,,,,,5,ok,
collen2012-1004797,1004797,Saccopteryx leptura,exact,collen-2012,"Appendix F, pp. 337-392",collen-2012-sonobat,unspecified,,,,,,,,,,,dominant_slope,species_summary,0.26,,,kHz/msec,,,0.26,ok,
collen2012-1004797,1004797,Saccopteryx leptura,exact,collen-2012,"Appendix F, pp. 337-392",collen-2012-sonobat,unspecified,,,,,,,,,,,duration,species_summary,6.93,,,ms,,,6.93,ok,
collen2012-1004797,1004797,Saccopteryx leptura,exact,collen-2012,"Appendix F, pp. 337-392",collen-2012-sonobat,unspecified,,,,,,,,,,,max_frequency,species_summary,50.12,,,kHz,,,50.12,ok,
collen2012-1004797,1004797,Saccopteryx leptura,exact,collen-2012,"Appendix F, pp. 337-392",collen-2012-sonobat,unspecified,,,,,,,,,,,min_frequency,species_summary,46.55,,,kHz,,,46.55,ok,
collen2012-1004797,1004797,Saccopteryx leptura,exact,collen-2012,"Appendix F, pp. 337-392",collen-2012-sonobat,unspecified,,,,,,,,,,,peak_frequency,species_summary,49.54,,,kHz,,,49.54,ok,
collen2012-1004797,1004797,Saccopteryx leptura,exact,collen-2012,"Appendix F, pp. 337-392",collen-2012-sonobat,unspecified,,,,,,,,,,,total_slope,species_summary,0.17,,,kHz/msec,,,0.17,ok,
collen2012-1004798,1004798,Coleura afra,exact,collen-2012,"Appendix F, pp. 337-392",collen-2012-sonobat,unspecified,,,,,,,,,,,bandwidth,species_summary,2.40,,,kHz,,,2.40,ok,
collen2012-1004798,1004798,Coleura afra,exact,collen-2012,"Appendix F, pp. 337-392",collen-2012-sonobat,unspecified,,,,,,,,,,,body_mass,species_summary,10.68,,,g,,,10.68,ok,
collen2012-1004798,1004798,Coleura afra,exact,collen-2012,"Appendix F, pp. 337-392",collen-2012-sonobat,unspecified,,,,,,,,,,,duration,species_summary,7.70,,,ms,,,7.70,ok,
collen2012-1004798,1004798,Coleura afra,exact,collen-2012,"Appendix F, pp. 337-392",collen-2012-sonobat,unspecified,,,,,,,,,,,peak_frequency,species_summary,32.90,,,kHz,,,32.90,ok,
collen2012-1004804,1004804,Emballonura dianae,exact,collen-2012,"Appendix F, pp. 337-392",collen-2012-sonobat,unspecified,,,,,,,,,,,bandwidth,species_summary,8.38,,,kHz,,,8.38,ok,
collen2012-1004804,1004804,Emballonura dianae,exact,collen-2012,"Appendix F, pp. 337-392",collen-2012-sonobat,unspecified,,,,,,,,,,,body_mass,species_summary,13.21,,,g,,,13.21,ok,
collen2012-1004804,1004804,Emballonura dianae,exact,collen-2012,"Appendix F, pp. 337-392",collen-2012-sonobat,unspecified,,,,,,,,,,,call_shape_class,single,4,,,,,,4,ok,
collen2012-1004804,1004804,Emballonura dianae,exact,collen-2012,"Appendix F, pp. 337-392",collen-2012-sonobat,unspecified,,,,,,,,,,,dominant_slope,species_summary,2.46,,,kHz/msec,,,2.46,ok,
collen2012-1004804,1004804,Emballonura dianae,exact,collen-2012,"Appendix F, pp. 337-392",collen-2012-sonobat,unspecified,,,,,,,,,,,duration,species_summary,3.13,,,ms,,,3.13,ok,
collen2012-1004804,1004804,Emballonura dianae,exact,collen-2012,"Appendix F, pp. 337-392",collen-2012-sonobat,unspecified,,,,,,,,,,,max_frequency,species_summary,35.78,,,kHz,,,35.78,ok,
collen2012-1004804,1004804,Emballonura dianae,exact,collen-2012,"Appendix F, pp. 337-392",collen-2012-sonobat,unspecified,,,,,,,,,,,min_frequency,species_summary,27.50,,,kHz,,,27.50,ok,
collen2012-1004804,1004804,Emballonura dianae,exact,collen-2012,"Appendix F, pp. 337-392",collen-2012-sonobat,unspecified,,,,,,,,,,,peak_frequency,species_summary,32.36,,,kHz,,,32.36,ok,
collen2012-1004804,1004804,Emballonura dianae,exact,collen-2012,"Appendix F, pp. 337-392",collen-2012-sonobat,unspecified,,,,,,,,,,,total_slope,species_summary,2.50,,,kHz/msec,,,2.50,ok,
collen2012-1004805,1004805,Emballonura furax,exact,collen-2012,"Appendix F, pp. 337-392",collen-2012-sonobat,unspecified,,,,,,,,,,,bandwidth,species_summary,13.09,,,kHz,,,13.09,ok,
collen2012-1004805,1004805,Emballonura furax,exact,collen-2012,"Appendix F, pp. 337-392",collen-2012-sonobat,unspecified,,,,,,,,,,,body_mass,species_summary,15.94,,,g,,,15.94,ok,
collen2012-1004805,1004805,Emballonura furax,exact,collen-2012,"Appendix F, pp. 337-392",collen-2012-sonobat,unspecified,,,,,,,,,,,call_shape_class,single,4,,,,,,4,ok,
collen2012-1004805,1004805,Emballonura furax,exact,collen-2012,"Appendix F, pp. 337-392",collen-2012-sonobat,unspecified,,,,,,,,,,,dominant_slope,species_summary,3.91,,,kHz/msec,,,3.91,ok,
collen2012-1004805,1004805,Emballonura furax,exact,collen-2012,"Appendix F, pp. 337-392",collen-2012-sonobat,unspecified,,,,,,,,,,,duration,species_summary,3.08,,,ms,,,3.08,ok,
collen2012-1004805,1004805,Emballonura furax,exact,collen-2012,"Appendix F, pp. 337-392",collen-2012-sonobat,unspecified,,,,,,,,,,,max_frequency,species_summary,48.70,,,kHz,,,48.70,ok,
collen2012-1004805,1004805,Emballonura furax,exact,collen-2012,"Appendix F, pp. 337-392",collen-2012-sonobat,unspecified,,,,,,,,,,,min_frequency,species_summary,35.36,,,kHz,,,35.36,ok,
collen2012-1004805,1004805,Emballonura furax,exact,collen-2012,"Appendix F, pp. 337-392",collen-2012-sonobat,unspecified,,,,,,,,,,,peak_frequency,species_summary,41.90,,,kHz,,,41.90,ok,
collen2012-1004805,1004805,Emballonura furax,exact,collen-2012,"Appendix F, pp. 337-392",collen-2012-sonobat,unspecified,,,,,,,,,,,total_slope,species_summary,4.13,,,kHz/msec,,,4.13,ok,
collen2012-1004806,1004806,Emballonura monticola,exact,collen-2012,"Appendix F, pp. 337-392",collen-2012-sonobat,unspecified,,,,,,,,,,,bandwidth,species_summary,4.15,,,kHz,,,4.15,ok,
collen2012-1004806,1004806,Emballonura monticola,exact,collen-2012,"Appendix F, pp. 337-392",collen-2012-sonobat,unspecified,,,,,,,,,,,body_mass,species_summary,5.35,,,g,,,5.35,ok,
collen2012-1004806,1004806,Emballonura monticola,exact,collen-2012,"Appendix F, pp. 337-392",collen-2012-sonobat,unspecified,,,,,,,,,,,call_shape_class,single,6,,,,,,6,ok,
collen2012-1004806,1004806,Emballonura monticola,exact,collen-2012,"Appendix F, pp. 337-392",collen-2012-sonobat,unspecified,,,,,,,,,,,dominant_slope,species_summary,0.24,,,kHz/msec,,,0.24,ok,
collen2012-1004806,1004806,Emballonura monticola,exact,collen-2012,"Appendix F, pp. 337-392",collen-2012-sonobat,unspecified,,,,,,,,,,,duration,species_summary,5.68,,,ms,,,5.68,ok,
collen2012-1004806,1004806,Emballonura monticola,exact,collen-2012,"Appendix F, pp. 337-392",collen-2012-sonobat,unspecified,,,,,,,,,,,max_frequency,species_summary,51.01,,,kHz,,,51.01,ok,
collen2012-1004806,1004806,Emballonura monticola,exact,collen-2012,"Appendix F, pp. 337-392",collen-2012-sonobat,unspecified,,,,,,,,,,,min_frequency,species_summary,46.75,,,kHz,,,46.75,ok,
collen2012-1004806,1004806,Emballonura monticola,exact,collen-2012,"Appendix F, pp. 337-392",collen-2012-sonobat,unspecified,,,,,,,,,,,peak_frequency,species_summary,50.76,,,kHz,,,50.76,ok,
collen2012-1004806,1004806,Emballonura monticola,exact,collen-2012,"Appendix F, pp. 337-392",collen-2012-sonobat,unspecified,,,,,,,,,,,total_slope,species_summary,0.25,,,kHz/msec,,,0.25,ok,
collen2012-1004813,1004813,Saccolaimus flaviventris,exact,collen-2012,"Appendix F, pp. 337-392",collen-2012-sonobat,unspecified,,,,,,,,,,,bandwidth,species_summary,6,,,kHz,,,6,ok,
collen2012-1004813,1004813,Saccolaimus flaviventris,exact,collen-2012,"Appendix F, pp. 337-392",collen-2012-sonobat,unspecified,,,,,,,,,,,body_mass,species_summary,45.25,,,g,,,45.25,ok,
collen2012-1004813,1004813,Saccolaimus flaviventris,exact,collen-2012,"Appendix F, pp. 337-392",collen-2012-sonobat,unspecified,,,,,,,,,,,duration,species_summary,19,,,ms,,,19,ok,
collen2012-1004813,1004813,Saccolaimus flaviventris,exact,collen-2012,"Appendix F, pp. 337-392",collen-2012-sonobat,unspecified,,,,,,,,,,,max_frequency,species_summary,25,,,kHz,,,25,ok,
collen2012-1004813,1004813,Saccolaimus flaviventris,exact,collen-2012,"Appendix F, pp. 337-392",collen-2012-sonobat,unspecified,,,,,,,,,,,min_frequency,species_summary,19,,,kHz,,,19,ok,
collen2012-1004813,1004813,Saccolaimus flaviventris,exact,collen-2012,"Appendix F, pp. 337-392",collen-2012-sonobat,unspecified,,,,,,,,,,,peak_frequency,species_summary,19,,,kHz,,,19,ok,
collen2012-1004816,1004816,Saccolaimus saccolaimus,exact,collen-2012,"Appendix F, pp. 337-392",collen-2012-sonobat,unspecified,,,,,,,,,,,body_mass,species_summary,43.00,,,g,,,43.00,ok,
collen2012-1004816,1004816,Saccolaimus saccolaimus,exact,collen-2012,"Appendix F, pp. 337-392",collen-2012-sonobat,unspecified,,,,,,,,,,,duration,species_summary,12.2,,,ms,,,12.2,ok,
collen2012-1004816,1004816,Saccolaimus saccolaimus,exact,collen-2012,"Appendix F, pp. 337-392",collen-2012-sonobat,unspecified,,,,,,,,,,,max_frequency,species_summary,24,,,kHz,,,24,ok,
collen2012-1004816,1004816,Saccolaimus saccolaimus,exact,collen-2012,"Appendix F, pp. 337-392",collen-2012-sonobat,unspecified,,,,,,,,,,,min_frequency,species_summary,22.00,,,kHz,,,22.00,ok,
collen2012-1004816,1004816,Saccolaimus saccolaimus,exact,collen-2012,"Appendix F, pp. 337-392",collen-2012-sonobat,unspecified,,,,,,,,,,,peak_frequency,species_summary,23,,,kHz,,,23,ok,
collen2012-1004817,1004817,Taphozous achates,exact,collen-2012,"Appendix F, pp. 337-392",collen-2012-sonobat,unspecified,,,,,,,,,,,bandwidth,species_summary,0.49,,,kHz,,,0.49,ok,
collen2012-1004817,1004817,Taphozous achates,exact,collen-2012,"Appendix F, pp. 337-392",collen-2012-sonobat,unspecified,,,,,,,,,,,call_shape_class,single,3,,,,,,3,ok,
collen2012-1004817,1004817,Taphozous achates,exact,collen-2012,"Appendix F, pp. 337-392",collen-2012-sonobat,unspecified,,,,,,,,,,,dominant_slope,species_summary,0.20,,,kHz/msec,,,0.20,ok,
collen2012-1004817,1004817,Taphozous achates,exact,collen-2012,"Appendix F, pp. 337-392",collen-2012-sonobat,unspecified,,,,,,,,,,,duration,species_summary,8.98,,,ms,,,8.98,ok,
collen2012-1004817,1004817,Taphozous achates,exact,collen-2012,"Appendix F, pp. 337-392",collen-2012-sonobat,unspecified,,,,,,,,,,,max_frequency,species_summary,23.37,,,kHz,,,23.37,ok,
collen2012-1004817,1004817,Taphozous achates,exact,collen-2012,"Appendix F, pp. 337-392",collen-2012-sonobat,unspecified,,,,,,,,,,,min_frequency,species_summary,22.93,,,kHz,,,22.93,ok,
collen2012-1004817,1004817,Taphozous achates,exact,collen-2012,"Appendix F, pp. 337-392",collen-2012-sonobat,unspecified,,,,,,,,,,,peak_frequency,species_summary,23.21,,,kHz,,,23.21,ok,
collen2012-1004817,1004817,Taphozous achates,exact,collen-2012,"Appendix F, pp. 337-392",collen-2012-sonobat,unspecified,,,,,,,,,,,total_slope,species_summary,0.05,,,kHz/msec,,,0.05,ok,
collen2012-1004819,1004819,Taphozous georgianus,exact,collen-2012,"Appendix F, pp. 337-392",collen-2012-sonobat,unspecified,,,,,,,,,,,body_mass,species_summary,30.52,,,g,,,30.52,ok,
collen2012-1004819,1004819,Taphozous georgianus,exact,collen-2012,"Appendix F, pp. 337-392",collen-2012-sonobat,unspecified,,,,,,,,,,,max_frequency,species_summary,18,,,kHz,,,18,ok,
collen2012-1004819,1004819,Taphozous georgianus,exact,collen-2012,"Appendix F, pp. 337-392",collen-2012-sonobat,unspecified,,,,,,,,,,,min_frequency,species_summary,16,,,kHz,,,16,ok,
collen2012-1004819,1004819,Taphozous georgianus,exact,collen-2012,"Appendix F, pp. 337-392",collen-2012-sonobat,unspecified,,,,,,,,,,,peak_frequency,species_summary,17,,,kHz,,,17,ok,
collen2012-1004822,1004822,Taphozous hilli,exact,collen-2012,"Appendix F, pp. 337-392",collen-2012-sonobat,unspecified,,,,,,,,,,,bandwidth,species_summary,1.00,,,kHz,,,1.00,ok,
collen2012-1004822,1004822,Taphozous hilli,exact,collen-2012,"Appendix F, pp. 337-392",collen-2012-sonobat,unspecified,,,,,,,,,,,body_mass,species_summary,21.99,,,g,,,21.99,ok,
collen2012-1004822,1004822,Taphozous hilli,exact,collen-2012,"Appendix F, pp. 337-392",collen-2012-sonobat,unspecified,,,,,,,,,,,duration,species_summary,10,,,ms,,,10,ok,
collen2012-1004822,1004822,Taphozous hilli,exact,collen-2012,"Appendix F, pp. 337-392",collen-2012-sonobat,unspecified,,,,,,,,,,,max_frequency,species_summary,28,,,kHz,,,28,ok,
collen2012-1004822,1004822,Taphozous hilli,exact,collen-2012,"Appendix F, pp. 337-392",collen-2012-sonobat,unspecified,,,,,,,,,,,min_frequency,species_summary,27,,,kHz,,,27,ok,
collen2012-1004822,1004822,Taphozous hilli,exact,collen-2012,"Appendix F, pp. 337-392",collen-2012-sonobat,unspecified,,,,,,,,,,,peak_frequency,species_summary,27.50,,,kHz,,,27.50,ok,
collen2012-1004823,1004823,Taphozous kapalgensis,exact,collen-2012,"Appendix F, pp. 337-392",collen-2012-sonobat,unspecified,,,,,,,,,,,bandwidth,species_summary,1.5,,,kHz,,,1.5,ok,
collen2012-1004823,1004823,Taphozous kapalgensis,exact,collen-2012,"Appendix F, pp. 337-392",collen-2012-sonobat,unspecified,,,,,,,,,,,body_mass,species_summary,26.45,,,g,,,26.45,ok,
collen2012-1004823,1004823,Taphozous kapalgensis,exact,collen-2012,"Appendix F, pp. 337-392",collen-2012-sonobat,unspecified,,,,,,,,,,,duration,species_summary,5.00,,,ms,,,5.00,ok,
collen2012-1004823,1004823,Taphozous kapalgensis,exact,collen-2012,"Appendix F, pp. 337-392",collen-2012-sonobat,unspecified,,,,,,,,,,,max_frequency,species_summary,25,,,kHz,,,25,ok,
collen2012-1004823,1004823,Taphozous kapalgensis,exact,collen-2012,"Appendix F, pp. 337-392",collen-2012-sonobat,unspecified,,,,,,,,,,,min_frequency,species_summary,23.5,,,kHz,,,23.5,ok,
collen2012-1004823,1004823,Taphozous kapalgensis,exact,collen-2012,"Appendix F, pp. 337-392",collen-2012-sonobat,unspecified,,,,,,,,,,,peak_frequency,species_summary,24.00,,,kHz,,,24.00,ok,
collen2012-1004825,1004825,Taphozous mauritianus,exact,collen-2012,"Appendix F, pp. 337-392",collen-2012-sonobat,unspecified,,,,,,,,,,,bandwidth,species_summary,2.09,,,kHz,,,2.09,ok,
collen2012-1004825,1004825,Taphozous mauritianus,exact,collen-2012,"Appendix F, pp. 337-392",collen-2012-sonobat,unspecified,,,,,,,,,,,body_mass,species_summary,27.97,,,g,,,27.97,ok,
collen2012-1004825,1004825,Taphozous mauritianus,exact,collen-2012,"Appendix F, pp. 337-392",collen-2012-sonobat,unspecified,,,,,,,,,,,call_shape_class,single,3,,,,,,3,ok,
collen2012-1004825,1004825,Taphozous mauritianus,exact,collen-2012,"Appendix F, pp. 337-392",collen-2012-sonobat,unspecified,,,,,,,,,,,dominant_slope,species_summary,0.15,,,kHz/msec,,,0.15,ok,
collen2012-1004825,1004825,Taphozous mauritianus,exact,collen-2012,"Appendix F, pp. 337-392",collen-2012-sonobat,unspecified,,,,,,,,,,,duration,species_summary,13.27,,,ms,,,13.27,ok,
collen2012-1004825,1004825,Taphozous mauritianus,exact,collen-2012,"Appendix F, pp. 337-392",collen-2012-sonobat,unspecified,,,,,,,,,,,max_frequency,species_summary,26.23,,,kHz,,,26.23,ok,
collen2012-1004825,1004825,Taphozous mauritianus,exact,collen-2012,"Appendix F, pp. 337-392",collen-2012-sonobat,unspecified,,,,,,,,,,,min_frequency,species_summary,24.08,,,kHz,,,24.08,ok,
collen2012-1004825,1004825,Taphozous mauritianus,exact,collen-2012,"Appendix F, pp. 337-392",collen-2012-sonobat,unspecified,,,,,,,,,,,peak_frequency,species_summary,25.29,,,kHz,,,25.29,ok,
collen2012-1004825,1004825,Taphozous mauritianus,exact,collen-2012,"Appendix F, pp. 337-392",collen-2012-sonobat,unspecified,,,,,,,,,,,total_slope,species_summary,0.21,,,kHz/msec,,,0.21,ok,
collen2012-1004826,1004826,Taphozous melanopogon,exact,collen-2012,"Appendix F, pp. 337-392",collen-2012-sonobat,unspecified,,,,,,,,,,,bandwidth,species_summary,8.05,,,kHz,,,8.05,ok,
collen2012-1004826,1004826,Taphozous melanopogon,exact,collen-2012,"Appendix F, pp. 337-392",collen-2012-sonobat,unspecified,,,,,,,,,,,body_mass,species_summary,25.99,,,g,,,25.99,ok,
collen2012-1004826,1004826,Taphozous melanopogon,exact,collen-2012,"Appendix F, pp. 337-392",collen-2012-sonobat,unspecified,,,,,,,,,,,call_shape_class,single,4,,,,,,4,ok,
collen2012-1004826,1004826,Taphozous melanopogon,exact,collen-2012,"Appendix F, pp. 337-392",collen-2012-sonobat,unspecified,,,,,,,,,,,dominant_slope,species_summary,0.84,,,kHz/msec,,,0.84,ok,
collen2012-1004826,1004826,Taphozous melanopogon,exact,collen-2012,"Appendix F, pp. 337-392",collen-2012-sonobat,unspecified,,,,,,,,,,,duration,species_summary,4.06,,,ms,,,4.06,ok,
collen2012-1004826,1004826,Taphozous melanopogon,exact,collen-2012,"Appendix F, pp. 337-392",collen-2012-sonobat,unspecified,,,,,,,,,,,max_frequency,species_summary,32.08,,,kHz,,,32.08,ok,
collen2012-1004826,1004826,Taphozous melanopogon,exact,collen-2012,"Appendix F, pp. 337-392",collen-2012-sonobat,unspecified,,,,,,,,,,,min_frequency,species_summary,24.19,,,kHz,,,24.19,ok,
collen2012-1004826,1004826,Taphozous melanopogon,exact,collen-2012,"Appendix F, pp. 337-392",collen-2012-sonobat,unspecified,,,,,,,,,,,peak_frequency,species_summary,29.11,,,kHz,,,29.11,ok,
collen2012-1004826,1004826,Taphozous melanopogon,exact,collen-2012,"Appendix F, pp. 337-392",collen-2012-sonobat,unspecified,,,,,,,,,,,total_slope,species_summary,1.21,,,kHz/msec,,,1.21,ok,
collen2012-1004828,1004828,Taphozous perforatus,exact,collen-2012,"Appendix F, pp. 337-392",collen-2012-sonobat,unspecified,,,,,,,,,,,bandwidth,species_summary,7.09,,,kHz,,,7.09,ok,
collen2012-1004828,1004828,Taphozous perforatus,exact,collen-2012,"Appendix F, pp. 337-392",collen-2012-sonobat,unspecified,,,,,,,,,,,body_mass,species_summary,24.43,,,g,,,24.43,ok,
collen2012-1004828,1004828,Taphozous perforatus,exact,collen-2012,"Appendix F, pp. 337-392",collen-2012-sonobat,unspecified,,,,,,,,,,,call_shape_class,single,3,,,,,,3,ok,
collen2012-1004828,1004828,Taphozous perforatus,exact,collen-2012,"Appendix F, pp. 337-392",collen-2012-sonobat,unspecified,,,,,,,,,,,dominant_slope,species_summary,0.72,,,kHz/msec,,,0.72,ok,
collen2012-1004828,1004828,Taphozous perforatus,exact,collen-2012,"Appendix F, pp. 337-392",collen-2012-sonobat,unspecified,,,,,,,,,,,duration,species_summary,7.10,,,ms,,,7.10,ok,
collen2012-1004828,1004828,Taphozous perforatus,exact,collen-2012,"Appendix F, pp. 337-392",collen-2012-sonobat,unspecified,,,,,,,,,,,max_frequency,species_summary,34.96,,,kHz,,,34.96,ok,
collen2012-1004828,1004828,Taphozous perforatus,exact,collen-2012,"Appendix F, pp. 337-392",collen-2012-sonobat,unspecified,,,,,,,,,,,min_frequency,species_summary,27.78,,,kHz,,,27.78,ok,
collen2012-1004828,1004828,Taphozous perforatus,exact,collen-2012,"Appendix F, pp. 337-392",collen-2012-sonobat,unspecified,,,,,,,,,,,peak_frequency,species_summary,31.38,,,kHz,,,31.38,ok,
collen2012-1004828,1004828,Taphozous perforatus,exact,collen-2012,"Appendix F, pp. 337-392",collen-2012-sonobat,unspecified,,,,,,,,,,,total_slope,species_summary,0.93,,,kHz/msec,,,0.93,ok,
collen2012-1004830,1004830,Taphozous troughtoni,exact,collen-2012,"Appendix F, pp. 337-392",collen-2012-sonobat,unspecified,,,,,,,,,,,bandwidth,species_summary,2.00,,,kHz,,,2.00,ok,
collen2012-1004830,1004830,Taphozous troughtoni,exact,collen-2012,"Appendix F, pp. 337-392",collen-2012-sonobat,unspecified,,,,,,,,,,,body_mass,species_summary,53.52,,,g,,,53.52,ok,
collen2012-1004830,1004830,Taphozous troughtoni,exact,collen-2012,"Appendix F, pp. 337-392",collen-2012-sonobat,unspecified,,,,,,,,,,,duration,species_summary,13.00,,,ms,,,13.00,ok,
collen2012-1004830,1004830,Taphozous troughtoni,exact,collen-2012,"Appendix F, pp. 337-392",collen-2012-sonobat,unspecified,,,,,,,,,,,max_frequency,species_summary,23,,,kHz,,,23,ok,
collen2012-1004830,1004830,Taphozous troughtoni,exact,collen-2012,"Appendix F, pp. 337-392",collen-2012-sonobat,unspecified,,,,,,,,,,,min_frequency,species_summary,21.00,,,kHz,,,21.00,ok,
collen2012-1004830,1004830,Taphozous troughtoni,exact,collen-2012,"Appendix F, pp. 337-392",collen-2012-sonobat,unspecified,,,,,,,,,,,peak_frequency,species_summary,22.00,,,kHz,,,22.00,ok,
collen2012-1004831,1004831,Myzopoda aurita,exact,collen-2012,"Appendix F, pp. 337-392",collen-2012-sonobat,unspecified,,,,,,,,,,,bandwidth,species_summary,6.72,,,kHz,,,6.72,ok,
collen2012-1004831,1004831,Myzopoda aurita,exact,collen-2012,"Appendix F, pp. 337-392",collen-2012-sonobat,unspecified,,,,,,,,,,,body_mass,species_summary,9.10,,,g,,,9.10,ok,
collen2012-1004831,1004831,Myzopoda aurita,exact,collen-2012,"Appendix F, pp. 337-392",collen-2012-sonobat,unspecified,,,,,,,,,,,call_shape_class,single,11,,,,,,11,ok,
collen2012-1004831,1004831,Myzopoda aurita,exact,collen-2012,"Appendix F, pp. 337-392",collen-2012-sonobat,unspecified,,,,,,,,,,,dominant_slope,species_summary,1.16,,,kHz/msec,,,1.16,ok,
collen2012-1004831,1004831,Myzopoda aurita,exact,collen-2012,"Appendix F, pp. 337-392",collen-2012-sonobat,unspecified,,,,,,,,,,,duration,species_summary,5.32,,,ms,,,5.32,ok,
collen2012-1004831,1004831,Myzopoda aurita,exact,collen-2012,"Appendix F, pp. 337-392",collen-2012-sonobat,unspecified,,,,,,,,,,,max_frequency,species_summary,37.37,,,kHz,,,37.37,ok,
collen2012-1004831,1004831,Myzopoda aurita,exact,collen-2012,"Appendix F, pp. 337-392",collen-2012-sonobat,unspecified,,,,,,,,,,,min_frequency,species_summary,29.83,,,kHz,,,29.83,ok,
collen2012-1004831,1004831,Myzopoda aurita,exact,collen-2012,"Appendix F, pp. 337-392",collen-2012-sonobat,unspecified,,,,,,,,,,,peak_frequency,species_summary,33.40,,,kHz,,,33.40,ok,
collen2012-1004831,1004831,Myzopoda aurita,exact,collen-2012,"Appendix F, pp. 337-392",collen-2012-sonobat,unspecified,,,,,,,,,,,total_slope,species_summary,1.33,,,kHz/msec,,,1.33,ok,
collen2012-1004836,1004836,Nycteris grandis,exact,collen-2012,"Appendix F, pp. 337-392",collen-2012-sonobat,unspecified,,,,,,,,,,,bandwidth,species_summary,24,,,kHz,,,24,ok,
collen2012-1004836,1004836,Nycteris grandis,exact,collen-2012,"Appendix F, pp. 337-392",collen-2012-sonobat,unspecified,,,,,,,,,,,body_mass,species_summary,29.80,,,g,,,29.80,ok,
collen2012-1004836,1004836,Nycteris grandis,exact,collen-2012,"Appendix F, pp. 337-392",collen-2012-sonobat,unspecified,,,,,,,,,,,call_shape_class,single,9,,,,,,9,ok,
collen2012-1004836,1004836,Nycteris grandis,exact,collen-2012,"Appendix F, pp. 337-392",collen-2012-sonobat,unspecified,,,,,,,,,,,duration,species_summary,3.50,,,ms,,,3.50,ok,
collen2012-1004836,1004836,Nycteris grandis,exact,collen-2012,"Appendix F, pp. 337-392",collen-2012-sonobat,unspecified,,,,,,,,,,,peak_frequency,species_summary,20.00,,,kHz,,,20.00,ok,
collen2012-1004840,1004840,Nycteris macrotis,exact,collen-2012,"Appendix F, pp. 337-392",collen-2012-sonobat,unspecified,,,,,,,,,,,bandwidth,species_summary,21.55,,,kHz,,,21.55,ok,
collen2012-1004840,1004840,Nycteris macrotis,exact,collen-2012,"Appendix F, pp. 337-392",collen-2012-sonobat,unspecified,,,,,,,,,,,body_mass,species_summary,14.49,,,g,,,14.49,ok,
collen2012-1004840,1004840,Nycteris macrotis,exact,collen-2012,"Appendix F, pp. 337-392",collen-2012-sonobat,unspecified,,,,,,,,,,,call_shape_class,single,9,,,,,,9,ok,
collen2012-1004840,1004840,Nycteris macrotis,exact,collen-2012,"Appendix F, pp. 337-392",collen-2012-sonobat,unspecified,,,,,,,,,,,dominant_slope,species_summary,12.78,,,kHz/msec,,,12.78,ok,
collen2012-1004840,1004840,Nycteris macrotis,exact,collen-2012,"Appendix F, pp. 337-392",collen-2012-sonobat,unspecified,,,,,,,,,,,duration,species_summary,1.18,,,ms,,,1.18,ok,
collen2012-1004840,1004840,Nycteris macrotis,exact,collen-2012,"Appendix F, pp. 337-392",collen-2012-sonobat,unspecified,,,,,,,,,,,max_frequency,species_summary,76.79,,,kHz,,,76.79,ok,
collen2012-1004840,1004840,Nycteris macrotis,exact,collen-2012,"Appendix F, pp. 337-392",collen-2012-sonobat,unspecified,,,,,,,,,,,min_frequency,species_summary,56.17,,,kHz,,,56.17,ok,
collen2012-1004840,1004840,Nycteris macrotis,exact,collen-2012,"Appendix F, pp. 337-392",collen-2012-sonobat,unspecified,,,,,,,,,,,peak_frequency,species_summary,59.97,,,kHz,,,59.97,ok,
collen2012-1004840,1004840,Nycteris macrotis,exact,collen-2012,"Appendix F, pp. 337-392",collen-2012-sonobat,unspecified,,,,,,,,,,,total_slope,species_summary,8.25,,,kHz/msec,,,8.25,ok,
collen2012-1004845,1004845,Nycteris thebaica,exact,collen-2012,"Appendix F, pp. 337-392",collen-2012-sonobat,unspecified,,,,,,,,,,,bandwidth,species_summary,20.43,,,kHz,,,20.43,ok,
collen2012-1004845,1004845,Nycteris thebaica,exact,collen-2012,"Appendix F, pp. 337-392",collen-2012-sonobat,unspecified,,,,,,,,,,,body_mass,species_summary,9.20,,,g,,,9.20,ok,
collen2012-1004845,1004845,Nycteris thebaica,exact,collen-2012,"Appendix F, pp. 337-392",collen-2012-sonobat,unspecified,,,,,,,,,,,call_shape_class,single,9,,,,,,9,ok,
collen2012-1004845,1004845,Nycteris thebaica,exact,collen-2012,"Appendix F, pp. 337-392",collen-2012-sonobat,unspecified,,,,,,,,,,,dominant_slope,species_summary,10.36,,,kHz/msec,,,10.36,ok,
collen2012-1004845,1004845,Nycteris thebaica,exact,collen-2012,"Appendix F, pp. 337-392",collen-2012-sonobat,unspecified,,,,,,,,,,,duration,species_summary,1.41,,,ms,,,1.41,ok,
collen2012-1004845,1004845,Nycteris thebaica,exact,collen-2012,"Appendix F, pp. 337-392",collen-2012-sonobat,unspecified,,,,,,,,,,,max_frequency,species_summary,82.30,,,kHz,,,82.30,ok,
collen2012-1004845,1004845,Nycteris thebaica,exact,collen-2012,"Appendix F, pp. 337-392",collen-2012-sonobat,unspecified,,,,,,,,,,,min_frequency,species_summary,61.75,,,kHz,,,61.75,ok,
collen2012-1004845,1004845,Nycteris thebaica,exact,collen-2012,"Appendix F, pp. 337-392",collen-2012-sonobat,unspecified,,,,,,,,,,,peak_frequency,species_summary,71.32,,,kHz,,,71.32,ok,
collen2012-1004845,1004845,Nycteris thebaica,exact,collen-2012,"Appendix F, pp. 337-392",collen-2012-sonobat,unspecified,,,,,,,,,,,total_slope,species_summary,14.69,,,kHz/msec,,,14.69,ok,
collen2012-1004849,1004849,Furipterus horrens,exact,collen-2012,"Appendix F, pp. 337-392",collen-2012-sonobat,unspecified,,,,,,,,,,,bandwidth,species_summary,54.39,,,kHz,,,54.39,ok,
collen2012-1004849,1004849,Furipterus horrens,exact,collen-2012,"Appendix F, pp. 337-392",collen-2012-sonobat,unspecified,,,,,,,,,,,body_mass,species_summary,3.15,,,g,,,3.15,ok,
collen2012-1004849,1004849,Furipterus horrens,exact,collen-2012,"Appendix F, pp. 337-392",collen-2012-sonobat,unspecified,,,,,,,,,,,call_shape_class,single,7,,,,,,7,ok,
collen2012-1004849,1004849,Furipterus horrens,exact,collen-2012,"Appendix F, pp. 337-392",collen-2012-sonobat,unspecified,,,,,,,,,,,dominant_slope,species_summary,12.17,,,kHz/msec,,,12.17,ok,
collen2012-1004849,1004849,Furipterus horrens,exact,collen-2012,"Appendix F, pp. 337-392",collen-2012-sonobat,unspecified,,,,,,,,,,,duration,species_summary,2.74,,,ms,,,2.74,ok,
collen2012-1004849,1004849,Furipterus horrens,exact,collen-2012,"Appendix F, pp. 337-392",collen-2012-sonobat,unspecified,,,,,,,,,,,max_frequency,species_summary,189.32,,,kHz,,,189.32,ok,
collen2012-1004849,1004849,Furipterus horrens,exact,collen-2012,"Appendix F, pp. 337-392",collen-2012-sonobat,unspecified,,,,,,,,,,,min_frequency,species_summary,134.58,,,kHz,,,134.58,ok,
collen2012-1004849,1004849,Furipterus horrens,exact,collen-2012,"Appendix F, pp. 337-392",collen-2012-sonobat,unspecified,,,,,,,,,,,peak_frequency,species_summary,162.68,,,kHz,,,162.68,ok,
collen2012-1004849,1004849,Furipterus horrens,exact,collen-2012,"Appendix F, pp. 337-392",collen-2012-sonobat,unspecified,,,,,,,,,,,total_slope,species_summary,15.47,,,kHz/msec,,,15.47,ok,
collen2012-1004850,1004850,Mormoops blainvillei,exact,collen-2012,"Appendix F, pp. 337-392",collen-2012-sonobat,unspecified,,,,,,,,,,,bandwidth,species_summary,16,,,kHz,,,16,ok,
collen2012-1004850,1004850,Mormoops blainvillei,exact,collen-2012,"Appendix F, pp. 337-392",collen-2012-sonobat,unspecified,,,,,,,,,,,body_mass,species_summary,8.69,,,g,,,8.69,ok,
collen2012-1004850,1004850,Mormoops blainvillei,exact,collen-2012,"Appendix F, pp. 337-392",collen-2012-sonobat,unspecified,,,,,,,,,,,duration,species_summary,3.16,,,ms,,,3.16,ok,
collen2012-1004850,1004850,Mormoops blainvillei,exact,collen-2012,"Appendix F, pp. 337-392",collen-2012-sonobat,unspecified,,,,,,,,,,,max_frequency,species_summary,67,,,kHz,,,67,ok,
collen2012-1004850,1004850,Mormoops blainvillei,exact,collen-2012,"Appendix F, pp. 337-392",collen-2012-sonobat,unspecified,,,,,,,,,,,min_frequency,species_summary,52.00,,,kHz,,,52.00,ok,
collen2012-1004850,1004850,Mormoops blainvillei,exact,collen-2012,"Appendix F, pp. 337-392",collen-2012-sonobat,unspecified,,,,,,,,,,,peak_frequency,species_summary,57.50,,,kHz,,,57.50,ok,
collen2012-1004853,1004853,Pteronotus davyi,exact,collen-2012,"Appendix F, pp. 337-392",collen-2012-sonobat,unspecified,,,,,,,,,,,bandwidth,species_summary,13.03,,,kHz,,,13.03,ok,
collen2012-1004853,1004853,Pteronotus davyi,exact,collen-2012,"Appendix F, pp. 337-392",collen-2012-sonobat,unspecified,,,,,,,,,,,body_mass,species_summary,9.52,,,g,,,9.52,ok,
collen2012-1004853,1004853,Pteronotus davyi,exact,collen-2012,"Appendix F, pp. 337-392",collen-2012-sonobat,unspecified,,,,,,,,,,,call_shape_class,single,11,,,,,,11,ok,
collen2012-1004853,1004853,Pteronotus davyi,exact,collen-2012,"Appendix F, pp. 337-392",collen-2012-sonobat,unspecified,,,,,,,,,,,dominant_slope,species_summary,1.23,,,kHz/msec,,,1.23,ok,
collen2012-1004853,1004853,Pteronotus davyi,exact,collen-2012,"Appendix F, pp. 337-392",collen-2012-sonobat,unspecified,,,,,,,,,,,duration,species_summary,4.76,,,ms,,,4.76,ok,
collen2012-1004853,1004853,Pteronotus davyi,exact,collen-2012,"Appendix F, pp. 337-392",collen-2012-sonobat,unspecified,,,,,,,,,,,max_frequency,species_summary,71.22,,,kHz,,,71.22,ok,
collen2012-1004853,1004853,Pteronotus davyi,exact,collen-2012,"Appendix F, pp. 337-392",collen-2012-sonobat,unspecified,,,,,,,,,,,min_frequency,species_summary,58.16,,,kHz,,,58.16,ok,
collen2012-1004853,1004853,Pteronotus davyi,exact,collen-2012,"Appendix F, pp. 337-392",collen-2012-sonobat,unspecified,,,,,,,,,,,peak_frequency,species_summary,66.22,,,kHz,,,66.22,ok,
collen2012-1004853,1004853,Pteronotus davyi,exact,collen-2012,"Appendix F, pp. 337-392",collen-2012-sonobat,unspecified,,,,,,,,,,,total_slope,species_summary,4.51,,,kHz/msec,,,4.51,ok,
collen2012-1004856,1004856,Pteronotus gymnonotus,exact,collen-2012,"Appendix F, pp. 337-392",collen-2012-sonobat,unspecified,,,,,,,,,,,body_mass,species_summary,13.6,,,g,,,13.6,ok,
collen2012-1004856,1004856,Pteronotus gymnonotus,exact,collen-2012,"Appendix F, pp. 337-392",collen-2012-sonobat,unspecified,,,,,,,,,,,call_shape_class,single,11,,,,,,11,ok,
collen2012-1004856,1004856,Pteronotus gymnonotus,exact,collen-2012,"Appendix F, pp. 337-392",collen-2012-sonobat,unspecified,,,,,,,,,,,duration,species_summary,6.65,,,ms,,,6.65,ok,
collen2012-1004856,1004856,Pteronotus gymnonotus,exact,collen-2012,"Appendix F, pp. 337-392",collen-2012-sonobat,unspecified,,,,,,,,,,,peak_frequency,species_summary,49.00,,,kHz,,,49.00,ok,
collen2012-1004857,1004857,Pteronotus macleayii,exact,collen-2012,"Appendix F, pp. 337-392",collen-2012-sonobat,unspecified,,,,,,,,,,,bandwidth,species_summary,12,,,kHz,,,12,ok,
collen2012-1004857,1004857,Pteronotus macleayii,exact,collen-2012,"Appendix F, pp. 337-392",collen-2012-sonobat,unspecified,,,,,,,,,,,body_mass,species_summary,12.39,,,g,,,12.39,ok,
collen2012-1004857,1004857,Pteronotus macleayii,exact,collen-2012,"Appendix F, pp. 337-392",collen-2012-sonobat,unspecified,,,,,,,,,,,call_shape_class,single,11,,,,,,11,ok,
collen2012-1004857,1004857,Pteronotus macleayii,exact,collen-2012,"Appendix F, pp. 337-392",collen-2012-sonobat,unspecified,,,,,,,,,,,duration,species_summary,4.03,,,ms,,,4.03,ok,
collen2012-1004857,1004857,Pteronotus macleayii,exact,collen-2012,"Appendix F, pp. 337-392",collen-2012-sonobat,unspecified,,,,,,,,,,,max_frequency,species_summary,71,,,kHz,,,71,ok,
collen2012-1004857,1004857,Pteronotus macleayii,exact,collen-2012,"Appendix F, pp. 337-392",collen-2012-sonobat,unspecified,,,,,,,,,,,min_frequency,species_summary,59.00,,,kHz,,,59.00,ok,
collen2012-1004857,1004857,Pteronotus macleayii,exact,collen-2012,"Appendix F, pp. 337-392",collen-2012-sonobat,unspecified,,,,,,,,,,,peak_frequency,species_summary,69.00,,,kHz,,,69.00,ok,
collen2012-1004861,1004861,Pteronotus parnellii,exact,collen-2012,"Appendix F, pp. 337-392",collen-2012-sonobat,unspecified,,,,,,,,,,,bandwidth,species_summary,7.74,,,kHz,,,7.74,ok,
collen2012-1004861,1004861,Pteronotus parnellii,exact,collen-2012,"Appendix F, pp. 337-392",collen-2012-sonobat,unspecified,,,,,,,,,,,body_mass,species_summary,19.59,,,g,,,19.59,ok,
collen2012-1004861,1004861,Pteronotus parnellii,exact,collen-2012,"Appendix F, pp. 337-392",collen-2012-sonobat,unspecified,,,,,,,,,,,call_shape_class,single,12,,,,,,12,ok,
collen2012-1004861,1004861,Pteronotus parnellii,exact,collen-2012,"Appendix F, pp. 337-392",collen-2012-sonobat,unspecified,,,,,,,,,,,dominant_slope,species_summary,0.01,,,kHz/msec,,,0.01,ok,
collen2012-1004861,1004861,Pteronotus parnellii,exact,collen-2012,"Appendix F, pp. 337-392",collen-2012-sonobat,unspecified,,,,,,,,,,,duration,species_summary,25.81,,,ms,,,25.81,ok,
collen2012-1004861,1004861,Pteronotus parnellii,exact,collen-2012,"Appendix F, pp. 337-392",collen-2012-sonobat,unspecified,,,,,,,,,,,max_frequency,species_summary,61.11,,,kHz,,,61.11,ok,
collen2012-1004861,1004861,Pteronotus parnellii,exact,collen-2012,"Appendix F, pp. 337-392",collen-2012-sonobat,unspecified,,,,,,,,,,,min_frequency,species_summary,53.45,,,kHz,,,53.45,ok,
collen2012-1004861,1004861,Pteronotus parnellii,exact,collen-2012,"Appendix F, pp. 337-392",collen-2012-sonobat,unspecified,,,,,,,,,,,peak_frequency,species_summary,60.95,,,kHz,,,60.95,ok,
collen2012-1004861,1004861,Pteronotus parnellii,exact,collen-2012,"Appendix F, pp. 337-392",collen-2012-sonobat,unspecified,,,,,,,,,,,total_slope,species_summary,0.01,,,kHz/msec,,,0.01,ok,
collen2012-1004862,1004862,Pteronotus personatus,exact,collen-2012,"Appendix F, pp. 337-392",collen-2012-sonobat,unspecified,,,,,,,,,,,bandwidth,species_summary,17.49,,,kHz,,,17.49,ok,
collen2012-1004862,1004862,Pteronotus personatus,exact,collen-2012,"Appendix F, pp. 337-392",collen-2012-sonobat,unspecified,,,,,,,,,,,body_mass,species_summary,7.99,,,g,,,7.99,ok,
collen2012-1004862,1004862,Pteronotus personatus,exact,collen-2012,"Appendix F, pp. 337-392",collen-2012-sonobat,unspecified,,,,,,,,,,,call_shape_class,single,11,,,,,,11,ok,
collen2012-1004862,1004862,Pteronotus personatus,exact,collen-2012,"Appendix F, pp. 337-392",collen-2012-sonobat,unspecified,,,,,,,,,,,dominant_slope,species_summary,1.40,,,kHz/msec,,,1.40,ok,
collen2012-1004862,1004862,Pteronotus personatus,exact,collen-2012,"Appendix F, pp. 337-392",collen-2012-sonobat,unspecified,,,,,,,,,,,duration,species_summary,4.75,,,ms,,,4.75,ok,
collen2012-1004862,1004862,Pteronotus personatus,exact,collen-2012,"Appendix F, pp. 337-392",collen-2012-sonobat,unspecified,,,,,,,,,,,max_frequency,species_summary,78.02,,,kHz,,,78.02,ok,
collen2012-1004862,1004862,Pteronotus personatus,exact,collen-2012,"Appendix F, pp. 337-392",collen-2012-sonobat,unspecified,,,,,,,,,,,min_frequency,species_summary,60.72,,,kHz,,,60.72,ok,
collen2012-1004862,1004862,Pteronotus personatus,exact,collen-2012,"Appendix F, pp. 337-392",collen-2012-sonobat,unspecified,,,,,,,,,,,peak_frequency,species_summary,65.45,,,kHz,,,65.45,ok,
collen2012-1004862,1004862,Pteronotus personatus,exact,collen-2012,"Appendix F, pp. 337-392",collen-2012-sonobat,unspecified,,,,,,,,,,,total_slope,species_summary,4.18,,,kHz/msec,,,4.18,ok,
collen2012-1004866,1004866,Pteronotus quadridens,exact,collen-2012,"Appendix F, pp. 337-392",collen-2012-sonobat,unspecified,,,,,,,,,,,bandwidth,species_summary,15.5,,,kHz,,,15.5,ok,
collen2012-1004866,1004866,Pteronotus quadridens,exact,collen-2012,"Appendix F, pp. 337-392",collen-2012-sonobat,unspecified,,,,,,,,,,,body_mass,species_summary,5.64,,,g,,,5.64,ok,
collen2012-1004866,1004866,Pteronotus quadridens,exact,collen-2012,"Appendix F, pp. 337-392",collen-2012-sonobat,unspecified,,,,,,,,,,,call_shape_class,single,11,,,,,,11,ok,
collen2012-1004866,1004866,Pteronotus quadridens,exact,collen-2012,"Appendix F, pp. 337-392",collen-2012-sonobat,unspecified,,,,,,,,,,,duration,species_summary,3.98,,,ms,,,3.98,ok,
collen2012-1004866,1004866,Pteronotus quadridens,exact,collen-2012,"Appendix F, pp. 337-392",collen-2012-sonobat,unspecified,,,,,,,,,,,max_frequency,species_summary,83.5,,,kHz,,,83.5,ok,
collen2012-1004866,1004866,Pteronotus quadridens,exact,collen-2012,"Appendix F, pp. 337-392",collen-2012-sonobat,unspecified,,,,,,,,,,,min_frequency,species_summary,69.00,,,kHz,,,69.00,ok,
collen2012-1004866,1004866,Pteronotus quadridens,exact,collen-2012,"Appendix F, pp. 337-392",collen-2012-sonobat,unspecified,,,,,,,,,,,peak_frequency,species_summary,81.50,,,kHz,,,81.50,ok,
collen2012-1004869,1004869,Mystacina tuberculata,exact,collen-2012,"Appendix F, pp. 337-392",collen-2012-sonobat,unspecified,,,,,,,,,,,bandwidth,species_summary,19.97,,,kHz,,,19.97,ok,
collen2012-1004869,1004869,Mystacina tuberculata,exact,collen-2012,"Appendix F, pp. 337-392",collen-2012-sonobat,unspecified,,,,,,,,,,,body_mass,species_summary,13.14,,,g,,,13.14,ok,
collen2012-1004869,1004869,Mystacina tuberculata,exact,collen-2012,"Appendix F, pp. 337-392",collen-2012-sonobat,unspecified,,,,,,,,,,,call_shape_class,single,9,,,,,,9,ok,
collen2012-1004869,1004869,Mystacina tuberculata,exact,collen-2012,"Appendix F, pp. 337-392",collen-2012-sonobat,unspecified,,,,,,,,,,,dominant_slope,species_summary,10.72,,,kHz/msec,,,10.72,ok,
collen2012-1004869,1004869,Mystacina tuberculata,exact,collen-2012,"Appendix F, pp. 337-392",collen-2012-sonobat,unspecified,,,,,,,,,,,duration,species_summary,1.94,,,ms,,,1.94,ok,
collen2012-1004869,1004869,Mystacina tuberculata,exact,collen-2012,"Appendix F, pp. 337-392",collen-2012-sonobat,unspecified,,,,,,,,,,,max_frequency,species_summary,61.35,,,kHz,,,61.35,ok,
collen2012-1004869,1004869,Mystacina tuberculata,exact,collen-2012,"Appendix F, pp. 337-392",collen-2012-sonobat,unspecified,,,,,,,,,,,min_frequency,species_summary,41.37,,,kHz,,,41.37,ok,
collen2012-1004869,1004869,Mystacina tuberculata,exact,collen-2012,"Appendix F, pp. 337-392",collen-2012-sonobat,unspecified,,,,,,,,,,,peak_frequency,species_summary,48.38,,,kHz,,,48.38,ok,
collen2012-1004869,1004869,Mystacina tuberculata,exact,collen-2012,"Appendix F, pp. 337-392",collen-2012-sonobat,unspecified,,,,,,,,,,,total_slope,species_summary,11.24,,,kHz/msec,,,11.24,ok,
collen2012-1004870,1004870,Noctilio albiventris,exact,collen-2012,"Appendix F, pp. 337-392",collen-2012-sonobat,unspecified,,,,,,,,,,,body_mass,species_summary,31.46,,,g,,,31.46,ok,
collen2012-1004870,1004870,Noctilio albiventris,exact,collen-2012,"Appendix F, pp. 337-392",collen-2012-sonobat,unspecified,,,,,,,,,,,call_shape_class,single,13,,,,,,13,ok,
collen2012-1004870,1004870,Noctilio albiventris,exact,collen-2012,"Appendix F, pp. 337-392",collen-2012-sonobat,unspecified,,,,,,,,,,,duration,species_summary,10.5,,,ms,,,10.5,ok,
collen2012-1004870,1004870,Noctilio albiventris,exact,collen-2012,"Appendix F, pp. 337-392",collen-2012-sonobat,unspecified,,,,,,,,,,,peak_frequency,species_summary,69.50,,,kHz,,,69.50,ok,
collen2012-1004871,1004871,Noctilio leporinus,exact,collen-2012,"Appendix F, pp. 337-392",collen-2012-sonobat,unspecified,,,,,,,,,,,bandwidth,species_summary,19.47,,,kHz,,,19.47,ok,
collen2012-1004871,1004871,Noctilio leporinus,exact,collen-2012,"Appendix F, pp. 337-392",collen-2012-sonobat,unspecified,,,,,,,,,,,body_mass,species_summary,29.93,,,g,,,29.93,ok,
collen2012-1004871,1004871,Noctilio leporinus,exact,collen-2012,"Appendix F, pp. 337-392",collen-2012-sonobat,unspecified,,,,,,,,,,,call_shape_class,single,13,,,,,,13,ok,
collen2012-1004871,1004871,Noctilio leporinus,exact,collen-2012,"Appendix F, pp. 337-392",collen-2012-sonobat,unspecified,,,,,,,,,,,dominant_slope,species_summary,2.65,,,kHz/msec,,,2.65,ok,
collen2012-1004871,1004871,Noctilio leporinus,exact,collen-2012,"Appendix F, pp. 337-392",collen-2012-sonobat,unspecified,,,,,,,,,,,duration,species_summary,6.46,,,ms,,,6.46,ok,
collen2012-1004871,1004871,Noctilio leporinus,exact,collen-2012,"Appendix F, pp. 337-392",collen-2012-sonobat,unspecified,,,,,,,,,,,max_frequency,species_summary,49.19,,,kHz,,,49.19,ok,
collen2012-1004871,1004871,Noctilio leporinus,exact,collen-2012,"Appendix F, pp. 337-392",collen-2012-sonobat,unspecified,,,,,,,,,,,min_frequency,species_summary,28.95,,,kHz,,,28.95,ok,
collen2012-1004871,1004871,Noctilio leporinus,exact,collen-2012,"Appendix F, pp. 337-392",collen-2012-sonobat,unspecified,,,,,,,,,,,peak_frequency,species_summary,35.27,,,kHz,,,35.27,ok,
collen2012-1004871,1004871,Noctilio leporinus,exact,collen-2012,"Appendix F, pp. 337-392",collen-2012-sonobat,unspecified,,,,,,,,,,,total_slope,species_summary,3.13,,,kHz/msec,,,3.13,ok,
collen2012-1004874,1004874,Carollia castanea,exact,collen-2012,"Appendix F, pp. 337-392",collen-2012-sonobat,unspecified,,,,,,,,,,,bandwidth,species_summary,26.14,,,kHz,,,26.14,ok,
collen2012-1004874,1004874,Carollia castanea,exact,collen-2012,"Appendix F, pp. 337-392",collen-2012-sonobat,unspecified,,,,,,,,,,,body_mass,species_summary,13.1,,,g,,,13.1,ok,
collen2012-1004874,1004874,Carollia castanea,exact,collen-2012,"Appendix F, pp. 337-392",collen-2012-sonobat,unspecified,,,,,,,,,,,call_shape_class,single,9,,,,,,9,ok,
collen2012-1004874,1004874,Carollia castanea,exact,collen-2012,"Appendix F, pp. 337-392",collen-2012-sonobat,unspecified,,,,,,,,,,,duration,species_summary,0.81,,,ms,,,0.81,ok,
collen2012-1004874,1004874,Carollia castanea,exact,collen-2012,"Appendix F, pp. 337-392",collen-2012-sonobat,unspecified,,,,,,,,,,,max_frequency,species_summary,98.02,,,kHz,,,98.02,ok,
collen2012-1004874,1004874,Carollia castanea,exact,collen-2012,"Appendix F, pp. 337-392",collen-2012-sonobat,unspecified,,,,,,,,,,,min_frequency,species_summary,71.88,,,kHz,,,71.88,ok,
collen2012-1004874,1004874,Carollia castanea,exact,collen-2012,"Appendix F, pp. 337-392",collen-2012-sonobat,unspecified,,,,,,,,,,,peak_frequency,species_summary,95.40,,,kHz,,,95.40,ok,
collen2012-1004877,1004877,Carollia perspicillata,exact,collen-2012,"Appendix F, pp. 337-392",collen-2012-sonobat,unspecified,,,,,,,,,,,bandwidth,species_summary,29.30,,,kHz,,,29.30,ok,
collen2012-1004877,1004877,Carollia perspicillata,exact,collen-2012,"Appendix F, pp. 337-392",collen-2012-sonobat,unspecified,,,,,,,,,,,body_mass,species_summary,19.23,,,g,,,19.23,ok,
collen2012-1004877,1004877,Carollia perspicillata,exact,collen-2012,"Appendix F, pp. 337-392",collen-2012-sonobat,unspecified,,,,,,,,,,,call_shape_class,single,9,,,,,,9,ok,
collen2012-1004877,1004877,Carollia perspicillata,exact,collen-2012,"Appendix F, pp. 337-392",collen-2012-sonobat,unspecified,,,,,,,,,,,dominant_slope,species_summary,11.29,,,kHz/msec,,,11.29,ok,
collen2012-1004877,1004877,Carollia perspicillata,exact,collen-2012,"Appendix F, pp. 337-392",collen-2012-sonobat,unspecified,,,,,,,,,,,duration,species_summary,2.08,,,ms,,,2.08,ok,
collen2012-1004877,1004877,Carollia perspicillata,exact,collen-2012,"Appendix F, pp. 337-392",collen-2012-sonobat,unspecified,,,,,,,,,,,max_frequency,species_summary,76.92,,,kHz,,,76.92,ok,
collen2012-1004877,1004877,Carollia perspicillata,exact,collen-2012,"Appendix F, pp. 337-392",collen-2012-sonobat,unspecified,,,,,,,,,,,min_frequency,species_summary,47.92,,,kHz,,,47.92,ok,
collen2012-1004877,1004877,Carollia perspicillata,exact,collen-2012,"Appendix F, pp. 337-392",collen-2012-sonobat,unspecified,,,,,,,,,,,peak_frequency,species_summary,63.83,,,kHz,,,63.83,ok,
collen2012-1004877,1004877,Carollia perspicillata,exact,collen-2012,"Appendix F, pp. 337-392",collen-2012-sonobat,unspecified,,,,,,,,,,,total_slope,species_summary,14.48,,,kHz/msec,,,14.48,ok,
collen2012-1004878,1004878,Carollia sowelli,exact,collen-2012,"Appendix F, pp. 337-392",collen-2012-sonobat,unspecified,,,,,,,,,,,bandwidth,species_summary,29.00,,,kHz,,,29.00,ok,
collen2012-1004878,1004878,Carollia sowelli,exact,collen-2012,"Appendix F, pp. 337-392",collen-2012-sonobat,unspecified,,,,,,,,,,,call_shape_class,single,9,,,,,,9,ok,
collen2012-1004878,1004878,Carollia sowelli,exact,collen-2012,"Appendix F, pp. 337-392",collen-2012-sonobat,unspecified,,,,,,,,,,,dominant_slope,species_summary,15.93,,,kHz/msec,,,15.93,ok,
collen2012-1004878,1004878,Carollia sowelli,exact,collen-2012,"Appendix F, pp. 337-392",collen-2012-sonobat,unspecified,,,,,,,,,,,duration,species_summary,1.29,,,ms,,,1.29,ok,
collen2012-1004878,1004878,Carollia sowelli,exact,collen-2012,"Appendix F, pp. 337-392",collen-2012-sonobat,unspecified,,,,,,,,,,,max_frequency,species_summary,80.10,,,kHz,,,80.10,ok,
collen2012-1004878,1004878,Carollia sowelli,exact,collen-2012,"Appendix F, pp. 337-392",collen-2012-sonobat,unspecified,,,,,,,,,,,min_frequency,species_summary,51.10,,,kHz,,,51.10,ok,
collen2012-1004878,1004878,Carollia sowelli,exact,collen-2012,"Appendix F, pp. 337-392",collen-2012-sonobat,unspecified,,,,,,,,,,,peak_frequency,species_summary,70.82,,,kHz,,,70.82,ok,
collen2012-1004878,1004878,Carollia sowelli,exact,collen-2012,"Appendix F, pp. 337-392",collen-2012-sonobat,unspecified,,,,,,,,,,,total_slope,species_summary,22.16,,,kHz/msec,,,22.16,ok,
collen2012-1004880,1004880,Desmodus rotundus,exact,collen-2012,"Appendix F, pp. 337-392",collen-2012-sonobat,unspecified,,,,,,,,,,,bandwidth,species_summary,26.72,,,kHz,,,26.72,ok,
collen2012-1004880,1004880,Desmodus rotundus,exact,collen-2012,"Appendix F, pp. 337-392",collen-2012-sonobat,unspecified,,,,,,,,,,,body_mass,species_summary,33.16,,,g,,,33.16,ok,
collen2012-1004880,1004880,Desmodus rotundus,exact,collen-2012,"Appendix F, pp. 337-392",collen-2012-sonobat,unspecified,,,,,,,,,,,call_shape_class,single,9,,,,,,9,ok,
collen2012-1004880,1004880,Desmodus rotundus,exact,collen-2012,"Appendix F, pp. 337-392",collen-2012-sonobat,unspecified,,,,,,,,,,,dominant_slope,species_summary,17.56,,,kHz/msec,,,17.56,ok,
collen2012-1004880,1004880,Desmodus rotundus,exact,collen-2012,"Appendix F, pp. 337-392",collen-2012-sonobat,unspecified,,,,,,,,,,,duration,species_summary,1.92,,,ms,,,1.92,ok,
collen2012-1004880,1004880,Desmodus rotundus,exact,collen-2012,"Appendix F, pp. 337-392",collen-2012-sonobat,unspecified,,,,,,,,,,,max_frequency,species_summary,74.07,,,kHz,,,74.07,ok,
collen2012-1004880,1004880,Desmodus rotundus,exact,collen-2012,"Appendix F, pp. 337-392",collen-2012-sonobat,unspecified,,,,,,,,,,,min_frequency,species_summary,47.06,,,kHz,,,47.06,ok,
collen2012-1004880,1004880,Desmodus rotundus,exact,collen-2012,"Appendix F, pp. 337-392",collen-2012-sonobat,unspecified,,,,,,,,,,,peak_frequency,species_summary,61.56,,,kHz,,,61.56,ok,
collen2012-1004880,1004880,Desmodus rotundus,exact,collen-2012,"Appendix F, pp. 337-392",collen-2012-sonobat,unspecified,,,,,,,,,,,total_slope,species_summary,16.67,,,kHz/msec,,,16.67,ok,
collen2012-1004881-youngi,1004881,Diaemus youngi,synonym_via_mdd,collen-2012,"Appendix F, pp. 337-392",collen-2012-sonobat,unspecified,,,,,,,,,,,bandwidth,species_summary,21.60,,,kHz,,,21.60,ok,Printed in the source as a separate species; the current taxonomy treats it as Diaemus youngii.
collen2012-1004881-youngi,1004881,Diaemus youngi,synonym_via_mdd,collen-2012,"Appendix F, pp. 337-392",collen-2012-sonobat,unspecified,,,,,,,,,,,body_mass,species_summary,36.71,,,g,,,36.71,ok,Printed in the source as a separate species; the current taxonomy treats it as Diaemus youngii.
collen2012-1004881-youngi,1004881,Diaemus youngi,synonym_via_mdd,collen-2012,"Appendix F, pp. 337-392",collen-2012-sonobat,unspecified,,,,,,,,,,,call_shape_class,single,9,,,,,,9,ok,Printed in the source as a separate species; the current taxonomy treats it as Diaemus youngii.
collen2012-1004881-youngi,1004881,Diaemus youngi,synonym_via_mdd,collen-2012,"Appendix F, pp. 337-392",collen-2012-sonobat,unspecified,,,,,,,,,,,dominant_slope,species_summary,11.35,,,kHz/msec,,,11.35,ok,Printed in the source as a separate species; the current taxonomy treats it as Diaemus youngii.
collen2012-1004881-youngi,1004881,Diaemus youngi,synonym_via_mdd,collen-2012,"Appendix F, pp. 337-392",collen-2012-sonobat,unspecified,,,,,,,,,,,duration,species_summary,2.22,,,ms,,,2.22,ok,Printed in the source as a separate species; the current taxonomy treats it as Diaemus youngii.
collen2012-1004881-youngi,1004881,Diaemus youngi,synonym_via_mdd,collen-2012,"Appendix F, pp. 337-392",collen-2012-sonobat,unspecified,,,,,,,,,,,max_frequency,species_summary,62.87,,,kHz,,,62.87,ok,Printed in the source as a separate species; the current taxonomy treats it as Diaemus youngii.
collen2012-1004881-youngi,1004881,Diaemus youngi,synonym_via_mdd,collen-2012,"Appendix F, pp. 337-392",collen-2012-sonobat,unspecified,,,,,,,,,,,min_frequency,species_summary,40.81,,,kHz,,,40.81,ok,Printed in the source as a separate species; the current taxonomy treats it as Diaemus youngii.
collen2012-1004881-youngi,1004881,Diaemus youngi,synonym_via_mdd,collen-2012,"Appendix F, pp. 337-392",collen-2012-sonobat,unspecified,,,,,,,,,,,peak_frequency,species_summary,51.84,,,kHz,,,51.84,ok,Printed in the source as a separate species; the current taxonomy treats it as Diaemus youngii.
collen2012-1004881-youngi,1004881,Diaemus youngi,synonym_via_mdd,collen-2012,"Appendix F, pp. 337-392",collen-2012-sonobat,unspecified,,,,,,,,,,,total_slope,species_summary,10.49,,,kHz/msec,,,10.49,ok,Printed in the source as a separate species; the current taxonomy treats it as Diaemus youngii.
collen2012-1004883,1004883,Brachyphylla cavernarum,exact,collen-2012,"Appendix F, pp. 337-392",collen-2012-sonobat,unspecified,,,,,,,,,,,bandwidth,species_summary,14.35,,,kHz,,,14.35,ok,
collen2012-1004883,1004883,Brachyphylla cavernarum,exact,collen-2012,"Appendix F, pp. 337-392",collen-2012-sonobat,unspecified,,,,,,,,,,,body_mass,species_summary,45.5,,,g,,,45.5,ok,
collen2012-1004883,1004883,Brachyphylla cavernarum,exact,collen-2012,"Appendix F, pp. 337-392",collen-2012-sonobat,unspecified,,,,,,,,,,,call_shape_class,single,5,,,,,,5,ok,
collen2012-1004883,1004883,Brachyphylla cavernarum,exact,collen-2012,"Appendix F, pp. 337-392",collen-2012-sonobat,unspecified,,,,,,,,,,,dominant_slope,species_summary,1.82,,,kHz/msec,,,1.82,ok,
collen2012-1004883,1004883,Brachyphylla cavernarum,exact,collen-2012,"Appendix F, pp. 337-392",collen-2012-sonobat,unspecified,,,,,,,,,,,duration,species_summary,5.65,,,ms,,,5.65,ok,
collen2012-1004883,1004883,Brachyphylla cavernarum,exact,collen-2012,"Appendix F, pp. 337-392",collen-2012-sonobat,unspecified,,,,,,,,,,,max_frequency,species_summary,32.22,,,kHz,,,32.22,ok,
collen2012-1004883,1004883,Brachyphylla cavernarum,exact,collen-2012,"Appendix F, pp. 337-392",collen-2012-sonobat,unspecified,,,,,,,,,,,min_frequency,species_summary,17.83,,,kHz,,,17.83,ok,
collen2012-1004883,1004883,Brachyphylla cavernarum,exact,collen-2012,"Appendix F, pp. 337-392",collen-2012-sonobat,unspecified,,,,,,,,,,,peak_frequency,species_summary,23.30,,,kHz,,,23.30,ok,
collen2012-1004883,1004883,Brachyphylla cavernarum,exact,collen-2012,"Appendix F, pp. 337-392",collen-2012-sonobat,unspecified,,,,,,,,,,,total_slope,species_summary,2.41,,,kHz/msec,,,2.41,ok,
collen2012-1004884,1004884,Brachyphylla nana,exact,collen-2012,"Appendix F, pp. 337-392",collen-2012-sonobat,unspecified,,,,,,,,,,,bandwidth,species_summary,54,,,kHz,,,54,ok,
collen2012-1004884,1004884,Brachyphylla nana,exact,collen-2012,"Appendix F, pp. 337-392",collen-2012-sonobat,unspecified,,,,,,,,,,,body_mass,species_summary,37.25,,,g,,,37.25,ok,
collen2012-1004884,1004884,Brachyphylla nana,exact,collen-2012,"Appendix F, pp. 337-392",collen-2012-sonobat,unspecified,,,,,,,,,,,call_shape_class,single,9,,,,,,9,ok,
collen2012-1004884,1004884,Brachyphylla nana,exact,collen-2012,"Appendix F, pp. 337-392",collen-2012-sonobat,unspecified,,,,,,,,,,,duration,species_summary,2.38,,,ms,,,2.38,ok,
collen2012-1004884,1004884,Brachyphylla nana,exact,collen-2012,"Appendix F, pp. 337-392",collen-2012-sonobat,unspecified,,,,,,,,,,,max_frequency,species_summary,89,,,kHz,,,89,ok,
collen2012-1004884,1004884,Brachyphylla nana,exact,collen-2012,"Appendix F, pp. 337-392",collen-2012-sonobat,unspecified,,,,,,,,,,,min_frequency,species_summary,34.00,,,kHz,,,34.00,ok,
collen2012-1004884,1004884,Brachyphylla nana,exact,collen-2012,"Appendix F, pp. 337-392",collen-2012-sonobat,unspecified,,,,,,,,,,,peak_frequency,species_summary,59.00,,,kHz,,,59.00,ok,
collen2012-1004885,1004885,Erophylla bombifrons,exact,collen-2012,"Appendix F, pp. 337-392",collen-2012-sonobat,unspecified,,,,,,,,,,,body_mass,species_summary,16.28,,,g,,,16.28,ok,
collen2012-1004885,1004885,Erophylla bombifrons,exact,collen-2012,"Appendix F, pp. 337-392",collen-2012-sonobat,unspecified,,,,,,,,,,,call_shape_class,single,9,,,,,,9,ok,
collen2012-1004885,1004885,Erophylla bombifrons,exact,collen-2012,"Appendix F, pp. 337-392",collen-2012-sonobat,unspecified,,,,,,,,,,,duration,species_summary,4.70,,,ms,,,4.70,ok,
collen2012-1004885,1004885,Erophylla bombifrons,exact,collen-2012,"Appendix F, pp. 337-392",collen-2012-sonobat,unspecified,,,,,,,,,,,peak_frequency,species_summary,38.00,,,kHz,,,38.00,ok,
collen2012-1004886,1004886,Erophylla sezekorni,exact,collen-2012,"Appendix F, pp. 337-392",collen-2012-sonobat,unspecified,,,,,,,,,,,bandwidth,species_summary,27,,,kHz,,,27,ok,
collen2012-1004886,1004886,Erophylla sezekorni,exact,collen-2012,"Appendix F, pp. 337-392",collen-2012-sonobat,unspecified,,,,,,,,,,,body_mass,species_summary,15.87,,,g,,,15.87,ok,
collen2012-1004886,1004886,Erophylla sezekorni,exact,collen-2012,"Appendix F, pp. 337-392",collen-2012-sonobat,unspecified,,,,,,,,,,,call_shape_class,single,9,,,,,,9,ok,
collen2012-1004886,1004886,Erophylla sezekorni,exact,collen-2012,"Appendix F, pp. 337-392",collen-2012-sonobat,unspecified,,,,,,,,,,,duration,species_summary,2.3,,,ms,,,2.3,ok,
collen2012-1004886,1004886,Erophylla sezekorni,exact,collen-2012,"Appendix F, pp. 337-392",collen-2012-sonobat,unspecified,,,,,,,,,,,max_frequency,species_summary,59.6,,,kHz,,,59.6,ok,
collen2012-1004886,1004886,Erophylla sezekorni,exact,collen-2012,"Appendix F, pp. 337-392",collen-2012-sonobat,unspecified,,,,,,,,,,,min_frequency,species_summary,32.50,,,kHz,,,32.50,ok,
collen2012-1004886,1004886,Erophylla sezekorni,exact,collen-2012,"Appendix F, pp. 337-392",collen-2012-sonobat,unspecified,,,,,,,,,,,peak_frequency,species_summary,45.10,,,kHz,,,45.10,ok,
collen2012-1004888,1004888,Phyllonycteris poeyi,exact,collen-2012,"Appendix F, pp. 337-392",collen-2012-sonobat,unspecified,,,,,,,,,,,bandwidth,species_summary,11,,,kHz,,,11,ok,
collen2012-1004888,1004888,Phyllonycteris poeyi,exact,collen-2012,"Appendix F, pp. 337-392",collen-2012-sonobat,unspecified,,,,,,,,,,,body_mass,species_summary,15.59,,,g,,,15.59,ok,
collen2012-1004888,1004888,Phyllonycteris poeyi,exact,collen-2012,"Appendix F, pp. 337-392",collen-2012-sonobat,unspecified,,,,,,,,,,,call_shape_class,single,9,,,,,,9,ok,
collen2012-1004888,1004888,Phyllonycteris poeyi,exact,collen-2012,"Appendix F, pp. 337-392",collen-2012-sonobat,unspecified,,,,,,,,,,,duration,species_summary,4.69,,,ms,,,4.69,ok,
collen2012-1004888,1004888,Phyllonycteris poeyi,exact,collen-2012,"Appendix F, pp. 337-392",collen-2012-sonobat,unspecified,,,,,,,,,,,max_frequency,species_summary,46,,,kHz,,,46,ok,
collen2012-1004888,1004888,Phyllonycteris poeyi,exact,collen-2012,"Appendix F, pp. 337-392",collen-2012-sonobat,unspecified,,,,,,,,,,,min_frequency,species_summary,34.00,,,kHz,,,34.00,ok,
collen2012-1004888,1004888,Phyllonycteris poeyi,exact,collen-2012,"Appendix F, pp. 337-392",collen-2012-sonobat,unspecified,,,,,,,,,,,peak_frequency,species_summary,39.00,,,kHz,,,39.00,ok,
collen2012-1004894,1004894,Anoura geoffroyi,exact,collen-2012,"Appendix F, pp. 337-392",collen-2012-sonobat,unspecified,,,,,,,,,,,bandwidth,species_summary,40.28,,,kHz,,,40.28,ok,
collen2012-1004894,1004894,Anoura geoffroyi,exact,collen-2012,"Appendix F, pp. 337-392",collen-2012-sonobat,unspecified,,,,,,,,,,,body_mass,species_summary,15.15,,,g,,,15.15,ok,
collen2012-1004894,1004894,Anoura geoffroyi,exact,collen-2012,"Appendix F, pp. 337-392",collen-2012-sonobat,unspecified,,,,,,,,,,,call_shape_class,single,9,,,,,,9,ok,
collen2012-1004894,1004894,Anoura geoffroyi,exact,collen-2012,"Appendix F, pp. 337-392",collen-2012-sonobat,unspecified,,,,,,,,,,,dominant_slope,species_summary,18.44,,,kHz/msec,,,18.44,ok,
collen2012-1004894,1004894,Anoura geoffroyi,exact,collen-2012,"Appendix F, pp. 337-392",collen-2012-sonobat,unspecified,,,,,,,,,,,duration,species_summary,1.86,,,ms,,,1.86,ok,
collen2012-1004894,1004894,Anoura geoffroyi,exact,collen-2012,"Appendix F, pp. 337-392",collen-2012-sonobat,unspecified,,,,,,,,,,,max_frequency,species_summary,107.14,,,kHz,,,107.14,ok,
collen2012-1004894,1004894,Anoura geoffroyi,exact,collen-2012,"Appendix F, pp. 337-392",collen-2012-sonobat,unspecified,,,,,,,,,,,min_frequency,species_summary,67.46,,,kHz,,,67.46,ok,
collen2012-1004894,1004894,Anoura geoffroyi,exact,collen-2012,"Appendix F, pp. 337-392",collen-2012-sonobat,unspecified,,,,,,,,,,,peak_frequency,species_summary,81.69,,,kHz,,,81.69,ok,
collen2012-1004894,1004894,Anoura geoffroyi,exact,collen-2012,"Appendix F, pp. 337-392",collen-2012-sonobat,unspecified,,,,,,,,,,,total_slope,species_summary,22.76,,,kHz/msec,,,22.76,ok,
collen2012-1004902,1004902,Choeronycteris mexicana,exact,collen-2012,"Appendix F, pp. 337-392",collen-2012-sonobat,unspecified,,,,,,,,,,,bandwidth,species_summary,35.44,,,kHz,,,35.44,ok,
collen2012-1004902,1004902,Choeronycteris mexicana,exact,collen-2012,"Appendix F, pp. 337-392",collen-2012-sonobat,unspecified,,,,,,,,,,,body_mass,species_summary,17.26,,,g,,,17.26,ok,
collen2012-1004902,1004902,Choeronycteris mexicana,exact,collen-2012,"Appendix F, pp. 337-392",collen-2012-sonobat,unspecified,,,,,,,,,,,call_shape_class,single,9,,,,,,9,ok,
collen2012-1004902,1004902,Choeronycteris mexicana,exact,collen-2012,"Appendix F, pp. 337-392",collen-2012-sonobat,unspecified,,,,,,,,,,,dominant_slope,species_summary,25.45,,,kHz/msec,,,25.45,ok,
collen2012-1004902,1004902,Choeronycteris mexicana,exact,collen-2012,"Appendix F, pp. 337-392",collen-2012-sonobat,unspecified,,,,,,,,,,,duration,species_summary,2.36,,,ms,,,2.36,ok,
collen2012-1004902,1004902,Choeronycteris mexicana,exact,collen-2012,"Appendix F, pp. 337-392",collen-2012-sonobat,unspecified,,,,,,,,,,,max_frequency,species_summary,76.93,,,kHz,,,76.93,ok,
collen2012-1004902,1004902,Choeronycteris mexicana,exact,collen-2012,"Appendix F, pp. 337-392",collen-2012-sonobat,unspecified,,,,,,,,,,,min_frequency,species_summary,41.82,,,kHz,,,41.82,ok,
collen2012-1004902,1004902,Choeronycteris mexicana,exact,collen-2012,"Appendix F, pp. 337-392",collen-2012-sonobat,unspecified,,,,,,,,,,,peak_frequency,species_summary,50.96,,,kHz,,,50.96,ok,
collen2012-1004902,1004902,Choeronycteris mexicana,exact,collen-2012,"Appendix F, pp. 337-392",collen-2012-sonobat,unspecified,,,,,,,,,,,total_slope,species_summary,14.60,,,kHz/msec,,,14.60,ok,
collen2012-1004911,1004911,Glossophaga longirostris,exact,collen-2012,"Appendix F, pp. 337-392",collen-2012-sonobat,unspecified,,,,,,,,,,,body_mass,species_summary,13.32,,,g,,,13.32,ok,
collen2012-1004911,1004911,Glossophaga longirostris,exact,collen-2012,"Appendix F, pp. 337-392",collen-2012-sonobat,unspecified,,,,,,,,,,,call_shape_class,single,9,,,,,,9,ok,
collen2012-1004911,1004911,Glossophaga longirostris,exact,collen-2012,"Appendix F, pp. 337-392",collen-2012-sonobat,unspecified,,,,,,,,,,,duration,species_summary,1.6,,,ms,,,1.6,ok,
collen2012-1004911,1004911,Glossophaga longirostris,exact,collen-2012,"Appendix F, pp. 337-392",collen-2012-sonobat,unspecified,,,,,,,,,,,peak_frequency,species_summary,91.00,,,kHz,,,91.00,ok,
collen2012-1004913,1004913,Glossophaga soricina,exact,collen-2012,"Appendix F, pp. 337-392",collen-2012-sonobat,unspecified,,,,,,,,,,,bandwidth,species_summary,40.68,,,kHz,,,40.68,ok,
collen2012-1004913,1004913,Glossophaga soricina,exact,collen-2012,"Appendix F, pp. 337-392",collen-2012-sonobat,unspecified,,,,,,,,,,,body_mass,species_summary,9.97,,,g,,,9.97,ok,
collen2012-1004913,1004913,Glossophaga soricina,exact,collen-2012,"Appendix F, pp. 337-392",collen-2012-sonobat,unspecified,,,,,,,,,,,call_shape_class,single,9,,,,,,9,ok,
collen2012-1004913,1004913,Glossophaga soricina,exact,collen-2012,"Appendix F, pp. 337-392",collen-2012-sonobat,unspecified,,,,,,,,,,,dominant_slope,species_summary,17.66,,,kHz/msec,,,17.66,ok,
collen2012-1004913,1004913,Glossophaga soricina,exact,collen-2012,"Appendix F, pp. 337-392",collen-2012-sonobat,unspecified,,,,,,,,,,,duration,species_summary,2.28,,,ms,,,2.28,ok,
collen2012-1004913,1004913,Glossophaga soricina,exact,collen-2012,"Appendix F, pp. 337-392",collen-2012-sonobat,unspecified,,,,,,,,,,,max_frequency,species_summary,111.24,,,kHz,,,111.24,ok,
collen2012-1004913,1004913,Glossophaga soricina,exact,collen-2012,"Appendix F, pp. 337-392",collen-2012-sonobat,unspecified,,,,,,,,,,,min_frequency,species_summary,70.49,,,kHz,,,70.49,ok,
collen2012-1004913,1004913,Glossophaga soricina,exact,collen-2012,"Appendix F, pp. 337-392",collen-2012-sonobat,unspecified,,,,,,,,,,,peak_frequency,species_summary,86.48,,,kHz,,,86.48,ok,
collen2012-1004913,1004913,Glossophaga soricina,exact,collen-2012,"Appendix F, pp. 337-392",collen-2012-sonobat,unspecified,,,,,,,,,,,total_slope,species_summary,19.58,,,kHz/msec,,,19.58,ok,
collen2012-1004914,1004914,Leptonycteris curasoae,exact,collen-2012,"Appendix F, pp. 337-392",collen-2012-sonobat,unspecified,,,,,,,,,,,bandwidth,species_summary,58.31,,,kHz,,,58.31,ok,
collen2012-1004914,1004914,Leptonycteris curasoae,exact,collen-2012,"Appendix F, pp. 337-392",collen-2012-sonobat,unspecified,,,,,,,,,,,body_mass,species_summary,25.27,,,g,,,25.27,ok,
collen2012-1004914,1004914,Leptonycteris curasoae,exact,collen-2012,"Appendix F, pp. 337-392",collen-2012-sonobat,unspecified,,,,,,,,,,,call_shape_class,single,9,,,,,,9,ok,
collen2012-1004914,1004914,Leptonycteris curasoae,exact,collen-2012,"Appendix F, pp. 337-392",collen-2012-sonobat,unspecified,,,,,,,,,,,dominant_slope,species_summary,9.99,,,kHz/msec,,,9.99,ok,
collen2012-1004914,1004914,Leptonycteris curasoae,exact,collen-2012,"Appendix F, pp. 337-392",collen-2012-sonobat,unspecified,,,,,,,,,,,duration,species_summary,5.39,,,ms,,,5.39,ok,
collen2012-1004914,1004914,Leptonycteris curasoae,exact,collen-2012,"Appendix F, pp. 337-392",collen-2012-sonobat,unspecified,,,,,,,,,,,max_frequency,species_summary,98.40,,,kHz,,,98.40,ok,
collen2012-1004914,1004914,Leptonycteris curasoae,exact,collen-2012,"Appendix F, pp. 337-392",collen-2012-sonobat,unspecified,,,,,,,,,,,min_frequency,species_summary,41.47,,,kHz,,,41.47,ok,
collen2012-1004914,1004914,Leptonycteris curasoae,exact,collen-2012,"Appendix F, pp. 337-392",collen-2012-sonobat,unspecified,,,,,,,,,,,peak_frequency,species_summary,73.50,,,kHz,,,73.50,ok,
collen2012-1004914,1004914,Leptonycteris curasoae,exact,collen-2012,"Appendix F, pp. 337-392",collen-2012-sonobat,unspecified,,,,,,,,,,,total_slope,species_summary,12.15,,,kHz/msec,,,12.15,ok,
collen2012-1004917,1004917,Monophyllus plethodon,exact,collen-2012,"Appendix F, pp. 337-392",collen-2012-sonobat,unspecified,,,,,,,,,,,bandwidth,species_summary,47.43,,,kHz,,,47.43,ok,
collen2012-1004917,1004917,Monophyllus plethodon,exact,collen-2012,"Appendix F, pp. 337-392",collen-2012-sonobat,unspecified,,,,,,,,,,,body_mass,species_summary,15.33,,,g,,,15.33,ok,
collen2012-1004917,1004917,Monophyllus plethodon,exact,collen-2012,"Appendix F, pp. 337-392",collen-2012-sonobat,unspecified,,,,,,,,,,,call_shape_class,single,9,,,,,,9,ok,
collen2012-1004917,1004917,Monophyllus plethodon,exact,collen-2012,"Appendix F, pp. 337-392",collen-2012-sonobat,unspecified,,,,,,,,,,,dominant_slope,species_summary,19.76,,,kHz/msec,,,19.76,ok,
collen2012-1004917,1004917,Monophyllus plethodon,exact,collen-2012,"Appendix F, pp. 337-392",collen-2012-sonobat,unspecified,,,,,,,,,,,duration,species_summary,2.62,,,ms,,,2.62,ok,
collen2012-1004917,1004917,Monophyllus plethodon,exact,collen-2012,"Appendix F, pp. 337-392",collen-2012-sonobat,unspecified,,,,,,,,,,,max_frequency,species_summary,119.23,,,kHz,,,119.23,ok,
collen2012-1004917,1004917,Monophyllus plethodon,exact,collen-2012,"Appendix F, pp. 337-392",collen-2012-sonobat,unspecified,,,,,,,,,,,min_frequency,species_summary,71.70,,,kHz,,,71.70,ok,
collen2012-1004917,1004917,Monophyllus plethodon,exact,collen-2012,"Appendix F, pp. 337-392",collen-2012-sonobat,unspecified,,,,,,,,,,,peak_frequency,species_summary,96.62,,,kHz,,,96.62,ok,
collen2012-1004917,1004917,Monophyllus plethodon,exact,collen-2012,"Appendix F, pp. 337-392",collen-2012-sonobat,unspecified,,,,,,,,,,,total_slope,species_summary,20.38,,,kHz/msec,,,20.38,ok,
collen2012-1004923,1004923,Trinycteris nicefori,exact,collen-2012,"Appendix F, pp. 337-392",collen-2012-sonobat,unspecified,,,,,,,,,,,bandwidth,species_summary,25.09,,,kHz,,,25.09,ok,
collen2012-1004923,1004923,Trinycteris nicefori,exact,collen-2012,"Appendix F, pp. 337-392",collen-2012-sonobat,unspecified,,,,,,,,,,,body_mass,species_summary,8.25,,,g,,,8.25,ok,
collen2012-1004923,1004923,Trinycteris nicefori,exact,collen-2012,"Appendix F, pp. 337-392",collen-2012-sonobat,unspecified,,,,,,,,,,,call_shape_class,single,9,,,,,,9,ok,
collen2012-1004923,1004923,Trinycteris nicefori,exact,collen-2012,"Appendix F, pp. 337-392",collen-2012-sonobat,unspecified,,,,,,,,,,,duration,species_summary,0.39,,,ms,,,0.39,ok,
collen2012-1004923,1004923,Trinycteris nicefori,exact,collen-2012,"Appendix F, pp. 337-392",collen-2012-sonobat,unspecified,,,,,,,,,,,max_frequency,species_summary,93.59,,,kHz,,,93.59,ok,
collen2012-1004923,1004923,Trinycteris nicefori,exact,collen-2012,"Appendix F, pp. 337-392",collen-2012-sonobat,unspecified,,,,,,,,,,,min_frequency,species_summary,68.50,,,kHz,,,68.50,ok,
collen2012-1004923,1004923,Trinycteris nicefori,exact,collen-2012,"Appendix F, pp. 337-392",collen-2012-sonobat,unspecified,,,,,,,,,,,peak_frequency,species_summary,82.96,,,kHz,,,82.96,ok,
collen2012-1004927-thomasi,1004927,Lonchophylla thomasi,synonym_via_mdd,collen-2012,"Appendix F, pp. 337-392",collen-2012-sonobat,unspecified,,,,,,,,,,,bandwidth,species_summary,32.36,,,kHz,,,32.36,ok,Printed in the source as a separate species; the current taxonomy treats it as Hsunycteris thomasi.
collen2012-1004927-thomasi,1004927,Lonchophylla thomasi,synonym_via_mdd,collen-2012,"Appendix F, pp. 337-392",collen-2012-sonobat,unspecified,,,,,,,,,,,body_mass,species_summary,7.09,,,g,,,7.09,ok,Printed in the source as a separate species; the current taxonomy treats it as Hsunycteris thomasi.
collen2012-1004927-thomasi,1004927,Lonchophylla thomasi,synonym_via_mdd,collen-2012,"Appendix F, pp. 337-392",collen-2012-sonobat,unspecified,,,,,,,,,,,call_shape_class,single,9,,,,,,9,ok,Printed in the source as a separate species; the current taxonomy treats it as Hsunycteris thomasi.
collen2012-1004927-thomasi,1004927,Lonchophylla thomasi,synonym_via_mdd,collen-2012,"Appendix F, pp. 337-392",collen-2012-sonobat,unspecified,,,,,,,,,,,dominant_slope,species_summary,21.93,,,kHz/msec,,,21.93,ok,Printed in the source as a separate species; the current taxonomy treats it as Hsunycteris thomasi.
collen2012-1004927-thomasi,1004927,Lonchophylla thomasi,synonym_via_mdd,collen-2012,"Appendix F, pp. 337-392",collen-2012-sonobat,unspecified,,,,,,,,,,,duration,species_summary,1.56,,,ms,,,1.56,ok,Printed in the source as a separate species; the current taxonomy treats it as Hsunycteris thomasi.
collen2012-1004927-thomasi,1004927,Lonchophylla thomasi,synonym_via_mdd,collen-2012,"Appendix F, pp. 337-392",collen-2012-sonobat,unspecified,,,,,,,,,,,max_frequency,species_summary,120.90,,,kHz,,,120.90,ok,Printed in the source as a separate species; the current taxonomy treats it as Hsunycteris thomasi.
collen2012-1004927-thomasi,1004927,Lonchophylla thomasi,synonym_via_mdd,collen-2012,"Appendix F, pp. 337-392",collen-2012-sonobat,unspecified,,,,,,,,,,,min_frequency,species_summary,88.77,,,kHz,,,88.77,ok,Printed in the source as a separate species; the current taxonomy treats it as Hsunycteris thomasi.
collen2012-1004927-thomasi,1004927,Lonchophylla thomasi,synonym_via_mdd,collen-2012,"Appendix F, pp. 337-392",collen-2012-sonobat,unspecified,,,,,,,,,,,peak_frequency,species_summary,97.35,,,kHz,,,97.35,ok,Printed in the source as a separate species; the current taxonomy treats it as Hsunycteris thomasi.
collen2012-1004927-thomasi,1004927,Lonchophylla thomasi,synonym_via_mdd,collen-2012,"Appendix F, pp. 337-392",collen-2012-sonobat,unspecified,,,,,,,,,,,total_slope,species_summary,18.89,,,kHz/msec,,,18.89,ok,Printed in the source as a separate species; the current taxonomy treats it as Hsunycteris thomasi.
collen2012-1004928,1004928,Lionycteris spurrelli,exact,collen-2012,"Appendix F, pp. 337-392",collen-2012-sonobat,unspecified,,,,,,,,,,,bandwidth,species_summary,43.12,,,kHz,,,43.12,ok,
collen2012-1004928,1004928,Lionycteris spurrelli,exact,collen-2012,"Appendix F, pp. 337-392",collen-2012-sonobat,unspecified,,,,,,,,,,,body_mass,species_summary,8.85,,,g,,,8.85,ok,
collen2012-1004928,1004928,Lionycteris spurrelli,exact,collen-2012,"Appendix F, pp. 337-392",collen-2012-sonobat,unspecified,,,,,,,,,,,call_shape_class,single,9,,,,,,9,ok,
collen2012-1004928,1004928,Lionycteris spurrelli,exact,collen-2012,"Appendix F, pp. 337-392",collen-2012-sonobat,unspecified,,,,,,,,,,,dominant_slope,species_summary,13.31,,,kHz/msec,,,13.31,ok,
collen2012-1004928,1004928,Lionycteris spurrelli,exact,collen-2012,"Appendix F, pp. 337-392",collen-2012-sonobat,unspecified,,,,,,,,,,,duration,species_summary,2.99,,,ms,,,2.99,ok,
collen2012-1004928,1004928,Lionycteris spurrelli,exact,collen-2012,"Appendix F, pp. 337-392",collen-2012-sonobat,unspecified,,,,,,,,,,,max_frequency,species_summary,131.72,,,kHz,,,131.72,ok,
collen2012-1004928,1004928,Lionycteris spurrelli,exact,collen-2012,"Appendix F, pp. 337-392",collen-2012-sonobat,unspecified,,,,,,,,,,,min_frequency,species_summary,87.93,,,kHz,,,87.93,ok,
collen2012-1004928,1004928,Lionycteris spurrelli,exact,collen-2012,"Appendix F, pp. 337-392",collen-2012-sonobat,unspecified,,,,,,,,,,,peak_frequency,species_summary,111.54,,,kHz,,,111.54,ok,
collen2012-1004928,1004928,Lionycteris spurrelli,exact,collen-2012,"Appendix F, pp. 337-392",collen-2012-sonobat,unspecified,,,,,,,,,,,total_slope,species_summary,15.68,,,kHz/msec,,,15.68,ok,
collen2012-1004951,1004951,Macrotus waterhousii,exact,collen-2012,"Appendix F, pp. 337-392",collen-2012-sonobat,unspecified,,,,,,,,,,,bandwidth,species_summary,28.5,,,kHz,,,28.5,ok,
collen2012-1004951,1004951,Macrotus waterhousii,exact,collen-2012,"Appendix F, pp. 337-392",collen-2012-sonobat,unspecified,,,,,,,,,,,body_mass,species_summary,16.27,,,g,,,16.27,ok,
collen2012-1004951,1004951,Macrotus waterhousii,exact,collen-2012,"Appendix F, pp. 337-392",collen-2012-sonobat,unspecified,,,,,,,,,,,call_shape_class,single,9,,,,,,9,ok,
collen2012-1004951,1004951,Macrotus waterhousii,exact,collen-2012,"Appendix F, pp. 337-392",collen-2012-sonobat,unspecified,,,,,,,,,,,duration,species_summary,1.30,,,ms,,,1.30,ok,
collen2012-1004951,1004951,Macrotus waterhousii,exact,collen-2012,"Appendix F, pp. 337-392",collen-2012-sonobat,unspecified,,,,,,,,,,,max_frequency,species_summary,84.20,,,kHz,,,84.20,ok,
collen2012-1004951,1004951,Macrotus waterhousii,exact,collen-2012,"Appendix F, pp. 337-392",collen-2012-sonobat,unspecified,,,,,,,,,,,min_frequency,species_summary,55.7,,,kHz,,,55.7,ok,
collen2012-1004951,1004951,Macrotus waterhousii,exact,collen-2012,"Appendix F, pp. 337-392",collen-2012-sonobat,unspecified,,,,,,,,,,,peak_frequency,species_summary,69.20,,,kHz,,,69.20,ok,
collen2012-1004952,1004952,Lampronycteris brachyotis,exact,collen-2012,"Appendix F, pp. 337-392",collen-2012-sonobat,unspecified,,,,,,,,,,,bandwidth,species_summary,4.49,,,kHz,,,4.49,ok,
collen2012-1004952,1004952,Lampronycteris brachyotis,exact,collen-2012,"Appendix F, pp. 337-392",collen-2012-sonobat,unspecified,,,,,,,,,,,body_mass,species_summary,10.39,,,g,,,10.39,ok,
collen2012-1004952,1004952,Lampronycteris brachyotis,exact,collen-2012,"Appendix F, pp. 337-392",collen-2012-sonobat,unspecified,,,,,,,,,,,call_shape_class,single,9,,,,,,9,ok,
collen2012-1004952,1004952,Lampronycteris brachyotis,exact,collen-2012,"Appendix F, pp. 337-392",collen-2012-sonobat,unspecified,,,,,,,,,,,duration,species_summary,0.11,,,ms,,,0.11,ok,
collen2012-1004952,1004952,Lampronycteris brachyotis,exact,collen-2012,"Appendix F, pp. 337-392",collen-2012-sonobat,unspecified,,,,,,,,,,,max_frequency,species_summary,98.89,,,kHz,,,98.89,ok,
collen2012-1004952,1004952,Lampronycteris brachyotis,exact,collen-2012,"Appendix F, pp. 337-392",collen-2012-sonobat,unspecified,,,,,,,,,,,min_frequency,species_summary,94.40,,,kHz,,,94.40,ok,
collen2012-1004952,1004952,Lampronycteris brachyotis,exact,collen-2012,"Appendix F, pp. 337-392",collen-2012-sonobat,unspecified,,,,,,,,,,,peak_frequency,species_summary,98.89,,,kHz,,,98.89,ok,
collen2012-1004956,1004956,Micronycteris hirsuta,exact,collen-2012,"Appendix F, pp. 337-392",collen-2012-sonobat,unspecified,,,,,,,,,,,bandwidth,species_summary,28.8,,,kHz,,,28.8,ok,
collen2012-1004956,1004956,Micronycteris hirsuta,exact,collen-2012,"Appendix F, pp. 337-392",collen-2012-sonobat,unspecified,,,,,,,,,,,body_mass,species_summary,12.89,,,g,,,12.89,ok,
collen2012-1004956,1004956,Micronycteris hirsuta,exact,collen-2012,"Appendix F, pp. 337-392",collen-2012-sonobat,unspecified,,,,,,,,,,,call_shape_class,single,9,,,,,,9,ok,
collen2012-1004956,1004956,Micronycteris hirsuta,exact,collen-2012,"Appendix F, pp. 337-392",collen-2012-sonobat,unspecified,,,,,,,,,,,duration,species_summary,1.40,,,ms,,,1.40,ok,
collen2012-1004956,1004956,Micronycteris hirsuta,exact,collen-2012,"Appendix F, pp. 337-392",collen-2012-sonobat,unspecified,,,,,,,,,,,max_frequency,species_summary,97.9,,,kHz,,,97.9,ok,
collen2012-1004956,1004956,Micronycteris hirsuta,exact,collen-2012,"Appendix F, pp. 337-392",collen-2012-sonobat,unspecified,,,,,,,,,,,min_frequency,species_summary,69.10,,,kHz,,,69.10,ok,
collen2012-1004956,1004956,Micronycteris hirsuta,exact,collen-2012,"Appendix F, pp. 337-392",collen-2012-sonobat,unspecified,,,,,,,,,,,peak_frequency,species_summary,80.80,,,kHz,,,80.80,ok,
collen2012-1004958,1004958,Micronycteris megalotis,exact,collen-2012,"Appendix F, pp. 337-392",collen-2012-sonobat,unspecified,,,,,,,,,,,bandwidth,species_summary,34.8,,,kHz,,,34.8,ok,
collen2012-1004958,1004958,Micronycteris megalotis,exact,collen-2012,"Appendix F, pp. 337-392",collen-2012-sonobat,unspecified,,,,,,,,,,,body_mass,species_summary,6.40,,,g,,,6.40,ok,
collen2012-1004958,1004958,Micronycteris megalotis,exact,collen-2012,"Appendix F, pp. 337-392",collen-2012-sonobat,unspecified,,,,,,,,,,,call_shape_class,single,9,,,,,,9,ok,
collen2012-1004958,1004958,Micronycteris megalotis,exact,collen-2012,"Appendix F, pp. 337-392",collen-2012-sonobat,unspecified,,,,,,,,,,,duration,species_summary,1.5,,,ms,,,1.5,ok,
collen2012-1004958,1004958,Micronycteris megalotis,exact,collen-2012,"Appendix F, pp. 337-392",collen-2012-sonobat,unspecified,,,,,,,,,,,max_frequency,species_summary,116.00,,,kHz,,,116.00,ok,
collen2012-1004958,1004958,Micronycteris megalotis,exact,collen-2012,"Appendix F, pp. 337-392",collen-2012-sonobat,unspecified,,,,,,,,,,,min_frequency,species_summary,81.20,,,kHz,,,81.20,ok,
collen2012-1004958,1004958,Micronycteris megalotis,exact,collen-2012,"Appendix F, pp. 337-392",collen-2012-sonobat,unspecified,,,,,,,,,,,peak_frequency,species_summary,98.10,,,kHz,,,98.10,ok,
collen2012-1004960,1004960,Micronycteris minuta,exact,collen-2012,"Appendix F, pp. 337-392",collen-2012-sonobat,unspecified,,,,,,,,,,,bandwidth,species_summary,41.00,,,kHz,,,41.00,ok,
collen2012-1004960,1004960,Micronycteris minuta,exact,collen-2012,"Appendix F, pp. 337-392",collen-2012-sonobat,unspecified,,,,,,,,,,,body_mass,species_summary,6.90,,,g,,,6.90,ok,
collen2012-1004960,1004960,Micronycteris minuta,exact,collen-2012,"Appendix F, pp. 337-392",collen-2012-sonobat,unspecified,,,,,,,,,,,call_shape_class,single,9,,,,,,9,ok,
collen2012-1004960,1004960,Micronycteris minuta,exact,collen-2012,"Appendix F, pp. 337-392",collen-2012-sonobat,unspecified,,,,,,,,,,,dominant_slope,species_summary,25.04,,,kHz/msec,,,25.04,ok,
collen2012-1004960,1004960,Micronycteris minuta,exact,collen-2012,"Appendix F, pp. 337-392",collen-2012-sonobat,unspecified,,,,,,,,,,,duration,species_summary,1.80,,,ms,,,1.80,ok,
collen2012-1004960,1004960,Micronycteris minuta,exact,collen-2012,"Appendix F, pp. 337-392",collen-2012-sonobat,unspecified,,,,,,,,,,,max_frequency,species_summary,100.29,,,kHz,,,100.29,ok,
collen2012-1004960,1004960,Micronycteris minuta,exact,collen-2012,"Appendix F, pp. 337-392",collen-2012-sonobat,unspecified,,,,,,,,,,,min_frequency,species_summary,60.17,,,kHz,,,60.17,ok,
collen2012-1004960,1004960,Micronycteris minuta,exact,collen-2012,"Appendix F, pp. 337-392",collen-2012-sonobat,unspecified,,,,,,,,,,,peak_frequency,species_summary,82.26,,,kHz,,,82.26,ok,
collen2012-1004960,1004960,Micronycteris minuta,exact,collen-2012,"Appendix F, pp. 337-392",collen-2012-sonobat,unspecified,,,,,,,,,,,total_slope,species_summary,24.34,,,kHz/msec,,,24.34,ok,
collen2012-1004966,1004966,Macrophyllum macrophyllum,exact,collen-2012,"Appendix F, pp. 337-392",collen-2012-sonobat,unspecified,,,,,,,,,,,bandwidth,species_summary,20.5,,,kHz,,,20.5,ok,
collen2012-1004966,1004966,Macrophyllum macrophyllum,exact,collen-2012,"Appendix F, pp. 337-392",collen-2012-sonobat,unspecified,,,,,,,,,,,body_mass,species_summary,8.02,,,g,,,8.02,ok,
collen2012-1004966,1004966,Macrophyllum macrophyllum,exact,collen-2012,"Appendix F, pp. 337-392",collen-2012-sonobat,unspecified,,,,,,,,,,,call_shape_class,single,9,,,,,,9,ok,
collen2012-1004966,1004966,Macrophyllum macrophyllum,exact,collen-2012,"Appendix F, pp. 337-392",collen-2012-sonobat,unspecified,,,,,,,,,,,duration,species_summary,2.00,,,ms,,,2.00,ok,
collen2012-1004966,1004966,Macrophyllum macrophyllum,exact,collen-2012,"Appendix F, pp. 337-392",collen-2012-sonobat,unspecified,,,,,,,,,,,max_frequency,species_summary,61,,,kHz,,,61,ok,
collen2012-1004966,1004966,Macrophyllum macrophyllum,exact,collen-2012,"Appendix F, pp. 337-392",collen-2012-sonobat,unspecified,,,,,,,,,,,min_frequency,species_summary,44,,,kHz,,,44,ok,
collen2012-1004966,1004966,Macrophyllum macrophyllum,exact,collen-2012,"Appendix F, pp. 337-392",collen-2012-sonobat,unspecified,,,,,,,,,,,peak_frequency,species_summary,55.00,,,kHz,,,55.00,ok,
collen2012-1004967,1004967,Trachops cirrhosus,exact,collen-2012,"Appendix F, pp. 337-392",collen-2012-sonobat,unspecified,,,,,,,,,,,bandwidth,species_summary,24.11,,,kHz,,,24.11,ok,
collen2012-1004967,1004967,Trachops cirrhosus,exact,collen-2012,"Appendix F, pp. 337-392",collen-2012-sonobat,unspecified,,,,,,,,,,,body_mass,species_summary,36.9,,,g,,,36.9,ok,
collen2012-1004967,1004967,Trachops cirrhosus,exact,collen-2012,"Appendix F, pp. 337-392",collen-2012-sonobat,unspecified,,,,,,,,,,,call_shape_class,single,9,,,,,,9,ok,
collen2012-1004967,1004967,Trachops cirrhosus,exact,collen-2012,"Appendix F, pp. 337-392",collen-2012-sonobat,unspecified,,,,,,,,,,,dominant_slope,species_summary,23.11,,,kHz/msec,,,23.11,ok,
collen2012-1004967,1004967,Trachops cirrhosus,exact,collen-2012,"Appendix F, pp. 337-392",collen-2012-sonobat,unspecified,,,,,,,,,,,duration,species_summary,1.02,,,ms,,,1.02,ok,
collen2012-1004967,1004967,Trachops cirrhosus,exact,collen-2012,"Appendix F, pp. 337-392",collen-2012-sonobat,unspecified,,,,,,,,,,,max_frequency,species_summary,83.71,,,kHz,,,83.71,ok,
collen2012-1004967,1004967,Trachops cirrhosus,exact,collen-2012,"Appendix F, pp. 337-392",collen-2012-sonobat,unspecified,,,,,,,,,,,min_frequency,species_summary,59.68,,,kHz,,,59.68,ok,
collen2012-1004967,1004967,Trachops cirrhosus,exact,collen-2012,"Appendix F, pp. 337-392",collen-2012-sonobat,unspecified,,,,,,,,,,,peak_frequency,species_summary,64.87,,,kHz,,,64.87,ok,
collen2012-1004967,1004967,Trachops cirrhosus,exact,collen-2012,"Appendix F, pp. 337-392",collen-2012-sonobat,unspecified,,,,,,,,,,,total_slope,species_summary,20.80,,,kHz/msec,,,20.80,ok,
collen2012-1004969-crenulatum,1004969,Mimon crenulatum,synonym_via_mdd,collen-2012,"Appendix F, pp. 337-392",collen-2012-sonobat,unspecified,,,,,,,,,,,bandwidth,species_summary,20.22,,,kHz,,,20.22,ok,Printed in the source as a separate species; the current taxonomy treats it as Gardnerycteris crenulata.
collen2012-1004969-crenulatum,1004969,Mimon crenulatum,synonym_via_mdd,collen-2012,"Appendix F, pp. 337-392",collen-2012-sonobat,unspecified,,,,,,,,,,,body_mass,species_summary,13.91,,,g,,,13.91,ok,Printed in the source as a separate species; the current taxonomy treats it as Gardnerycteris crenulata.
collen2012-1004969-crenulatum,1004969,Mimon crenulatum,synonym_via_mdd,collen-2012,"Appendix F, pp. 337-392",collen-2012-sonobat,unspecified,,,,,,,,,,,call_shape_class,single,9,,,,,,9,ok,Printed in the source as a separate species; the current taxonomy treats it as Gardnerycteris crenulata.
collen2012-1004969-crenulatum,1004969,Mimon crenulatum,synonym_via_mdd,collen-2012,"Appendix F, pp. 337-392",collen-2012-sonobat,unspecified,,,,,,,,,,,dominant_slope,species_summary,15.14,,,kHz/msec,,,15.14,ok,Printed in the source as a separate species; the current taxonomy treats it as Gardnerycteris crenulata.
collen2012-1004969-crenulatum,1004969,Mimon crenulatum,synonym_via_mdd,collen-2012,"Appendix F, pp. 337-392",collen-2012-sonobat,unspecified,,,,,,,,,,,duration,species_summary,1.06,,,ms,,,1.06,ok,Printed in the source as a separate species; the current taxonomy treats it as Gardnerycteris crenulata.
collen2012-1004969-crenulatum,1004969,Mimon crenulatum,synonym_via_mdd,collen-2012,"Appendix F, pp. 337-392",collen-2012-sonobat,unspecified,,,,,,,,,,,max_frequency,species_summary,82.55,,,kHz,,,82.55,ok,Printed in the source as a separate species; the current taxonomy treats it as Gardnerycteris crenulata.
collen2012-1004969-crenulatum,1004969,Mimon crenulatum,synonym_via_mdd,collen-2012,"Appendix F, pp. 337-392",collen-2012-sonobat,unspecified,,,,,,,,,,,min_frequency,species_summary,62.56,,,kHz,,,62.56,ok,Printed in the source as a separate species; the current taxonomy treats it as Gardnerycteris crenulata.
collen2012-1004969-crenulatum,1004969,Mimon crenulatum,synonym_via_mdd,collen-2012,"Appendix F, pp. 337-392",collen-2012-sonobat,unspecified,,,,,,,,,,,peak_frequency,species_summary,69.66,,,kHz,,,69.66,ok,Printed in the source as a separate species; the current taxonomy treats it as Gardnerycteris crenulata.
collen2012-1004969-crenulatum,1004969,Mimon crenulatum,synonym_via_mdd,collen-2012,"Appendix F, pp. 337-392",collen-2012-sonobat,unspecified,,,,,,,,,,,total_slope,species_summary,18.84,,,kHz/msec,,,18.84,ok,Printed in the source as a separate species; the current taxonomy treats it as Gardnerycteris crenulata.
collen2012-1004978-silvicolum,1004978,Lophostoma silvicolum,synonym_via_mdd,collen-2012,"Appendix F, pp. 337-392",collen-2012-sonobat,unspecified,,,,,,,,,,,bandwidth,species_summary,23.92,,,kHz,,,23.92,ok,Printed in the source as a separate species; the current taxonomy treats it as Lophostoma silvicola.
collen2012-1004978-silvicolum,1004978,Lophostoma silvicolum,synonym_via_mdd,collen-2012,"Appendix F, pp. 337-392",collen-2012-sonobat,unspecified,,,,,,,,,,,body_mass,species_summary,32.29,,,g,,,32.29,ok,Printed in the source as a separate species; the current taxonomy treats it as Lophostoma silvicola.
collen2012-1004978-silvicolum,1004978,Lophostoma silvicolum,synonym_via_mdd,collen-2012,"Appendix F, pp. 337-392",collen-2012-sonobat,unspecified,,,,,,,,,,,call_shape_class,single,9,,,,,,9,ok,Printed in the source as a separate species; the current taxonomy treats it as Lophostoma silvicola.
collen2012-1004978-silvicolum,1004978,Lophostoma silvicolum,synonym_via_mdd,collen-2012,"Appendix F, pp. 337-392",collen-2012-sonobat,unspecified,,,,,,,,,,,dominant_slope,species_summary,19.15,,,kHz/msec,,,19.15,ok,Printed in the source as a separate species; the current taxonomy treats it as Lophostoma silvicola.
collen2012-1004978-silvicolum,1004978,Lophostoma silvicolum,synonym_via_mdd,collen-2012,"Appendix F, pp. 337-392",collen-2012-sonobat,unspecified,,,,,,,,,,,duration,species_summary,1.15,,,ms,,,1.15,ok,Printed in the source as a separate species; the current taxonomy treats it as Lophostoma silvicola.
collen2012-1004978-silvicolum,1004978,Lophostoma silvicolum,synonym_via_mdd,collen-2012,"Appendix F, pp. 337-392",collen-2012-sonobat,unspecified,,,,,,,,,,,max_frequency,species_summary,79.90,,,kHz,,,79.90,ok,Printed in the source as a separate species; the current taxonomy treats it as Lophostoma silvicola.
collen2012-1004978-silvicolum,1004978,Lophostoma silvicolum,synonym_via_mdd,collen-2012,"Appendix F, pp. 337-392",collen-2012-sonobat,unspecified,,,,,,,,,,,min_frequency,species_summary,56.04,,,kHz,,,56.04,ok,Printed in the source as a separate species; the current taxonomy treats it as Lophostoma silvicola.
collen2012-1004978-silvicolum,1004978,Lophostoma silvicolum,synonym_via_mdd,collen-2012,"Appendix F, pp. 337-392",collen-2012-sonobat,unspecified,,,,,,,,,,,peak_frequency,species_summary,66.75,,,kHz,,,66.75,ok,Printed in the source as a separate species; the current taxonomy treats it as Lophostoma silvicola.
collen2012-1004978-silvicolum,1004978,Lophostoma silvicolum,synonym_via_mdd,collen-2012,"Appendix F, pp. 337-392",collen-2012-sonobat,unspecified,,,,,,,,,,,total_slope,species_summary,19.60,,,kHz/msec,,,19.60,ok,Printed in the source as a separate species; the current taxonomy treats it as Lophostoma silvicola.
collen2012-1004980,1004980,Phyllostomus discolor,exact,collen-2012,"Appendix F, pp. 337-392",collen-2012-sonobat,unspecified,,,,,,,,,,,bandwidth,species_summary,18.14,,,kHz,,,18.14,ok,
collen2012-1004980,1004980,Phyllostomus discolor,exact,collen-2012,"Appendix F, pp. 337-392",collen-2012-sonobat,unspecified,,,,,,,,,,,body_mass,species_summary,36.7,,,g,,,36.7,ok,
collen2012-1004980,1004980,Phyllostomus discolor,exact,collen-2012,"Appendix F, pp. 337-392",collen-2012-sonobat,unspecified,,,,,,,,,,,call_shape_class,single,9,,,,,,9,ok,
collen2012-1004980,1004980,Phyllostomus discolor,exact,collen-2012,"Appendix F, pp. 337-392",collen-2012-sonobat,unspecified,,,,,,,,,,,dominant_slope,species_summary,7.71,,,kHz/msec,,,7.71,ok,
collen2012-1004980,1004980,Phyllostomus discolor,exact,collen-2012,"Appendix F, pp. 337-392",collen-2012-sonobat,unspecified,,,,,,,,,,,duration,species_summary,2.25,,,ms,,,2.25,ok,
collen2012-1004980,1004980,Phyllostomus discolor,exact,collen-2012,"Appendix F, pp. 337-392",collen-2012-sonobat,unspecified,,,,,,,,,,,max_frequency,species_summary,70.94,,,kHz,,,70.94,ok,
collen2012-1004980,1004980,Phyllostomus discolor,exact,collen-2012,"Appendix F, pp. 337-392",collen-2012-sonobat,unspecified,,,,,,,,,,,min_frequency,species_summary,52.95,,,kHz,,,52.95,ok,
collen2012-1004980,1004980,Phyllostomus discolor,exact,collen-2012,"Appendix F, pp. 337-392",collen-2012-sonobat,unspecified,,,,,,,,,,,peak_frequency,species_summary,63.16,,,kHz,,,63.16,ok,
collen2012-1004980,1004980,Phyllostomus discolor,exact,collen-2012,"Appendix F, pp. 337-392",collen-2012-sonobat,unspecified,,,,,,,,,,,total_slope,species_summary,8.11,,,kHz/msec,,,8.11,ok,
collen2012-1004982,1004982,Phyllostomus hastatus,exact,collen-2012,"Appendix F, pp. 337-392",collen-2012-sonobat,unspecified,,,,,,,,,,,bandwidth,species_summary,13.70,,,kHz,,,13.70,ok,
collen2012-1004982,1004982,Phyllostomus hastatus,exact,collen-2012,"Appendix F, pp. 337-392",collen-2012-sonobat,unspecified,,,,,,,,,,,body_mass,species_summary,91.44,,,g,,,91.44,ok,
collen2012-1004982,1004982,Phyllostomus hastatus,exact,collen-2012,"Appendix F, pp. 337-392",collen-2012-sonobat,unspecified,,,,,,,,,,,call_shape_class,single,9,,,,,,9,ok,
collen2012-1004982,1004982,Phyllostomus hastatus,exact,collen-2012,"Appendix F, pp. 337-392",collen-2012-sonobat,unspecified,,,,,,,,,,,dominant_slope,species_summary,10.10,,,kHz/msec,,,10.10,ok,
collen2012-1004982,1004982,Phyllostomus hastatus,exact,collen-2012,"Appendix F, pp. 337-392",collen-2012-sonobat,unspecified,,,,,,,,,,,duration,species_summary,1.47,,,ms,,,1.47,ok,
collen2012-1004982,1004982,Phyllostomus hastatus,exact,collen-2012,"Appendix F, pp. 337-392",collen-2012-sonobat,unspecified,,,,,,,,,,,max_frequency,species_summary,55.41,,,kHz,,,55.41,ok,
collen2012-1004982,1004982,Phyllostomus hastatus,exact,collen-2012,"Appendix F, pp. 337-392",collen-2012-sonobat,unspecified,,,,,,,,,,,min_frequency,species_summary,41.93,,,kHz,,,41.93,ok,
collen2012-1004982,1004982,Phyllostomus hastatus,exact,collen-2012,"Appendix F, pp. 337-392",collen-2012-sonobat,unspecified,,,,,,,,,,,peak_frequency,species_summary,48.68,,,kHz,,,48.68,ok,
collen2012-1004982,1004982,Phyllostomus hastatus,exact,collen-2012,"Appendix F, pp. 337-392",collen-2012-sonobat,unspecified,,,,,,,,,,,total_slope,species_summary,9.05,,,kHz/msec,,,9.05,ok,
collen2012-1004985,1004985,Tonatia bidens,exact,collen-2012,"Appendix F, pp. 337-392",collen-2012-sonobat,unspecified,,,,,,,,,,,bandwidth,species_summary,19.79,,,kHz,,,19.79,ok,
collen2012-1004985,1004985,Tonatia bidens,exact,collen-2012,"Appendix F, pp. 337-392",collen-2012-sonobat,unspecified,,,,,,,,,,,body_mass,species_summary,27.70,,,g,,,27.70,ok,
collen2012-1004985,1004985,Tonatia bidens,exact,collen-2012,"Appendix F, pp. 337-392",collen-2012-sonobat,unspecified,,,,,,,,,,,call_shape_class,single,9,,,,,,9,ok,
collen2012-1004985,1004985,Tonatia bidens,exact,collen-2012,"Appendix F, pp. 337-392",collen-2012-sonobat,unspecified,,,,,,,,,,,dominant_slope,species_summary,15.74,,,kHz/msec,,,15.74,ok,
collen2012-1004985,1004985,Tonatia bidens,exact,collen-2012,"Appendix F, pp. 337-392",collen-2012-sonobat,unspecified,,,,,,,,,,,duration,species_summary,1.38,,,ms,,,1.38,ok,
collen2012-1004985,1004985,Tonatia bidens,exact,collen-2012,"Appendix F, pp. 337-392",collen-2012-sonobat,unspecified,,,,,,,,,,,max_frequency,species_summary,89.67,,,kHz,,,89.67,ok,
collen2012-1004985,1004985,Tonatia bidens,exact,collen-2012,"Appendix F, pp. 337-392",collen-2012-sonobat,unspecified,,,,,,,,,,,min_frequency,species_summary,69.88,,,kHz,,,69.88,ok,
collen2012-1004985,1004985,Tonatia bidens,exact,collen-2012,"Appendix F, pp. 337-392",collen-2012-sonobat,unspecified,,,,,,,,,,,peak_frequency,species_summary,78.18,,,kHz,,,78.18,ok,
collen2012-1004985,1004985,Tonatia bidens,exact,collen-2012,"Appendix F, pp. 337-392",collen-2012-sonobat,unspecified,,,,,,,,,,,total_slope,species_summary,13.37,,,kHz/msec,,,13.37,ok,
collen2012-1004991,1004991,Vampyrum spectrum,exact,collen-2012,"Appendix F, pp. 337-392",collen-2012-sonobat,unspecified,,,,,,,,,,,bandwidth,species_summary,33,,,kHz,,,33,ok,
collen2012-1004991,1004991,Vampyrum spectrum,exact,collen-2012,"Appendix F, pp. 337-392",collen-2012-sonobat,unspecified,,,,,,,,,,,body_mass,species_summary,171.61,,,g,,,171.61,ok,
collen2012-1004991,1004991,Vampyrum spectrum,exact,collen-2012,"Appendix F, pp. 337-392",collen-2012-sonobat,unspecified,,,,,,,,,,,call_shape_class,single,9,,,,,,9,ok,
collen2012-1004991,1004991,Vampyrum spectrum,exact,collen-2012,"Appendix F, pp. 337-392",collen-2012-sonobat,unspecified,,,,,,,,,,,duration,species_summary,2.80,,,ms,,,2.80,ok,
collen2012-1004991,1004991,Vampyrum spectrum,exact,collen-2012,"Appendix F, pp. 337-392",collen-2012-sonobat,unspecified,,,,,,,,,,,max_frequency,species_summary,97,,,kHz,,,97,ok,
collen2012-1004991,1004991,Vampyrum spectrum,exact,collen-2012,"Appendix F, pp. 337-392",collen-2012-sonobat,unspecified,,,,,,,,,,,min_frequency,species_summary,64.00,,,kHz,,,64.00,ok,
collen2012-1004991,1004991,Vampyrum spectrum,exact,collen-2012,"Appendix F, pp. 337-392",collen-2012-sonobat,unspecified,,,,,,,,,,,peak_frequency,species_summary,79.40,,,kHz,,,79.40,ok,
collen2012-1004995,1004995,Ametrida centurio,exact,collen-2012,"Appendix F, pp. 337-392",collen-2012-sonobat,unspecified,,,,,,,,,,,bandwidth,species_summary,38.94,,,kHz,,,38.94,ok,
collen2012-1004995,1004995,Ametrida centurio,exact,collen-2012,"Appendix F, pp. 337-392",collen-2012-sonobat,unspecified,,,,,,,,,,,body_mass,species_summary,10.61,,,g,,,10.61,ok,
collen2012-1004995,1004995,Ametrida centurio,exact,collen-2012,"Appendix F, pp. 337-392",collen-2012-sonobat,unspecified,,,,,,,,,,,call_shape_class,single,9,,,,,,9,ok,
collen2012-1004995,1004995,Ametrida centurio,exact,collen-2012,"Appendix F, pp. 337-392",collen-2012-sonobat,unspecified,,,,,,,,,,,dominant_slope,species_summary,18.98,,,kHz/msec,,,18.98,ok,
collen2012-1004995,1004995,Ametrida centurio,exact,collen-2012,"Appendix F, pp. 337-392",collen-2012-sonobat,unspecified,,,,,,,,,,,duration,species_summary,2.49,,,ms,,,2.49,ok,
collen2012-1004995,1004995,Ametrida centurio,exact,collen-2012,"Appendix F, pp. 337-392",collen-2012-sonobat,unspecified,,,,,,,,,,,max_frequency,species_summary,97.58,,,kHz,,,97.58,ok,
collen2012-1004995,1004995,Ametrida centurio,exact,collen-2012,"Appendix F, pp. 337-392",collen-2012-sonobat,unspecified,,,,,,,,,,,min_frequency,species_summary,58.64,,,kHz,,,58.64,ok,
collen2012-1004995,1004995,Ametrida centurio,exact,collen-2012,"Appendix F, pp. 337-392",collen-2012-sonobat,unspecified,,,,,,,,,,,peak_frequency,species_summary,74.59,,,kHz,,,74.59,ok,
collen2012-1004995,1004995,Ametrida centurio,exact,collen-2012,"Appendix F, pp. 337-392",collen-2012-sonobat,unspecified,,,,,,,,,,,total_slope,species_summary,16.67,,,kHz/msec,,,16.67,ok,
collen2012-1004996,1004996,Ardops nichollsi,exact,collen-2012,"Appendix F, pp. 337-392",collen-2012-sonobat,unspecified,,,,,,,,,,,bandwidth,species_summary,59.79,,,kHz,,,59.79,ok,
collen2012-1004996,1004996,Ardops nichollsi,exact,collen-2012,"Appendix F, pp. 337-392",collen-2012-sonobat,unspecified,,,,,,,,,,,body_mass,species_summary,19.23,,,g,,,19.23,ok,
collen2012-1004996,1004996,Ardops nichollsi,exact,collen-2012,"Appendix F, pp. 337-392",collen-2012-sonobat,unspecified,,,,,,,,,,,call_shape_class,single,9,,,,,,9,ok,
collen2012-1004996,1004996,Ardops nichollsi,exact,collen-2012,"Appendix F, pp. 337-392",collen-2012-sonobat,unspecified,,,,,,,,,,,dominant_slope,species_summary,14.65,,,kHz/msec,,,14.65,ok,
collen2012-1004996,1004996,Ardops nichollsi,exact,collen-2012,"Appendix F, pp. 337-392",collen-2012-sonobat,unspecified,,,,,,,,,,,duration,species_summary,2.39,,,ms,,,2.39,ok,
collen2012-1004996,1004996,Ardops nichollsi,exact,collen-2012,"Appendix F, pp. 337-392",collen-2012-sonobat,unspecified,,,,,,,,,,,max_frequency,species_summary,99.42,,,kHz,,,99.42,ok,
collen2012-1004996,1004996,Ardops nichollsi,exact,collen-2012,"Appendix F, pp. 337-392",collen-2012-sonobat,unspecified,,,,,,,,,,,min_frequency,species_summary,36.93,,,kHz,,,36.93,ok,
collen2012-1004996,1004996,Ardops nichollsi,exact,collen-2012,"Appendix F, pp. 337-392",collen-2012-sonobat,unspecified,,,,,,,,,,,peak_frequency,species_summary,72.59,,,kHz,,,72.59,ok,
collen2012-1004996,1004996,Ardops nichollsi,exact,collen-2012,"Appendix F, pp. 337-392",collen-2012-sonobat,unspecified,,,,,,,,,,,total_slope,species_summary,22.09,,,kHz/msec,,,22.09,ok,
collen2012-1005003-cinereus,1005003,Artibeus cinereus,synonym_via_mdd,collen-2012,"Appendix F, pp. 337-392",collen-2012-sonobat,unspecified,,,,,,,,,,,bandwidth,species_summary,41.02,,,kHz,,,41.02,ok,Printed in the source as a separate species; the current taxonomy treats it as Dermanura cinerea.
collen2012-1005003-cinereus,1005003,Artibeus cinereus,synonym_via_mdd,collen-2012,"Appendix F, pp. 337-392",collen-2012-sonobat,unspecified,,,,,,,,,,,body_mass,species_summary,12.70,,,g,,,12.70,ok,Printed in the source as a separate species; the current taxonomy treats it as Dermanura cinerea.
collen2012-1005003-cinereus,1005003,Artibeus cinereus,synonym_via_mdd,collen-2012,"Appendix F, pp. 337-392",collen-2012-sonobat,unspecified,,,,,,,,,,,call_shape_class,single,9,,,,,,9,ok,Printed in the source as a separate species; the current taxonomy treats it as Dermanura cinerea.
collen2012-1005003-cinereus,1005003,Artibeus cinereus,synonym_via_mdd,collen-2012,"Appendix F, pp. 337-392",collen-2012-sonobat,unspecified,,,,,,,,,,,dominant_slope,species_summary,56.27,,,kHz/msec,,,56.27,ok,Printed in the source as a separate species; the current taxonomy treats it as Dermanura cinerea.
collen2012-1005003-cinereus,1005003,Artibeus cinereus,synonym_via_mdd,collen-2012,"Appendix F, pp. 337-392",collen-2012-sonobat,unspecified,,,,,,,,,,,duration,species_summary,1.11,,,ms,,,1.11,ok,Printed in the source as a separate species; the current taxonomy treats it as Dermanura cinerea.
collen2012-1005003-cinereus,1005003,Artibeus cinereus,synonym_via_mdd,collen-2012,"Appendix F, pp. 337-392",collen-2012-sonobat,unspecified,,,,,,,,,,,max_frequency,species_summary,98.95,,,kHz,,,98.95,ok,Printed in the source as a separate species; the current taxonomy treats it as Dermanura cinerea.
collen2012-1005003-cinereus,1005003,Artibeus cinereus,synonym_via_mdd,collen-2012,"Appendix F, pp. 337-392",collen-2012-sonobat,unspecified,,,,,,,,,,,min_frequency,species_summary,57.93,,,kHz,,,57.93,ok,Printed in the source as a separate species; the current taxonomy treats it as Dermanura cinerea.
collen2012-1005003-cinereus,1005003,Artibeus cinereus,synonym_via_mdd,collen-2012,"Appendix F, pp. 337-392",collen-2012-sonobat,unspecified,,,,,,,,,,,peak_frequency,species_summary,60.46,,,kHz,,,60.46,ok,Printed in the source as a separate species; the current taxonomy treats it as Dermanura cinerea.
collen2012-1005003-cinereus,1005003,Artibeus cinereus,synonym_via_mdd,collen-2012,"Appendix F, pp. 337-392",collen-2012-sonobat,unspecified,,,,,,,,,,,total_slope,species_summary,36.57,,,kHz/msec,,,36.57,ok,Printed in the source as a separate species; the current taxonomy treats it as Dermanura cinerea.
collen2012-1005004,1005004,Artibeus concolor,exact,collen-2012,"Appendix F, pp. 337-392",collen-2012-sonobat,unspecified,,,,,,,,,,,bandwidth,species_summary,14.73,,,kHz,,,14.73,ok,
collen2012-1005004,1005004,Artibeus concolor,exact,collen-2012,"Appendix F, pp. 337-392",collen-2012-sonobat,unspecified,,,,,,,,,,,body_mass,species_summary,19.65,,,g,,,19.65,ok,
collen2012-1005004,1005004,Artibeus concolor,exact,collen-2012,"Appendix F, pp. 337-392",collen-2012-sonobat,unspecified,,,,,,,,,,,call_shape_class,single,9,,,,,,9,ok,
collen2012-1005004,1005004,Artibeus concolor,exact,collen-2012,"Appendix F, pp. 337-392",collen-2012-sonobat,unspecified,,,,,,,,,,,dominant_slope,species_summary,5.23,,,kHz/msec,,,5.23,ok,
collen2012-1005004,1005004,Artibeus concolor,exact,collen-2012,"Appendix F, pp. 337-392",collen-2012-sonobat,unspecified,,,,,,,,,,,duration,species_summary,2.92,,,ms,,,2.92,ok,
collen2012-1005004,1005004,Artibeus concolor,exact,collen-2012,"Appendix F, pp. 337-392",collen-2012-sonobat,unspecified,,,,,,,,,,,max_frequency,species_summary,49.32,,,kHz,,,49.32,ok,
collen2012-1005004,1005004,Artibeus concolor,exact,collen-2012,"Appendix F, pp. 337-392",collen-2012-sonobat,unspecified,,,,,,,,,,,min_frequency,species_summary,34.74,,,kHz,,,34.74,ok,
collen2012-1005004,1005004,Artibeus concolor,exact,collen-2012,"Appendix F, pp. 337-392",collen-2012-sonobat,unspecified,,,,,,,,,,,peak_frequency,species_summary,37.21,,,kHz,,,37.21,ok,
collen2012-1005004,1005004,Artibeus concolor,exact,collen-2012,"Appendix F, pp. 337-392",collen-2012-sonobat,unspecified,,,,,,,,,,,total_slope,species_summary,3.66,,,kHz/msec,,,3.66,ok,
collen2012-1005008-gnomus,1005008,Artibeus gnomus,synonym_via_mdd,collen-2012,"Appendix F, pp. 337-392",collen-2012-sonobat,unspecified,,,,,,,,,,,bandwidth,species_summary,33.01,,,kHz,,,33.01,ok,Printed in the source as a separate species; the current taxonomy treats it as Dermanura gnomus.
collen2012-1005008-gnomus,1005008,Artibeus gnomus,synonym_via_mdd,collen-2012,"Appendix F, pp. 337-392",collen-2012-sonobat,unspecified,,,,,,,,,,,body_mass,species_summary,10.06,,,g,,,10.06,ok,Printed in the source as a separate species; the current taxonomy treats it as Dermanura gnomus.
collen2012-1005008-gnomus,1005008,Artibeus gnomus,synonym_via_mdd,collen-2012,"Appendix F, pp. 337-392",collen-2012-sonobat,unspecified,,,,,,,,,,,call_shape_class,single,9,,,,,,9,ok,Printed in the source as a separate species; the current taxonomy treats it as Dermanura gnomus.
collen2012-1005008-gnomus,1005008,Artibeus gnomus,synonym_via_mdd,collen-2012,"Appendix F, pp. 337-392",collen-2012-sonobat,unspecified,,,,,,,,,,,dominant_slope,species_summary,31.01,,,kHz/msec,,,31.01,ok,Printed in the source as a separate species; the current taxonomy treats it as Dermanura gnomus.
collen2012-1005008-gnomus,1005008,Artibeus gnomus,synonym_via_mdd,collen-2012,"Appendix F, pp. 337-392",collen-2012-sonobat,unspecified,,,,,,,,,,,duration,species_summary,1.34,,,ms,,,1.34,ok,Printed in the source as a separate species; the current taxonomy treats it as Dermanura gnomus.
collen2012-1005008-gnomus,1005008,Artibeus gnomus,synonym_via_mdd,collen-2012,"Appendix F, pp. 337-392",collen-2012-sonobat,unspecified,,,,,,,,,,,max_frequency,species_summary,90.83,,,kHz,,,90.83,ok,Printed in the source as a separate species; the current taxonomy treats it as Dermanura gnomus.
collen2012-1005008-gnomus,1005008,Artibeus gnomus,synonym_via_mdd,collen-2012,"Appendix F, pp. 337-392",collen-2012-sonobat,unspecified,,,,,,,,,,,min_frequency,species_summary,57.82,,,kHz,,,57.82,ok,Printed in the source as a separate species; the current taxonomy treats it as Dermanura gnomus.
collen2012-1005008-gnomus,1005008,Artibeus gnomus,synonym_via_mdd,collen-2012,"Appendix F, pp. 337-392",collen-2012-sonobat,unspecified,,,,,,,,,,,peak_frequency,species_summary,60.66,,,kHz,,,60.66,ok,Printed in the source as a separate species; the current taxonomy treats it as Dermanura gnomus.
collen2012-1005008-gnomus,1005008,Artibeus gnomus,synonym_via_mdd,collen-2012,"Appendix F, pp. 337-392",collen-2012-sonobat,unspecified,,,,,,,,,,,total_slope,species_summary,21.09,,,kHz/msec,,,21.09,ok,Printed in the source as a separate species; the current taxonomy treats it as Dermanura gnomus.
collen2012-1005011,1005011,Artibeus jamaicensis,exact,collen-2012,"Appendix F, pp. 337-392",collen-2012-sonobat,unspecified,,,,,,,,,,,bandwidth,species_summary,25.98,,,kHz,,,25.98,ok,
collen2012-1005011,1005011,Artibeus jamaicensis,exact,collen-2012,"Appendix F, pp. 337-392",collen-2012-sonobat,unspecified,,,,,,,,,,,body_mass,species_summary,43.63,,,g,,,43.63,ok,
collen2012-1005011,1005011,Artibeus jamaicensis,exact,collen-2012,"Appendix F, pp. 337-392",collen-2012-sonobat,unspecified,,,,,,,,,,,call_shape_class,single,9,,,,,,9,ok,
collen2012-1005011,1005011,Artibeus jamaicensis,exact,collen-2012,"Appendix F, pp. 337-392",collen-2012-sonobat,unspecified,,,,,,,,,,,dominant_slope,species_summary,10.28,,,kHz/msec,,,10.28,ok,
collen2012-1005011,1005011,Artibeus jamaicensis,exact,collen-2012,"Appendix F, pp. 337-392",collen-2012-sonobat,unspecified,,,,,,,,,,,duration,species_summary,2.32,,,ms,,,2.32,ok,
collen2012-1005011,1005011,Artibeus jamaicensis,exact,collen-2012,"Appendix F, pp. 337-392",collen-2012-sonobat,unspecified,,,,,,,,,,,max_frequency,species_summary,71.67,,,kHz,,,71.67,ok,
collen2012-1005011,1005011,Artibeus jamaicensis,exact,collen-2012,"Appendix F, pp. 337-392",collen-2012-sonobat,unspecified,,,,,,,,,,,min_frequency,species_summary,45.75,,,kHz,,,45.75,ok,
collen2012-1005011,1005011,Artibeus jamaicensis,exact,collen-2012,"Appendix F, pp. 337-392",collen-2012-sonobat,unspecified,,,,,,,,,,,peak_frequency,species_summary,59.25,,,kHz,,,59.25,ok,
collen2012-1005011,1005011,Artibeus jamaicensis,exact,collen-2012,"Appendix F, pp. 337-392",collen-2012-sonobat,unspecified,,,,,,,,,,,total_slope,species_summary,12.38,,,kHz/msec,,,12.38,ok,
collen2012-1005012,1005012,Artibeus lituratus,exact,collen-2012,"Appendix F, pp. 337-392",collen-2012-sonobat,unspecified,,,,,,,,,,,bandwidth,species_summary,24.89,,,kHz,,,24.89,ok,
collen2012-1005012,1005012,Artibeus lituratus,exact,collen-2012,"Appendix F, pp. 337-392",collen-2012-sonobat,unspecified,,,,,,,,,,,body_mass,species_summary,59.3,,,g,,,59.3,ok,
collen2012-1005012,1005012,Artibeus lituratus,exact,collen-2012,"Appendix F, pp. 337-392",collen-2012-sonobat,unspecified,,,,,,,,,,,call_shape_class,single,9,,,,,,9,ok,
collen2012-1005012,1005012,Artibeus lituratus,exact,collen-2012,"Appendix F, pp. 337-392",collen-2012-sonobat,unspecified,,,,,,,,,,,dominant_slope,species_summary,13.22,,,kHz/msec,,,13.22,ok,
collen2012-1005012,1005012,Artibeus lituratus,exact,collen-2012,"Appendix F, pp. 337-392",collen-2012-sonobat,unspecified,,,,,,,,,,,duration,species_summary,1.66,,,ms,,,1.66,ok,
collen2012-1005012,1005012,Artibeus lituratus,exact,collen-2012,"Appendix F, pp. 337-392",collen-2012-sonobat,unspecified,,,,,,,,,,,max_frequency,species_summary,76.89,,,kHz,,,76.89,ok,
collen2012-1005012,1005012,Artibeus lituratus,exact,collen-2012,"Appendix F, pp. 337-392",collen-2012-sonobat,unspecified,,,,,,,,,,,min_frequency,species_summary,52.22,,,kHz,,,52.22,ok,
collen2012-1005012,1005012,Artibeus lituratus,exact,collen-2012,"Appendix F, pp. 337-392",collen-2012-sonobat,unspecified,,,,,,,,,,,peak_frequency,species_summary,62.06,,,kHz,,,62.06,ok,
collen2012-1005012,1005012,Artibeus lituratus,exact,collen-2012,"Appendix F, pp. 337-392",collen-2012-sonobat,unspecified,,,,,,,,,,,total_slope,species_summary,15.35,,,kHz/msec,,,15.35,ok,
collen2012-1005013,1005013,Artibeus obscurus,exact,collen-2012,"Appendix F, pp. 337-392",collen-2012-sonobat,unspecified,,,,,,,,,,,bandwidth,species_summary,32.27,,,kHz,,,32.27,ok,
collen2012-1005013,1005013,Artibeus obscurus,exact,collen-2012,"Appendix F, pp. 337-392",collen-2012-sonobat,unspecified,,,,,,,,,,,body_mass,species_summary,35.91,,,g,,,35.91,ok,
collen2012-1005013,1005013,Artibeus obscurus,exact,collen-2012,"Appendix F, pp. 337-392",collen-2012-sonobat,unspecified,,,,,,,,,,,call_shape_class,single,9,,,,,,9,ok,
collen2012-1005013,1005013,Artibeus obscurus,exact,collen-2012,"Appendix F, pp. 337-392",collen-2012-sonobat,unspecified,,,,,,,,,,,dominant_slope,species_summary,14.31,,,kHz/msec,,,14.31,ok,
collen2012-1005013,1005013,Artibeus obscurus,exact,collen-2012,"Appendix F, pp. 337-392",collen-2012-sonobat,unspecified,,,,,,,,,,,duration,species_summary,1.46,,,ms,,,1.46,ok,
collen2012-1005013,1005013,Artibeus obscurus,exact,collen-2012,"Appendix F, pp. 337-392",collen-2012-sonobat,unspecified,,,,,,,,,,,max_frequency,species_summary,89.01,,,kHz,,,89.01,ok,
collen2012-1005013,1005013,Artibeus obscurus,exact,collen-2012,"Appendix F, pp. 337-392",collen-2012-sonobat,unspecified,,,,,,,,,,,min_frequency,species_summary,56.74,,,kHz,,,56.74,ok,
collen2012-1005013,1005013,Artibeus obscurus,exact,collen-2012,"Appendix F, pp. 337-392",collen-2012-sonobat,unspecified,,,,,,,,,,,peak_frequency,species_summary,68.88,,,kHz,,,68.88,ok,
collen2012-1005013,1005013,Artibeus obscurus,exact,collen-2012,"Appendix F, pp. 337-392",collen-2012-sonobat,unspecified,,,,,,,,,,,total_slope,species_summary,12.77,,,kHz/msec,,,12.77,ok,
collen2012-1005014-phaeotis,1005014,Artibeus phaeotis,synonym_via_mdd,collen-2012,"Appendix F, pp. 337-392",collen-2012-sonobat,unspecified,,,,,,,,,,,bandwidth,species_summary,47.60,,,kHz,,,47.60,ok,Printed in the source as a separate species; the current taxonomy treats it as Dermanura phaeotis.
collen2012-1005014-phaeotis,1005014,Artibeus phaeotis,synonym_via_mdd,collen-2012,"Appendix F, pp. 337-392",collen-2012-sonobat,unspecified,,,,,,,,,,,body_mass,species_summary,11.69,,,g,,,11.69,ok,Printed in the source as a separate species; the current taxonomy treats it as Dermanura phaeotis.
collen2012-1005014-phaeotis,1005014,Artibeus phaeotis,synonym_via_mdd,collen-2012,"Appendix F, pp. 337-392",collen-2012-sonobat,unspecified,,,,,,,,,,,call_shape_class,single,9,,,,,,9,ok,Printed in the source as a separate species; the current taxonomy treats it as Dermanura phaeotis.
collen2012-1005014-phaeotis,1005014,Artibeus phaeotis,synonym_via_mdd,collen-2012,"Appendix F, pp. 337-392",collen-2012-sonobat,unspecified,,,,,,,,,,,dominant_slope,species_summary,49.22,,,kHz/msec,,,49.22,ok,Printed in the source as a separate species; the current taxonomy treats it as Dermanura phaeotis.
collen2012-1005014-phaeotis,1005014,Artibeus phaeotis,synonym_via_mdd,collen-2012,"Appendix F, pp. 337-392",collen-2012-sonobat,unspecified,,,,,,,,,,,duration,species_summary,1.10,,,ms,,,1.10,ok,Printed in the source as a separate species; the current taxonomy treats it as Dermanura phaeotis.
collen2012-1005014-phaeotis,1005014,Artibeus phaeotis,synonym_via_mdd,collen-2012,"Appendix F, pp. 337-392",collen-2012-sonobat,unspecified,,,,,,,,,,,max_frequency,species_summary,113.41,,,kHz,,,113.41,ok,Printed in the source as a separate species; the current taxonomy treats it as Dermanura phaeotis.
collen2012-1005014-phaeotis,1005014,Artibeus phaeotis,synonym_via_mdd,collen-2012,"Appendix F, pp. 337-392",collen-2012-sonobat,unspecified,,,,,,,,,,,min_frequency,species_summary,65.81,,,kHz,,,65.81,ok,Printed in the source as a separate species; the current taxonomy treats it as Dermanura phaeotis.
collen2012-1005014-phaeotis,1005014,Artibeus phaeotis,synonym_via_mdd,collen-2012,"Appendix F, pp. 337-392",collen-2012-sonobat,unspecified,,,,,,,,,,,peak_frequency,species_summary,89.39,,,kHz,,,89.39,ok,Printed in the source as a separate species; the current taxonomy treats it as Dermanura phaeotis.
collen2012-1005014-phaeotis,1005014,Artibeus phaeotis,synonym_via_mdd,collen-2012,"Appendix F, pp. 337-392",collen-2012-sonobat,unspecified,,,,,,,,,,,total_slope,species_summary,56.18,,,kHz/msec,,,56.18,ok,Printed in the source as a separate species; the current taxonomy treats it as Dermanura phaeotis.
collen2012-1005019-toltecus,1005019,Artibeus toltecus,synonym_via_mdd,collen-2012,"Appendix F, pp. 337-392",collen-2012-sonobat,unspecified,,,,,,,,,,,bandwidth,species_summary,34.38,,,kHz,,,34.38,ok,Printed in the source as a separate species; the current taxonomy treats it as Dermanura tolteca.
collen2012-1005019-toltecus,1005019,Artibeus toltecus,synonym_via_mdd,collen-2012,"Appendix F, pp. 337-392",collen-2012-sonobat,unspecified,,,,,,,,,,,body_mass,species_summary,15.47,,,g,,,15.47,ok,Printed in the source as a separate species; the current taxonomy treats it as Dermanura tolteca.
collen2012-1005019-toltecus,1005019,Artibeus toltecus,synonym_via_mdd,collen-2012,"Appendix F, pp. 337-392",collen-2012-sonobat,unspecified,,,,,,,,,,,call_shape_class,single,9,,,,,,9,ok,Printed in the source as a separate species; the current taxonomy treats it as Dermanura tolteca.
collen2012-1005019-toltecus,1005019,Artibeus toltecus,synonym_via_mdd,collen-2012,"Appendix F, pp. 337-392",collen-2012-sonobat,unspecified,,,,,,,,,,,dominant_slope,species_summary,39.79,,,kHz/msec,,,39.79,ok,Printed in the source as a separate species; the current taxonomy treats it as Dermanura tolteca.
collen2012-1005019-toltecus,1005019,Artibeus toltecus,synonym_via_mdd,collen-2012,"Appendix F, pp. 337-392",collen-2012-sonobat,unspecified,,,,,,,,,,,duration,species_summary,0.81,,,ms,,,0.81,ok,Printed in the source as a separate species; the current taxonomy treats it as Dermanura tolteca.
collen2012-1005019-toltecus,1005019,Artibeus toltecus,synonym_via_mdd,collen-2012,"Appendix F, pp. 337-392",collen-2012-sonobat,unspecified,,,,,,,,,,,max_frequency,species_summary,93.96,,,kHz,,,93.96,ok,Printed in the source as a separate species; the current taxonomy treats it as Dermanura tolteca.
collen2012-1005019-toltecus,1005019,Artibeus toltecus,synonym_via_mdd,collen-2012,"Appendix F, pp. 337-392",collen-2012-sonobat,unspecified,,,,,,,,,,,min_frequency,species_summary,59.58,,,kHz,,,59.58,ok,Printed in the source as a separate species; the current taxonomy treats it as Dermanura tolteca.
collen2012-1005019-toltecus,1005019,Artibeus toltecus,synonym_via_mdd,collen-2012,"Appendix F, pp. 337-392",collen-2012-sonobat,unspecified,,,,,,,,,,,peak_frequency,species_summary,67.15,,,kHz,,,67.15,ok,Printed in the source as a separate species; the current taxonomy treats it as Dermanura tolteca.
collen2012-1005019-toltecus,1005019,Artibeus toltecus,synonym_via_mdd,collen-2012,"Appendix F, pp. 337-392",collen-2012-sonobat,unspecified,,,,,,,,,,,total_slope,species_summary,41.42,,,kHz/msec,,,41.42,ok,Printed in the source as a separate species; the current taxonomy treats it as Dermanura tolteca.
collen2012-1005020-watsoni,1005020,Artibeus watsoni,synonym_via_mdd,collen-2012,"Appendix F, pp. 337-392",collen-2012-sonobat,unspecified,,,,,,,,,,,bandwidth,species_summary,22.18,,,kHz,,,22.18,ok,Printed in the source as a separate species; the current taxonomy treats it as Dermanura watsoni.
collen2012-1005020-watsoni,1005020,Artibeus watsoni,synonym_via_mdd,collen-2012,"Appendix F, pp. 337-392",collen-2012-sonobat,unspecified,,,,,,,,,,,body_mass,species_summary,11.2,,,g,,,11.2,ok,Printed in the source as a separate species; the current taxonomy treats it as Dermanura watsoni.
collen2012-1005020-watsoni,1005020,Artibeus watsoni,synonym_via_mdd,collen-2012,"Appendix F, pp. 337-392",collen-2012-sonobat,unspecified,,,,,,,,,,,call_shape_class,single,9,,,,,,9,ok,Printed in the source as a separate species; the current taxonomy treats it as Dermanura watsoni.
collen2012-1005020-watsoni,1005020,Artibeus watsoni,synonym_via_mdd,collen-2012,"Appendix F, pp. 337-392",collen-2012-sonobat,unspecified,,,,,,,,,,,dominant_slope,species_summary,8.49,,,kHz/msec,,,8.49,ok,Printed in the source as a separate species; the current taxonomy treats it as Dermanura watsoni.
collen2012-1005020-watsoni,1005020,Artibeus watsoni,synonym_via_mdd,collen-2012,"Appendix F, pp. 337-392",collen-2012-sonobat,unspecified,,,,,,,,,,,duration,species_summary,0.89,,,ms,,,0.89,ok,Printed in the source as a separate species; the current taxonomy treats it as Dermanura watsoni.
collen2012-1005020-watsoni,1005020,Artibeus watsoni,synonym_via_mdd,collen-2012,"Appendix F, pp. 337-392",collen-2012-sonobat,unspecified,,,,,,,,,,,max_frequency,species_summary,73.03,,,kHz,,,73.03,ok,Printed in the source as a separate species; the current taxonomy treats it as Dermanura watsoni.
collen2012-1005020-watsoni,1005020,Artibeus watsoni,synonym_via_mdd,collen-2012,"Appendix F, pp. 337-392",collen-2012-sonobat,unspecified,,,,,,,,,,,min_frequency,species_summary,50.84,,,kHz,,,50.84,ok,Printed in the source as a separate species; the current taxonomy treats it as Dermanura watsoni.
collen2012-1005020-watsoni,1005020,Artibeus watsoni,synonym_via_mdd,collen-2012,"Appendix F, pp. 337-392",collen-2012-sonobat,unspecified,,,,,,,,,,,peak_frequency,species_summary,62.83,,,kHz,,,62.83,ok,Printed in the source as a separate species; the current taxonomy treats it as Dermanura watsoni.
collen2012-1005020-watsoni,1005020,Artibeus watsoni,synonym_via_mdd,collen-2012,"Appendix F, pp. 337-392",collen-2012-sonobat,unspecified,,,,,,,,,,,total_slope,species_summary,12.18,,,kHz/msec,,,12.18,ok,Printed in the source as a separate species; the current taxonomy treats it as Dermanura watsoni.
collen2012-1005024,1005024,Chiroderma improvisum,exact,collen-2012,"Appendix F, pp. 337-392",collen-2012-sonobat,unspecified,,,,,,,,,,,bandwidth,species_summary,24.50,,,kHz,,,24.50,ok,
collen2012-1005024,1005024,Chiroderma improvisum,exact,collen-2012,"Appendix F, pp. 337-392",collen-2012-sonobat,unspecified,,,,,,,,,,,body_mass,species_summary,35.39,,,g,,,35.39,ok,
collen2012-1005024,1005024,Chiroderma improvisum,exact,collen-2012,"Appendix F, pp. 337-392",collen-2012-sonobat,unspecified,,,,,,,,,,,call_shape_class,single,9,,,,,,9,ok,
collen2012-1005024,1005024,Chiroderma improvisum,exact,collen-2012,"Appendix F, pp. 337-392",collen-2012-sonobat,unspecified,,,,,,,,,,,dominant_slope,species_summary,7.69,,,kHz/msec,,,7.69,ok,
collen2012-1005024,1005024,Chiroderma improvisum,exact,collen-2012,"Appendix F, pp. 337-392",collen-2012-sonobat,unspecified,,,,,,,,,,,duration,species_summary,3.67,,,ms,,,3.67,ok,
collen2012-1005024,1005024,Chiroderma improvisum,exact,collen-2012,"Appendix F, pp. 337-392",collen-2012-sonobat,unspecified,,,,,,,,,,,max_frequency,species_summary,76.79,,,kHz,,,76.79,ok,
collen2012-1005024,1005024,Chiroderma improvisum,exact,collen-2012,"Appendix F, pp. 337-392",collen-2012-sonobat,unspecified,,,,,,,,,,,min_frequency,species_summary,52.20,,,kHz,,,52.20,ok,
collen2012-1005024,1005024,Chiroderma improvisum,exact,collen-2012,"Appendix F, pp. 337-392",collen-2012-sonobat,unspecified,,,,,,,,,,,peak_frequency,species_summary,59.65,,,kHz,,,59.65,ok,
collen2012-1005024,1005024,Chiroderma improvisum,exact,collen-2012,"Appendix F, pp. 337-392",collen-2012-sonobat,unspecified,,,,,,,,,,,total_slope,species_summary,7.89,,,kHz/msec,,,7.89,ok,
collen2012-1005027,1005027,Chiroderma trinitatum,exact,collen-2012,"Appendix F, pp. 337-392",collen-2012-sonobat,unspecified,,,,,,,,,,,bandwidth,species_summary,23.58,,,kHz,,,23.58,ok,
collen2012-1005027,1005027,Chiroderma trinitatum,exact,collen-2012,"Appendix F, pp. 337-392",collen-2012-sonobat,unspecified,,,,,,,,,,,body_mass,species_summary,13.91,,,g,,,13.91,ok,
collen2012-1005027,1005027,Chiroderma trinitatum,exact,collen-2012,"Appendix F, pp. 337-392",collen-2012-sonobat,unspecified,,,,,,,,,,,call_shape_class,single,9,,,,,,9,ok,
collen2012-1005027,1005027,Chiroderma trinitatum,exact,collen-2012,"Appendix F, pp. 337-392",collen-2012-sonobat,unspecified,,,,,,,,,,,dominant_slope,species_summary,5.72,,,kHz/msec,,,5.72,ok,
collen2012-1005027,1005027,Chiroderma trinitatum,exact,collen-2012,"Appendix F, pp. 337-392",collen-2012-sonobat,unspecified,,,,,,,,,,,duration,species_summary,3.68,,,ms,,,3.68,ok,
collen2012-1005027,1005027,Chiroderma trinitatum,exact,collen-2012,"Appendix F, pp. 337-392",collen-2012-sonobat,unspecified,,,,,,,,,,,max_frequency,species_summary,101.10,,,kHz,,,101.10,ok,
collen2012-1005027,1005027,Chiroderma trinitatum,exact,collen-2012,"Appendix F, pp. 337-392",collen-2012-sonobat,unspecified,,,,,,,,,,,min_frequency,species_summary,77.53,,,kHz,,,77.53,ok,
collen2012-1005027,1005027,Chiroderma trinitatum,exact,collen-2012,"Appendix F, pp. 337-392",collen-2012-sonobat,unspecified,,,,,,,,,,,peak_frequency,species_summary,86.92,,,kHz,,,86.92,ok,
collen2012-1005027,1005027,Chiroderma trinitatum,exact,collen-2012,"Appendix F, pp. 337-392",collen-2012-sonobat,unspecified,,,,,,,,,,,total_slope,species_summary,6.39,,,kHz/msec,,,6.39,ok,
collen2012-1005028,1005028,Chiroderma villosum,exact,collen-2012,"Appendix F, pp. 337-392",collen-2012-sonobat,unspecified,,,,,,,,,,,bandwidth,species_summary,23.66,,,kHz,,,23.66,ok,
collen2012-1005028,1005028,Chiroderma villosum,exact,collen-2012,"Appendix F, pp. 337-392",collen-2012-sonobat,unspecified,,,,,,,,,,,body_mass,species_summary,23.81,,,g,,,23.81,ok,
collen2012-1005028,1005028,Chiroderma villosum,exact,collen-2012,"Appendix F, pp. 337-392",collen-2012-sonobat,unspecified,,,,,,,,,,,call_shape_class,single,9,,,,,,9,ok,
collen2012-1005028,1005028,Chiroderma villosum,exact,collen-2012,"Appendix F, pp. 337-392",collen-2012-sonobat,unspecified,,,,,,,,,,,dominant_slope,species_summary,11.36,,,kHz/msec,,,11.36,ok,
collen2012-1005028,1005028,Chiroderma villosum,exact,collen-2012,"Appendix F, pp. 337-392",collen-2012-sonobat,unspecified,,,,,,,,,,,duration,species_summary,0.95,,,ms,,,0.95,ok,
collen2012-1005028,1005028,Chiroderma villosum,exact,collen-2012,"Appendix F, pp. 337-392",collen-2012-sonobat,unspecified,,,,,,,,,,,max_frequency,species_summary,102.00,,,kHz,,,102.00,ok,
collen2012-1005028,1005028,Chiroderma villosum,exact,collen-2012,"Appendix F, pp. 337-392",collen-2012-sonobat,unspecified,,,,,,,,,,,min_frequency,species_summary,78.34,,,kHz,,,78.34,ok,
collen2012-1005028,1005028,Chiroderma villosum,exact,collen-2012,"Appendix F, pp. 337-392",collen-2012-sonobat,unspecified,,,,,,,,,,,peak_frequency,species_summary,83.29,,,kHz,,,83.29,ok,
collen2012-1005028,1005028,Chiroderma villosum,exact,collen-2012,"Appendix F, pp. 337-392",collen-2012-sonobat,unspecified,,,,,,,,,,,total_slope,species_summary,10.41,,,kHz/msec,,,10.41,ok,
collen2012-1005029,1005029,Ectophylla alba,exact,collen-2012,"Appendix F, pp. 337-392",collen-2012-sonobat,unspecified,,,,,,,,,,,bandwidth,species_summary,35.47,,,kHz,,,35.47,ok,
collen2012-1005029,1005029,Ectophylla alba,exact,collen-2012,"Appendix F, pp. 337-392",collen-2012-sonobat,unspecified,,,,,,,,,,,body_mass,species_summary,5.55,,,g,,,5.55,ok,
collen2012-1005029,1005029,Ectophylla alba,exact,collen-2012,"Appendix F, pp. 337-392",collen-2012-sonobat,unspecified,,,,,,,,,,,call_shape_class,single,9,,,,,,9,ok,
collen2012-1005029,1005029,Ectophylla alba,exact,collen-2012,"Appendix F, pp. 337-392",collen-2012-sonobat,unspecified,,,,,,,,,,,dominant_slope,species_summary,24.76,,,kHz/msec,,,24.76,ok,
collen2012-1005029,1005029,Ectophylla alba,exact,collen-2012,"Appendix F, pp. 337-392",collen-2012-sonobat,unspecified,,,,,,,,,,,duration,species_summary,1.27,,,ms,,,1.27,ok,
collen2012-1005029,1005029,Ectophylla alba,exact,collen-2012,"Appendix F, pp. 337-392",collen-2012-sonobat,unspecified,,,,,,,,,,,max_frequency,species_summary,101.97,,,kHz,,,101.97,ok,
collen2012-1005029,1005029,Ectophylla alba,exact,collen-2012,"Appendix F, pp. 337-392",collen-2012-sonobat,unspecified,,,,,,,,,,,min_frequency,species_summary,66.67,,,kHz,,,66.67,ok,
collen2012-1005029,1005029,Ectophylla alba,exact,collen-2012,"Appendix F, pp. 337-392",collen-2012-sonobat,unspecified,,,,,,,,,,,peak_frequency,species_summary,74.58,,,kHz,,,74.58,ok,
collen2012-1005029,1005029,Ectophylla alba,exact,collen-2012,"Appendix F, pp. 337-392",collen-2012-sonobat,unspecified,,,,,,,,,,,total_slope,species_summary,25.54,,,kHz/msec,,,25.54,ok,
collen2012-1005032,1005032,Phyllops falcatus,exact,collen-2012,"Appendix F, pp. 337-392",collen-2012-sonobat,unspecified,,,,,,,,,,,bandwidth,species_summary,31.00,,,kHz,,,31.00,ok,
collen2012-1005032,1005032,Phyllops falcatus,exact,collen-2012,"Appendix F, pp. 337-392",collen-2012-sonobat,unspecified,,,,,,,,,,,body_mass,species_summary,10.82,,,g,,,10.82,ok,
collen2012-1005032,1005032,Phyllops falcatus,exact,collen-2012,"Appendix F, pp. 337-392",collen-2012-sonobat,unspecified,,,,,,,,,,,call_shape_class,single,9,,,,,,9,ok,
collen2012-1005032,1005032,Phyllops falcatus,exact,collen-2012,"Appendix F, pp. 337-392",collen-2012-sonobat,unspecified,,,,,,,,,,,duration,species_summary,5.57,,,ms,,,5.57,ok,
collen2012-1005032,1005032,Phyllops falcatus,exact,collen-2012,"Appendix F, pp. 337-392",collen-2012-sonobat,unspecified,,,,,,,,,,,max_frequency,species_summary,67,,,kHz,,,67,ok,
collen2012-1005032,1005032,Phyllops falcatus,exact,collen-2012,"Appendix F, pp. 337-392",collen-2012-sonobat,unspecified,,,,,,,,,,,min_frequency,species_summary,36.00,,,kHz,,,36.00,ok,
collen2012-1005032,1005032,Phyllops falcatus,exact,collen-2012,"Appendix F, pp. 337-392",collen-2012-sonobat,unspecified,,,,,,,,,,,peak_frequency,species_summary,50.50,,,kHz,,,50.50,ok,
collen2012-1005037,1005037,Platyrrhinus brachycephalus,exact,collen-2012,"Appendix F, pp. 337-392",collen-2012-sonobat,unspecified,,,,,,,,,,,bandwidth,species_summary,40.20,,,kHz,,,40.20,ok,
collen2012-1005037,1005037,Platyrrhinus brachycephalus,exact,collen-2012,"Appendix F, pp. 337-392",collen-2012-sonobat,unspecified,,,,,,,,,,,body_mass,species_summary,14.26,,,g,,,14.26,ok,
collen2012-1005037,1005037,Platyrrhinus brachycephalus,exact,collen-2012,"Appendix F, pp. 337-392",collen-2012-sonobat,unspecified,,,,,,,,,,,call_shape_class,single,9,,,,,,9,ok,
collen2012-1005037,1005037,Platyrrhinus brachycephalus,exact,collen-2012,"Appendix F, pp. 337-392",collen-2012-sonobat,unspecified,,,,,,,,,,,dominant_slope,species_summary,6.13,,,kHz/msec,,,6.13,ok,
collen2012-1005037,1005037,Platyrrhinus brachycephalus,exact,collen-2012,"Appendix F, pp. 337-392",collen-2012-sonobat,unspecified,,,,,,,,,,,duration,species_summary,4.50,,,ms,,,4.50,ok,
collen2012-1005037,1005037,Platyrrhinus brachycephalus,exact,collen-2012,"Appendix F, pp. 337-392",collen-2012-sonobat,unspecified,,,,,,,,,,,max_frequency,species_summary,115.36,,,kHz,,,115.36,ok,
collen2012-1005037,1005037,Platyrrhinus brachycephalus,exact,collen-2012,"Appendix F, pp. 337-392",collen-2012-sonobat,unspecified,,,,,,,,,,,min_frequency,species_summary,75.17,,,kHz,,,75.17,ok,
collen2012-1005037,1005037,Platyrrhinus brachycephalus,exact,collen-2012,"Appendix F, pp. 337-392",collen-2012-sonobat,unspecified,,,,,,,,,,,peak_frequency,species_summary,91.38,,,kHz,,,91.38,ok,
collen2012-1005037,1005037,Platyrrhinus brachycephalus,exact,collen-2012,"Appendix F, pp. 337-392",collen-2012-sonobat,unspecified,,,,,,,,,,,total_slope,species_summary,8.59,,,kHz/msec,,,8.59,ok,
collen2012-1005041,1005041,Platyrrhinus helleri,exact,collen-2012,"Appendix F, pp. 337-392",collen-2012-sonobat,unspecified,,,,,,,,,,,bandwidth,species_summary,24.67,,,kHz,,,24.67,ok,
collen2012-1005041,1005041,Platyrrhinus helleri,exact,collen-2012,"Appendix F, pp. 337-392",collen-2012-sonobat,unspecified,,,,,,,,,,,body_mass,species_summary,13.44,,,g,,,13.44,ok,
collen2012-1005041,1005041,Platyrrhinus helleri,exact,collen-2012,"Appendix F, pp. 337-392",collen-2012-sonobat,unspecified,,,,,,,,,,,call_shape_class,single,9,,,,,,9,ok,
collen2012-1005041,1005041,Platyrrhinus helleri,exact,collen-2012,"Appendix F, pp. 337-392",collen-2012-sonobat,unspecified,,,,,,,,,,,dominant_slope,species_summary,6.90,,,kHz/msec,,,6.90,ok,
collen2012-1005041,1005041,Platyrrhinus helleri,exact,collen-2012,"Appendix F, pp. 337-392",collen-2012-sonobat,unspecified,,,,,,,,,,,duration,species_summary,2.83,,,ms,,,2.83,ok,
collen2012-1005041,1005041,Platyrrhinus helleri,exact,collen-2012,"Appendix F, pp. 337-392",collen-2012-sonobat,unspecified,,,,,,,,,,,max_frequency,species_summary,65.41,,,kHz,,,65.41,ok,
collen2012-1005041,1005041,Platyrrhinus helleri,exact,collen-2012,"Appendix F, pp. 337-392",collen-2012-sonobat,unspecified,,,,,,,,,,,min_frequency,species_summary,40.72,,,kHz,,,40.72,ok,
collen2012-1005041,1005041,Platyrrhinus helleri,exact,collen-2012,"Appendix F, pp. 337-392",collen-2012-sonobat,unspecified,,,,,,,,,,,peak_frequency,species_summary,50.87,,,kHz,,,50.87,ok,
collen2012-1005041,1005041,Platyrrhinus helleri,exact,collen-2012,"Appendix F, pp. 337-392",collen-2012-sonobat,unspecified,,,,,,,,,,,total_slope,species_summary,8.82,,,kHz/msec,,,8.82,ok,
collen2012-1005056,1005056,Uroderma bilobatum,exact,collen-2012,"Appendix F, pp. 337-392",collen-2012-sonobat,unspecified,,,,,,,,,,,bandwidth,species_summary,28.57,,,kHz,,,28.57,ok,
collen2012-1005056,1005056,Uroderma bilobatum,exact,collen-2012,"Appendix F, pp. 337-392",collen-2012-sonobat,unspecified,,,,,,,,,,,body_mass,species_summary,16.28,,,g,,,16.28,ok,
collen2012-1005056,1005056,Uroderma bilobatum,exact,collen-2012,"Appendix F, pp. 337-392",collen-2012-sonobat,unspecified,,,,,,,,,,,call_shape_class,single,9,,,,,,9,ok,
collen2012-1005056,1005056,Uroderma bilobatum,exact,collen-2012,"Appendix F, pp. 337-392",collen-2012-sonobat,unspecified,,,,,,,,,,,dominant_slope,species_summary,28.63,,,kHz/msec,,,28.63,ok,
collen2012-1005056,1005056,Uroderma bilobatum,exact,collen-2012,"Appendix F, pp. 337-392",collen-2012-sonobat,unspecified,,,,,,,,,,,duration,species_summary,1.20,,,ms,,,1.20,ok,
collen2012-1005056,1005056,Uroderma bilobatum,exact,collen-2012,"Appendix F, pp. 337-392",collen-2012-sonobat,unspecified,,,,,,,,,,,max_frequency,species_summary,109.51,,,kHz,,,109.51,ok,
collen2012-1005056,1005056,Uroderma bilobatum,exact,collen-2012,"Appendix F, pp. 337-392",collen-2012-sonobat,unspecified,,,,,,,,,,,min_frequency,species_summary,80.94,,,kHz,,,80.94,ok,
collen2012-1005056,1005056,Uroderma bilobatum,exact,collen-2012,"Appendix F, pp. 337-392",collen-2012-sonobat,unspecified,,,,,,,,,,,peak_frequency,species_summary,92.35,,,kHz,,,92.35,ok,
collen2012-1005056,1005056,Uroderma bilobatum,exact,collen-2012,"Appendix F, pp. 337-392",collen-2012-sonobat,unspecified,,,,,,,,,,,total_slope,species_summary,24.23,,,kHz/msec,,,24.23,ok,
collen2012-1005068,1005068,Vampyrodes caraccioli,exact,collen-2012,"Appendix F, pp. 337-392",collen-2012-sonobat,unspecified,,,,,,,,,,,bandwidth,species_summary,20.86,,,kHz,,,20.86,ok,
collen2012-1005068,1005068,Vampyrodes caraccioli,exact,collen-2012,"Appendix F, pp. 337-392",collen-2012-sonobat,unspecified,,,,,,,,,,,body_mass,species_summary,35.89,,,g,,,35.89,ok,
collen2012-1005068,1005068,Vampyrodes caraccioli,exact,collen-2012,"Appendix F, pp. 337-392",collen-2012-sonobat,unspecified,,,,,,,,,,,call_shape_class,single,9,,,,,,9,ok,
collen2012-1005068,1005068,Vampyrodes caraccioli,exact,collen-2012,"Appendix F, pp. 337-392",collen-2012-sonobat,unspecified,,,,,,,,,,,dominant_slope,species_summary,18.22,,,kHz/msec,,,18.22,ok,
collen2012-1005068,1005068,Vampyrodes caraccioli,exact,collen-2012,"Appendix F, pp. 337-392",collen-2012-sonobat,unspecified,,,,,,,,,,,duration,species_summary,1.03,,,ms,,,1.03,ok,
collen2012-1005068,1005068,Vampyrodes caraccioli,exact,collen-2012,"Appendix F, pp. 337-392",collen-2012-sonobat,unspecified,,,,,,,,,,,max_frequency,species_summary,85.38,,,kHz,,,85.38,ok,
collen2012-1005068,1005068,Vampyrodes caraccioli,exact,collen-2012,"Appendix F, pp. 337-392",collen-2012-sonobat,unspecified,,,,,,,,,,,min_frequency,species_summary,64.50,,,kHz,,,64.50,ok,
collen2012-1005068,1005068,Vampyrodes caraccioli,exact,collen-2012,"Appendix F, pp. 337-392",collen-2012-sonobat,unspecified,,,,,,,,,,,peak_frequency,species_summary,71.74,,,kHz,,,71.74,ok,
collen2012-1005068,1005068,Vampyrodes caraccioli,exact,collen-2012,"Appendix F, pp. 337-392",collen-2012-sonobat,unspecified,,,,,,,,,,,total_slope,species_summary,20.18,,,kHz/msec,,,20.18,ok,
collen2012-1005071-thomasi,1005071,Sturnira thomasi,synonym_via_mdd,collen-2012,"Appendix F, pp. 337-392",collen-2012-sonobat,unspecified,,,,,,,,,,,bandwidth,species_summary,31.59,,,kHz,,,31.59,ok,Printed in the source as a separate species; the current taxonomy treats it as Sturnira angeli.
collen2012-1005071-thomasi,1005071,Sturnira thomasi,synonym_via_mdd,collen-2012,"Appendix F, pp. 337-392",collen-2012-sonobat,unspecified,,,,,,,,,,,body_mass,species_summary,15.46,,,g,,,15.46,ok,Printed in the source as a separate species; the current taxonomy treats it as Sturnira angeli.
collen2012-1005071-thomasi,1005071,Sturnira thomasi,synonym_via_mdd,collen-2012,"Appendix F, pp. 337-392",collen-2012-sonobat,unspecified,,,,,,,,,,,call_shape_class,single,9,,,,,,9,ok,Printed in the source as a separate species; the current taxonomy treats it as Sturnira angeli.
collen2012-1005071-thomasi,1005071,Sturnira thomasi,synonym_via_mdd,collen-2012,"Appendix F, pp. 337-392",collen-2012-sonobat,unspecified,,,,,,,,,,,dominant_slope,species_summary,3.85,,,kHz/msec,,,3.85,ok,Printed in the source as a separate species; the current taxonomy treats it as Sturnira angeli.
collen2012-1005071-thomasi,1005071,Sturnira thomasi,synonym_via_mdd,collen-2012,"Appendix F, pp. 337-392",collen-2012-sonobat,unspecified,,,,,,,,,,,duration,species_summary,5.46,,,ms,,,5.46,ok,Printed in the source as a separate species; the current taxonomy treats it as Sturnira angeli.
collen2012-1005071-thomasi,1005071,Sturnira thomasi,synonym_via_mdd,collen-2012,"Appendix F, pp. 337-392",collen-2012-sonobat,unspecified,,,,,,,,,,,max_frequency,species_summary,74.86,,,kHz,,,74.86,ok,Printed in the source as a separate species; the current taxonomy treats it as Sturnira angeli.
collen2012-1005071-thomasi,1005071,Sturnira thomasi,synonym_via_mdd,collen-2012,"Appendix F, pp. 337-392",collen-2012-sonobat,unspecified,,,,,,,,,,,min_frequency,species_summary,42.94,,,kHz,,,42.94,ok,Printed in the source as a separate species; the current taxonomy treats it as Sturnira angeli.
collen2012-1005071-thomasi,1005071,Sturnira thomasi,synonym_via_mdd,collen-2012,"Appendix F, pp. 337-392",collen-2012-sonobat,unspecified,,,,,,,,,,,peak_frequency,species_summary,56.48,,,kHz,,,56.48,ok,Printed in the source as a separate species; the current taxonomy treats it as Sturnira angeli.
collen2012-1005071-thomasi,1005071,Sturnira thomasi,synonym_via_mdd,collen-2012,"Appendix F, pp. 337-392",collen-2012-sonobat,unspecified,,,,,,,,,,,total_slope,species_summary,5.28,,,kHz/msec,,,5.28,ok,Printed in the source as a separate species; the current taxonomy treats it as Sturnira angeli.
collen2012-1005081,1005081,Sturnira lilium,exact,collen-2012,"Appendix F, pp. 337-392",collen-2012-sonobat,unspecified,,,,,,,,,,,bandwidth,species_summary,38.94,,,kHz,,,38.94,ok,
collen2012-1005081,1005081,Sturnira lilium,exact,collen-2012,"Appendix F, pp. 337-392",collen-2012-sonobat,unspecified,,,,,,,,,,,body_mass,species_summary,20.19,,,g,,,20.19,ok,
collen2012-1005081,1005081,Sturnira lilium,exact,collen-2012,"Appendix F, pp. 337-392",collen-2012-sonobat,unspecified,,,,,,,,,,,call_shape_class,single,9,,,,,,9,ok,
collen2012-1005081,1005081,Sturnira lilium,exact,collen-2012,"Appendix F, pp. 337-392",collen-2012-sonobat,unspecified,,,,,,,,,,,dominant_slope,species_summary,20.56,,,kHz/msec,,,20.56,ok,
collen2012-1005081,1005081,Sturnira lilium,exact,collen-2012,"Appendix F, pp. 337-392",collen-2012-sonobat,unspecified,,,,,,,,,,,duration,species_summary,1.93,,,ms,,,1.93,ok,
collen2012-1005081,1005081,Sturnira lilium,exact,collen-2012,"Appendix F, pp. 337-392",collen-2012-sonobat,unspecified,,,,,,,,,,,max_frequency,species_summary,112.45,,,kHz,,,112.45,ok,
collen2012-1005081,1005081,Sturnira lilium,exact,collen-2012,"Appendix F, pp. 337-392",collen-2012-sonobat,unspecified,,,,,,,,,,,min_frequency,species_summary,73.27,,,kHz,,,73.27,ok,
collen2012-1005081,1005081,Sturnira lilium,exact,collen-2012,"Appendix F, pp. 337-392",collen-2012-sonobat,unspecified,,,,,,,,,,,peak_frequency,species_summary,88.06,,,kHz,,,88.06,ok,
collen2012-1005081,1005081,Sturnira lilium,exact,collen-2012,"Appendix F, pp. 337-392",collen-2012-sonobat,unspecified,,,,,,,,,,,total_slope,species_summary,20.02,,,kHz/msec,,,20.02,ok,
collen2012-1005082,1005082,Sturnira ludovici,exact,collen-2012,"Appendix F, pp. 337-392",collen-2012-sonobat,unspecified,,,,,,,,,,,bandwidth,species_summary,35.62,,,kHz,,,35.62,ok,
collen2012-1005082,1005082,Sturnira ludovici,exact,collen-2012,"Appendix F, pp. 337-392",collen-2012-sonobat,unspecified,,,,,,,,,,,body_mass,species_summary,21.00,,,g,,,21.00,ok,
collen2012-1005082,1005082,Sturnira ludovici,exact,collen-2012,"Appendix F, pp. 337-392",collen-2012-sonobat,unspecified,,,,,,,,,,,call_shape_class,single,9,,,,,,9,ok,
collen2012-1005082,1005082,Sturnira ludovici,exact,collen-2012,"Appendix F, pp. 337-392",collen-2012-sonobat,unspecified,,,,,,,,,,,dominant_slope,species_summary,53.19,,,kHz/msec,,,53.19,ok,
collen2012-1005082,1005082,Sturnira ludovici,exact,collen-2012,"Appendix F, pp. 337-392",collen-2012-sonobat,unspecified,,,,,,,,,,,duration,species_summary,1.01,,,ms,,,1.01,ok,
collen2012-1005082,1005082,Sturnira ludovici,exact,collen-2012,"Appendix F, pp. 337-392",collen-2012-sonobat,unspecified,,,,,,,,,,,max_frequency,species_summary,98.83,,,kHz,,,98.83,ok,
collen2012-1005082,1005082,Sturnira ludovici,exact,collen-2012,"Appendix F, pp. 337-392",collen-2012-sonobat,unspecified,,,,,,,,,,,min_frequency,species_summary,63.20,,,kHz,,,63.20,ok,
collen2012-1005082,1005082,Sturnira ludovici,exact,collen-2012,"Appendix F, pp. 337-392",collen-2012-sonobat,unspecified,,,,,,,,,,,peak_frequency,species_summary,71.50,,,kHz,,,71.50,ok,
collen2012-1005082,1005082,Sturnira ludovici,exact,collen-2012,"Appendix F, pp. 337-392",collen-2012-sonobat,unspecified,,,,,,,,,,,total_slope,species_summary,36.27,,,kHz/msec,,,36.27,ok,
collen2012-1005086,1005086,Sturnira mordax,exact,collen-2012,"Appendix F, pp. 337-392",collen-2012-sonobat,unspecified,,,,,,,,,,,bandwidth,species_summary,29.93,,,kHz,,,29.93,ok,
collen2012-1005086,1005086,Sturnira mordax,exact,collen-2012,"Appendix F, pp. 337-392",collen-2012-sonobat,unspecified,,,,,,,,,,,body_mass,species_summary,11.79,,,g,,,11.79,ok,
collen2012-1005086,1005086,Sturnira mordax,exact,collen-2012,"Appendix F, pp. 337-392",collen-2012-sonobat,unspecified,,,,,,,,,,,call_shape_class,single,9,,,,,,9,ok,
collen2012-1005086,1005086,Sturnira mordax,exact,collen-2012,"Appendix F, pp. 337-392",collen-2012-sonobat,unspecified,,,,,,,,,,,dominant_slope,species_summary,17.13,,,kHz/msec,,,17.13,ok,
collen2012-1005086,1005086,Sturnira mordax,exact,collen-2012,"Appendix F, pp. 337-392",collen-2012-sonobat,unspecified,,,,,,,,,,,duration,species_summary,1.65,,,ms,,,1.65,ok,
collen2012-1005086,1005086,Sturnira mordax,exact,collen-2012,"Appendix F, pp. 337-392",collen-2012-sonobat,unspecified,,,,,,,,,,,max_frequency,species_summary,94.68,,,kHz,,,94.68,ok,
collen2012-1005086,1005086,Sturnira mordax,exact,collen-2012,"Appendix F, pp. 337-392",collen-2012-sonobat,unspecified,,,,,,,,,,,min_frequency,species_summary,64.75,,,kHz,,,64.75,ok,
collen2012-1005086,1005086,Sturnira mordax,exact,collen-2012,"Appendix F, pp. 337-392",collen-2012-sonobat,unspecified,,,,,,,,,,,peak_frequency,species_summary,72.07,,,kHz,,,72.07,ok,
collen2012-1005086,1005086,Sturnira mordax,exact,collen-2012,"Appendix F, pp. 337-392",collen-2012-sonobat,unspecified,,,,,,,,,,,total_slope,species_summary,18.34,,,kHz/msec,,,18.34,ok,
collen2012-1005093,1005093,Sturnira tildae,exact,collen-2012,"Appendix F, pp. 337-392",collen-2012-sonobat,unspecified,,,,,,,,,,,bandwidth,species_summary,19.94,,,kHz,,,19.94,ok,
collen2012-1005093,1005093,Sturnira tildae,exact,collen-2012,"Appendix F, pp. 337-392",collen-2012-sonobat,unspecified,,,,,,,,,,,body_mass,species_summary,24.39,,,g,,,24.39,ok,
collen2012-1005093,1005093,Sturnira tildae,exact,collen-2012,"Appendix F, pp. 337-392",collen-2012-sonobat,unspecified,,,,,,,,,,,call_shape_class,single,9,,,,,,9,ok,
collen2012-1005093,1005093,Sturnira tildae,exact,collen-2012,"Appendix F, pp. 337-392",collen-2012-sonobat,unspecified,,,,,,,,,,,dominant_slope,species_summary,21.12,,,kHz/msec,,,21.12,ok,
collen2012-1005093,1005093,Sturnira tildae,exact,collen-2012,"Appendix F, pp. 337-392",collen-2012-sonobat,unspecified,,,,,,,,,,,duration,species_summary,0.96,,,ms,,,0.96,ok,
collen2012-1005093,1005093,Sturnira tildae,exact,collen-2012,"Appendix F, pp. 337-392",collen-2012-sonobat,unspecified,,,,,,,,,,,max_frequency,species_summary,71.78,,,kHz,,,71.78,ok,
collen2012-1005093,1005093,Sturnira tildae,exact,collen-2012,"Appendix F, pp. 337-392",collen-2012-sonobat,unspecified,,,,,,,,,,,min_frequency,species_summary,51.84,,,kHz,,,51.84,ok,
collen2012-1005093,1005093,Sturnira tildae,exact,collen-2012,"Appendix F, pp. 337-392",collen-2012-sonobat,unspecified,,,,,,,,,,,peak_frequency,species_summary,55.93,,,kHz,,,55.93,ok,
collen2012-1005093,1005093,Sturnira tildae,exact,collen-2012,"Appendix F, pp. 337-392",collen-2012-sonobat,unspecified,,,,,,,,,,,total_slope,species_summary,21.44,,,kHz/msec,,,21.44,ok,
collen2012-1005097,1005097,Thyroptera tricolor,exact,collen-2012,"Appendix F, pp. 337-392",collen-2012-sonobat,unspecified,,,,,,,,,,,bandwidth,species_summary,24.13,,,kHz,,,24.13,ok,
collen2012-1005097,1005097,Thyroptera tricolor,exact,collen-2012,"Appendix F, pp. 337-392",collen-2012-sonobat,unspecified,,,,,,,,,,,body_mass,species_summary,4.52,,,g,,,4.52,ok,
collen2012-1005097,1005097,Thyroptera tricolor,exact,collen-2012,"Appendix F, pp. 337-392",collen-2012-sonobat,unspecified,,,,,,,,,,,call_shape_class,single,8,,,,,,8,ok,
collen2012-1005097,1005097,Thyroptera tricolor,exact,collen-2012,"Appendix F, pp. 337-392",collen-2012-sonobat,unspecified,,,,,,,,,,,dominant_slope,species_summary,4.07,,,kHz/msec,,,4.07,ok,
collen2012-1005097,1005097,Thyroptera tricolor,exact,collen-2012,"Appendix F, pp. 337-392",collen-2012-sonobat,unspecified,,,,,,,,,,,duration,species_summary,2.48,,,ms,,,2.48,ok,
collen2012-1005097,1005097,Thyroptera tricolor,exact,collen-2012,"Appendix F, pp. 337-392",collen-2012-sonobat,unspecified,,,,,,,,,,,max_frequency,species_summary,67.38,,,kHz,,,67.38,ok,
collen2012-1005097,1005097,Thyroptera tricolor,exact,collen-2012,"Appendix F, pp. 337-392",collen-2012-sonobat,unspecified,,,,,,,,,,,min_frequency,species_summary,43.91,,,kHz,,,43.91,ok,
collen2012-1005097,1005097,Thyroptera tricolor,exact,collen-2012,"Appendix F, pp. 337-392",collen-2012-sonobat,unspecified,,,,,,,,,,,peak_frequency,species_summary,54.39,,,kHz,,,54.39,ok,
collen2012-1005097,1005097,Thyroptera tricolor,exact,collen-2012,"Appendix F, pp. 337-392",collen-2012-sonobat,unspecified,,,,,,,,,,,total_slope,species_summary,7.37,,,kHz/msec,,,7.37,ok,
collen2012-1005099,1005099,Cistugo lesueuri,exact,collen-2012,"Appendix F, pp. 337-392",collen-2012-sonobat,unspecified,,,,,,,,,,,bandwidth,species_summary,45.80,,,kHz,,,45.80,ok,
collen2012-1005099,1005099,Cistugo lesueuri,exact,collen-2012,"Appendix F, pp. 337-392",collen-2012-sonobat,unspecified,,,,,,,,,,,body_mass,species_summary,6.38,,,g,,,6.38,ok,
collen2012-1005099,1005099,Cistugo lesueuri,exact,collen-2012,"Appendix F, pp. 337-392",collen-2012-sonobat,unspecified,,,,,,,,,,,call_shape_class,single,7,,,,,,7,ok,
collen2012-1005099,1005099,Cistugo lesueuri,exact,collen-2012,"Appendix F, pp. 337-392",collen-2012-sonobat,unspecified,,,,,,,,,,,duration,species_summary,2.9,,,ms,,,2.9,ok,
collen2012-1005099,1005099,Cistugo lesueuri,exact,collen-2012,"Appendix F, pp. 337-392",collen-2012-sonobat,unspecified,,,,,,,,,,,peak_frequency,species_summary,46.50,,,kHz,,,46.50,ok,
collen2012-1005100,1005100,Cistugo seabrae,exact,collen-2012,"Appendix F, pp. 337-392",collen-2012-sonobat,unspecified,,,,,,,,,,,bandwidth,species_summary,45.15,,,kHz,,,45.15,ok,
collen2012-1005100,1005100,Cistugo seabrae,exact,collen-2012,"Appendix F, pp. 337-392",collen-2012-sonobat,unspecified,,,,,,,,,,,body_mass,species_summary,5.37,,,g,,,5.37,ok,
collen2012-1005100,1005100,Cistugo seabrae,exact,collen-2012,"Appendix F, pp. 337-392",collen-2012-sonobat,unspecified,,,,,,,,,,,call_shape_class,single,8,,,,,,8,ok,
collen2012-1005100,1005100,Cistugo seabrae,exact,collen-2012,"Appendix F, pp. 337-392",collen-2012-sonobat,unspecified,,,,,,,,,,,dominant_slope,species_summary,41.15,,,kHz/msec,,,41.15,ok,
collen2012-1005100,1005100,Cistugo seabrae,exact,collen-2012,"Appendix F, pp. 337-392",collen-2012-sonobat,unspecified,,,,,,,,,,,duration,species_summary,1.99,,,ms,,,1.99,ok,
collen2012-1005100,1005100,Cistugo seabrae,exact,collen-2012,"Appendix F, pp. 337-392",collen-2012-sonobat,unspecified,,,,,,,,,,,max_frequency,species_summary,85.84,,,kHz,,,85.84,ok,
collen2012-1005100,1005100,Cistugo seabrae,exact,collen-2012,"Appendix F, pp. 337-392",collen-2012-sonobat,unspecified,,,,,,,,,,,min_frequency,species_summary,40.68,,,kHz,,,40.68,ok,
collen2012-1005100,1005100,Cistugo seabrae,exact,collen-2012,"Appendix F, pp. 337-392",collen-2012-sonobat,unspecified,,,,,,,,,,,peak_frequency,species_summary,45.92,,,kHz,,,45.92,ok,
collen2012-1005100,1005100,Cistugo seabrae,exact,collen-2012,"Appendix F, pp. 337-392",collen-2012-sonobat,unspecified,,,,,,,,,,,total_slope,species_summary,28.72,,,kHz/msec,,,28.72,ok,
collen2012-1005105,1005105,Miniopterus australis,exact,collen-2012,"Appendix F, pp. 337-392",collen-2012-sonobat,unspecified,,,,,,,,,,,bandwidth,species_summary,48.01,,,kHz,,,48.01,ok,
collen2012-1005105,1005105,Miniopterus australis,exact,collen-2012,"Appendix F, pp. 337-392",collen-2012-sonobat,unspecified,,,,,,,,,,,body_mass,species_summary,7.40,,,g,,,7.40,ok,
collen2012-1005105,1005105,Miniopterus australis,exact,collen-2012,"Appendix F, pp. 337-392",collen-2012-sonobat,unspecified,,,,,,,,,,,call_shape_class,single,8,,,,,,8,ok,
collen2012-1005105,1005105,Miniopterus australis,exact,collen-2012,"Appendix F, pp. 337-392",collen-2012-sonobat,unspecified,,,,,,,,,,,dominant_slope,species_summary,12.77,,,kHz/msec,,,12.77,ok,
collen2012-1005105,1005105,Miniopterus australis,exact,collen-2012,"Appendix F, pp. 337-392",collen-2012-sonobat,unspecified,,,,,,,,,,,duration,species_summary,3.60,,,ms,,,3.60,ok,
collen2012-1005105,1005105,Miniopterus australis,exact,collen-2012,"Appendix F, pp. 337-392",collen-2012-sonobat,unspecified,,,,,,,,,,,max_frequency,species_summary,101.58,,,kHz,,,101.58,ok,
collen2012-1005105,1005105,Miniopterus australis,exact,collen-2012,"Appendix F, pp. 337-392",collen-2012-sonobat,unspecified,,,,,,,,,,,min_frequency,species_summary,53.38,,,kHz,,,53.38,ok,
collen2012-1005105,1005105,Miniopterus australis,exact,collen-2012,"Appendix F, pp. 337-392",collen-2012-sonobat,unspecified,,,,,,,,,,,peak_frequency,species_summary,59.07,,,kHz,,,59.07,ok,
collen2012-1005105,1005105,Miniopterus australis,exact,collen-2012,"Appendix F, pp. 337-392",collen-2012-sonobat,unspecified,,,,,,,,,,,total_slope,species_summary,17.28,,,kHz/msec,,,17.28,ok,
collen2012-1005110,1005110,Miniopterus fraterculus,exact,collen-2012,"Appendix F, pp. 337-392",collen-2012-sonobat,unspecified,,,,,,,,,,,bandwidth,species_summary,45.80,,,kHz,,,45.80,ok,
collen2012-1005110,1005110,Miniopterus fraterculus,exact,collen-2012,"Appendix F, pp. 337-392",collen-2012-sonobat,unspecified,,,,,,,,,,,body_mass,species_summary,7.38,,,g,,,7.38,ok,
collen2012-1005110,1005110,Miniopterus fraterculus,exact,collen-2012,"Appendix F, pp. 337-392",collen-2012-sonobat,unspecified,,,,,,,,,,,call_shape_class,single,8,,,,,,8,ok,
collen2012-1005110,1005110,Miniopterus fraterculus,exact,collen-2012,"Appendix F, pp. 337-392",collen-2012-sonobat,unspecified,,,,,,,,,,,dominant_slope,species_summary,9.97,,,kHz/msec,,,9.97,ok,
collen2012-1005110,1005110,Miniopterus fraterculus,exact,collen-2012,"Appendix F, pp. 337-392",collen-2012-sonobat,unspecified,,,,,,,,,,,duration,species_summary,3.16,,,ms,,,3.16,ok,
collen2012-1005110,1005110,Miniopterus fraterculus,exact,collen-2012,"Appendix F, pp. 337-392",collen-2012-sonobat,unspecified,,,,,,,,,,,max_frequency,species_summary,104.19,,,kHz,,,104.19,ok,
collen2012-1005110,1005110,Miniopterus fraterculus,exact,collen-2012,"Appendix F, pp. 337-392",collen-2012-sonobat,unspecified,,,,,,,,,,,min_frequency,species_summary,58.29,,,kHz,,,58.29,ok,
collen2012-1005110,1005110,Miniopterus fraterculus,exact,collen-2012,"Appendix F, pp. 337-392",collen-2012-sonobat,unspecified,,,,,,,,,,,peak_frequency,species_summary,61.92,,,kHz,,,61.92,ok,
collen2012-1005110,1005110,Miniopterus fraterculus,exact,collen-2012,"Appendix F, pp. 337-392",collen-2012-sonobat,unspecified,,,,,,,,,,,total_slope,species_summary,16.92,,,kHz/msec,,,16.92,ok,
collen2012-1005113,1005113,Miniopterus gleni,exact,collen-2012,"Appendix F, pp. 337-392",collen-2012-sonobat,unspecified,,,,,,,,,,,bandwidth,species_summary,25.94,,,kHz,,,25.94,ok,
collen2012-1005113,1005113,Miniopterus gleni,exact,collen-2012,"Appendix F, pp. 337-392",collen-2012-sonobat,unspecified,,,,,,,,,,,call_shape_class,single,8,,,,,,8,ok,
collen2012-1005113,1005113,Miniopterus gleni,exact,collen-2012,"Appendix F, pp. 337-392",collen-2012-sonobat,unspecified,,,,,,,,,,,dominant_slope,species_summary,6.22,,,kHz/msec,,,6.22,ok,
collen2012-1005113,1005113,Miniopterus gleni,exact,collen-2012,"Appendix F, pp. 337-392",collen-2012-sonobat,unspecified,,,,,,,,,,,duration,species_summary,2.42,,,ms,,,2.42,ok,
collen2012-1005113,1005113,Miniopterus gleni,exact,collen-2012,"Appendix F, pp. 337-392",collen-2012-sonobat,unspecified,,,,,,,,,,,max_frequency,species_summary,64.25,,,kHz,,,64.25,ok,
collen2012-1005113,1005113,Miniopterus gleni,exact,collen-2012,"Appendix F, pp. 337-392",collen-2012-sonobat,unspecified,,,,,,,,,,,min_frequency,species_summary,37.71,,,kHz,,,37.71,ok,
collen2012-1005113,1005113,Miniopterus gleni,exact,collen-2012,"Appendix F, pp. 337-392",collen-2012-sonobat,unspecified,,,,,,,,,,,peak_frequency,species_summary,41.43,,,kHz,,,41.43,ok,
collen2012-1005113,1005113,Miniopterus gleni,exact,collen-2012,"Appendix F, pp. 337-392",collen-2012-sonobat,unspecified,,,,,,,,,,,total_slope,species_summary,11.28,,,kHz/msec,,,11.28,ok,
collen2012-1005116,1005116,Miniopterus inflatus,exact,collen-2012,"Appendix F, pp. 337-392",collen-2012-sonobat,unspecified,,,,,,,,,,,bandwidth,species_summary,55.00,,,kHz,,,55.00,ok,
collen2012-1005116,1005116,Miniopterus inflatus,exact,collen-2012,"Appendix F, pp. 337-392",collen-2012-sonobat,unspecified,,,,,,,,,,,body_mass,species_summary,14.9,,,g,,,14.9,ok,
collen2012-1005116,1005116,Miniopterus inflatus,exact,collen-2012,"Appendix F, pp. 337-392",collen-2012-sonobat,unspecified,,,,,,,,,,,call_shape_class,single,8,,,,,,8,ok,
collen2012-1005116,1005116,Miniopterus inflatus,exact,collen-2012,"Appendix F, pp. 337-392",collen-2012-sonobat,unspecified,,,,,,,,,,,duration,species_summary,2.5,,,ms,,,2.5,ok,
collen2012-1005116,1005116,Miniopterus inflatus,exact,collen-2012,"Appendix F, pp. 337-392",collen-2012-sonobat,unspecified,,,,,,,,,,,peak_frequency,species_summary,47.40,,,kHz,,,47.40,ok,
collen2012-1005122,1005122,Miniopterus manavi,exact,collen-2012,"Appendix F, pp. 337-392",collen-2012-sonobat,unspecified,,,,,,,,,,,bandwidth,species_summary,44.49,,,kHz,,,44.49,ok,
collen2012-1005122,1005122,Miniopterus manavi,exact,collen-2012,"Appendix F, pp. 337-392",collen-2012-sonobat,unspecified,,,,,,,,,,,body_mass,species_summary,7.81,,,g,,,7.81,ok,
collen2012-1005122,1005122,Miniopterus manavi,exact,collen-2012,"Appendix F, pp. 337-392",collen-2012-sonobat,unspecified,,,,,,,,,,,call_shape_class,single,8,,,,,,8,ok,
collen2012-1005122,1005122,Miniopterus manavi,exact,collen-2012,"Appendix F, pp. 337-392",collen-2012-sonobat,unspecified,,,,,,,,,,,dominant_slope,species_summary,7.27,,,kHz/msec,,,7.27,ok,
collen2012-1005122,1005122,Miniopterus manavi,exact,collen-2012,"Appendix F, pp. 337-392",collen-2012-sonobat,unspecified,,,,,,,,,,,duration,species_summary,2.96,,,ms,,,2.96,ok,
collen2012-1005122,1005122,Miniopterus manavi,exact,collen-2012,"Appendix F, pp. 337-392",collen-2012-sonobat,unspecified,,,,,,,,,,,max_frequency,species_summary,96.22,,,kHz,,,96.22,ok,
collen2012-1005122,1005122,Miniopterus manavi,exact,collen-2012,"Appendix F, pp. 337-392",collen-2012-sonobat,unspecified,,,,,,,,,,,min_frequency,species_summary,51.36,,,kHz,,,51.36,ok,
collen2012-1005122,1005122,Miniopterus manavi,exact,collen-2012,"Appendix F, pp. 337-392",collen-2012-sonobat,unspecified,,,,,,,,,,,peak_frequency,species_summary,54.97,,,kHz,,,54.97,ok,
collen2012-1005122,1005122,Miniopterus manavi,exact,collen-2012,"Appendix F, pp. 337-392",collen-2012-sonobat,unspecified,,,,,,,,,,,total_slope,species_summary,15.87,,,kHz/msec,,,15.87,ok,
collen2012-1005126,1005126,Miniopterus natalensis,exact,collen-2012,"Appendix F, pp. 337-392",collen-2012-sonobat,unspecified,,,,,,,,,,,bandwidth,species_summary,36.29,,,kHz,,,36.29,ok,
collen2012-1005126,1005126,Miniopterus natalensis,exact,collen-2012,"Appendix F, pp. 337-392",collen-2012-sonobat,unspecified,,,,,,,,,,,body_mass,species_summary,10.43,,,g,,,10.43,ok,
collen2012-1005126,1005126,Miniopterus natalensis,exact,collen-2012,"Appendix F, pp. 337-392",collen-2012-sonobat,unspecified,,,,,,,,,,,call_shape_class,single,8,,,,,,8,ok,
collen2012-1005126,1005126,Miniopterus natalensis,exact,collen-2012,"Appendix F, pp. 337-392",collen-2012-sonobat,unspecified,,,,,,,,,,,dominant_slope,species_summary,6.13,,,kHz/msec,,,6.13,ok,
collen2012-1005126,1005126,Miniopterus natalensis,exact,collen-2012,"Appendix F, pp. 337-392",collen-2012-sonobat,unspecified,,,,,,,,,,,duration,species_summary,3.48,,,ms,,,3.48,ok,
collen2012-1005126,1005126,Miniopterus natalensis,exact,collen-2012,"Appendix F, pp. 337-392",collen-2012-sonobat,unspecified,,,,,,,,,,,max_frequency,species_summary,82.75,,,kHz,,,82.75,ok,
collen2012-1005126,1005126,Miniopterus natalensis,exact,collen-2012,"Appendix F, pp. 337-392",collen-2012-sonobat,unspecified,,,,,,,,,,,min_frequency,species_summary,46.32,,,kHz,,,46.32,ok,
collen2012-1005126,1005126,Miniopterus natalensis,exact,collen-2012,"Appendix F, pp. 337-392",collen-2012-sonobat,unspecified,,,,,,,,,,,peak_frequency,species_summary,52.07,,,kHz,,,52.07,ok,
collen2012-1005126,1005126,Miniopterus natalensis,exact,collen-2012,"Appendix F, pp. 337-392",collen-2012-sonobat,unspecified,,,,,,,,,,,total_slope,species_summary,11.77,,,kHz/msec,,,11.77,ok,
collen2012-1005133,1005133,Miniopterus pusillus,exact,collen-2012,"Appendix F, pp. 337-392",collen-2012-sonobat,unspecified,,,,,,,,,,,bandwidth,species_summary,34.56,,,kHz,,,34.56,ok,
collen2012-1005133,1005133,Miniopterus pusillus,exact,collen-2012,"Appendix F, pp. 337-392",collen-2012-sonobat,unspecified,,,,,,,,,,,body_mass,species_summary,8.95,,,g,,,8.95,ok,
collen2012-1005133,1005133,Miniopterus pusillus,exact,collen-2012,"Appendix F, pp. 337-392",collen-2012-sonobat,unspecified,,,,,,,,,,,call_shape_class,single,8,,,,,,8,ok,
collen2012-1005133,1005133,Miniopterus pusillus,exact,collen-2012,"Appendix F, pp. 337-392",collen-2012-sonobat,unspecified,,,,,,,,,,,dominant_slope,species_summary,3.54,,,kHz/msec,,,3.54,ok,
collen2012-1005133,1005133,Miniopterus pusillus,exact,collen-2012,"Appendix F, pp. 337-392",collen-2012-sonobat,unspecified,,,,,,,,,,,duration,species_summary,3.38,,,ms,,,3.38,ok,
collen2012-1005133,1005133,Miniopterus pusillus,exact,collen-2012,"Appendix F, pp. 337-392",collen-2012-sonobat,unspecified,,,,,,,,,,,max_frequency,species_summary,91.14,,,kHz,,,91.14,ok,
collen2012-1005133,1005133,Miniopterus pusillus,exact,collen-2012,"Appendix F, pp. 337-392",collen-2012-sonobat,unspecified,,,,,,,,,,,min_frequency,species_summary,56.16,,,kHz,,,56.16,ok,
collen2012-1005133,1005133,Miniopterus pusillus,exact,collen-2012,"Appendix F, pp. 337-392",collen-2012-sonobat,unspecified,,,,,,,,,,,peak_frequency,species_summary,59.79,,,kHz,,,59.79,ok,
collen2012-1005133,1005133,Miniopterus pusillus,exact,collen-2012,"Appendix F, pp. 337-392",collen-2012-sonobat,unspecified,,,,,,,,,,,total_slope,species_summary,11.03,,,kHz/msec,,,11.03,ok,
collen2012-1005135,1005135,Miniopterus schreibersii,exact,collen-2012,"Appendix F, pp. 337-392",collen-2012-sonobat,unspecified,,,,,,,,,,,bandwidth,species_summary,27.11,,,kHz,,,27.11,ok,
collen2012-1005135,1005135,Miniopterus schreibersii,exact,collen-2012,"Appendix F, pp. 337-392",collen-2012-sonobat,unspecified,,,,,,,,,,,body_mass,species_summary,11.46,,,g,,,11.46,ok,
collen2012-1005135,1005135,Miniopterus schreibersii,exact,collen-2012,"Appendix F, pp. 337-392",collen-2012-sonobat,unspecified,,,,,,,,,,,call_shape_class,single,8,,,,,,8,ok,
collen2012-1005135,1005135,Miniopterus schreibersii,exact,collen-2012,"Appendix F, pp. 337-392",collen-2012-sonobat,unspecified,,,,,,,,,,,dominant_slope,species_summary,1.90,,,kHz/msec,,,1.90,ok,
collen2012-1005135,1005135,Miniopterus schreibersii,exact,collen-2012,"Appendix F, pp. 337-392",collen-2012-sonobat,unspecified,,,,,,,,,,,duration,species_summary,5.47,,,ms,,,5.47,ok,
collen2012-1005135,1005135,Miniopterus schreibersii,exact,collen-2012,"Appendix F, pp. 337-392",collen-2012-sonobat,unspecified,,,,,,,,,,,max_frequency,species_summary,77.50,,,kHz,,,77.50,ok,
collen2012-1005135,1005135,Miniopterus schreibersii,exact,collen-2012,"Appendix F, pp. 337-392",collen-2012-sonobat,unspecified,,,,,,,,,,,min_frequency,species_summary,50.44,,,kHz,,,50.44,ok,
collen2012-1005135,1005135,Miniopterus schreibersii,exact,collen-2012,"Appendix F, pp. 337-392",collen-2012-sonobat,unspecified,,,,,,,,,,,peak_frequency,species_summary,53.41,,,kHz,,,53.41,ok,
collen2012-1005135,1005135,Miniopterus schreibersii,exact,collen-2012,"Appendix F, pp. 337-392",collen-2012-sonobat,unspecified,,,,,,,,,,,total_slope,species_summary,6.00,,,kHz/msec,,,6.00,ok,
collen2012-1005141-australis,1005141,Tadarida australis,synonym_via_mdd,collen-2012,"Appendix F, pp. 337-392",collen-2012-sonobat,unspecified,,,,,,,,,,,bandwidth,species_summary,7.36,,,kHz,,,7.36,ok,Printed in the source as a separate species; the current taxonomy treats it as Austronomus australis.
collen2012-1005141-australis,1005141,Tadarida australis,synonym_via_mdd,collen-2012,"Appendix F, pp. 337-392",collen-2012-sonobat,unspecified,,,,,,,,,,,body_mass,species_summary,36.40,,,g,,,36.40,ok,Printed in the source as a separate species; the current taxonomy treats it as Austronomus australis.
collen2012-1005141-australis,1005141,Tadarida australis,synonym_via_mdd,collen-2012,"Appendix F, pp. 337-392",collen-2012-sonobat,unspecified,,,,,,,,,,,call_shape_class,single,3,,,,,,3,ok,Printed in the source as a separate species; the current taxonomy treats it as Austronomus australis.
collen2012-1005141-australis,1005141,Tadarida australis,synonym_via_mdd,collen-2012,"Appendix F, pp. 337-392",collen-2012-sonobat,unspecified,,,,,,,,,,,dominant_slope,species_summary,0.38,,,kHz/msec,,,0.38,ok,Printed in the source as a separate species; the current taxonomy treats it as Austronomus australis.
collen2012-1005141-australis,1005141,Tadarida australis,synonym_via_mdd,collen-2012,"Appendix F, pp. 337-392",collen-2012-sonobat,unspecified,,,,,,,,,,,duration,species_summary,15.52,,,ms,,,15.52,ok,Printed in the source as a separate species; the current taxonomy treats it as Austronomus australis.
collen2012-1005141-australis,1005141,Tadarida australis,synonym_via_mdd,collen-2012,"Appendix F, pp. 337-392",collen-2012-sonobat,unspecified,,,,,,,,,,,max_frequency,species_summary,18.21,,,kHz,,,18.21,ok,Printed in the source as a separate species; the current taxonomy treats it as Austronomus australis.
collen2012-1005141-australis,1005141,Tadarida australis,synonym_via_mdd,collen-2012,"Appendix F, pp. 337-392",collen-2012-sonobat,unspecified,,,,,,,,,,,min_frequency,species_summary,11.00,,,kHz,,,11.00,ok,Printed in the source as a separate species; the current taxonomy treats it as Austronomus australis.
collen2012-1005141-australis,1005141,Tadarida australis,synonym_via_mdd,collen-2012,"Appendix F, pp. 337-392",collen-2012-sonobat,unspecified,,,,,,,,,,,peak_frequency,species_summary,12.77,,,kHz,,,12.77,ok,Printed in the source as a separate species; the current taxonomy treats it as Austronomus australis.
collen2012-1005141-australis,1005141,Tadarida australis,synonym_via_mdd,collen-2012,"Appendix F, pp. 337-392",collen-2012-sonobat,unspecified,,,,,,,,,,,total_slope,species_summary,0.54,,,kHz/msec,,,0.54,ok,Printed in the source as a separate species; the current taxonomy treats it as Austronomus australis.
collen2012-1005145-ansorgei,1005145,Chaerephon ansorgei,synonym_via_mdd,collen-2012,"Appendix F, pp. 337-392",collen-2012-sonobat,unspecified,,,,,,,,,,,bandwidth,species_summary,12,,,kHz,,,12,ok,Printed in the source as a separate species; the current taxonomy treats it as Mops ansorgei.
collen2012-1005145-ansorgei,1005145,Chaerephon ansorgei,synonym_via_mdd,collen-2012,"Appendix F, pp. 337-392",collen-2012-sonobat,unspecified,,,,,,,,,,,body_mass,species_summary,14.53,,,g,,,14.53,ok,Printed in the source as a separate species; the current taxonomy treats it as Mops ansorgei.
collen2012-1005145-ansorgei,1005145,Chaerephon ansorgei,synonym_via_mdd,collen-2012,"Appendix F, pp. 337-392",collen-2012-sonobat,unspecified,,,,,,,,,,,duration,species_summary,15,,,ms,,,15,ok,Printed in the source as a separate species; the current taxonomy treats it as Mops ansorgei.
collen2012-1005145-ansorgei,1005145,Chaerephon ansorgei,synonym_via_mdd,collen-2012,"Appendix F, pp. 337-392",collen-2012-sonobat,unspecified,,,,,,,,,,,peak_frequency,species_summary,17.80,,,kHz,,,17.80,ok,Printed in the source as a separate species; the current taxonomy treats it as Mops ansorgei.
collen2012-1005148-bivittatus,1005148,Chaerephon bivittatus,synonym_via_mdd,collen-2012,"Appendix F, pp. 337-392",collen-2012-sonobat,unspecified,,,,,,,,,,,bandwidth,species_summary,14,,,kHz,,,14,ok,Printed in the source as a separate species; the current taxonomy treats it as Mops bivittatus.
collen2012-1005148-bivittatus,1005148,Chaerephon bivittatus,synonym_via_mdd,collen-2012,"Appendix F, pp. 337-392",collen-2012-sonobat,unspecified,,,,,,,,,,,body_mass,species_summary,15.42,,,g,,,15.42,ok,Printed in the source as a separate species; the current taxonomy treats it as Mops bivittatus.
collen2012-1005148-bivittatus,1005148,Chaerephon bivittatus,synonym_via_mdd,collen-2012,"Appendix F, pp. 337-392",collen-2012-sonobat,unspecified,,,,,,,,,,,duration,species_summary,6.80,,,ms,,,6.80,ok,Printed in the source as a separate species; the current taxonomy treats it as Mops bivittatus.
collen2012-1005148-bivittatus,1005148,Chaerephon bivittatus,synonym_via_mdd,collen-2012,"Appendix F, pp. 337-392",collen-2012-sonobat,unspecified,,,,,,,,,,,peak_frequency,species_summary,21.00,,,kHz,,,21.00,ok,Printed in the source as a separate species; the current taxonomy treats it as Mops bivittatus.
collen2012-1005150-chapini,1005150,Chaerephon chapini,synonym_via_mdd,collen-2012,"Appendix F, pp. 337-392",collen-2012-sonobat,unspecified,,,,,,,,,,,bandwidth,species_summary,8,,,kHz,,,8,ok,Printed in the source as a separate species; the current taxonomy treats it as Mops chapini.
collen2012-1005150-chapini,1005150,Chaerephon chapini,synonym_via_mdd,collen-2012,"Appendix F, pp. 337-392",collen-2012-sonobat,unspecified,,,,,,,,,,,body_mass,species_summary,7.49,,,g,,,7.49,ok,Printed in the source as a separate species; the current taxonomy treats it as Mops chapini.
collen2012-1005150-chapini,1005150,Chaerephon chapini,synonym_via_mdd,collen-2012,"Appendix F, pp. 337-392",collen-2012-sonobat,unspecified,,,,,,,,,,,duration,species_summary,10,,,ms,,,10,ok,Printed in the source as a separate species; the current taxonomy treats it as Mops chapini.
collen2012-1005150-chapini,1005150,Chaerephon chapini,synonym_via_mdd,collen-2012,"Appendix F, pp. 337-392",collen-2012-sonobat,unspecified,,,,,,,,,,,peak_frequency,species_summary,20.00,,,kHz,,,20.00,ok,Printed in the source as a separate species; the current taxonomy treats it as Mops chapini.
collen2012-1005152-jobensis,1005152,Chaerephon jobensis,synonym_via_mdd,collen-2012,"Appendix F, pp. 337-392",collen-2012-sonobat,unspecified,,,,,,,,,,,bandwidth,species_summary,8,,,kHz,,,8,ok,Printed in the source as a separate species; the current taxonomy treats it as Mops jobensis.
collen2012-1005152-jobensis,1005152,Chaerephon jobensis,synonym_via_mdd,collen-2012,"Appendix F, pp. 337-392",collen-2012-sonobat,unspecified,,,,,,,,,,,body_mass,species_summary,20.71,,,g,,,20.71,ok,Printed in the source as a separate species; the current taxonomy treats it as Mops jobensis.
collen2012-1005152-jobensis,1005152,Chaerephon jobensis,synonym_via_mdd,collen-2012,"Appendix F, pp. 337-392",collen-2012-sonobat,unspecified,,,,,,,,,,,duration,species_summary,10,,,ms,,,10,ok,Printed in the source as a separate species; the current taxonomy treats it as Mops jobensis.
collen2012-1005152-jobensis,1005152,Chaerephon jobensis,synonym_via_mdd,collen-2012,"Appendix F, pp. 337-392",collen-2012-sonobat,unspecified,,,,,,,,,,,max_frequency,species_summary,28,,,kHz,,,28,ok,Printed in the source as a separate species; the current taxonomy treats it as Mops jobensis.
collen2012-1005152-jobensis,1005152,Chaerephon jobensis,synonym_via_mdd,collen-2012,"Appendix F, pp. 337-392",collen-2012-sonobat,unspecified,,,,,,,,,,,min_frequency,species_summary,20.00,,,kHz,,,20.00,ok,Printed in the source as a separate species; the current taxonomy treats it as Mops jobensis.
collen2012-1005152-jobensis,1005152,Chaerephon jobensis,synonym_via_mdd,collen-2012,"Appendix F, pp. 337-392",collen-2012-sonobat,unspecified,,,,,,,,,,,peak_frequency,species_summary,19.80,,,kHz,,,19.80,ok,Printed in the source as a separate species; the current taxonomy treats it as Mops jobensis.
collen2012-1005154-johorensis,1005154,Chaerephon johorensis,synonym_via_mdd,collen-2012,"Appendix F, pp. 337-392",collen-2012-sonobat,unspecified,,,,,,,,,,,bandwidth,species_summary,9.94,,,kHz,,,9.94,ok,Printed in the source as a separate species; the current taxonomy treats it as Mops johorensis.
collen2012-1005154-johorensis,1005154,Chaerephon johorensis,synonym_via_mdd,collen-2012,"Appendix F, pp. 337-392",collen-2012-sonobat,unspecified,,,,,,,,,,,body_mass,species_summary,15.69,,,g,,,15.69,ok,Printed in the source as a separate species; the current taxonomy treats it as Mops johorensis.
collen2012-1005154-johorensis,1005154,Chaerephon johorensis,synonym_via_mdd,collen-2012,"Appendix F, pp. 337-392",collen-2012-sonobat,unspecified,,,,,,,,,,,call_shape_class,single,10,,,,,,10,ok,Printed in the source as a separate species; the current taxonomy treats it as Mops johorensis.
collen2012-1005154-johorensis,1005154,Chaerephon johorensis,synonym_via_mdd,collen-2012,"Appendix F, pp. 337-392",collen-2012-sonobat,unspecified,,,,,,,,,,,dominant_slope,species_summary,1.68,,,kHz/msec,,,1.68,ok,Printed in the source as a separate species; the current taxonomy treats it as Mops johorensis.
collen2012-1005154-johorensis,1005154,Chaerephon johorensis,synonym_via_mdd,collen-2012,"Appendix F, pp. 337-392",collen-2012-sonobat,unspecified,,,,,,,,,,,duration,species_summary,5.76,,,ms,,,5.76,ok,Printed in the source as a separate species; the current taxonomy treats it as Mops johorensis.
collen2012-1005154-johorensis,1005154,Chaerephon johorensis,synonym_via_mdd,collen-2012,"Appendix F, pp. 337-392",collen-2012-sonobat,unspecified,,,,,,,,,,,max_frequency,species_summary,24.79,,,kHz,,,24.79,ok,Printed in the source as a separate species; the current taxonomy treats it as Mops johorensis.
collen2012-1005154-johorensis,1005154,Chaerephon johorensis,synonym_via_mdd,collen-2012,"Appendix F, pp. 337-392",collen-2012-sonobat,unspecified,,,,,,,,,,,min_frequency,species_summary,14.93,,,kHz,,,14.93,ok,Printed in the source as a separate species; the current taxonomy treats it as Mops johorensis.
collen2012-1005154-johorensis,1005154,Chaerephon johorensis,synonym_via_mdd,collen-2012,"Appendix F, pp. 337-392",collen-2012-sonobat,unspecified,,,,,,,,,,,peak_frequency,species_summary,19.59,,,kHz,,,19.59,ok,Printed in the source as a separate species; the current taxonomy treats it as Mops johorensis.
collen2012-1005154-johorensis,1005154,Chaerephon johorensis,synonym_via_mdd,collen-2012,"Appendix F, pp. 337-392",collen-2012-sonobat,unspecified,,,,,,,,,,,total_slope,species_summary,1.88,,,kHz/msec,,,1.88,ok,Printed in the source as a separate species; the current taxonomy treats it as Mops johorensis.
collen2012-1005155-leucogaster,1005155,Chaerephon leucogaster,synonym_via_mdd,collen-2012,"Appendix F, pp. 337-392",collen-2012-sonobat,unspecified,,,,,,,,,,,bandwidth,species_summary,25.41,,,kHz,,,25.41,ok,Printed in the source as a separate species; the current taxonomy treats it as Mops leucogaster.
collen2012-1005155-leucogaster,1005155,Chaerephon leucogaster,synonym_via_mdd,collen-2012,"Appendix F, pp. 337-392",collen-2012-sonobat,unspecified,,,,,,,,,,,call_shape_class,single,10,,,,,,10,ok,Printed in the source as a separate species; the current taxonomy treats it as Mops leucogaster.
collen2012-1005155-leucogaster,1005155,Chaerephon leucogaster,synonym_via_mdd,collen-2012,"Appendix F, pp. 337-392",collen-2012-sonobat,unspecified,,,,,,,,,,,dominant_slope,species_summary,4.24,,,kHz/msec,,,4.24,ok,Printed in the source as a separate species; the current taxonomy treats it as Mops leucogaster.
collen2012-1005155-leucogaster,1005155,Chaerephon leucogaster,synonym_via_mdd,collen-2012,"Appendix F, pp. 337-392",collen-2012-sonobat,unspecified,,,,,,,,,,,duration,species_summary,5.59,,,ms,,,5.59,ok,Printed in the source as a separate species; the current taxonomy treats it as Mops leucogaster.
collen2012-1005155-leucogaster,1005155,Chaerephon leucogaster,synonym_via_mdd,collen-2012,"Appendix F, pp. 337-392",collen-2012-sonobat,unspecified,,,,,,,,,,,max_frequency,species_summary,43.52,,,kHz,,,43.52,ok,Printed in the source as a separate species; the current taxonomy treats it as Mops leucogaster.
collen2012-1005155-leucogaster,1005155,Chaerephon leucogaster,synonym_via_mdd,collen-2012,"Appendix F, pp. 337-392",collen-2012-sonobat,unspecified,,,,,,,,,,,min_frequency,species_summary,18.11,,,kHz,,,18.11,ok,Printed in the source as a separate species; the current taxonomy treats it as Mops leucogaster.
collen2012-1005155-leucogaster,1005155,Chaerephon leucogaster,synonym_via_mdd,collen-2012,"Appendix F, pp. 337-392",collen-2012-sonobat,unspecified,,,,,,,,,,,peak_frequency,species_summary,31.46,,,kHz,,,31.46,ok,Printed in the source as a separate species; the current taxonomy treats it as Mops leucogaster.
collen2012-1005155-leucogaster,1005155,Chaerephon leucogaster,synonym_via_mdd,collen-2012,"Appendix F, pp. 337-392",collen-2012-sonobat,unspecified,,,,,,,,,,,total_slope,species_summary,4.53,,,kHz/msec,,,4.53,ok,Printed in the source as a separate species; the current taxonomy treats it as Mops leucogaster.
collen2012-1005157-nigeriae,1005157,Chaerephon nigeriae,synonym_via_mdd,collen-2012,"Appendix F, pp. 337-392",collen-2012-sonobat,unspecified,,,,,,,,,,,bandwidth,species_summary,10.00,,,kHz,,,10.00,ok,Printed in the source as a separate species; the current taxonomy treats it as Mops nigeriae.
collen2012-1005157-nigeriae,1005157,Chaerephon nigeriae,synonym_via_mdd,collen-2012,"Appendix F, pp. 337-392",collen-2012-sonobat,unspecified,,,,,,,,,,,body_mass,species_summary,20.14,,,g,,,20.14,ok,Printed in the source as a separate species; the current taxonomy treats it as Mops nigeriae.
collen2012-1005157-nigeriae,1005157,Chaerephon nigeriae,synonym_via_mdd,collen-2012,"Appendix F, pp. 337-392",collen-2012-sonobat,unspecified,,,,,,,,,,,duration,species_summary,10,,,ms,,,10,ok,Printed in the source as a separate species; the current taxonomy treats it as Mops nigeriae.
collen2012-1005157-nigeriae,1005157,Chaerephon nigeriae,synonym_via_mdd,collen-2012,"Appendix F, pp. 337-392",collen-2012-sonobat,unspecified,,,,,,,,,,,peak_frequency,species_summary,17,,,kHz,,,17,ok,Printed in the source as a separate species; the current taxonomy treats it as Mops nigeriae.
collen2012-1005159-pumilus,1005159,Chaerephon pumilus,synonym_via_mdd,collen-2012,"Appendix F, pp. 337-392",collen-2012-sonobat,unspecified,,,,,,,,,,,bandwidth,species_summary,20.18,,,kHz,,,20.18,ok,Printed in the source as a separate species; the current taxonomy treats it as Mops pumilus.
collen2012-1005159-pumilus,1005159,Chaerephon pumilus,synonym_via_mdd,collen-2012,"Appendix F, pp. 337-392",collen-2012-sonobat,unspecified,,,,,,,,,,,body_mass,species_summary,10.98,,,g,,,10.98,ok,Printed in the source as a separate species; the current taxonomy treats it as Mops pumilus.
collen2012-1005159-pumilus,1005159,Chaerephon pumilus,synonym_via_mdd,collen-2012,"Appendix F, pp. 337-392",collen-2012-sonobat,unspecified,,,,,,,,,,,call_shape_class,single,10,,,,,,10,ok,Printed in the source as a separate species; the current taxonomy treats it as Mops pumilus.
collen2012-1005159-pumilus,1005159,Chaerephon pumilus,synonym_via_mdd,collen-2012,"Appendix F, pp. 337-392",collen-2012-sonobat,unspecified,,,,,,,,,,,dominant_slope,species_summary,4.90,,,kHz/msec,,,4.90,ok,Printed in the source as a separate species; the current taxonomy treats it as Mops pumilus.
collen2012-1005159-pumilus,1005159,Chaerephon pumilus,synonym_via_mdd,collen-2012,"Appendix F, pp. 337-392",collen-2012-sonobat,unspecified,,,,,,,,,,,duration,species_summary,4.19,,,ms,,,4.19,ok,Printed in the source as a separate species; the current taxonomy treats it as Mops pumilus.
collen2012-1005159-pumilus,1005159,Chaerephon pumilus,synonym_via_mdd,collen-2012,"Appendix F, pp. 337-392",collen-2012-sonobat,unspecified,,,,,,,,,,,max_frequency,species_summary,41.14,,,kHz,,,41.14,ok,Printed in the source as a separate species; the current taxonomy treats it as Mops pumilus.
collen2012-1005159-pumilus,1005159,Chaerephon pumilus,synonym_via_mdd,collen-2012,"Appendix F, pp. 337-392",collen-2012-sonobat,unspecified,,,,,,,,,,,min_frequency,species_summary,20.91,,,kHz,,,20.91,ok,Printed in the source as a separate species; the current taxonomy treats it as Mops pumilus.
collen2012-1005159-pumilus,1005159,Chaerephon pumilus,synonym_via_mdd,collen-2012,"Appendix F, pp. 337-392",collen-2012-sonobat,unspecified,,,,,,,,,,,peak_frequency,species_summary,27.13,,,kHz,,,27.13,ok,Printed in the source as a separate species; the current taxonomy treats it as Mops pumilus.
collen2012-1005159-pumilus,1005159,Chaerephon pumilus,synonym_via_mdd,collen-2012,"Appendix F, pp. 337-392",collen-2012-sonobat,unspecified,,,,,,,,,,,total_slope,species_summary,4.87,,,kHz/msec,,,4.87,ok,Printed in the source as a separate species; the current taxonomy treats it as Mops pumilus.
collen2012-1005165,1005165,Cheiromeles torquatus,exact,collen-2012,"Appendix F, pp. 337-392",collen-2012-sonobat,unspecified,,,,,,,,,,,bandwidth,species_summary,9.00,,,kHz,,,9.00,ok,
collen2012-1005165,1005165,Cheiromeles torquatus,exact,collen-2012,"Appendix F, pp. 337-392",collen-2012-sonobat,unspecified,,,,,,,,,,,body_mass,species_summary,169.43,,,g,,,169.43,ok,
collen2012-1005165,1005165,Cheiromeles torquatus,exact,collen-2012,"Appendix F, pp. 337-392",collen-2012-sonobat,unspecified,,,,,,,,,,,call_shape_class,single,3,,,,,,3,ok,
collen2012-1005165,1005165,Cheiromeles torquatus,exact,collen-2012,"Appendix F, pp. 337-392",collen-2012-sonobat,unspecified,,,,,,,,,,,dominant_slope,species_summary,0.56,,,kHz/msec,,,0.56,ok,
collen2012-1005165,1005165,Cheiromeles torquatus,exact,collen-2012,"Appendix F, pp. 337-392",collen-2012-sonobat,unspecified,,,,,,,,,,,duration,species_summary,14.14,,,ms,,,14.14,ok,
collen2012-1005165,1005165,Cheiromeles torquatus,exact,collen-2012,"Appendix F, pp. 337-392",collen-2012-sonobat,unspecified,,,,,,,,,,,max_frequency,species_summary,34.85,,,kHz,,,34.85,ok,
collen2012-1005165,1005165,Cheiromeles torquatus,exact,collen-2012,"Appendix F, pp. 337-392",collen-2012-sonobat,unspecified,,,,,,,,,,,min_frequency,species_summary,26.10,,,kHz,,,26.10,ok,
collen2012-1005165,1005165,Cheiromeles torquatus,exact,collen-2012,"Appendix F, pp. 337-392",collen-2012-sonobat,unspecified,,,,,,,,,,,peak_frequency,species_summary,27.90,,,kHz,,,27.90,ok,
collen2012-1005165,1005165,Cheiromeles torquatus,exact,collen-2012,"Appendix F, pp. 337-392",collen-2012-sonobat,unspecified,,,,,,,,,,,total_slope,species_summary,0.72,,,kHz/msec,,,0.72,ok,
collen2012-1005182,1005182,Eumops glaucinus,exact,collen-2012,"Appendix F, pp. 337-392",collen-2012-sonobat,unspecified,,,,,,,,,,,bandwidth,species_summary,5.00,,,kHz,,,5.00,ok,
collen2012-1005182,1005182,Eumops glaucinus,exact,collen-2012,"Appendix F, pp. 337-392",collen-2012-sonobat,unspecified,,,,,,,,,,,body_mass,species_summary,36.20,,,g,,,36.20,ok,
collen2012-1005182,1005182,Eumops glaucinus,exact,collen-2012,"Appendix F, pp. 337-392",collen-2012-sonobat,unspecified,,,,,,,,,,,duration,species_summary,14.20,,,ms,,,14.20,ok,
collen2012-1005182,1005182,Eumops glaucinus,exact,collen-2012,"Appendix F, pp. 337-392",collen-2012-sonobat,unspecified,,,,,,,,,,,max_frequency,species_summary,23,,,kHz,,,23,ok,
collen2012-1005182,1005182,Eumops glaucinus,exact,collen-2012,"Appendix F, pp. 337-392",collen-2012-sonobat,unspecified,,,,,,,,,,,min_frequency,species_summary,15,,,kHz,,,15,ok,
collen2012-1005182,1005182,Eumops glaucinus,exact,collen-2012,"Appendix F, pp. 337-392",collen-2012-sonobat,unspecified,,,,,,,,,,,peak_frequency,species_summary,18,,,kHz,,,18,ok,
collen2012-1005191-norfolkensis,1005191,Mormopterus norfolkensis,synonym_via_mdd,collen-2012,"Appendix F, pp. 337-392",collen-2012-sonobat,unspecified,,,,,,,,,,,bandwidth,species_summary,1.5,,,kHz,,,1.5,ok,Printed in the source as a separate species; the current taxonomy treats it as Micronomus norfolkensis.
collen2012-1005191-norfolkensis,1005191,Mormopterus norfolkensis,synonym_via_mdd,collen-2012,"Appendix F, pp. 337-392",collen-2012-sonobat,unspecified,,,,,,,,,,,body_mass,species_summary,8.00,,,g,,,8.00,ok,Printed in the source as a separate species; the current taxonomy treats it as Micronomus norfolkensis.
collen2012-1005191-norfolkensis,1005191,Mormopterus norfolkensis,synonym_via_mdd,collen-2012,"Appendix F, pp. 337-392",collen-2012-sonobat,unspecified,,,,,,,,,,,duration,species_summary,8.00,,,ms,,,8.00,ok,Printed in the source as a separate species; the current taxonomy treats it as Micronomus norfolkensis.
collen2012-1005191-norfolkensis,1005191,Mormopterus norfolkensis,synonym_via_mdd,collen-2012,"Appendix F, pp. 337-392",collen-2012-sonobat,unspecified,,,,,,,,,,,max_frequency,species_summary,31.5,,,kHz,,,31.5,ok,Printed in the source as a separate species; the current taxonomy treats it as Micronomus norfolkensis.
collen2012-1005191-norfolkensis,1005191,Mormopterus norfolkensis,synonym_via_mdd,collen-2012,"Appendix F, pp. 337-392",collen-2012-sonobat,unspecified,,,,,,,,,,,min_frequency,species_summary,30.00,,,kHz,,,30.00,ok,Printed in the source as a separate species; the current taxonomy treats it as Micronomus norfolkensis.
collen2012-1005191-norfolkensis,1005191,Mormopterus norfolkensis,synonym_via_mdd,collen-2012,"Appendix F, pp. 337-392",collen-2012-sonobat,unspecified,,,,,,,,,,,peak_frequency,species_summary,31.00,,,kHz,,,31.00,ok,Printed in the source as a separate species; the current taxonomy treats it as Micronomus norfolkensis.
collen2012-1005193,1005193,Molossops temminckii,exact,collen-2012,"Appendix F, pp. 337-392",collen-2012-sonobat,unspecified,,,,,,,,,,,bandwidth,species_summary,10.3,,,kHz,,,10.3,ok,
collen2012-1005193,1005193,Molossops temminckii,exact,collen-2012,"Appendix F, pp. 337-392",collen-2012-sonobat,unspecified,,,,,,,,,,,body_mass,species_summary,5.86,,,g,,,5.86,ok,
collen2012-1005193,1005193,Molossops temminckii,exact,collen-2012,"Appendix F, pp. 337-392",collen-2012-sonobat,unspecified,,,,,,,,,,,duration,species_summary,7.80,,,ms,,,7.80,ok,
collen2012-1005193,1005193,Molossops temminckii,exact,collen-2012,"Appendix F, pp. 337-392",collen-2012-sonobat,unspecified,,,,,,,,,,,max_frequency,species_summary,50.4,,,kHz,,,50.4,ok,
collen2012-1005193,1005193,Molossops temminckii,exact,collen-2012,"Appendix F, pp. 337-392",collen-2012-sonobat,unspecified,,,,,,,,,,,min_frequency,species_summary,40.4,,,kHz,,,40.4,ok,
collen2012-1005193,1005193,Molossops temminckii,exact,collen-2012,"Appendix F, pp. 337-392",collen-2012-sonobat,unspecified,,,,,,,,,,,peak_frequency,species_summary,50.4,,,kHz,,,50.4,ok,
collen2012-1005202,1005202,Molossus molossus,exact,collen-2012,"Appendix F, pp. 337-392",collen-2012-sonobat,unspecified,,,,,,,,,,,bandwidth,species_summary,4.62,,,kHz,,,4.62,ok,
collen2012-1005202,1005202,Molossus molossus,exact,collen-2012,"Appendix F, pp. 337-392",collen-2012-sonobat,unspecified,,,,,,,,,,,body_mass,species_summary,13.7,,,g,,,13.7,ok,
collen2012-1005202,1005202,Molossus molossus,exact,collen-2012,"Appendix F, pp. 337-392",collen-2012-sonobat,unspecified,,,,,,,,,,,call_shape_class,single,4,,,,,,4,ok,
collen2012-1005202,1005202,Molossus molossus,exact,collen-2012,"Appendix F, pp. 337-392",collen-2012-sonobat,unspecified,,,,,,,,,,,dominant_slope,species_summary,0.47,,,kHz/msec,,,0.47,ok,
collen2012-1005202,1005202,Molossus molossus,exact,collen-2012,"Appendix F, pp. 337-392",collen-2012-sonobat,unspecified,,,,,,,,,,,duration,species_summary,9.29,,,ms,,,9.29,ok,
collen2012-1005202,1005202,Molossus molossus,exact,collen-2012,"Appendix F, pp. 337-392",collen-2012-sonobat,unspecified,,,,,,,,,,,max_frequency,species_summary,38.09,,,kHz,,,38.09,ok,
collen2012-1005202,1005202,Molossus molossus,exact,collen-2012,"Appendix F, pp. 337-392",collen-2012-sonobat,unspecified,,,,,,,,,,,min_frequency,species_summary,33.41,,,kHz,,,33.41,ok,
collen2012-1005202,1005202,Molossus molossus,exact,collen-2012,"Appendix F, pp. 337-392",collen-2012-sonobat,unspecified,,,,,,,,,,,peak_frequency,species_summary,37.66,,,kHz,,,37.66,ok,
collen2012-1005202,1005202,Molossus molossus,exact,collen-2012,"Appendix F, pp. 337-392",collen-2012-sonobat,unspecified,,,,,,,,,,,total_slope,species_summary,0.50,,,kHz/msec,,,0.50,ok,
collen2012-1005205,1005205,Molossus rufus,exact,collen-2012,"Appendix F, pp. 337-392",collen-2012-sonobat,unspecified,,,,,,,,,,,bandwidth,species_summary,12.94,,,kHz,,,12.94,ok,
collen2012-1005205,1005205,Molossus rufus,exact,collen-2012,"Appendix F, pp. 337-392",collen-2012-sonobat,unspecified,,,,,,,,,,,call_shape_class,single,13,,,,,,13,ok,
collen2012-1005205,1005205,Molossus rufus,exact,collen-2012,"Appendix F, pp. 337-392",collen-2012-sonobat,unspecified,,,,,,,,,,,dominant_slope,species_summary,1.60,,,kHz/msec,,,1.60,ok,
collen2012-1005205,1005205,Molossus rufus,exact,collen-2012,"Appendix F, pp. 337-392",collen-2012-sonobat,unspecified,,,,,,,,,,,duration,species_summary,5.59,,,ms,,,5.59,ok,
collen2012-1005205,1005205,Molossus rufus,exact,collen-2012,"Appendix F, pp. 337-392",collen-2012-sonobat,unspecified,,,,,,,,,,,max_frequency,species_summary,41.91,,,kHz,,,41.91,ok,
collen2012-1005205,1005205,Molossus rufus,exact,collen-2012,"Appendix F, pp. 337-392",collen-2012-sonobat,unspecified,,,,,,,,,,,min_frequency,species_summary,26.69,,,kHz,,,26.69,ok,
collen2012-1005205,1005205,Molossus rufus,exact,collen-2012,"Appendix F, pp. 337-392",collen-2012-sonobat,unspecified,,,,,,,,,,,peak_frequency,species_summary,38.41,,,kHz,,,38.41,ok,
collen2012-1005205,1005205,Molossus rufus,exact,collen-2012,"Appendix F, pp. 337-392",collen-2012-sonobat,unspecified,,,,,,,,,,,total_slope,species_summary,2.84,,,kHz/msec,,,2.84,ok,
collen2012-1005210,1005210,Mops condylurus,exact,collen-2012,"Appendix F, pp. 337-392",collen-2012-sonobat,unspecified,,,,,,,,,,,bandwidth,species_summary,22.09,,,kHz,,,22.09,ok,
collen2012-1005210,1005210,Mops condylurus,exact,collen-2012,"Appendix F, pp. 337-392",collen-2012-sonobat,unspecified,,,,,,,,,,,body_mass,species_summary,26.59,,,g,,,26.59,ok,
collen2012-1005210,1005210,Mops condylurus,exact,collen-2012,"Appendix F, pp. 337-392",collen-2012-sonobat,unspecified,,,,,,,,,,,call_shape_class,single,10,,,,,,10,ok,
collen2012-1005210,1005210,Mops condylurus,exact,collen-2012,"Appendix F, pp. 337-392",collen-2012-sonobat,unspecified,,,,,,,,,,,dominant_slope,species_summary,3.63,,,kHz/msec,,,3.63,ok,
collen2012-1005210,1005210,Mops condylurus,exact,collen-2012,"Appendix F, pp. 337-392",collen-2012-sonobat,unspecified,,,,,,,,,,,duration,species_summary,5.57,,,ms,,,5.57,ok,
collen2012-1005210,1005210,Mops condylurus,exact,collen-2012,"Appendix F, pp. 337-392",collen-2012-sonobat,unspecified,,,,,,,,,,,max_frequency,species_summary,42.71,,,kHz,,,42.71,ok,
collen2012-1005210,1005210,Mops condylurus,exact,collen-2012,"Appendix F, pp. 337-392",collen-2012-sonobat,unspecified,,,,,,,,,,,min_frequency,species_summary,20.47,,,kHz,,,20.47,ok,
collen2012-1005210,1005210,Mops condylurus,exact,collen-2012,"Appendix F, pp. 337-392",collen-2012-sonobat,unspecified,,,,,,,,,,,peak_frequency,species_summary,27.12,,,kHz,,,27.12,ok,
collen2012-1005210,1005210,Mops condylurus,exact,collen-2012,"Appendix F, pp. 337-392",collen-2012-sonobat,unspecified,,,,,,,,,,,total_slope,species_summary,4.13,,,kHz/msec,,,4.13,ok,
collen2012-1005214,1005214,Mops midas,exact,collen-2012,"Appendix F, pp. 337-392",collen-2012-sonobat,unspecified,,,,,,,,,,,bandwidth,species_summary,4.80,,,kHz,,,4.80,ok,
collen2012-1005214,1005214,Mops midas,exact,collen-2012,"Appendix F, pp. 337-392",collen-2012-sonobat,unspecified,,,,,,,,,,,body_mass,species_summary,45.5,,,g,,,45.5,ok,
collen2012-1005214,1005214,Mops midas,exact,collen-2012,"Appendix F, pp. 337-392",collen-2012-sonobat,unspecified,,,,,,,,,,,duration,species_summary,16.5,,,ms,,,16.5,ok,
collen2012-1005214,1005214,Mops midas,exact,collen-2012,"Appendix F, pp. 337-392",collen-2012-sonobat,unspecified,,,,,,,,,,,peak_frequency,species_summary,15,,,kHz,,,15,ok,
collen2012-1005215,1005215,Mops mops,exact,collen-2012,"Appendix F, pp. 337-392",collen-2012-sonobat,unspecified,,,,,,,,,,,bandwidth,species_summary,0.73,,,kHz,,,0.73,ok,
collen2012-1005215,1005215,Mops mops,exact,collen-2012,"Appendix F, pp. 337-392",collen-2012-sonobat,unspecified,,,,,,,,,,,body_mass,species_summary,31.12,,,g,,,31.12,ok,
collen2012-1005215,1005215,Mops mops,exact,collen-2012,"Appendix F, pp. 337-392",collen-2012-sonobat,unspecified,,,,,,,,,,,call_shape_class,single,3,,,,,,3,ok,
collen2012-1005215,1005215,Mops mops,exact,collen-2012,"Appendix F, pp. 337-392",collen-2012-sonobat,unspecified,,,,,,,,,,,dominant_slope,species_summary,0.02,,,kHz/msec,,,0.02,ok,
collen2012-1005215,1005215,Mops mops,exact,collen-2012,"Appendix F, pp. 337-392",collen-2012-sonobat,unspecified,,,,,,,,,,,duration,species_summary,8.57,,,ms,,,8.57,ok,
collen2012-1005215,1005215,Mops mops,exact,collen-2012,"Appendix F, pp. 337-392",collen-2012-sonobat,unspecified,,,,,,,,,,,max_frequency,species_summary,18.15,,,kHz,,,18.15,ok,
collen2012-1005215,1005215,Mops mops,exact,collen-2012,"Appendix F, pp. 337-392",collen-2012-sonobat,unspecified,,,,,,,,,,,min_frequency,species_summary,17.42,,,kHz,,,17.42,ok,
collen2012-1005215,1005215,Mops mops,exact,collen-2012,"Appendix F, pp. 337-392",collen-2012-sonobat,unspecified,,,,,,,,,,,peak_frequency,species_summary,17.80,,,kHz,,,17.80,ok,
collen2012-1005215,1005215,Mops mops,exact,collen-2012,"Appendix F, pp. 337-392",collen-2012-sonobat,unspecified,,,,,,,,,,,total_slope,species_summary,0.10,,,kHz/msec,,,0.10,ok,
collen2012-1005218,1005218,Mops niveiventer,exact,collen-2012,"Appendix F, pp. 337-392",collen-2012-sonobat,unspecified,,,,,,,,,,,bandwidth,species_summary,20.78,,,kHz,,,20.78,ok,
collen2012-1005218,1005218,Mops niveiventer,exact,collen-2012,"Appendix F, pp. 337-392",collen-2012-sonobat,unspecified,,,,,,,,,,,body_mass,species_summary,21.82,,,g,,,21.82,ok,
collen2012-1005218,1005218,Mops niveiventer,exact,collen-2012,"Appendix F, pp. 337-392",collen-2012-sonobat,unspecified,,,,,,,,,,,call_shape_class,single,11,,,,,,11,ok,
collen2012-1005218,1005218,Mops niveiventer,exact,collen-2012,"Appendix F, pp. 337-392",collen-2012-sonobat,unspecified,,,,,,,,,,,dominant_slope,species_summary,1.75,,,kHz/msec,,,1.75,ok,
collen2012-1005218,1005218,Mops niveiventer,exact,collen-2012,"Appendix F, pp. 337-392",collen-2012-sonobat,unspecified,,,,,,,,,,,duration,species_summary,8.82,,,ms,,,8.82,ok,
collen2012-1005218,1005218,Mops niveiventer,exact,collen-2012,"Appendix F, pp. 337-392",collen-2012-sonobat,unspecified,,,,,,,,,,,max_frequency,species_summary,38.15,,,kHz,,,38.15,ok,
collen2012-1005218,1005218,Mops niveiventer,exact,collen-2012,"Appendix F, pp. 337-392",collen-2012-sonobat,unspecified,,,,,,,,,,,min_frequency,species_summary,17.06,,,kHz,,,17.06,ok,
collen2012-1005218,1005218,Mops niveiventer,exact,collen-2012,"Appendix F, pp. 337-392",collen-2012-sonobat,unspecified,,,,,,,,,,,peak_frequency,species_summary,22.11,,,kHz,,,22.11,ok,
collen2012-1005218,1005218,Mops niveiventer,exact,collen-2012,"Appendix F, pp. 337-392",collen-2012-sonobat,unspecified,,,,,,,,,,,total_slope,species_summary,2.31,,,kHz/msec,,,2.31,ok,
collen2012-1005227,1005227,Mormopterus jugularis,exact,collen-2012,"Appendix F, pp. 337-392",collen-2012-sonobat,unspecified,,,,,,,,,,,bandwidth,species_summary,28.42,,,kHz,,,28.42,ok,
collen2012-1005227,1005227,Mormopterus jugularis,exact,collen-2012,"Appendix F, pp. 337-392",collen-2012-sonobat,unspecified,,,,,,,,,,,body_mass,species_summary,11.56,,,g,,,11.56,ok,
collen2012-1005227,1005227,Mormopterus jugularis,exact,collen-2012,"Appendix F, pp. 337-392",collen-2012-sonobat,unspecified,,,,,,,,,,,call_shape_class,single,10,,,,,,10,ok,
collen2012-1005227,1005227,Mormopterus jugularis,exact,collen-2012,"Appendix F, pp. 337-392",collen-2012-sonobat,unspecified,,,,,,,,,,,dominant_slope,species_summary,8.97,,,kHz/msec,,,8.97,ok,
collen2012-1005227,1005227,Mormopterus jugularis,exact,collen-2012,"Appendix F, pp. 337-392",collen-2012-sonobat,unspecified,,,,,,,,,,,duration,species_summary,3.98,,,ms,,,3.98,ok,
collen2012-1005227,1005227,Mormopterus jugularis,exact,collen-2012,"Appendix F, pp. 337-392",collen-2012-sonobat,unspecified,,,,,,,,,,,max_frequency,species_summary,51.45,,,kHz,,,51.45,ok,
collen2012-1005227,1005227,Mormopterus jugularis,exact,collen-2012,"Appendix F, pp. 337-392",collen-2012-sonobat,unspecified,,,,,,,,,,,min_frequency,species_summary,23.19,,,kHz,,,23.19,ok,
collen2012-1005227,1005227,Mormopterus jugularis,exact,collen-2012,"Appendix F, pp. 337-392",collen-2012-sonobat,unspecified,,,,,,,,,,,peak_frequency,species_summary,32.04,,,kHz,,,32.04,ok,
collen2012-1005227,1005227,Mormopterus jugularis,exact,collen-2012,"Appendix F, pp. 337-392",collen-2012-sonobat,unspecified,,,,,,,,,,,total_slope,species_summary,7.62,,,kHz/msec,,,7.62,ok,
collen2012-1005237,1005237,Nyctinomops macrotis,exact,collen-2012,"Appendix F, pp. 337-392",collen-2012-sonobat,unspecified,,,,,,,,,,,bandwidth,species_summary,5.00,,,kHz,,,5.00,ok,
collen2012-1005237,1005237,Nyctinomops macrotis,exact,collen-2012,"Appendix F, pp. 337-392",collen-2012-sonobat,unspecified,,,,,,,,,,,body_mass,species_summary,16.38,,,g,,,16.38,ok,
collen2012-1005237,1005237,Nyctinomops macrotis,exact,collen-2012,"Appendix F, pp. 337-392",collen-2012-sonobat,unspecified,,,,,,,,,,,duration,species_summary,15.70,,,ms,,,15.70,ok,
collen2012-1005237,1005237,Nyctinomops macrotis,exact,collen-2012,"Appendix F, pp. 337-392",collen-2012-sonobat,unspecified,,,,,,,,,,,max_frequency,species_summary,24.5,,,kHz,,,24.5,ok,
collen2012-1005237,1005237,Nyctinomops macrotis,exact,collen-2012,"Appendix F, pp. 337-392",collen-2012-sonobat,unspecified,,,,,,,,,,,min_frequency,species_summary,15,,,kHz,,,15,ok,
collen2012-1005237,1005237,Nyctinomops macrotis,exact,collen-2012,"Appendix F, pp. 337-392",collen-2012-sonobat,unspecified,,,,,,,,,,,peak_frequency,species_summary,17.5,,,kHz,,,17.5,ok,
collen2012-1005241,1005241,Otomops madagascariensis,exact,collen-2012,"Appendix F, pp. 337-392",collen-2012-sonobat,unspecified,,,,,,,,,,,bandwidth,species_summary,6.93,,,kHz,,,6.93,ok,
collen2012-1005241,1005241,Otomops madagascariensis,exact,collen-2012,"Appendix F, pp. 337-392",collen-2012-sonobat,unspecified,,,,,,,,,,,call_shape_class,single,10,,,,,,10,ok,
collen2012-1005241,1005241,Otomops madagascariensis,exact,collen-2012,"Appendix F, pp. 337-392",collen-2012-sonobat,unspecified,,,,,,,,,,,dominant_slope,species_summary,2.45,,,kHz/msec,,,2.45,ok,
collen2012-1005241,1005241,Otomops madagascariensis,exact,collen-2012,"Appendix F, pp. 337-392",collen-2012-sonobat,unspecified,,,,,,,,,,,duration,species_summary,2.99,,,ms,,,2.99,ok,
collen2012-1005241,1005241,Otomops madagascariensis,exact,collen-2012,"Appendix F, pp. 337-392",collen-2012-sonobat,unspecified,,,,,,,,,,,max_frequency,species_summary,17.59,,,kHz,,,17.59,ok,
collen2012-1005241,1005241,Otomops madagascariensis,exact,collen-2012,"Appendix F, pp. 337-392",collen-2012-sonobat,unspecified,,,,,,,,,,,min_frequency,species_summary,10.90,,,kHz,,,10.90,ok,
collen2012-1005241,1005241,Otomops madagascariensis,exact,collen-2012,"Appendix F, pp. 337-392",collen-2012-sonobat,unspecified,,,,,,,,,,,peak_frequency,species_summary,15.08,,,kHz,,,15.08,ok,
collen2012-1005241,1005241,Otomops madagascariensis,exact,collen-2012,"Appendix F, pp. 337-392",collen-2012-sonobat,unspecified,,,,,,,,,,,total_slope,species_summary,2.35,,,kHz/msec,,,2.35,ok,
collen2012-1005242,1005242,Otomops martiensseni,exact,collen-2012,"Appendix F, pp. 337-392",collen-2012-sonobat,unspecified,,,,,,,,,,,bandwidth,species_summary,6.40,,,kHz,,,6.40,ok,
collen2012-1005242,1005242,Otomops martiensseni,exact,collen-2012,"Appendix F, pp. 337-392",collen-2012-sonobat,unspecified,,,,,,,,,,,body_mass,species_summary,34.92,,,g,,,34.92,ok,
collen2012-1005242,1005242,Otomops martiensseni,exact,collen-2012,"Appendix F, pp. 337-392",collen-2012-sonobat,unspecified,,,,,,,,,,,duration,species_summary,24.00,,,ms,,,24.00,ok,
collen2012-1005242,1005242,Otomops martiensseni,exact,collen-2012,"Appendix F, pp. 337-392",collen-2012-sonobat,unspecified,,,,,,,,,,,peak_frequency,species_summary,10.8,,,kHz,,,10.8,ok,
collen2012-1005246-beccarii,1005246,Mormopterus beccarii,synonym_via_mdd,collen-2012,"Appendix F, pp. 337-392",collen-2012-sonobat,unspecified,,,,,,,,,,,body_mass,species_summary,14.3,,,g,,,14.3,ok,Printed in the source as a separate species; the current taxonomy treats it as Ozimops beccarii.
collen2012-1005246-beccarii,1005246,Mormopterus beccarii,synonym_via_mdd,collen-2012,"Appendix F, pp. 337-392",collen-2012-sonobat,unspecified,,,,,,,,,,,duration,species_summary,13.00,,,ms,,,13.00,ok,Printed in the source as a separate species; the current taxonomy treats it as Ozimops beccarii.
collen2012-1005246-beccarii,1005246,Mormopterus beccarii,synonym_via_mdd,collen-2012,"Appendix F, pp. 337-392",collen-2012-sonobat,unspecified,,,,,,,,,,,peak_frequency,species_summary,23.5,,,kHz,,,23.5,ok,Printed in the source as a separate species; the current taxonomy treats it as Ozimops beccarii.
collen2012-1005250-loriae,1005250,Mormopterus loriae,synonym_via_mdd,collen-2012,"Appendix F, pp. 337-392",collen-2012-sonobat,unspecified,,,,,,,,,,,bandwidth,species_summary,12,,,kHz,,,12,ok,Printed in the source as a separate species; the current taxonomy treats it as Ozimops loriae.
collen2012-1005250-loriae,1005250,Mormopterus loriae,synonym_via_mdd,collen-2012,"Appendix F, pp. 337-392",collen-2012-sonobat,unspecified,,,,,,,,,,,body_mass,species_summary,7,,,g,,,7,ok,Printed in the source as a separate species; the current taxonomy treats it as Ozimops loriae.
collen2012-1005250-loriae,1005250,Mormopterus loriae,synonym_via_mdd,collen-2012,"Appendix F, pp. 337-392",collen-2012-sonobat,unspecified,,,,,,,,,,,duration,species_summary,6.00,,,ms,,,6.00,ok,Printed in the source as a separate species; the current taxonomy treats it as Ozimops loriae.
collen2012-1005250-loriae,1005250,Mormopterus loriae,synonym_via_mdd,collen-2012,"Appendix F, pp. 337-392",collen-2012-sonobat,unspecified,,,,,,,,,,,max_frequency,species_summary,47.00,,,kHz,,,47.00,ok,Printed in the source as a separate species; the current taxonomy treats it as Ozimops loriae.
collen2012-1005250-loriae,1005250,Mormopterus loriae,synonym_via_mdd,collen-2012,"Appendix F, pp. 337-392",collen-2012-sonobat,unspecified,,,,,,,,,,,min_frequency,species_summary,35.00,,,kHz,,,35.00,ok,Printed in the source as a separate species; the current taxonomy treats it as Ozimops loriae.
collen2012-1005250-loriae,1005250,Mormopterus loriae,synonym_via_mdd,collen-2012,"Appendix F, pp. 337-392",collen-2012-sonobat,unspecified,,,,,,,,,,,peak_frequency,species_summary,36.00,,,kHz,,,36.00,ok,Printed in the source as a separate species; the current taxonomy treats it as Ozimops loriae.
collen2012-1005259,1005259,Sauromys petrophilus,exact,collen-2012,"Appendix F, pp. 337-392",collen-2012-sonobat,unspecified,,,,,,,,,,,bandwidth,species_summary,25.87,,,kHz,,,25.87,ok,
collen2012-1005259,1005259,Sauromys petrophilus,exact,collen-2012,"Appendix F, pp. 337-392",collen-2012-sonobat,unspecified,,,,,,,,,,,body_mass,species_summary,14.25,,,g,,,14.25,ok,
collen2012-1005259,1005259,Sauromys petrophilus,exact,collen-2012,"Appendix F, pp. 337-392",collen-2012-sonobat,unspecified,,,,,,,,,,,call_shape_class,single,10,,,,,,10,ok,
collen2012-1005259,1005259,Sauromys petrophilus,exact,collen-2012,"Appendix F, pp. 337-392",collen-2012-sonobat,unspecified,,,,,,,,,,,dominant_slope,species_summary,6.04,,,kHz/msec,,,6.04,ok,
collen2012-1005259,1005259,Sauromys petrophilus,exact,collen-2012,"Appendix F, pp. 337-392",collen-2012-sonobat,unspecified,,,,,,,,,,,duration,species_summary,3.74,,,ms,,,3.74,ok,
collen2012-1005259,1005259,Sauromys petrophilus,exact,collen-2012,"Appendix F, pp. 337-392",collen-2012-sonobat,unspecified,,,,,,,,,,,max_frequency,species_summary,45.72,,,kHz,,,45.72,ok,
collen2012-1005259,1005259,Sauromys petrophilus,exact,collen-2012,"Appendix F, pp. 337-392",collen-2012-sonobat,unspecified,,,,,,,,,,,min_frequency,species_summary,20.02,,,kHz,,,20.02,ok,
collen2012-1005259,1005259,Sauromys petrophilus,exact,collen-2012,"Appendix F, pp. 337-392",collen-2012-sonobat,unspecified,,,,,,,,,,,peak_frequency,species_summary,27.99,,,kHz,,,27.99,ok,
collen2012-1005259,1005259,Sauromys petrophilus,exact,collen-2012,"Appendix F, pp. 337-392",collen-2012-sonobat,unspecified,,,,,,,,,,,total_slope,species_summary,7.25,,,kHz/msec,,,7.25,ok,
collen2012-1005261-aegyptiaca,1005261,Tadarida aegyptiaca,synonym_via_mdd,collen-2012,"Appendix F, pp. 337-392",collen-2012-sonobat,unspecified,,,,,,,,,,,bandwidth,species_summary,17.44,,,kHz,,,17.44,ok,Printed in the source as a separate species; the current taxonomy treats it as Nyctinomus aegyptiacus.
collen2012-1005261-aegyptiaca,1005261,Tadarida aegyptiaca,synonym_via_mdd,collen-2012,"Appendix F, pp. 337-392",collen-2012-sonobat,unspecified,,,,,,,,,,,body_mass,species_summary,17.63,,,g,,,17.63,ok,Printed in the source as a separate species; the current taxonomy treats it as Nyctinomus aegyptiacus.
collen2012-1005261-aegyptiaca,1005261,Tadarida aegyptiaca,synonym_via_mdd,collen-2012,"Appendix F, pp. 337-392",collen-2012-sonobat,unspecified,,,,,,,,,,,call_shape_class,single,8,,,,,,8,ok,Printed in the source as a separate species; the current taxonomy treats it as Nyctinomus aegyptiacus.
collen2012-1005261-aegyptiaca,1005261,Tadarida aegyptiaca,synonym_via_mdd,collen-2012,"Appendix F, pp. 337-392",collen-2012-sonobat,unspecified,,,,,,,,,,,dominant_slope,species_summary,3.63,,,kHz/msec,,,3.63,ok,Printed in the source as a separate species; the current taxonomy treats it as Nyctinomus aegyptiacus.
collen2012-1005261-aegyptiaca,1005261,Tadarida aegyptiaca,synonym_via_mdd,collen-2012,"Appendix F, pp. 337-392",collen-2012-sonobat,unspecified,,,,,,,,,,,duration,species_summary,4.93,,,ms,,,4.93,ok,Printed in the source as a separate species; the current taxonomy treats it as Nyctinomus aegyptiacus.
collen2012-1005261-aegyptiaca,1005261,Tadarida aegyptiaca,synonym_via_mdd,collen-2012,"Appendix F, pp. 337-392",collen-2012-sonobat,unspecified,,,,,,,,,,,max_frequency,species_summary,36.23,,,kHz,,,36.23,ok,Printed in the source as a separate species; the current taxonomy treats it as Nyctinomus aegyptiacus.
collen2012-1005261-aegyptiaca,1005261,Tadarida aegyptiaca,synonym_via_mdd,collen-2012,"Appendix F, pp. 337-392",collen-2012-sonobat,unspecified,,,,,,,,,,,min_frequency,species_summary,18.79,,,kHz,,,18.79,ok,Printed in the source as a separate species; the current taxonomy treats it as Nyctinomus aegyptiacus.
collen2012-1005261-aegyptiaca,1005261,Tadarida aegyptiaca,synonym_via_mdd,collen-2012,"Appendix F, pp. 337-392",collen-2012-sonobat,unspecified,,,,,,,,,,,peak_frequency,species_summary,23.57,,,kHz,,,23.57,ok,Printed in the source as a separate species; the current taxonomy treats it as Nyctinomus aegyptiacus.
collen2012-1005261-aegyptiaca,1005261,Tadarida aegyptiaca,synonym_via_mdd,collen-2012,"Appendix F, pp. 337-392",collen-2012-sonobat,unspecified,,,,,,,,,,,total_slope,species_summary,4.18,,,kHz/msec,,,4.18,ok,Printed in the source as a separate species; the current taxonomy treats it as Nyctinomus aegyptiacus.
collen2012-1005262,1005262,Tadarida brasiliensis,exact,collen-2012,"Appendix F, pp. 337-392",collen-2012-sonobat,unspecified,,,,,,,,,,,bandwidth,species_summary,3.16,,,kHz,,,3.16,ok,
collen2012-1005262,1005262,Tadarida brasiliensis,exact,collen-2012,"Appendix F, pp. 337-392",collen-2012-sonobat,unspecified,,,,,,,,,,,body_mass,species_summary,12.61,,,g,,,12.61,ok,
collen2012-1005262,1005262,Tadarida brasiliensis,exact,collen-2012,"Appendix F, pp. 337-392",collen-2012-sonobat,unspecified,,,,,,,,,,,call_shape_class,single,3,,,,,,3,ok,
collen2012-1005262,1005262,Tadarida brasiliensis,exact,collen-2012,"Appendix F, pp. 337-392",collen-2012-sonobat,unspecified,,,,,,,,,,,dominant_slope,species_summary,0.32,,,kHz/msec,,,0.32,ok,
collen2012-1005262,1005262,Tadarida brasiliensis,exact,collen-2012,"Appendix F, pp. 337-392",collen-2012-sonobat,unspecified,,,,,,,,,,,duration,species_summary,11.25,,,ms,,,11.25,ok,
collen2012-1005262,1005262,Tadarida brasiliensis,exact,collen-2012,"Appendix F, pp. 337-392",collen-2012-sonobat,unspecified,,,,,,,,,,,max_frequency,species_summary,28.36,,,kHz,,,28.36,ok,
collen2012-1005262,1005262,Tadarida brasiliensis,exact,collen-2012,"Appendix F, pp. 337-392",collen-2012-sonobat,unspecified,,,,,,,,,,,min_frequency,species_summary,25.13,,,kHz,,,25.13,ok,
collen2012-1005262,1005262,Tadarida brasiliensis,exact,collen-2012,"Appendix F, pp. 337-392",collen-2012-sonobat,unspecified,,,,,,,,,,,peak_frequency,species_summary,26.72,,,kHz,,,26.72,ok,
collen2012-1005262,1005262,Tadarida brasiliensis,exact,collen-2012,"Appendix F, pp. 337-392",collen-2012-sonobat,unspecified,,,,,,,,,,,total_slope,species_summary,0.29,,,kHz/msec,,,0.29,ok,
collen2012-1005263,1005263,Tadarida fulminans,exact,collen-2012,"Appendix F, pp. 337-392",collen-2012-sonobat,unspecified,,,,,,,,,,,bandwidth,species_summary,13,,,kHz,,,13,ok,
collen2012-1005263,1005263,Tadarida fulminans,exact,collen-2012,"Appendix F, pp. 337-392",collen-2012-sonobat,unspecified,,,,,,,,,,,body_mass,species_summary,33.89,,,g,,,33.89,ok,
collen2012-1005263,1005263,Tadarida fulminans,exact,collen-2012,"Appendix F, pp. 337-392",collen-2012-sonobat,unspecified,,,,,,,,,,,duration,species_summary,15,,,ms,,,15,ok,
collen2012-1005263,1005263,Tadarida fulminans,exact,collen-2012,"Appendix F, pp. 337-392",collen-2012-sonobat,unspecified,,,,,,,,,,,peak_frequency,species_summary,17,,,kHz,,,17,ok,
collen2012-1005264,1005264,Tadarida insignis,exact,collen-2012,"Appendix F, pp. 337-392",collen-2012-sonobat,unspecified,,,,,,,,,,,bandwidth,species_summary,14.22,,,kHz,,,14.22,ok,
collen2012-1005264,1005264,Tadarida insignis,exact,collen-2012,"Appendix F, pp. 337-392",collen-2012-sonobat,unspecified,,,,,,,,,,,call_shape_class,single,5,,,,,,5,ok,
collen2012-1005264,1005264,Tadarida insignis,exact,collen-2012,"Appendix F, pp. 337-392",collen-2012-sonobat,unspecified,,,,,,,,,,,dominant_slope,species_summary,3.52,,,kHz/msec,,,3.52,ok,
collen2012-1005264,1005264,Tadarida insignis,exact,collen-2012,"Appendix F, pp. 337-392",collen-2012-sonobat,unspecified,,,,,,,,,,,duration,species_summary,3.19,,,ms,,,3.19,ok,
collen2012-1005264,1005264,Tadarida insignis,exact,collen-2012,"Appendix F, pp. 337-392",collen-2012-sonobat,unspecified,,,,,,,,,,,max_frequency,species_summary,24.15,,,kHz,,,24.15,ok,
collen2012-1005264,1005264,Tadarida insignis,exact,collen-2012,"Appendix F, pp. 337-392",collen-2012-sonobat,unspecified,,,,,,,,,,,min_frequency,species_summary,10.17,,,kHz,,,10.17,ok,
collen2012-1005264,1005264,Tadarida insignis,exact,collen-2012,"Appendix F, pp. 337-392",collen-2012-sonobat,unspecified,,,,,,,,,,,peak_frequency,species_summary,16.32,,,kHz,,,16.32,ok,
collen2012-1005264,1005264,Tadarida insignis,exact,collen-2012,"Appendix F, pp. 337-392",collen-2012-sonobat,unspecified,,,,,,,,,,,total_slope,species_summary,4.54,,,kHz/msec,,,4.54,ok,
collen2012-1005268,1005268,Tadarida ventralis,exact,collen-2012,"Appendix F, pp. 337-392",collen-2012-sonobat,unspecified,,,,,,,,,,,bandwidth,species_summary,4.00,,,kHz,,,4.00,ok,
collen2012-1005268,1005268,Tadarida ventralis,exact,collen-2012,"Appendix F, pp. 337-392",collen-2012-sonobat,unspecified,,,,,,,,,,,body_mass,species_summary,37.43,,,g,,,37.43,ok,
collen2012-1005268,1005268,Tadarida ventralis,exact,collen-2012,"Appendix F, pp. 337-392",collen-2012-sonobat,unspecified,,,,,,,,,,,duration,species_summary,9.00,,,ms,,,9.00,ok,
collen2012-1005268,1005268,Tadarida ventralis,exact,collen-2012,"Appendix F, pp. 337-392",collen-2012-sonobat,unspecified,,,,,,,,,,,peak_frequency,species_summary,19.3,,,kHz,,,19.3,ok,
collen2012-1005279,1005279,Natalus stramineus,exact,collen-2012,"Appendix F, pp. 337-392",collen-2012-sonobat,unspecified,,,,,,,,,,,bandwidth,species_summary,49.56,,,kHz,,,49.56,ok,
collen2012-1005279,1005279,Natalus stramineus,exact,collen-2012,"Appendix F, pp. 337-392",collen-2012-sonobat,unspecified,,,,,,,,,,,body_mass,species_summary,5.68,,,g,,,5.68,ok,
collen2012-1005279,1005279,Natalus stramineus,exact,collen-2012,"Appendix F, pp. 337-392",collen-2012-sonobat,unspecified,,,,,,,,,,,call_shape_class,single,9,,,,,,9,ok,
collen2012-1005279,1005279,Natalus stramineus,exact,collen-2012,"Appendix F, pp. 337-392",collen-2012-sonobat,unspecified,,,,,,,,,,,dominant_slope,species_summary,29.74,,,kHz/msec,,,29.74,ok,
collen2012-1005279,1005279,Natalus stramineus,exact,collen-2012,"Appendix F, pp. 337-392",collen-2012-sonobat,unspecified,,,,,,,,,,,duration,species_summary,1.58,,,ms,,,1.58,ok,
collen2012-1005279,1005279,Natalus stramineus,exact,collen-2012,"Appendix F, pp. 337-392",collen-2012-sonobat,unspecified,,,,,,,,,,,max_frequency,species_summary,150.94,,,kHz,,,150.94,ok,
collen2012-1005279,1005279,Natalus stramineus,exact,collen-2012,"Appendix F, pp. 337-392",collen-2012-sonobat,unspecified,,,,,,,,,,,min_frequency,species_summary,101.01,,,kHz,,,101.01,ok,
collen2012-1005279,1005279,Natalus stramineus,exact,collen-2012,"Appendix F, pp. 337-392",collen-2012-sonobat,unspecified,,,,,,,,,,,peak_frequency,species_summary,116.48,,,kHz,,,116.48,ok,
collen2012-1005279,1005279,Natalus stramineus,exact,collen-2012,"Appendix F, pp. 337-392",collen-2012-sonobat,unspecified,,,,,,,,,,,total_slope,species_summary,32.05,,,kHz/msec,,,32.05,ok,
collen2012-1005281,1005281,Nyctiellus lepidus,exact,collen-2012,"Appendix F, pp. 337-392",collen-2012-sonobat,unspecified,,,,,,,,,,,bandwidth,species_summary,42.70,,,kHz,,,42.70,ok,
collen2012-1005281,1005281,Nyctiellus lepidus,exact,collen-2012,"Appendix F, pp. 337-392",collen-2012-sonobat,unspecified,,,,,,,,,,,body_mass,species_summary,3.88,,,g,,,3.88,ok,
collen2012-1005281,1005281,Nyctiellus lepidus,exact,collen-2012,"Appendix F, pp. 337-392",collen-2012-sonobat,unspecified,,,,,,,,,,,duration,species_summary,2.7,,,ms,,,2.7,ok,
collen2012-1005281,1005281,Nyctiellus lepidus,exact,collen-2012,"Appendix F, pp. 337-392",collen-2012-sonobat,unspecified,,,,,,,,,,,max_frequency,species_summary,113.60,,,kHz,,,113.60,ok,
collen2012-1005281,1005281,Nyctiellus lepidus,exact,collen-2012,"Appendix F, pp. 337-392",collen-2012-sonobat,unspecified,,,,,,,,,,,min_frequency,species_summary,70.90,,,kHz,,,70.90,ok,
collen2012-1005281,1005281,Nyctiellus lepidus,exact,collen-2012,"Appendix F, pp. 337-392",collen-2012-sonobat,unspecified,,,,,,,,,,,peak_frequency,species_summary,83.40,,,kHz,,,83.40,ok,
collen2012-1005284,1005284,Kerivoula argentata,exact,collen-2012,"Appendix F, pp. 337-392",collen-2012-sonobat,unspecified,,,,,,,,,,,bandwidth,species_summary,36,,,kHz,,,36,ok,
collen2012-1005284,1005284,Kerivoula argentata,exact,collen-2012,"Appendix F, pp. 337-392",collen-2012-sonobat,unspecified,,,,,,,,,,,body_mass,species_summary,10.11,,,g,,,10.11,ok,
collen2012-1005284,1005284,Kerivoula argentata,exact,collen-2012,"Appendix F, pp. 337-392",collen-2012-sonobat,unspecified,,,,,,,,,,,duration,species_summary,2.3,,,ms,,,2.3,ok,
collen2012-1005284,1005284,Kerivoula argentata,exact,collen-2012,"Appendix F, pp. 337-392",collen-2012-sonobat,unspecified,,,,,,,,,,,peak_frequency,species_summary,92,,,kHz,,,92,ok,
collen2012-1005292,1005292,Kerivoula hardwickii,exact,collen-2012,"Appendix F, pp. 337-392",collen-2012-sonobat,unspecified,,,,,,,,,,,bandwidth,species_summary,95.09,,,kHz,,,95.09,ok,
collen2012-1005292,1005292,Kerivoula hardwickii,exact,collen-2012,"Appendix F, pp. 337-392",collen-2012-sonobat,unspecified,,,,,,,,,,,body_mass,species_summary,4.55,,,g,,,4.55,ok,
collen2012-1005292,1005292,Kerivoula hardwickii,exact,collen-2012,"Appendix F, pp. 337-392",collen-2012-sonobat,unspecified,,,,,,,,,,,call_shape_class,single,7,,,,,,7,ok,
collen2012-1005292,1005292,Kerivoula hardwickii,exact,collen-2012,"Appendix F, pp. 337-392",collen-2012-sonobat,unspecified,,,,,,,,,,,dominant_slope,species_summary,39.78,,,kHz/msec,,,39.78,ok,
collen2012-1005292,1005292,Kerivoula hardwickii,exact,collen-2012,"Appendix F, pp. 337-392",collen-2012-sonobat,unspecified,,,,,,,,,,,duration,species_summary,1.99,,,ms,,,1.99,ok,
collen2012-1005292,1005292,Kerivoula hardwickii,exact,collen-2012,"Appendix F, pp. 337-392",collen-2012-sonobat,unspecified,,,,,,,,,,,max_frequency,species_summary,188.17,,,kHz,,,188.17,ok,
collen2012-1005292,1005292,Kerivoula hardwickii,exact,collen-2012,"Appendix F, pp. 337-392",collen-2012-sonobat,unspecified,,,,,,,,,,,min_frequency,species_summary,92.97,,,kHz,,,92.97,ok,
collen2012-1005292,1005292,Kerivoula hardwickii,exact,collen-2012,"Appendix F, pp. 337-392",collen-2012-sonobat,unspecified,,,,,,,,,,,peak_frequency,species_summary,148.17,,,kHz,,,148.17,ok,
collen2012-1005292,1005292,Kerivoula hardwickii,exact,collen-2012,"Appendix F, pp. 337-392",collen-2012-sonobat,unspecified,,,,,,,,,,,total_slope,species_summary,39.87,,,kHz/msec,,,39.87,ok,
collen2012-1005293,1005293,Kerivoula intermedia,exact,collen-2012,"Appendix F, pp. 337-392",collen-2012-sonobat,unspecified,,,,,,,,,,,bandwidth,species_summary,69.35,,,kHz,,,69.35,ok,
collen2012-1005293,1005293,Kerivoula intermedia,exact,collen-2012,"Appendix F, pp. 337-392",collen-2012-sonobat,unspecified,,,,,,,,,,,body_mass,species_summary,3.68,,,g,,,3.68,ok,
collen2012-1005293,1005293,Kerivoula intermedia,exact,collen-2012,"Appendix F, pp. 337-392",collen-2012-sonobat,unspecified,,,,,,,,,,,call_shape_class,single,7,,,,,,7,ok,
collen2012-1005293,1005293,Kerivoula intermedia,exact,collen-2012,"Appendix F, pp. 337-392",collen-2012-sonobat,unspecified,,,,,,,,,,,dominant_slope,species_summary,39.52,,,kHz/msec,,,39.52,ok,
collen2012-1005293,1005293,Kerivoula intermedia,exact,collen-2012,"Appendix F, pp. 337-392",collen-2012-sonobat,unspecified,,,,,,,,,,,duration,species_summary,2.74,,,ms,,,2.74,ok,
collen2012-1005293,1005293,Kerivoula intermedia,exact,collen-2012,"Appendix F, pp. 337-392",collen-2012-sonobat,unspecified,,,,,,,,,,,max_frequency,species_summary,147.15,,,kHz,,,147.15,ok,
collen2012-1005293,1005293,Kerivoula intermedia,exact,collen-2012,"Appendix F, pp. 337-392",collen-2012-sonobat,unspecified,,,,,,,,,,,min_frequency,species_summary,77.55,,,kHz,,,77.55,ok,
collen2012-1005293,1005293,Kerivoula intermedia,exact,collen-2012,"Appendix F, pp. 337-392",collen-2012-sonobat,unspecified,,,,,,,,,,,peak_frequency,species_summary,83.82,,,kHz,,,83.82,ok,
collen2012-1005293,1005293,Kerivoula intermedia,exact,collen-2012,"Appendix F, pp. 337-392",collen-2012-sonobat,unspecified,,,,,,,,,,,total_slope,species_summary,38.91,,,kHz/msec,,,38.91,ok,
collen2012-1005296,1005296,Kerivoula lanosa,exact,collen-2012,"Appendix F, pp. 337-392",collen-2012-sonobat,unspecified,,,,,,,,,,,bandwidth,species_summary,43.33,,,kHz,,,43.33,ok,
collen2012-1005296,1005296,Kerivoula lanosa,exact,collen-2012,"Appendix F, pp. 337-392",collen-2012-sonobat,unspecified,,,,,,,,,,,body_mass,species_summary,6.66,,,g,,,6.66,ok,
collen2012-1005296,1005296,Kerivoula lanosa,exact,collen-2012,"Appendix F, pp. 337-392",collen-2012-sonobat,unspecified,,,,,,,,,,,call_shape_class,single,7,,,,,,7,ok,
collen2012-1005296,1005296,Kerivoula lanosa,exact,collen-2012,"Appendix F, pp. 337-392",collen-2012-sonobat,unspecified,,,,,,,,,,,dominant_slope,species_summary,27.63,,,kHz/msec,,,27.63,ok,
collen2012-1005296,1005296,Kerivoula lanosa,exact,collen-2012,"Appendix F, pp. 337-392",collen-2012-sonobat,unspecified,,,,,,,,,,,duration,species_summary,2.13,,,ms,,,2.13,ok,
collen2012-1005296,1005296,Kerivoula lanosa,exact,collen-2012,"Appendix F, pp. 337-392",collen-2012-sonobat,unspecified,,,,,,,,,,,max_frequency,species_summary,79.77,,,kHz,,,79.77,ok,
collen2012-1005296,1005296,Kerivoula lanosa,exact,collen-2012,"Appendix F, pp. 337-392",collen-2012-sonobat,unspecified,,,,,,,,,,,min_frequency,species_summary,36.88,,,kHz,,,36.88,ok,
collen2012-1005296,1005296,Kerivoula lanosa,exact,collen-2012,"Appendix F, pp. 337-392",collen-2012-sonobat,unspecified,,,,,,,,,,,peak_frequency,species_summary,45.57,,,kHz,,,45.57,ok,
collen2012-1005296,1005296,Kerivoula lanosa,exact,collen-2012,"Appendix F, pp. 337-392",collen-2012-sonobat,unspecified,,,,,,,,,,,total_slope,species_summary,24.06,,,kHz/msec,,,24.06,ok,
collen2012-1005299,1005299,Kerivoula minuta,exact,collen-2012,"Appendix F, pp. 337-392",collen-2012-sonobat,unspecified,,,,,,,,,,,bandwidth,species_summary,47.83,,,kHz,,,47.83,ok,
collen2012-1005299,1005299,Kerivoula minuta,exact,collen-2012,"Appendix F, pp. 337-392",collen-2012-sonobat,unspecified,,,,,,,,,,,body_mass,species_summary,2.03,,,g,,,2.03,ok,
collen2012-1005299,1005299,Kerivoula minuta,exact,collen-2012,"Appendix F, pp. 337-392",collen-2012-sonobat,unspecified,,,,,,,,,,,dominant_slope,species_summary,47.57,,,kHz/msec,,,47.57,ok,
collen2012-1005299,1005299,Kerivoula minuta,exact,collen-2012,"Appendix F, pp. 337-392",collen-2012-sonobat,unspecified,,,,,,,,,,,duration,species_summary,1.16,,,ms,,,1.16,ok,
collen2012-1005299,1005299,Kerivoula minuta,exact,collen-2012,"Appendix F, pp. 337-392",collen-2012-sonobat,unspecified,,,,,,,,,,,max_frequency,species_summary,152.88,,,kHz,,,152.88,ok,
collen2012-1005299,1005299,Kerivoula minuta,exact,collen-2012,"Appendix F, pp. 337-392",collen-2012-sonobat,unspecified,,,,,,,,,,,min_frequency,species_summary,105.05,,,kHz,,,105.05,ok,
collen2012-1005299,1005299,Kerivoula minuta,exact,collen-2012,"Appendix F, pp. 337-392",collen-2012-sonobat,unspecified,,,,,,,,,,,peak_frequency,species_summary,105.05,,,kHz,,,105.05,ok,
collen2012-1005299,1005299,Kerivoula minuta,exact,collen-2012,"Appendix F, pp. 337-392",collen-2012-sonobat,unspecified,,,,,,,,,,,total_slope,species_summary,43.40,,,kHz/msec,,,43.40,ok,
collen2012-1005302,1005302,Kerivoula papillosa,exact,collen-2012,"Appendix F, pp. 337-392",collen-2012-sonobat,unspecified,,,,,,,,,,,bandwidth,species_summary,64.80,,,kHz,,,64.80,ok,
collen2012-1005302,1005302,Kerivoula papillosa,exact,collen-2012,"Appendix F, pp. 337-392",collen-2012-sonobat,unspecified,,,,,,,,,,,body_mass,species_summary,10.21,,,g,,,10.21,ok,
collen2012-1005302,1005302,Kerivoula papillosa,exact,collen-2012,"Appendix F, pp. 337-392",collen-2012-sonobat,unspecified,,,,,,,,,,,call_shape_class,single,7,,,,,,7,ok,
collen2012-1005302,1005302,Kerivoula papillosa,exact,collen-2012,"Appendix F, pp. 337-392",collen-2012-sonobat,unspecified,,,,,,,,,,,dominant_slope,species_summary,33.39,,,kHz/msec,,,33.39,ok,
collen2012-1005302,1005302,Kerivoula papillosa,exact,collen-2012,"Appendix F, pp. 337-392",collen-2012-sonobat,unspecified,,,,,,,,,,,duration,species_summary,1.62,,,ms,,,1.62,ok,
collen2012-1005302,1005302,Kerivoula papillosa,exact,collen-2012,"Appendix F, pp. 337-392",collen-2012-sonobat,unspecified,,,,,,,,,,,max_frequency,species_summary,150.37,,,kHz,,,150.37,ok,
collen2012-1005302,1005302,Kerivoula papillosa,exact,collen-2012,"Appendix F, pp. 337-392",collen-2012-sonobat,unspecified,,,,,,,,,,,min_frequency,species_summary,85.53,,,kHz,,,85.53,ok,
collen2012-1005302,1005302,Kerivoula papillosa,exact,collen-2012,"Appendix F, pp. 337-392",collen-2012-sonobat,unspecified,,,,,,,,,,,peak_frequency,species_summary,108.10,,,kHz,,,108.10,ok,
collen2012-1005302,1005302,Kerivoula papillosa,exact,collen-2012,"Appendix F, pp. 337-392",collen-2012-sonobat,unspecified,,,,,,,,,,,total_slope,species_summary,35.42,,,kHz/msec,,,35.42,ok,
collen2012-1005303,1005303,Kerivoula pellucida,exact,collen-2012,"Appendix F, pp. 337-392",collen-2012-sonobat,unspecified,,,,,,,,,,,bandwidth,species_summary,59.03,,,kHz,,,59.03,ok,
collen2012-1005303,1005303,Kerivoula pellucida,exact,collen-2012,"Appendix F, pp. 337-392",collen-2012-sonobat,unspecified,,,,,,,,,,,body_mass,species_summary,4.14,,,g,,,4.14,ok,
collen2012-1005303,1005303,Kerivoula pellucida,exact,collen-2012,"Appendix F, pp. 337-392",collen-2012-sonobat,unspecified,,,,,,,,,,,call_shape_class,single,7,,,,,,7,ok,
collen2012-1005303,1005303,Kerivoula pellucida,exact,collen-2012,"Appendix F, pp. 337-392",collen-2012-sonobat,unspecified,,,,,,,,,,,dominant_slope,species_summary,32.63,,,kHz/msec,,,32.63,ok,
collen2012-1005303,1005303,Kerivoula pellucida,exact,collen-2012,"Appendix F, pp. 337-392",collen-2012-sonobat,unspecified,,,,,,,,,,,duration,species_summary,1.86,,,ms,,,1.86,ok,
collen2012-1005303,1005303,Kerivoula pellucida,exact,collen-2012,"Appendix F, pp. 337-392",collen-2012-sonobat,unspecified,,,,,,,,,,,max_frequency,species_summary,153.21,,,kHz,,,153.21,ok,
collen2012-1005303,1005303,Kerivoula pellucida,exact,collen-2012,"Appendix F, pp. 337-392",collen-2012-sonobat,unspecified,,,,,,,,,,,min_frequency,species_summary,94.18,,,kHz,,,94.18,ok,
collen2012-1005303,1005303,Kerivoula pellucida,exact,collen-2012,"Appendix F, pp. 337-392",collen-2012-sonobat,unspecified,,,,,,,,,,,peak_frequency,species_summary,147.27,,,kHz,,,147.27,ok,
collen2012-1005303,1005303,Kerivoula pellucida,exact,collen-2012,"Appendix F, pp. 337-392",collen-2012-sonobat,unspecified,,,,,,,,,,,total_slope,species_summary,24.61,,,kHz/msec,,,24.61,ok,
collen2012-1005305,1005305,Kerivoula picta,exact,collen-2012,"Appendix F, pp. 337-392",collen-2012-sonobat,unspecified,,,,,,,,,,,body_mass,species_summary,4.50,,,g,,,4.50,ok,
collen2012-1005305,1005305,Kerivoula picta,exact,collen-2012,"Appendix F, pp. 337-392",collen-2012-sonobat,unspecified,,,,,,,,,,,duration,species_summary,0.58,,,ms,,,0.58,ok,
collen2012-1005305,1005305,Kerivoula picta,exact,collen-2012,"Appendix F, pp. 337-392",collen-2012-sonobat,unspecified,,,,,,,,,,,peak_frequency,species_summary,116,,,kHz,,,116,ok,
collen2012-1005311,1005311,Phoniscus atrox,exact,collen-2012,"Appendix F, pp. 337-392",collen-2012-sonobat,unspecified,,,,,,,,,,,body_mass,species_summary,4.81,,,g,,,4.81,ok,
collen2012-1005311,1005311,Phoniscus atrox,exact,collen-2012,"Appendix F, pp. 337-392",collen-2012-sonobat,unspecified,,,,,,,,,,,duration,species_summary,2.89,,,ms,,,2.89,ok,
collen2012-1005311,1005311,Phoniscus atrox,exact,collen-2012,"Appendix F, pp. 337-392",collen-2012-sonobat,unspecified,,,,,,,,,,,peak_frequency,species_summary,82.00,,,kHz,,,82.00,ok,
collen2012-1005312,1005312,Phoniscus jagorii,exact,collen-2012,"Appendix F, pp. 337-392",collen-2012-sonobat,unspecified,,,,,,,,,,,body_mass,species_summary,4.70,,,g,,,4.70,ok,
collen2012-1005312,1005312,Phoniscus jagorii,exact,collen-2012,"Appendix F, pp. 337-392",collen-2012-sonobat,unspecified,,,,,,,,,,,duration,species_summary,2.20,,,ms,,,2.20,ok,
collen2012-1005312,1005312,Phoniscus jagorii,exact,collen-2012,"Appendix F, pp. 337-392",collen-2012-sonobat,unspecified,,,,,,,,,,,peak_frequency,species_summary,94.00,,,kHz,,,94.00,ok,
collen2012-1005313,1005313,Phoniscus papuensis,exact,collen-2012,"Appendix F, pp. 337-392",collen-2012-sonobat,unspecified,,,,,,,,,,,bandwidth,species_summary,95,,,kHz,,,95,ok,
collen2012-1005313,1005313,Phoniscus papuensis,exact,collen-2012,"Appendix F, pp. 337-392",collen-2012-sonobat,unspecified,,,,,,,,,,,body_mass,species_summary,6.32,,,g,,,6.32,ok,
collen2012-1005313,1005313,Phoniscus papuensis,exact,collen-2012,"Appendix F, pp. 337-392",collen-2012-sonobat,unspecified,,,,,,,,,,,duration,species_summary,3.00,,,ms,,,3.00,ok,
collen2012-1005313,1005313,Phoniscus papuensis,exact,collen-2012,"Appendix F, pp. 337-392",collen-2012-sonobat,unspecified,,,,,,,,,,,max_frequency,species_summary,160,,,kHz,,,160,ok,
collen2012-1005313,1005313,Phoniscus papuensis,exact,collen-2012,"Appendix F, pp. 337-392",collen-2012-sonobat,unspecified,,,,,,,,,,,min_frequency,species_summary,65.00,,,kHz,,,65.00,ok,
collen2012-1005313,1005313,Phoniscus papuensis,exact,collen-2012,"Appendix F, pp. 337-392",collen-2012-sonobat,unspecified,,,,,,,,,,,peak_frequency,species_summary,80.00,,,kHz,,,80.00,ok,
collen2012-1005317,1005317,Murina aenea,exact,collen-2012,"Appendix F, pp. 337-392",collen-2012-sonobat,unspecified,,,,,,,,,,,body_mass,species_summary,7.50,,,g,,,7.50,ok,
collen2012-1005317,1005317,Murina aenea,exact,collen-2012,"Appendix F, pp. 337-392",collen-2012-sonobat,unspecified,,,,,,,,,,,duration,species_summary,2.40,,,ms,,,2.40,ok,
collen2012-1005317,1005317,Murina aenea,exact,collen-2012,"Appendix F, pp. 337-392",collen-2012-sonobat,unspecified,,,,,,,,,,,peak_frequency,species_summary,83.00,,,kHz,,,83.00,ok,
collen2012-1005324,1005324,Murina cyclotis,exact,collen-2012,"Appendix F, pp. 337-392",collen-2012-sonobat,unspecified,,,,,,,,,,,body_mass,species_summary,9.35,,,g,,,9.35,ok,
collen2012-1005324,1005324,Murina cyclotis,exact,collen-2012,"Appendix F, pp. 337-392",collen-2012-sonobat,unspecified,,,,,,,,,,,duration,species_summary,2.00,,,ms,,,2.00,ok,
collen2012-1005324,1005324,Murina cyclotis,exact,collen-2012,"Appendix F, pp. 337-392",collen-2012-sonobat,unspecified,,,,,,,,,,,peak_frequency,species_summary,77.00,,,kHz,,,77.00,ok,
collen2012-1005329,1005329,Murina florium,exact,collen-2012,"Appendix F, pp. 337-392",collen-2012-sonobat,unspecified,,,,,,,,,,,bandwidth,species_summary,44.82,,,kHz,,,44.82,ok,
collen2012-1005329,1005329,Murina florium,exact,collen-2012,"Appendix F, pp. 337-392",collen-2012-sonobat,unspecified,,,,,,,,,,,body_mass,species_summary,4.41,,,g,,,4.41,ok,
collen2012-1005329,1005329,Murina florium,exact,collen-2012,"Appendix F, pp. 337-392",collen-2012-sonobat,unspecified,,,,,,,,,,,call_shape_class,single,7,,,,,,7,ok,
collen2012-1005329,1005329,Murina florium,exact,collen-2012,"Appendix F, pp. 337-392",collen-2012-sonobat,unspecified,,,,,,,,,,,dominant_slope,species_summary,23.81,,,kHz/msec,,,23.81,ok,
collen2012-1005329,1005329,Murina florium,exact,collen-2012,"Appendix F, pp. 337-392",collen-2012-sonobat,unspecified,,,,,,,,,,,duration,species_summary,1.01,,,ms,,,1.01,ok,
collen2012-1005329,1005329,Murina florium,exact,collen-2012,"Appendix F, pp. 337-392",collen-2012-sonobat,unspecified,,,,,,,,,,,max_frequency,species_summary,99.58,,,kHz,,,99.58,ok,
collen2012-1005329,1005329,Murina florium,exact,collen-2012,"Appendix F, pp. 337-392",collen-2012-sonobat,unspecified,,,,,,,,,,,min_frequency,species_summary,54.76,,,kHz,,,54.76,ok,
collen2012-1005329,1005329,Murina florium,exact,collen-2012,"Appendix F, pp. 337-392",collen-2012-sonobat,unspecified,,,,,,,,,,,peak_frequency,species_summary,60.51,,,kHz,,,60.51,ok,
collen2012-1005329,1005329,Murina florium,exact,collen-2012,"Appendix F, pp. 337-392",collen-2012-sonobat,unspecified,,,,,,,,,,,total_slope,species_summary,21.75,,,kHz/msec,,,21.75,ok,
collen2012-1005335,1005335,Murina hilgendorfi,exact,collen-2012,"Appendix F, pp. 337-392",collen-2012-sonobat,unspecified,,,,,,,,,,,bandwidth,species_summary,75.22,,,kHz,,,75.22,ok,
collen2012-1005335,1005335,Murina hilgendorfi,exact,collen-2012,"Appendix F, pp. 337-392",collen-2012-sonobat,unspecified,,,,,,,,,,,call_shape_class,single,7,,,,,,7,ok,
collen2012-1005335,1005335,Murina hilgendorfi,exact,collen-2012,"Appendix F, pp. 337-392",collen-2012-sonobat,unspecified,,,,,,,,,,,dominant_slope,species_summary,48.02,,,kHz/msec,,,48.02,ok,
collen2012-1005335,1005335,Murina hilgendorfi,exact,collen-2012,"Appendix F, pp. 337-392",collen-2012-sonobat,unspecified,,,,,,,,,,,duration,species_summary,1.37,,,ms,,,1.37,ok,
collen2012-1005335,1005335,Murina hilgendorfi,exact,collen-2012,"Appendix F, pp. 337-392",collen-2012-sonobat,unspecified,,,,,,,,,,,max_frequency,species_summary,116.47,,,kHz,,,116.47,ok,
collen2012-1005335,1005335,Murina hilgendorfi,exact,collen-2012,"Appendix F, pp. 337-392",collen-2012-sonobat,unspecified,,,,,,,,,,,min_frequency,species_summary,40.96,,,kHz,,,40.96,ok,
collen2012-1005335,1005335,Murina hilgendorfi,exact,collen-2012,"Appendix F, pp. 337-392",collen-2012-sonobat,unspecified,,,,,,,,,,,peak_frequency,species_summary,58.22,,,kHz,,,58.22,ok,
collen2012-1005335,1005335,Murina hilgendorfi,exact,collen-2012,"Appendix F, pp. 337-392",collen-2012-sonobat,unspecified,,,,,,,,,,,total_slope,species_summary,46.26,,,kHz/msec,,,46.26,ok,
collen2012-1005341,1005341,Murina leucogaster,exact,collen-2012,"Appendix F, pp. 337-392",collen-2012-sonobat,unspecified,,,,,,,,,,,bandwidth,species_summary,70,,,kHz,,,70,ok,
collen2012-1005341,1005341,Murina leucogaster,exact,collen-2012,"Appendix F, pp. 337-392",collen-2012-sonobat,unspecified,,,,,,,,,,,body_mass,species_summary,7.54,,,g,,,7.54,ok,
collen2012-1005341,1005341,Murina leucogaster,exact,collen-2012,"Appendix F, pp. 337-392",collen-2012-sonobat,unspecified,,,,,,,,,,,duration,species_summary,3.00,,,ms,,,3.00,ok,
collen2012-1005341,1005341,Murina leucogaster,exact,collen-2012,"Appendix F, pp. 337-392",collen-2012-sonobat,unspecified,,,,,,,,,,,max_frequency,species_summary,195.00,,,kHz,,,195.00,ok,
collen2012-1005341,1005341,Murina leucogaster,exact,collen-2012,"Appendix F, pp. 337-392",collen-2012-sonobat,unspecified,,,,,,,,,,,min_frequency,species_summary,25,,,kHz,,,25,ok,
collen2012-1005341,1005341,Murina leucogaster,exact,collen-2012,"Appendix F, pp. 337-392",collen-2012-sonobat,unspecified,,,,,,,,,,,peak_frequency,species_summary,70,,,kHz,,,70,ok,
collen2012-1005346,1005346,Murina puta,exact,collen-2012,"Appendix F, pp. 337-392",collen-2012-sonobat,unspecified,,,,,,,,,,,bandwidth,species_summary,70.19,,,kHz,,,70.19,ok,
collen2012-1005346,1005346,Murina puta,exact,collen-2012,"Appendix F, pp. 337-392",collen-2012-sonobat,unspecified,,,,,,,,,,,body_mass,species_summary,6.91,,,g,,,6.91,ok,
collen2012-1005346,1005346,Murina puta,exact,collen-2012,"Appendix F, pp. 337-392",collen-2012-sonobat,unspecified,,,,,,,,,,,call_shape_class,single,7,,,,,,7,ok,
collen2012-1005346,1005346,Murina puta,exact,collen-2012,"Appendix F, pp. 337-392",collen-2012-sonobat,unspecified,,,,,,,,,,,dominant_slope,species_summary,40.87,,,kHz/msec,,,40.87,ok,
collen2012-1005346,1005346,Murina puta,exact,collen-2012,"Appendix F, pp. 337-392",collen-2012-sonobat,unspecified,,,,,,,,,,,duration,species_summary,1.49,,,ms,,,1.49,ok,
collen2012-1005346,1005346,Murina puta,exact,collen-2012,"Appendix F, pp. 337-392",collen-2012-sonobat,unspecified,,,,,,,,,,,max_frequency,species_summary,125.03,,,kHz,,,125.03,ok,
collen2012-1005346,1005346,Murina puta,exact,collen-2012,"Appendix F, pp. 337-392",collen-2012-sonobat,unspecified,,,,,,,,,,,min_frequency,species_summary,54.90,,,kHz,,,54.90,ok,
collen2012-1005346,1005346,Murina puta,exact,collen-2012,"Appendix F, pp. 337-392",collen-2012-sonobat,unspecified,,,,,,,,,,,peak_frequency,species_summary,65.99,,,kHz,,,65.99,ok,
collen2012-1005346,1005346,Murina puta,exact,collen-2012,"Appendix F, pp. 337-392",collen-2012-sonobat,unspecified,,,,,,,,,,,total_slope,species_summary,43.39,,,kHz/msec,,,43.39,ok,
collen2012-1005352,1005352,Murina suilla,exact,collen-2012,"Appendix F, pp. 337-392",collen-2012-sonobat,unspecified,,,,,,,,,,,bandwidth,species_summary,92.50,,,kHz,,,92.50,ok,
collen2012-1005352,1005352,Murina suilla,exact,collen-2012,"Appendix F, pp. 337-392",collen-2012-sonobat,unspecified,,,,,,,,,,,body_mass,species_summary,4,,,g,,,4,ok,
collen2012-1005352,1005352,Murina suilla,exact,collen-2012,"Appendix F, pp. 337-392",collen-2012-sonobat,unspecified,,,,,,,,,,,call_shape_class,single,7,,,,,,7,ok,
collen2012-1005352,1005352,Murina suilla,exact,collen-2012,"Appendix F, pp. 337-392",collen-2012-sonobat,unspecified,,,,,,,,,,,dominant_slope,species_summary,50.56,,,kHz/msec,,,50.56,ok,
collen2012-1005352,1005352,Murina suilla,exact,collen-2012,"Appendix F, pp. 337-392",collen-2012-sonobat,unspecified,,,,,,,,,,,duration,species_summary,1.25,,,ms,,,1.25,ok,
collen2012-1005352,1005352,Murina suilla,exact,collen-2012,"Appendix F, pp. 337-392",collen-2012-sonobat,unspecified,,,,,,,,,,,max_frequency,species_summary,153.06,,,kHz,,,153.06,ok,
collen2012-1005352,1005352,Murina suilla,exact,collen-2012,"Appendix F, pp. 337-392",collen-2012-sonobat,unspecified,,,,,,,,,,,min_frequency,species_summary,60.56,,,kHz,,,60.56,ok,
collen2012-1005352,1005352,Murina suilla,exact,collen-2012,"Appendix F, pp. 337-392",collen-2012-sonobat,unspecified,,,,,,,,,,,peak_frequency,species_summary,124.14,,,kHz,,,124.14,ok,
collen2012-1005352,1005352,Murina suilla,exact,collen-2012,"Appendix F, pp. 337-392",collen-2012-sonobat,unspecified,,,,,,,,,,,total_slope,species_summary,60.07,,,kHz/msec,,,60.07,ok,
collen2012-1005355,1005355,Murina ussuriensis,exact,collen-2012,"Appendix F, pp. 337-392",collen-2012-sonobat,unspecified,,,,,,,,,,,bandwidth,species_summary,71.59,,,kHz,,,71.59,ok,
collen2012-1005355,1005355,Murina ussuriensis,exact,collen-2012,"Appendix F, pp. 337-392",collen-2012-sonobat,unspecified,,,,,,,,,,,body_mass,species_summary,4.69,,,g,,,4.69,ok,
collen2012-1005355,1005355,Murina ussuriensis,exact,collen-2012,"Appendix F, pp. 337-392",collen-2012-sonobat,unspecified,,,,,,,,,,,call_shape_class,single,7,,,,,,7,ok,
collen2012-1005355,1005355,Murina ussuriensis,exact,collen-2012,"Appendix F, pp. 337-392",collen-2012-sonobat,unspecified,,,,,,,,,,,dominant_slope,species_summary,40.56,,,kHz/msec,,,40.56,ok,
collen2012-1005355,1005355,Murina ussuriensis,exact,collen-2012,"Appendix F, pp. 337-392",collen-2012-sonobat,unspecified,,,,,,,,,,,duration,species_summary,1.84,,,ms,,,1.84,ok,
collen2012-1005355,1005355,Murina ussuriensis,exact,collen-2012,"Appendix F, pp. 337-392",collen-2012-sonobat,unspecified,,,,,,,,,,,max_frequency,species_summary,115.90,,,kHz,,,115.90,ok,
collen2012-1005355,1005355,Murina ussuriensis,exact,collen-2012,"Appendix F, pp. 337-392",collen-2012-sonobat,unspecified,,,,,,,,,,,min_frequency,species_summary,43.35,,,kHz,,,43.35,ok,
collen2012-1005355,1005355,Murina ussuriensis,exact,collen-2012,"Appendix F, pp. 337-392",collen-2012-sonobat,unspecified,,,,,,,,,,,peak_frequency,species_summary,67.14,,,kHz,,,67.14,ok,
collen2012-1005355,1005355,Murina ussuriensis,exact,collen-2012,"Appendix F, pp. 337-392",collen-2012-sonobat,unspecified,,,,,,,,,,,total_slope,species_summary,40.94,,,kHz/msec,,,40.94,ok,
collen2012-1005358,1005358,Myotis adversus,exact,collen-2012,"Appendix F, pp. 337-392",collen-2012-sonobat,unspecified,,,,,,,,,,,body_mass,species_summary,10.41,,,g,,,10.41,ok,
collen2012-1005358,1005358,Myotis adversus,exact,collen-2012,"Appendix F, pp. 337-392",collen-2012-sonobat,unspecified,,,,,,,,,,,duration,species_summary,4.68,,,ms,,,4.68,ok,
collen2012-1005358,1005358,Myotis adversus,exact,collen-2012,"Appendix F, pp. 337-392",collen-2012-sonobat,unspecified,,,,,,,,,,,max_frequency,species_summary,82,,,kHz,,,82,ok,
collen2012-1005358,1005358,Myotis adversus,exact,collen-2012,"Appendix F, pp. 337-392",collen-2012-sonobat,unspecified,,,,,,,,,,,min_frequency,species_summary,30.00,,,kHz,,,30.00,ok,
collen2012-1005358,1005358,Myotis adversus,exact,collen-2012,"Appendix F, pp. 337-392",collen-2012-sonobat,unspecified,,,,,,,,,,,peak_frequency,species_summary,46.00,,,kHz,,,46.00,ok,
collen2012-1005359,1005359,Myotis albescens,exact,collen-2012,"Appendix F, pp. 337-392",collen-2012-sonobat,unspecified,,,,,,,,,,,bandwidth,species_summary,44.23,,,kHz,,,44.23,ok,
collen2012-1005359,1005359,Myotis albescens,exact,collen-2012,"Appendix F, pp. 337-392",collen-2012-sonobat,unspecified,,,,,,,,,,,body_mass,species_summary,5.69,,,g,,,5.69,ok,
collen2012-1005359,1005359,Myotis albescens,exact,collen-2012,"Appendix F, pp. 337-392",collen-2012-sonobat,unspecified,,,,,,,,,,,call_shape_class,single,7,,,,,,7,ok,
collen2012-1005359,1005359,Myotis albescens,exact,collen-2012,"Appendix F, pp. 337-392",collen-2012-sonobat,unspecified,,,,,,,,,,,dominant_slope,species_summary,32.33,,,kHz/msec,,,32.33,ok,
collen2012-1005359,1005359,Myotis albescens,exact,collen-2012,"Appendix F, pp. 337-392",collen-2012-sonobat,unspecified,,,,,,,,,,,duration,species_summary,1.49,,,ms,,,1.49,ok,
collen2012-1005359,1005359,Myotis albescens,exact,collen-2012,"Appendix F, pp. 337-392",collen-2012-sonobat,unspecified,,,,,,,,,,,max_frequency,species_summary,102.98,,,kHz,,,102.98,ok,
collen2012-1005359,1005359,Myotis albescens,exact,collen-2012,"Appendix F, pp. 337-392",collen-2012-sonobat,unspecified,,,,,,,,,,,min_frequency,species_summary,58.75,,,kHz,,,58.75,ok,
collen2012-1005359,1005359,Myotis albescens,exact,collen-2012,"Appendix F, pp. 337-392",collen-2012-sonobat,unspecified,,,,,,,,,,,peak_frequency,species_summary,73.02,,,kHz,,,73.02,ok,
collen2012-1005359,1005359,Myotis albescens,exact,collen-2012,"Appendix F, pp. 337-392",collen-2012-sonobat,unspecified,,,,,,,,,,,total_slope,species_summary,30.09,,,kHz/msec,,,30.09,ok,
collen2012-1005360,1005360,Myotis alcathoe,exact,collen-2012,"Appendix F, pp. 337-392",collen-2012-sonobat,unspecified,,,,,,,,,,,bandwidth,species_summary,51.15,,,kHz,,,51.15,ok,
collen2012-1005360,1005360,Myotis alcathoe,exact,collen-2012,"Appendix F, pp. 337-392",collen-2012-sonobat,unspecified,,,,,,,,,,,call_shape_class,single,7,,,,,,7,ok,
collen2012-1005360,1005360,Myotis alcathoe,exact,collen-2012,"Appendix F, pp. 337-392",collen-2012-sonobat,unspecified,,,,,,,,,,,dominant_slope,species_summary,28.62,,,kHz/msec,,,28.62,ok,
collen2012-1005360,1005360,Myotis alcathoe,exact,collen-2012,"Appendix F, pp. 337-392",collen-2012-sonobat,unspecified,,,,,,,,,,,duration,species_summary,2.24,,,ms,,,2.24,ok,
collen2012-1005360,1005360,Myotis alcathoe,exact,collen-2012,"Appendix F, pp. 337-392",collen-2012-sonobat,unspecified,,,,,,,,,,,max_frequency,species_summary,96.18,,,kHz,,,96.18,ok,
collen2012-1005360,1005360,Myotis alcathoe,exact,collen-2012,"Appendix F, pp. 337-392",collen-2012-sonobat,unspecified,,,,,,,,,,,min_frequency,species_summary,44.87,,,kHz,,,44.87,ok,
collen2012-1005360,1005360,Myotis alcathoe,exact,collen-2012,"Appendix F, pp. 337-392",collen-2012-sonobat,unspecified,,,,,,,,,,,peak_frequency,species_summary,59.74,,,kHz,,,59.74,ok,
collen2012-1005360,1005360,Myotis alcathoe,exact,collen-2012,"Appendix F, pp. 337-392",collen-2012-sonobat,unspecified,,,,,,,,,,,total_slope,species_summary,25.17,,,kHz/msec,,,25.17,ok,
collen2012-1005370,1005370,Myotis auriculus,exact,collen-2012,"Appendix F, pp. 337-392",collen-2012-sonobat,unspecified,,,,,,,,,,,bandwidth,species_summary,59.76,,,kHz,,,59.76,ok,
collen2012-1005370,1005370,Myotis auriculus,exact,collen-2012,"Appendix F, pp. 337-392",collen-2012-sonobat,unspecified,,,,,,,,,,,body_mass,species_summary,38.04,,,g,,,38.04,ok,
collen2012-1005370,1005370,Myotis auriculus,exact,collen-2012,"Appendix F, pp. 337-392",collen-2012-sonobat,unspecified,,,,,,,,,,,call_shape_class,single,7,,,,,,7,ok,
collen2012-1005370,1005370,Myotis auriculus,exact,collen-2012,"Appendix F, pp. 337-392",collen-2012-sonobat,unspecified,,,,,,,,,,,dominant_slope,species_summary,19.93,,,kHz/msec,,,19.93,ok,
collen2012-1005370,1005370,Myotis auriculus,exact,collen-2012,"Appendix F, pp. 337-392",collen-2012-sonobat,unspecified,,,,,,,,,,,duration,species_summary,3.46,,,ms,,,3.46,ok,
collen2012-1005370,1005370,Myotis auriculus,exact,collen-2012,"Appendix F, pp. 337-392",collen-2012-sonobat,unspecified,,,,,,,,,,,max_frequency,species_summary,96.08,,,kHz,,,96.08,ok,
collen2012-1005370,1005370,Myotis auriculus,exact,collen-2012,"Appendix F, pp. 337-392",collen-2012-sonobat,unspecified,,,,,,,,,,,min_frequency,species_summary,35.97,,,kHz,,,35.97,ok,
collen2012-1005370,1005370,Myotis auriculus,exact,collen-2012,"Appendix F, pp. 337-392",collen-2012-sonobat,unspecified,,,,,,,,,,,peak_frequency,species_summary,49.60,,,kHz,,,49.60,ok,
collen2012-1005370,1005370,Myotis auriculus,exact,collen-2012,"Appendix F, pp. 337-392",collen-2012-sonobat,unspecified,,,,,,,,,,,total_slope,species_summary,19.42,,,kHz/msec,,,19.42,ok,
collen2012-1005375,1005375,Myotis bechsteinii,exact,collen-2012,"Appendix F, pp. 337-392",collen-2012-sonobat,unspecified,,,,,,,,,,,bandwidth,species_summary,48.09,,,kHz,,,48.09,ok,
collen2012-1005375,1005375,Myotis bechsteinii,exact,collen-2012,"Appendix F, pp. 337-392",collen-2012-sonobat,unspecified,,,,,,,,,,,body_mass,species_summary,9.47,,,g,,,9.47,ok,
collen2012-1005375,1005375,Myotis bechsteinii,exact,collen-2012,"Appendix F, pp. 337-392",collen-2012-sonobat,unspecified,,,,,,,,,,,call_shape_class,single,7,,,,,,7,ok,
collen2012-1005375,1005375,Myotis bechsteinii,exact,collen-2012,"Appendix F, pp. 337-392",collen-2012-sonobat,unspecified,,,,,,,,,,,dominant_slope,species_summary,17.05,,,kHz/msec,,,17.05,ok,
collen2012-1005375,1005375,Myotis bechsteinii,exact,collen-2012,"Appendix F, pp. 337-392",collen-2012-sonobat,unspecified,,,,,,,,,,,duration,species_summary,3.51,,,ms,,,3.51,ok,
collen2012-1005375,1005375,Myotis bechsteinii,exact,collen-2012,"Appendix F, pp. 337-392",collen-2012-sonobat,unspecified,,,,,,,,,,,max_frequency,species_summary,81.20,,,kHz,,,81.20,ok,
collen2012-1005375,1005375,Myotis bechsteinii,exact,collen-2012,"Appendix F, pp. 337-392",collen-2012-sonobat,unspecified,,,,,,,,,,,min_frequency,species_summary,32.47,,,kHz,,,32.47,ok,
collen2012-1005375,1005375,Myotis bechsteinii,exact,collen-2012,"Appendix F, pp. 337-392",collen-2012-sonobat,unspecified,,,,,,,,,,,peak_frequency,species_summary,46.11,,,kHz,,,46.11,ok,
collen2012-1005375,1005375,Myotis bechsteinii,exact,collen-2012,"Appendix F, pp. 337-392",collen-2012-sonobat,unspecified,,,,,,,,,,,total_slope,species_summary,16.98,,,kHz/msec,,,16.98,ok,
collen2012-1005376,1005376,Myotis blythii,exact,collen-2012,"Appendix F, pp. 337-392",collen-2012-sonobat,unspecified,,,,,,,,,,,bandwidth,species_summary,53.72,,,kHz,,,53.72,ok,
collen2012-1005376,1005376,Myotis blythii,exact,collen-2012,"Appendix F, pp. 337-392",collen-2012-sonobat,unspecified,,,,,,,,,,,body_mass,species_summary,23.82,,,g,,,23.82,ok,
collen2012-1005376,1005376,Myotis blythii,exact,collen-2012,"Appendix F, pp. 337-392",collen-2012-sonobat,unspecified,,,,,,,,,,,call_shape_class,single,8,,,,,,8,ok,
collen2012-1005376,1005376,Myotis blythii,exact,collen-2012,"Appendix F, pp. 337-392",collen-2012-sonobat,unspecified,,,,,,,,,,,dominant_slope,species_summary,18.49,,,kHz/msec,,,18.49,ok,
collen2012-1005376,1005376,Myotis blythii,exact,collen-2012,"Appendix F, pp. 337-392",collen-2012-sonobat,unspecified,,,,,,,,,,,duration,species_summary,3.54,,,ms,,,3.54,ok,
collen2012-1005376,1005376,Myotis blythii,exact,collen-2012,"Appendix F, pp. 337-392",collen-2012-sonobat,unspecified,,,,,,,,,,,max_frequency,species_summary,83.39,,,kHz,,,83.39,ok,
collen2012-1005376,1005376,Myotis blythii,exact,collen-2012,"Appendix F, pp. 337-392",collen-2012-sonobat,unspecified,,,,,,,,,,,min_frequency,species_summary,29.94,,,kHz,,,29.94,ok,
collen2012-1005376,1005376,Myotis blythii,exact,collen-2012,"Appendix F, pp. 337-392",collen-2012-sonobat,unspecified,,,,,,,,,,,peak_frequency,species_summary,44.00,,,kHz,,,44.00,ok,
collen2012-1005376,1005376,Myotis blythii,exact,collen-2012,"Appendix F, pp. 337-392",collen-2012-sonobat,unspecified,,,,,,,,,,,total_slope,species_summary,18.30,,,kHz/msec,,,18.30,ok,
collen2012-1005377,1005377,Myotis bocagii,exact,collen-2012,"Appendix F, pp. 337-392",collen-2012-sonobat,unspecified,,,,,,,,,,,bandwidth,species_summary,36.58,,,kHz,,,36.58,ok,
collen2012-1005377,1005377,Myotis bocagii,exact,collen-2012,"Appendix F, pp. 337-392",collen-2012-sonobat,unspecified,,,,,,,,,,,body_mass,species_summary,7.93,,,g,,,7.93,ok,
collen2012-1005377,1005377,Myotis bocagii,exact,collen-2012,"Appendix F, pp. 337-392",collen-2012-sonobat,unspecified,,,,,,,,,,,call_shape_class,single,7,,,,,,7,ok,
collen2012-1005377,1005377,Myotis bocagii,exact,collen-2012,"Appendix F, pp. 337-392",collen-2012-sonobat,unspecified,,,,,,,,,,,dominant_slope,species_summary,16.70,,,kHz/msec,,,16.70,ok,
collen2012-1005377,1005377,Myotis bocagii,exact,collen-2012,"Appendix F, pp. 337-392",collen-2012-sonobat,unspecified,,,,,,,,,,,duration,species_summary,2.20,,,ms,,,2.20,ok,
collen2012-1005377,1005377,Myotis bocagii,exact,collen-2012,"Appendix F, pp. 337-392",collen-2012-sonobat,unspecified,,,,,,,,,,,max_frequency,species_summary,64.74,,,kHz,,,64.74,ok,
collen2012-1005377,1005377,Myotis bocagii,exact,collen-2012,"Appendix F, pp. 337-392",collen-2012-sonobat,unspecified,,,,,,,,,,,min_frequency,species_summary,28.17,,,kHz,,,28.17,ok,
collen2012-1005377,1005377,Myotis bocagii,exact,collen-2012,"Appendix F, pp. 337-392",collen-2012-sonobat,unspecified,,,,,,,,,,,peak_frequency,species_summary,41.26,,,kHz,,,41.26,ok,
collen2012-1005377,1005377,Myotis bocagii,exact,collen-2012,"Appendix F, pp. 337-392",collen-2012-sonobat,unspecified,,,,,,,,,,,total_slope,species_summary,16.34,,,kHz/msec,,,16.34,ok,
collen2012-1005380,1005380,Myotis brandtii,exact,collen-2012,"Appendix F, pp. 337-392",collen-2012-sonobat,unspecified,,,,,,,,,,,bandwidth,species_summary,52.67,,,kHz,,,52.67,ok,
collen2012-1005380,1005380,Myotis brandtii,exact,collen-2012,"Appendix F, pp. 337-392",collen-2012-sonobat,unspecified,,,,,,,,,,,body_mass,species_summary,5.30,,,g,,,5.30,ok,
collen2012-1005380,1005380,Myotis brandtii,exact,collen-2012,"Appendix F, pp. 337-392",collen-2012-sonobat,unspecified,,,,,,,,,,,call_shape_class,single,7,,,,,,7,ok,
collen2012-1005380,1005380,Myotis brandtii,exact,collen-2012,"Appendix F, pp. 337-392",collen-2012-sonobat,unspecified,,,,,,,,,,,dominant_slope,species_summary,20.29,,,kHz/msec,,,20.29,ok,
collen2012-1005380,1005380,Myotis brandtii,exact,collen-2012,"Appendix F, pp. 337-392",collen-2012-sonobat,unspecified,,,,,,,,,,,duration,species_summary,2.89,,,ms,,,2.89,ok,
collen2012-1005380,1005380,Myotis brandtii,exact,collen-2012,"Appendix F, pp. 337-392",collen-2012-sonobat,unspecified,,,,,,,,,,,max_frequency,species_summary,88.99,,,kHz,,,88.99,ok,
collen2012-1005380,1005380,Myotis brandtii,exact,collen-2012,"Appendix F, pp. 337-392",collen-2012-sonobat,unspecified,,,,,,,,,,,min_frequency,species_summary,35.95,,,kHz,,,35.95,ok,
collen2012-1005380,1005380,Myotis brandtii,exact,collen-2012,"Appendix F, pp. 337-392",collen-2012-sonobat,unspecified,,,,,,,,,,,peak_frequency,species_summary,49.27,,,kHz,,,49.27,ok,
collen2012-1005380,1005380,Myotis brandtii,exact,collen-2012,"Appendix F, pp. 337-392",collen-2012-sonobat,unspecified,,,,,,,,,,,total_slope,species_summary,19.53,,,kHz/msec,,,19.53,ok,
collen2012-1005383,1005383,Myotis californicus,exact,collen-2012,"Appendix F, pp. 337-392",collen-2012-sonobat,unspecified,,,,,,,,,,,bandwidth,species_summary,48.61,,,kHz,,,48.61,ok,
collen2012-1005383,1005383,Myotis californicus,exact,collen-2012,"Appendix F, pp. 337-392",collen-2012-sonobat,unspecified,,,,,,,,,,,body_mass,species_summary,4.39,,,g,,,4.39,ok,
collen2012-1005383,1005383,Myotis californicus,exact,collen-2012,"Appendix F, pp. 337-392",collen-2012-sonobat,unspecified,,,,,,,,,,,call_shape_class,single,7,,,,,,7,ok,
collen2012-1005383,1005383,Myotis californicus,exact,collen-2012,"Appendix F, pp. 337-392",collen-2012-sonobat,unspecified,,,,,,,,,,,dominant_slope,species_summary,14.52,,,kHz/msec,,,14.52,ok,
collen2012-1005383,1005383,Myotis californicus,exact,collen-2012,"Appendix F, pp. 337-392",collen-2012-sonobat,unspecified,,,,,,,,,,,duration,species_summary,3.29,,,ms,,,3.29,ok,
collen2012-1005383,1005383,Myotis californicus,exact,collen-2012,"Appendix F, pp. 337-392",collen-2012-sonobat,unspecified,,,,,,,,,,,max_frequency,species_summary,86.01,,,kHz,,,86.01,ok,
collen2012-1005383,1005383,Myotis californicus,exact,collen-2012,"Appendix F, pp. 337-392",collen-2012-sonobat,unspecified,,,,,,,,,,,min_frequency,species_summary,37.55,,,kHz,,,37.55,ok,
collen2012-1005383,1005383,Myotis californicus,exact,collen-2012,"Appendix F, pp. 337-392",collen-2012-sonobat,unspecified,,,,,,,,,,,peak_frequency,species_summary,51.44,,,kHz,,,51.44,ok,
collen2012-1005383,1005383,Myotis californicus,exact,collen-2012,"Appendix F, pp. 337-392",collen-2012-sonobat,unspecified,,,,,,,,,,,total_slope,species_summary,14.83,,,kHz/msec,,,14.83,ok,
collen2012-1005384,1005384,Myotis capaccinii,exact,collen-2012,"Appendix F, pp. 337-392",collen-2012-sonobat,unspecified,,,,,,,,,,,bandwidth,species_summary,41.38,,,kHz,,,41.38,ok,
collen2012-1005384,1005384,Myotis capaccinii,exact,collen-2012,"Appendix F, pp. 337-392",collen-2012-sonobat,unspecified,,,,,,,,,,,body_mass,species_summary,8.15,,,g,,,8.15,ok,
collen2012-1005384,1005384,Myotis capaccinii,exact,collen-2012,"Appendix F, pp. 337-392",collen-2012-sonobat,unspecified,,,,,,,,,,,call_shape_class,single,7,,,,,,7,ok,
collen2012-1005384,1005384,Myotis capaccinii,exact,collen-2012,"Appendix F, pp. 337-392",collen-2012-sonobat,unspecified,,,,,,,,,,,dominant_slope,species_summary,9.53,,,kHz/msec,,,9.53,ok,
collen2012-1005384,1005384,Myotis capaccinii,exact,collen-2012,"Appendix F, pp. 337-392",collen-2012-sonobat,unspecified,,,,,,,,,,,duration,species_summary,3.55,,,ms,,,3.55,ok,
collen2012-1005384,1005384,Myotis capaccinii,exact,collen-2012,"Appendix F, pp. 337-392",collen-2012-sonobat,unspecified,,,,,,,,,,,max_frequency,species_summary,78.39,,,kHz,,,78.39,ok,
collen2012-1005384,1005384,Myotis capaccinii,exact,collen-2012,"Appendix F, pp. 337-392",collen-2012-sonobat,unspecified,,,,,,,,,,,min_frequency,species_summary,36.97,,,kHz,,,36.97,ok,
collen2012-1005384,1005384,Myotis capaccinii,exact,collen-2012,"Appendix F, pp. 337-392",collen-2012-sonobat,unspecified,,,,,,,,,,,peak_frequency,species_summary,52.27,,,kHz,,,52.27,ok,
collen2012-1005384,1005384,Myotis capaccinii,exact,collen-2012,"Appendix F, pp. 337-392",collen-2012-sonobat,unspecified,,,,,,,,,,,total_slope,species_summary,11.40,,,kHz/msec,,,11.40,ok,
collen2012-1005387,1005387,Myotis chiloensis,exact,collen-2012,"Appendix F, pp. 337-392",collen-2012-sonobat,unspecified,,,,,,,,,,,body_mass,species_summary,8.41,,,g,,,8.41,ok,
collen2012-1005387,1005387,Myotis chiloensis,exact,collen-2012,"Appendix F, pp. 337-392",collen-2012-sonobat,unspecified,,,,,,,,,,,duration,species_summary,2.10,,,ms,,,2.10,ok,
collen2012-1005387,1005387,Myotis chiloensis,exact,collen-2012,"Appendix F, pp. 337-392",collen-2012-sonobat,unspecified,,,,,,,,,,,peak_frequency,species_summary,43.4,,,kHz,,,43.4,ok,
collen2012-1005388,1005388,Myotis chinensis,exact,collen-2012,"Appendix F, pp. 337-392",collen-2012-sonobat,unspecified,,,,,,,,,,,bandwidth,species_summary,33.68,,,kHz,,,33.68,ok,
collen2012-1005388,1005388,Myotis chinensis,exact,collen-2012,"Appendix F, pp. 337-392",collen-2012-sonobat,unspecified,,,,,,,,,,,body_mass,species_summary,41.99,,,g,,,41.99,ok,
collen2012-1005388,1005388,Myotis chinensis,exact,collen-2012,"Appendix F, pp. 337-392",collen-2012-sonobat,unspecified,,,,,,,,,,,call_shape_class,single,7,,,,,,7,ok,
collen2012-1005388,1005388,Myotis chinensis,exact,collen-2012,"Appendix F, pp. 337-392",collen-2012-sonobat,unspecified,,,,,,,,,,,dominant_slope,species_summary,7.02,,,kHz/msec,,,7.02,ok,
collen2012-1005388,1005388,Myotis chinensis,exact,collen-2012,"Appendix F, pp. 337-392",collen-2012-sonobat,unspecified,,,,,,,,,,,duration,species_summary,4.56,,,ms,,,4.56,ok,
collen2012-1005388,1005388,Myotis chinensis,exact,collen-2012,"Appendix F, pp. 337-392",collen-2012-sonobat,unspecified,,,,,,,,,,,max_frequency,species_summary,59.10,,,kHz,,,59.10,ok,
collen2012-1005388,1005388,Myotis chinensis,exact,collen-2012,"Appendix F, pp. 337-392",collen-2012-sonobat,unspecified,,,,,,,,,,,min_frequency,species_summary,25.30,,,kHz,,,25.30,ok,
collen2012-1005388,1005388,Myotis chinensis,exact,collen-2012,"Appendix F, pp. 337-392",collen-2012-sonobat,unspecified,,,,,,,,,,,peak_frequency,species_summary,34.47,,,kHz,,,34.47,ok,
collen2012-1005388,1005388,Myotis chinensis,exact,collen-2012,"Appendix F, pp. 337-392",collen-2012-sonobat,unspecified,,,,,,,,,,,total_slope,species_summary,8.55,,,kHz/msec,,,8.55,ok,
collen2012-1005394,1005394,Myotis dasycneme,exact,collen-2012,"Appendix F, pp. 337-392",collen-2012-sonobat,unspecified,,,,,,,,,,,bandwidth,species_summary,32.90,,,kHz,,,32.90,ok,
collen2012-1005394,1005394,Myotis dasycneme,exact,collen-2012,"Appendix F, pp. 337-392",collen-2012-sonobat,unspecified,,,,,,,,,,,body_mass,species_summary,15.16,,,g,,,15.16,ok,
collen2012-1005394,1005394,Myotis dasycneme,exact,collen-2012,"Appendix F, pp. 337-392",collen-2012-sonobat,unspecified,,,,,,,,,,,call_shape_class,single,7,,,,,,7,ok,
collen2012-1005394,1005394,Myotis dasycneme,exact,collen-2012,"Appendix F, pp. 337-392",collen-2012-sonobat,unspecified,,,,,,,,,,,dominant_slope,species_summary,5.38,,,kHz/msec,,,5.38,ok,
collen2012-1005394,1005394,Myotis dasycneme,exact,collen-2012,"Appendix F, pp. 337-392",collen-2012-sonobat,unspecified,,,,,,,,,,,duration,species_summary,4.45,,,ms,,,4.45,ok,
collen2012-1005394,1005394,Myotis dasycneme,exact,collen-2012,"Appendix F, pp. 337-392",collen-2012-sonobat,unspecified,,,,,,,,,,,max_frequency,species_summary,60.86,,,kHz,,,60.86,ok,
collen2012-1005394,1005394,Myotis dasycneme,exact,collen-2012,"Appendix F, pp. 337-392",collen-2012-sonobat,unspecified,,,,,,,,,,,min_frequency,species_summary,28.15,,,kHz,,,28.15,ok,
collen2012-1005394,1005394,Myotis dasycneme,exact,collen-2012,"Appendix F, pp. 337-392",collen-2012-sonobat,unspecified,,,,,,,,,,,peak_frequency,species_summary,39.43,,,kHz,,,39.43,ok,
collen2012-1005394,1005394,Myotis dasycneme,exact,collen-2012,"Appendix F, pp. 337-392",collen-2012-sonobat,unspecified,,,,,,,,,,,total_slope,species_summary,6.46,,,kHz/msec,,,6.46,ok,
collen2012-1005395,1005395,Myotis daubentonii,exact,collen-2012,"Appendix F, pp. 337-392",collen-2012-sonobat,unspecified,,,,,,,,,,,bandwidth,species_summary,42.78,,,kHz,,,42.78,ok,
collen2012-1005395,1005395,Myotis daubentonii,exact,collen-2012,"Appendix F, pp. 337-392",collen-2012-sonobat,unspecified,,,,,,,,,,,body_mass,species_summary,7.63,,,g,,,7.63,ok,
collen2012-1005395,1005395,Myotis daubentonii,exact,collen-2012,"Appendix F, pp. 337-392",collen-2012-sonobat,unspecified,,,,,,,,,,,call_shape_class,single,7,,,,,,7,ok,
collen2012-1005395,1005395,Myotis daubentonii,exact,collen-2012,"Appendix F, pp. 337-392",collen-2012-sonobat,unspecified,,,,,,,,,,,dominant_slope,species_summary,11.57,,,kHz/msec,,,11.57,ok,
collen2012-1005395,1005395,Myotis daubentonii,exact,collen-2012,"Appendix F, pp. 337-392",collen-2012-sonobat,unspecified,,,,,,,,,,,duration,species_summary,3.26,,,ms,,,3.26,ok,
collen2012-1005395,1005395,Myotis daubentonii,exact,collen-2012,"Appendix F, pp. 337-392",collen-2012-sonobat,unspecified,,,,,,,,,,,max_frequency,species_summary,75.79,,,kHz,,,75.79,ok,
collen2012-1005395,1005395,Myotis daubentonii,exact,collen-2012,"Appendix F, pp. 337-392",collen-2012-sonobat,unspecified,,,,,,,,,,,min_frequency,species_summary,33.09,,,kHz,,,33.09,ok,
collen2012-1005395,1005395,Myotis daubentonii,exact,collen-2012,"Appendix F, pp. 337-392",collen-2012-sonobat,unspecified,,,,,,,,,,,peak_frequency,species_summary,46.98,,,kHz,,,46.98,ok,
collen2012-1005395,1005395,Myotis daubentonii,exact,collen-2012,"Appendix F, pp. 337-392",collen-2012-sonobat,unspecified,,,,,,,,,,,total_slope,species_summary,12.72,,,kHz/msec,,,12.72,ok,
collen2012-1005400,1005400,Myotis dominicensis,exact,collen-2012,"Appendix F, pp. 337-392",collen-2012-sonobat,unspecified,,,,,,,,,,,bandwidth,species_summary,33.08,,,kHz,,,33.08,ok,
collen2012-1005400,1005400,Myotis dominicensis,exact,collen-2012,"Appendix F, pp. 337-392",collen-2012-sonobat,unspecified,,,,,,,,,,,body_mass,species_summary,6.11,,,g,,,6.11,ok,
collen2012-1005400,1005400,Myotis dominicensis,exact,collen-2012,"Appendix F, pp. 337-392",collen-2012-sonobat,unspecified,,,,,,,,,,,call_shape_class,single,7,,,,,,7,ok,
collen2012-1005400,1005400,Myotis dominicensis,exact,collen-2012,"Appendix F, pp. 337-392",collen-2012-sonobat,unspecified,,,,,,,,,,,dominant_slope,species_summary,6.80,,,kHz/msec,,,6.80,ok,
collen2012-1005400,1005400,Myotis dominicensis,exact,collen-2012,"Appendix F, pp. 337-392",collen-2012-sonobat,unspecified,,,,,,,,,,,duration,species_summary,2.90,,,ms,,,2.90,ok,
collen2012-1005400,1005400,Myotis dominicensis,exact,collen-2012,"Appendix F, pp. 337-392",collen-2012-sonobat,unspecified,,,,,,,,,,,max_frequency,species_summary,77.71,,,kHz,,,77.71,ok,
collen2012-1005400,1005400,Myotis dominicensis,exact,collen-2012,"Appendix F, pp. 337-392",collen-2012-sonobat,unspecified,,,,,,,,,,,min_frequency,species_summary,44.46,,,kHz,,,44.46,ok,
collen2012-1005400,1005400,Myotis dominicensis,exact,collen-2012,"Appendix F, pp. 337-392",collen-2012-sonobat,unspecified,,,,,,,,,,,peak_frequency,species_summary,50.78,,,kHz,,,50.78,ok,
collen2012-1005400,1005400,Myotis dominicensis,exact,collen-2012,"Appendix F, pp. 337-392",collen-2012-sonobat,unspecified,,,,,,,,,,,total_slope,species_summary,12.05,,,kHz/msec,,,12.05,ok,
collen2012-1005401,1005401,Myotis elegans,exact,collen-2012,"Appendix F, pp. 337-392",collen-2012-sonobat,unspecified,,,,,,,,,,,bandwidth,species_summary,45.92,,,kHz,,,45.92,ok,
collen2012-1005401,1005401,Myotis elegans,exact,collen-2012,"Appendix F, pp. 337-392",collen-2012-sonobat,unspecified,,,,,,,,,,,body_mass,species_summary,4.21,,,g,,,4.21,ok,
collen2012-1005401,1005401,Myotis elegans,exact,collen-2012,"Appendix F, pp. 337-392",collen-2012-sonobat,unspecified,,,,,,,,,,,call_shape_class,single,7,,,,,,7,ok,
collen2012-1005401,1005401,Myotis elegans,exact,collen-2012,"Appendix F, pp. 337-392",collen-2012-sonobat,unspecified,,,,,,,,,,,dominant_slope,species_summary,9.25,,,kHz/msec,,,9.25,ok,
collen2012-1005401,1005401,Myotis elegans,exact,collen-2012,"Appendix F, pp. 337-392",collen-2012-sonobat,unspecified,,,,,,,,,,,duration,species_summary,2.61,,,ms,,,2.61,ok,
collen2012-1005401,1005401,Myotis elegans,exact,collen-2012,"Appendix F, pp. 337-392",collen-2012-sonobat,unspecified,,,,,,,,,,,max_frequency,species_summary,101.16,,,kHz,,,101.16,ok,
collen2012-1005401,1005401,Myotis elegans,exact,collen-2012,"Appendix F, pp. 337-392",collen-2012-sonobat,unspecified,,,,,,,,,,,min_frequency,species_summary,55.92,,,kHz,,,55.92,ok,
collen2012-1005401,1005401,Myotis elegans,exact,collen-2012,"Appendix F, pp. 337-392",collen-2012-sonobat,unspecified,,,,,,,,,,,peak_frequency,species_summary,66.28,,,kHz,,,66.28,ok,
collen2012-1005401,1005401,Myotis elegans,exact,collen-2012,"Appendix F, pp. 337-392",collen-2012-sonobat,unspecified,,,,,,,,,,,total_slope,species_summary,17.90,,,kHz/msec,,,17.90,ok,
collen2012-1005402,1005402,Myotis emarginatus,exact,collen-2012,"Appendix F, pp. 337-392",collen-2012-sonobat,unspecified,,,,,,,,,,,bandwidth,species_summary,54.29,,,kHz,,,54.29,ok,
collen2012-1005402,1005402,Myotis emarginatus,exact,collen-2012,"Appendix F, pp. 337-392",collen-2012-sonobat,unspecified,,,,,,,,,,,body_mass,species_summary,7.56,,,g,,,7.56,ok,
collen2012-1005402,1005402,Myotis emarginatus,exact,collen-2012,"Appendix F, pp. 337-392",collen-2012-sonobat,unspecified,,,,,,,,,,,call_shape_class,single,7,,,,,,7,ok,
collen2012-1005402,1005402,Myotis emarginatus,exact,collen-2012,"Appendix F, pp. 337-392",collen-2012-sonobat,unspecified,,,,,,,,,,,dominant_slope,species_summary,27.27,,,kHz/msec,,,27.27,ok,
collen2012-1005402,1005402,Myotis emarginatus,exact,collen-2012,"Appendix F, pp. 337-392",collen-2012-sonobat,unspecified,,,,,,,,,,,duration,species_summary,2.15,,,ms,,,2.15,ok,
collen2012-1005402,1005402,Myotis emarginatus,exact,collen-2012,"Appendix F, pp. 337-392",collen-2012-sonobat,unspecified,,,,,,,,,,,max_frequency,species_summary,97.23,,,kHz,,,97.23,ok,
collen2012-1005402,1005402,Myotis emarginatus,exact,collen-2012,"Appendix F, pp. 337-392",collen-2012-sonobat,unspecified,,,,,,,,,,,min_frequency,species_summary,42.95,,,kHz,,,42.95,ok,
collen2012-1005402,1005402,Myotis emarginatus,exact,collen-2012,"Appendix F, pp. 337-392",collen-2012-sonobat,unspecified,,,,,,,,,,,peak_frequency,species_summary,60.75,,,kHz,,,60.75,ok,
collen2012-1005402,1005402,Myotis emarginatus,exact,collen-2012,"Appendix F, pp. 337-392",collen-2012-sonobat,unspecified,,,,,,,,,,,total_slope,species_summary,25.96,,,kHz/msec,,,25.96,ok,
collen2012-1005404,1005404,Myotis evotis,exact,collen-2012,"Appendix F, pp. 337-392",collen-2012-sonobat,unspecified,,,,,,,,,,,bandwidth,species_summary,40.00,,,kHz,,,40.00,ok,
collen2012-1005404,1005404,Myotis evotis,exact,collen-2012,"Appendix F, pp. 337-392",collen-2012-sonobat,unspecified,,,,,,,,,,,body_mass,species_summary,6.91,,,g,,,6.91,ok,
collen2012-1005404,1005404,Myotis evotis,exact,collen-2012,"Appendix F, pp. 337-392",collen-2012-sonobat,unspecified,,,,,,,,,,,duration,species_summary,2.72,,,ms,,,2.72,ok,
collen2012-1005404,1005404,Myotis evotis,exact,collen-2012,"Appendix F, pp. 337-392",collen-2012-sonobat,unspecified,,,,,,,,,,,max_frequency,species_summary,80,,,kHz,,,80,ok,
collen2012-1005404,1005404,Myotis evotis,exact,collen-2012,"Appendix F, pp. 337-392",collen-2012-sonobat,unspecified,,,,,,,,,,,min_frequency,species_summary,40,,,kHz,,,40,ok,
collen2012-1005404,1005404,Myotis evotis,exact,collen-2012,"Appendix F, pp. 337-392",collen-2012-sonobat,unspecified,,,,,,,,,,,peak_frequency,species_summary,52.00,,,kHz,,,52.00,ok,
collen2012-1005406,1005406,Myotis fimbriatus,exact,collen-2012,"Appendix F, pp. 337-392",collen-2012-sonobat,unspecified,,,,,,,,,,,bandwidth,species_summary,58.95,,,kHz,,,58.95,ok,
collen2012-1005406,1005406,Myotis fimbriatus,exact,collen-2012,"Appendix F, pp. 337-392",collen-2012-sonobat,unspecified,,,,,,,,,,,call_shape_class,single,7,,,,,,7,ok,
collen2012-1005406,1005406,Myotis fimbriatus,exact,collen-2012,"Appendix F, pp. 337-392",collen-2012-sonobat,unspecified,,,,,,,,,,,dominant_slope,species_summary,20.77,,,kHz/msec,,,20.77,ok,
collen2012-1005406,1005406,Myotis fimbriatus,exact,collen-2012,"Appendix F, pp. 337-392",collen-2012-sonobat,unspecified,,,,,,,,,,,duration,species_summary,2.80,,,ms,,,2.80,ok,
collen2012-1005406,1005406,Myotis fimbriatus,exact,collen-2012,"Appendix F, pp. 337-392",collen-2012-sonobat,unspecified,,,,,,,,,,,max_frequency,species_summary,74.56,,,kHz,,,74.56,ok,
collen2012-1005406,1005406,Myotis fimbriatus,exact,collen-2012,"Appendix F, pp. 337-392",collen-2012-sonobat,unspecified,,,,,,,,,,,min_frequency,species_summary,15.45,,,kHz,,,15.45,ok,
collen2012-1005406,1005406,Myotis fimbriatus,exact,collen-2012,"Appendix F, pp. 337-392",collen-2012-sonobat,unspecified,,,,,,,,,,,peak_frequency,species_summary,26.34,,,kHz,,,26.34,ok,
collen2012-1005406,1005406,Myotis fimbriatus,exact,collen-2012,"Appendix F, pp. 337-392",collen-2012-sonobat,unspecified,,,,,,,,,,,total_slope,species_summary,23.03,,,kHz/msec,,,23.03,ok,
collen2012-1005408,1005408,Myotis formosus,exact,collen-2012,"Appendix F, pp. 337-392",collen-2012-sonobat,unspecified,,,,,,,,,,,bandwidth,species_summary,54.36,,,kHz,,,54.36,ok,
collen2012-1005408,1005408,Myotis formosus,exact,collen-2012,"Appendix F, pp. 337-392",collen-2012-sonobat,unspecified,,,,,,,,,,,body_mass,species_summary,7.07,,,g,,,7.07,ok,
collen2012-1005408,1005408,Myotis formosus,exact,collen-2012,"Appendix F, pp. 337-392",collen-2012-sonobat,unspecified,,,,,,,,,,,call_shape_class,single,7,,,,,,7,ok,
collen2012-1005408,1005408,Myotis formosus,exact,collen-2012,"Appendix F, pp. 337-392",collen-2012-sonobat,unspecified,,,,,,,,,,,dominant_slope,species_summary,28.42,,,kHz/msec,,,28.42,ok,
collen2012-1005408,1005408,Myotis formosus,exact,collen-2012,"Appendix F, pp. 337-392",collen-2012-sonobat,unspecified,,,,,,,,,,,duration,species_summary,2.35,,,ms,,,2.35,ok,
collen2012-1005408,1005408,Myotis formosus,exact,collen-2012,"Appendix F, pp. 337-392",collen-2012-sonobat,unspecified,,,,,,,,,,,max_frequency,species_summary,93.39,,,kHz,,,93.39,ok,
collen2012-1005408,1005408,Myotis formosus,exact,collen-2012,"Appendix F, pp. 337-392",collen-2012-sonobat,unspecified,,,,,,,,,,,min_frequency,species_summary,38.92,,,kHz,,,38.92,ok,
collen2012-1005408,1005408,Myotis formosus,exact,collen-2012,"Appendix F, pp. 337-392",collen-2012-sonobat,unspecified,,,,,,,,,,,peak_frequency,species_summary,54.26,,,kHz,,,54.26,ok,
collen2012-1005408,1005408,Myotis formosus,exact,collen-2012,"Appendix F, pp. 337-392",collen-2012-sonobat,unspecified,,,,,,,,,,,total_slope,species_summary,25.92,,,kHz/msec,,,25.92,ok,
collen2012-1005410,1005410,Myotis frater,exact,collen-2012,"Appendix F, pp. 337-392",collen-2012-sonobat,unspecified,,,,,,,,,,,bandwidth,species_summary,60.6,,,kHz,,,60.6,ok,
collen2012-1005410,1005410,Myotis frater,exact,collen-2012,"Appendix F, pp. 337-392",collen-2012-sonobat,unspecified,,,,,,,,,,,body_mass,species_summary,7.54,,,g,,,7.54,ok,
collen2012-1005410,1005410,Myotis frater,exact,collen-2012,"Appendix F, pp. 337-392",collen-2012-sonobat,unspecified,,,,,,,,,,,duration,species_summary,3.50,,,ms,,,3.50,ok,
collen2012-1005410,1005410,Myotis frater,exact,collen-2012,"Appendix F, pp. 337-392",collen-2012-sonobat,unspecified,,,,,,,,,,,max_frequency,species_summary,110.80,,,kHz,,,110.80,ok,
collen2012-1005410,1005410,Myotis frater,exact,collen-2012,"Appendix F, pp. 337-392",collen-2012-sonobat,unspecified,,,,,,,,,,,min_frequency,species_summary,50.20,,,kHz,,,50.20,ok,
collen2012-1005412-goudoti,1005412,Myotis goudoti,synonym_via_mdd,collen-2012,"Appendix F, pp. 337-392",collen-2012-sonobat,unspecified,,,,,,,,,,,bandwidth,species_summary,58.34,,,kHz,,,58.34,ok,Printed in the source as a separate species; the current taxonomy treats it as Myotis goudotii.
collen2012-1005412-goudoti,1005412,Myotis goudoti,synonym_via_mdd,collen-2012,"Appendix F, pp. 337-392",collen-2012-sonobat,unspecified,,,,,,,,,,,body_mass,species_summary,5.56,,,g,,,5.56,ok,Printed in the source as a separate species; the current taxonomy treats it as Myotis goudotii.
collen2012-1005412-goudoti,1005412,Myotis goudoti,synonym_via_mdd,collen-2012,"Appendix F, pp. 337-392",collen-2012-sonobat,unspecified,,,,,,,,,,,call_shape_class,single,7,,,,,,7,ok,Printed in the source as a separate species; the current taxonomy treats it as Myotis goudotii.
collen2012-1005412-goudoti,1005412,Myotis goudoti,synonym_via_mdd,collen-2012,"Appendix F, pp. 337-392",collen-2012-sonobat,unspecified,,,,,,,,,,,dominant_slope,species_summary,15.50,,,kHz/msec,,,15.50,ok,Printed in the source as a separate species; the current taxonomy treats it as Myotis goudotii.
collen2012-1005412-goudoti,1005412,Myotis goudoti,synonym_via_mdd,collen-2012,"Appendix F, pp. 337-392",collen-2012-sonobat,unspecified,,,,,,,,,,,duration,species_summary,3.01,,,ms,,,3.01,ok,Printed in the source as a separate species; the current taxonomy treats it as Myotis goudotii.
collen2012-1005412-goudoti,1005412,Myotis goudoti,synonym_via_mdd,collen-2012,"Appendix F, pp. 337-392",collen-2012-sonobat,unspecified,,,,,,,,,,,max_frequency,species_summary,103.93,,,kHz,,,103.93,ok,Printed in the source as a separate species; the current taxonomy treats it as Myotis goudotii.
collen2012-1005412-goudoti,1005412,Myotis goudoti,synonym_via_mdd,collen-2012,"Appendix F, pp. 337-392",collen-2012-sonobat,unspecified,,,,,,,,,,,min_frequency,species_summary,45.62,,,kHz,,,45.62,ok,Printed in the source as a separate species; the current taxonomy treats it as Myotis goudotii.
collen2012-1005412-goudoti,1005412,Myotis goudoti,synonym_via_mdd,collen-2012,"Appendix F, pp. 337-392",collen-2012-sonobat,unspecified,,,,,,,,,,,peak_frequency,species_summary,64.37,,,kHz,,,64.37,ok,Printed in the source as a separate species; the current taxonomy treats it as Myotis goudotii.
collen2012-1005412-goudoti,1005412,Myotis goudoti,synonym_via_mdd,collen-2012,"Appendix F, pp. 337-392",collen-2012-sonobat,unspecified,,,,,,,,,,,total_slope,species_summary,19.65,,,kHz/msec,,,19.65,ok,Printed in the source as a separate species; the current taxonomy treats it as Myotis goudotii.
collen2012-1005415,1005415,Myotis hasseltii,exact,collen-2012,"Appendix F, pp. 337-392",collen-2012-sonobat,unspecified,,,,,,,,,,,bandwidth,species_summary,42.67,,,kHz,,,42.67,ok,
collen2012-1005415,1005415,Myotis hasseltii,exact,collen-2012,"Appendix F, pp. 337-392",collen-2012-sonobat,unspecified,,,,,,,,,,,body_mass,species_summary,8.70,,,g,,,8.70,ok,
collen2012-1005415,1005415,Myotis hasseltii,exact,collen-2012,"Appendix F, pp. 337-392",collen-2012-sonobat,unspecified,,,,,,,,,,,call_shape_class,single,7,,,,,,7,ok,
collen2012-1005415,1005415,Myotis hasseltii,exact,collen-2012,"Appendix F, pp. 337-392",collen-2012-sonobat,unspecified,,,,,,,,,,,dominant_slope,species_summary,6.53,,,kHz/msec,,,6.53,ok,
collen2012-1005415,1005415,Myotis hasseltii,exact,collen-2012,"Appendix F, pp. 337-392",collen-2012-sonobat,unspecified,,,,,,,,,,,duration,species_summary,5.63,,,ms,,,5.63,ok,
collen2012-1005415,1005415,Myotis hasseltii,exact,collen-2012,"Appendix F, pp. 337-392",collen-2012-sonobat,unspecified,,,,,,,,,,,max_frequency,species_summary,79.95,,,kHz,,,79.95,ok,
collen2012-1005415,1005415,Myotis hasseltii,exact,collen-2012,"Appendix F, pp. 337-392",collen-2012-sonobat,unspecified,,,,,,,,,,,min_frequency,species_summary,37.26,,,kHz,,,37.26,ok,
collen2012-1005415,1005415,Myotis hasseltii,exact,collen-2012,"Appendix F, pp. 337-392",collen-2012-sonobat,unspecified,,,,,,,,,,,peak_frequency,species_summary,47.72,,,kHz,,,47.72,ok,
collen2012-1005415,1005415,Myotis hasseltii,exact,collen-2012,"Appendix F, pp. 337-392",collen-2012-sonobat,unspecified,,,,,,,,,,,total_slope,species_summary,7.88,,,kHz/msec,,,7.88,ok,
collen2012-1005420,1005420,Myotis ikonnikovi,exact,collen-2012,"Appendix F, pp. 337-392",collen-2012-sonobat,unspecified,,,,,,,,,,,bandwidth,species_summary,59.03,,,kHz,,,59.03,ok,
collen2012-1005420,1005420,Myotis ikonnikovi,exact,collen-2012,"Appendix F, pp. 337-392",collen-2012-sonobat,unspecified,,,,,,,,,,,body_mass,species_summary,5.86,,,g,,,5.86,ok,
collen2012-1005420,1005420,Myotis ikonnikovi,exact,collen-2012,"Appendix F, pp. 337-392",collen-2012-sonobat,unspecified,,,,,,,,,,,call_shape_class,single,7,,,,,,7,ok,
collen2012-1005420,1005420,Myotis ikonnikovi,exact,collen-2012,"Appendix F, pp. 337-392",collen-2012-sonobat,unspecified,,,,,,,,,,,dominant_slope,species_summary,32.42,,,kHz/msec,,,32.42,ok,
collen2012-1005420,1005420,Myotis ikonnikovi,exact,collen-2012,"Appendix F, pp. 337-392",collen-2012-sonobat,unspecified,,,,,,,,,,,duration,species_summary,2.18,,,ms,,,2.18,ok,
collen2012-1005420,1005420,Myotis ikonnikovi,exact,collen-2012,"Appendix F, pp. 337-392",collen-2012-sonobat,unspecified,,,,,,,,,,,max_frequency,species_summary,98.73,,,kHz,,,98.73,ok,
collen2012-1005420,1005420,Myotis ikonnikovi,exact,collen-2012,"Appendix F, pp. 337-392",collen-2012-sonobat,unspecified,,,,,,,,,,,min_frequency,species_summary,40.02,,,kHz,,,40.02,ok,
collen2012-1005420,1005420,Myotis ikonnikovi,exact,collen-2012,"Appendix F, pp. 337-392",collen-2012-sonobat,unspecified,,,,,,,,,,,peak_frequency,species_summary,48.34,,,kHz,,,48.34,ok,
collen2012-1005420,1005420,Myotis ikonnikovi,exact,collen-2012,"Appendix F, pp. 337-392",collen-2012-sonobat,unspecified,,,,,,,,,,,total_slope,species_summary,28.24,,,kHz/msec,,,28.24,ok,
collen2012-1005424,1005424,Myotis keaysi,exact,collen-2012,"Appendix F, pp. 337-392",collen-2012-sonobat,unspecified,,,,,,,,,,,bandwidth,species_summary,45.62,,,kHz,,,45.62,ok,
collen2012-1005424,1005424,Myotis keaysi,exact,collen-2012,"Appendix F, pp. 337-392",collen-2012-sonobat,unspecified,,,,,,,,,,,body_mass,species_summary,5.45,,,g,,,5.45,ok,
collen2012-1005424,1005424,Myotis keaysi,exact,collen-2012,"Appendix F, pp. 337-392",collen-2012-sonobat,unspecified,,,,,,,,,,,call_shape_class,single,8,,,,,,8,ok,
collen2012-1005424,1005424,Myotis keaysi,exact,collen-2012,"Appendix F, pp. 337-392",collen-2012-sonobat,unspecified,,,,,,,,,,,dominant_slope,species_summary,19.29,,,kHz/msec,,,19.29,ok,
collen2012-1005424,1005424,Myotis keaysi,exact,collen-2012,"Appendix F, pp. 337-392",collen-2012-sonobat,unspecified,,,,,,,,,,,duration,species_summary,2.92,,,ms,,,2.92,ok,
collen2012-1005424,1005424,Myotis keaysi,exact,collen-2012,"Appendix F, pp. 337-392",collen-2012-sonobat,unspecified,,,,,,,,,,,max_frequency,species_summary,105.43,,,kHz,,,105.43,ok,
collen2012-1005424,1005424,Myotis keaysi,exact,collen-2012,"Appendix F, pp. 337-392",collen-2012-sonobat,unspecified,,,,,,,,,,,min_frequency,species_summary,59.33,,,kHz,,,59.33,ok,
collen2012-1005424,1005424,Myotis keaysi,exact,collen-2012,"Appendix F, pp. 337-392",collen-2012-sonobat,unspecified,,,,,,,,,,,peak_frequency,species_summary,62.93,,,kHz,,,62.93,ok,
collen2012-1005424,1005424,Myotis keaysi,exact,collen-2012,"Appendix F, pp. 337-392",collen-2012-sonobat,unspecified,,,,,,,,,,,total_slope,species_summary,18.00,,,kHz/msec,,,18.00,ok,
collen2012-1005425,1005425,Myotis keenii,exact,collen-2012,"Appendix F, pp. 337-392",collen-2012-sonobat,unspecified,,,,,,,,,,,bandwidth,species_summary,67.77,,,kHz,,,67.77,ok,
collen2012-1005425,1005425,Myotis keenii,exact,collen-2012,"Appendix F, pp. 337-392",collen-2012-sonobat,unspecified,,,,,,,,,,,body_mass,species_summary,6.51,,,g,,,6.51,ok,
collen2012-1005425,1005425,Myotis keenii,exact,collen-2012,"Appendix F, pp. 337-392",collen-2012-sonobat,unspecified,,,,,,,,,,,call_shape_class,single,7,,,,,,7,ok,
collen2012-1005425,1005425,Myotis keenii,exact,collen-2012,"Appendix F, pp. 337-392",collen-2012-sonobat,unspecified,,,,,,,,,,,dominant_slope,species_summary,40.05,,,kHz/msec,,,40.05,ok,
collen2012-1005425,1005425,Myotis keenii,exact,collen-2012,"Appendix F, pp. 337-392",collen-2012-sonobat,unspecified,,,,,,,,,,,duration,species_summary,1.14,,,ms,,,1.14,ok,
collen2012-1005425,1005425,Myotis keenii,exact,collen-2012,"Appendix F, pp. 337-392",collen-2012-sonobat,unspecified,,,,,,,,,,,max_frequency,species_summary,107.53,,,kHz,,,107.53,ok,
collen2012-1005425,1005425,Myotis keenii,exact,collen-2012,"Appendix F, pp. 337-392",collen-2012-sonobat,unspecified,,,,,,,,,,,min_frequency,species_summary,39.84,,,kHz,,,39.84,ok,
collen2012-1005425,1005425,Myotis keenii,exact,collen-2012,"Appendix F, pp. 337-392",collen-2012-sonobat,unspecified,,,,,,,,,,,peak_frequency,species_summary,59.67,,,kHz,,,59.67,ok,
collen2012-1005425,1005425,Myotis keenii,exact,collen-2012,"Appendix F, pp. 337-392",collen-2012-sonobat,unspecified,,,,,,,,,,,total_slope,species_summary,38.87,,,kHz/msec,,,38.87,ok,
collen2012-1005428,1005428,Myotis leibii,exact,collen-2012,"Appendix F, pp. 337-392",collen-2012-sonobat,unspecified,,,,,,,,,,,bandwidth,species_summary,52.90,,,kHz,,,52.90,ok,
collen2012-1005428,1005428,Myotis leibii,exact,collen-2012,"Appendix F, pp. 337-392",collen-2012-sonobat,unspecified,,,,,,,,,,,body_mass,species_summary,5.22,,,g,,,5.22,ok,
collen2012-1005428,1005428,Myotis leibii,exact,collen-2012,"Appendix F, pp. 337-392",collen-2012-sonobat,unspecified,,,,,,,,,,,call_shape_class,single,8,,,,,,8,ok,
collen2012-1005428,1005428,Myotis leibii,exact,collen-2012,"Appendix F, pp. 337-392",collen-2012-sonobat,unspecified,,,,,,,,,,,dominant_slope,species_summary,9.21,,,kHz/msec,,,9.21,ok,
collen2012-1005428,1005428,Myotis leibii,exact,collen-2012,"Appendix F, pp. 337-392",collen-2012-sonobat,unspecified,,,,,,,,,,,duration,species_summary,3.77,,,ms,,,3.77,ok,
collen2012-1005428,1005428,Myotis leibii,exact,collen-2012,"Appendix F, pp. 337-392",collen-2012-sonobat,unspecified,,,,,,,,,,,max_frequency,species_summary,91.73,,,kHz,,,91.73,ok,
collen2012-1005428,1005428,Myotis leibii,exact,collen-2012,"Appendix F, pp. 337-392",collen-2012-sonobat,unspecified,,,,,,,,,,,min_frequency,species_summary,38.88,,,kHz,,,38.88,ok,
collen2012-1005428,1005428,Myotis leibii,exact,collen-2012,"Appendix F, pp. 337-392",collen-2012-sonobat,unspecified,,,,,,,,,,,peak_frequency,species_summary,55.78,,,kHz,,,55.78,ok,
collen2012-1005428,1005428,Myotis leibii,exact,collen-2012,"Appendix F, pp. 337-392",collen-2012-sonobat,unspecified,,,,,,,,,,,total_slope,species_summary,13.31,,,kHz/msec,,,13.31,ok,
collen2012-1005431,1005431,Myotis longipes,exact,collen-2012,"Appendix F, pp. 337-392",collen-2012-sonobat,unspecified,,,,,,,,,,,bandwidth,species_summary,39.29,,,kHz,,,39.29,ok,
collen2012-1005431,1005431,Myotis longipes,exact,collen-2012,"Appendix F, pp. 337-392",collen-2012-sonobat,unspecified,,,,,,,,,,,body_mass,species_summary,7.2,,,g,,,7.2,ok,
collen2012-1005431,1005431,Myotis longipes,exact,collen-2012,"Appendix F, pp. 337-392",collen-2012-sonobat,unspecified,,,,,,,,,,,call_shape_class,single,7,,,,,,7,ok,
collen2012-1005431,1005431,Myotis longipes,exact,collen-2012,"Appendix F, pp. 337-392",collen-2012-sonobat,unspecified,,,,,,,,,,,dominant_slope,species_summary,9.53,,,kHz/msec,,,9.53,ok,
collen2012-1005431,1005431,Myotis longipes,exact,collen-2012,"Appendix F, pp. 337-392",collen-2012-sonobat,unspecified,,,,,,,,,,,duration,species_summary,5.33,,,ms,,,5.33,ok,
collen2012-1005431,1005431,Myotis longipes,exact,collen-2012,"Appendix F, pp. 337-392",collen-2012-sonobat,unspecified,,,,,,,,,,,max_frequency,species_summary,76.21,,,kHz,,,76.21,ok,
collen2012-1005431,1005431,Myotis longipes,exact,collen-2012,"Appendix F, pp. 337-392",collen-2012-sonobat,unspecified,,,,,,,,,,,min_frequency,species_summary,37.10,,,kHz,,,37.10,ok,
collen2012-1005431,1005431,Myotis longipes,exact,collen-2012,"Appendix F, pp. 337-392",collen-2012-sonobat,unspecified,,,,,,,,,,,peak_frequency,species_summary,44.64,,,kHz,,,44.64,ok,
collen2012-1005431,1005431,Myotis longipes,exact,collen-2012,"Appendix F, pp. 337-392",collen-2012-sonobat,unspecified,,,,,,,,,,,total_slope,species_summary,9.85,,,kHz/msec,,,9.85,ok,
collen2012-1005432,1005432,Myotis lucifugus,exact,collen-2012,"Appendix F, pp. 337-392",collen-2012-sonobat,unspecified,,,,,,,,,,,bandwidth,species_summary,41.15,,,kHz,,,41.15,ok,
collen2012-1005432,1005432,Myotis lucifugus,exact,collen-2012,"Appendix F, pp. 337-392",collen-2012-sonobat,unspecified,,,,,,,,,,,body_mass,species_summary,7.80,,,g,,,7.80,ok,
collen2012-1005432,1005432,Myotis lucifugus,exact,collen-2012,"Appendix F, pp. 337-392",collen-2012-sonobat,unspecified,,,,,,,,,,,call_shape_class,single,8,,,,,,8,ok,
collen2012-1005432,1005432,Myotis lucifugus,exact,collen-2012,"Appendix F, pp. 337-392",collen-2012-sonobat,unspecified,,,,,,,,,,,dominant_slope,species_summary,12.39,,,kHz/msec,,,12.39,ok,
collen2012-1005432,1005432,Myotis lucifugus,exact,collen-2012,"Appendix F, pp. 337-392",collen-2012-sonobat,unspecified,,,,,,,,,,,duration,species_summary,2.52,,,ms,,,2.52,ok,
collen2012-1005432,1005432,Myotis lucifugus,exact,collen-2012,"Appendix F, pp. 337-392",collen-2012-sonobat,unspecified,,,,,,,,,,,max_frequency,species_summary,77.15,,,kHz,,,77.15,ok,
collen2012-1005432,1005432,Myotis lucifugus,exact,collen-2012,"Appendix F, pp. 337-392",collen-2012-sonobat,unspecified,,,,,,,,,,,min_frequency,species_summary,36.55,,,kHz,,,36.55,ok,
collen2012-1005432,1005432,Myotis lucifugus,exact,collen-2012,"Appendix F, pp. 337-392",collen-2012-sonobat,unspecified,,,,,,,,,,,peak_frequency,species_summary,47.39,,,kHz,,,47.39,ok,
collen2012-1005432,1005432,Myotis lucifugus,exact,collen-2012,"Appendix F, pp. 337-392",collen-2012-sonobat,unspecified,,,,,,,,,,,total_slope,species_summary,14.87,,,kHz/msec,,,14.87,ok,
collen2012-1005433,1005433,Myotis macrodactylus,exact,collen-2012,"Appendix F, pp. 337-392",collen-2012-sonobat,unspecified,,,,,,,,,,,bandwidth,species_summary,41.09,,,kHz,,,41.09,ok,
collen2012-1005433,1005433,Myotis macrodactylus,exact,collen-2012,"Appendix F, pp. 337-392",collen-2012-sonobat,unspecified,,,,,,,,,,,body_mass,species_summary,7.48,,,g,,,7.48,ok,
collen2012-1005433,1005433,Myotis macrodactylus,exact,collen-2012,"Appendix F, pp. 337-392",collen-2012-sonobat,unspecified,,,,,,,,,,,call_shape_class,single,7,,,,,,7,ok,
collen2012-1005433,1005433,Myotis macrodactylus,exact,collen-2012,"Appendix F, pp. 337-392",collen-2012-sonobat,unspecified,,,,,,,,,,,dominant_slope,species_summary,2.93,,,kHz/msec,,,2.93,ok,
collen2012-1005433,1005433,Myotis macrodactylus,exact,collen-2012,"Appendix F, pp. 337-392",collen-2012-sonobat,unspecified,,,,,,,,,,,duration,species_summary,4.68,,,ms,,,4.68,ok,
collen2012-1005433,1005433,Myotis macrodactylus,exact,collen-2012,"Appendix F, pp. 337-392",collen-2012-sonobat,unspecified,,,,,,,,,,,max_frequency,species_summary,85.54,,,kHz,,,85.54,ok,
collen2012-1005433,1005433,Myotis macrodactylus,exact,collen-2012,"Appendix F, pp. 337-392",collen-2012-sonobat,unspecified,,,,,,,,,,,min_frequency,species_summary,43.84,,,kHz,,,43.84,ok,
collen2012-1005433,1005433,Myotis macrodactylus,exact,collen-2012,"Appendix F, pp. 337-392",collen-2012-sonobat,unspecified,,,,,,,,,,,peak_frequency,species_summary,51.29,,,kHz,,,51.29,ok,
collen2012-1005433,1005433,Myotis macrodactylus,exact,collen-2012,"Appendix F, pp. 337-392",collen-2012-sonobat,unspecified,,,,,,,,,,,total_slope,species_summary,8.64,,,kHz/msec,,,8.64,ok,
collen2012-1005434,1005434,Myotis macropus,exact,collen-2012,"Appendix F, pp. 337-392",collen-2012-sonobat,unspecified,,,,,,,,,,,bandwidth,species_summary,32.48,,,kHz,,,32.48,ok,
collen2012-1005434,1005434,Myotis macropus,exact,collen-2012,"Appendix F, pp. 337-392",collen-2012-sonobat,unspecified,,,,,,,,,,,call_shape_class,single,7,,,,,,7,ok,
collen2012-1005434,1005434,Myotis macropus,exact,collen-2012,"Appendix F, pp. 337-392",collen-2012-sonobat,unspecified,,,,,,,,,,,dominant_slope,species_summary,8.82,,,kHz/msec,,,8.82,ok,
collen2012-1005434,1005434,Myotis macropus,exact,collen-2012,"Appendix F, pp. 337-392",collen-2012-sonobat,unspecified,,,,,,,,,,,duration,species_summary,3.15,,,ms,,,3.15,ok,
collen2012-1005434,1005434,Myotis macropus,exact,collen-2012,"Appendix F, pp. 337-392",collen-2012-sonobat,unspecified,,,,,,,,,,,max_frequency,species_summary,72.09,,,kHz,,,72.09,ok,
collen2012-1005434,1005434,Myotis macropus,exact,collen-2012,"Appendix F, pp. 337-392",collen-2012-sonobat,unspecified,,,,,,,,,,,min_frequency,species_summary,39.38,,,kHz,,,39.38,ok,
collen2012-1005434,1005434,Myotis macropus,exact,collen-2012,"Appendix F, pp. 337-392",collen-2012-sonobat,unspecified,,,,,,,,,,,peak_frequency,species_summary,48.62,,,kHz,,,48.62,ok,
collen2012-1005434,1005434,Myotis macropus,exact,collen-2012,"Appendix F, pp. 337-392",collen-2012-sonobat,unspecified,,,,,,,,,,,total_slope,species_summary,11.81,,,kHz/msec,,,11.81,ok,
collen2012-1005436,1005436,Myotis martiniquensis,exact,collen-2012,"Appendix F, pp. 337-392",collen-2012-sonobat,unspecified,,,,,,,,,,,bandwidth,species_summary,40.14,,,kHz,,,40.14,ok,
collen2012-1005436,1005436,Myotis martiniquensis,exact,collen-2012,"Appendix F, pp. 337-392",collen-2012-sonobat,unspecified,,,,,,,,,,,body_mass,species_summary,7.49,,,g,,,7.49,ok,
collen2012-1005436,1005436,Myotis martiniquensis,exact,collen-2012,"Appendix F, pp. 337-392",collen-2012-sonobat,unspecified,,,,,,,,,,,call_shape_class,single,8,,,,,,8,ok,
collen2012-1005436,1005436,Myotis martiniquensis,exact,collen-2012,"Appendix F, pp. 337-392",collen-2012-sonobat,unspecified,,,,,,,,,,,dominant_slope,species_summary,16.26,,,kHz/msec,,,16.26,ok,
collen2012-1005436,1005436,Myotis martiniquensis,exact,collen-2012,"Appendix F, pp. 337-392",collen-2012-sonobat,unspecified,,,,,,,,,,,duration,species_summary,2.14,,,ms,,,2.14,ok,
collen2012-1005436,1005436,Myotis martiniquensis,exact,collen-2012,"Appendix F, pp. 337-392",collen-2012-sonobat,unspecified,,,,,,,,,,,max_frequency,species_summary,71.03,,,kHz,,,71.03,ok,
collen2012-1005436,1005436,Myotis martiniquensis,exact,collen-2012,"Appendix F, pp. 337-392",collen-2012-sonobat,unspecified,,,,,,,,,,,min_frequency,species_summary,31.12,,,kHz,,,31.12,ok,
collen2012-1005436,1005436,Myotis martiniquensis,exact,collen-2012,"Appendix F, pp. 337-392",collen-2012-sonobat,unspecified,,,,,,,,,,,peak_frequency,species_summary,47.03,,,kHz,,,47.03,ok,
collen2012-1005436,1005436,Myotis martiniquensis,exact,collen-2012,"Appendix F, pp. 337-392",collen-2012-sonobat,unspecified,,,,,,,,,,,total_slope,species_summary,21.14,,,kHz/msec,,,21.14,ok,
collen2012-1005439,1005439,Myotis moluccarum,exact,collen-2012,"Appendix F, pp. 337-392",collen-2012-sonobat,unspecified,,,,,,,,,,,bandwidth,species_summary,46.60,,,kHz,,,46.60,ok,
collen2012-1005439,1005439,Myotis moluccarum,exact,collen-2012,"Appendix F, pp. 337-392",collen-2012-sonobat,unspecified,,,,,,,,,,,call_shape_class,single,10,,,,,,10,ok,
collen2012-1005439,1005439,Myotis moluccarum,exact,collen-2012,"Appendix F, pp. 337-392",collen-2012-sonobat,unspecified,,,,,,,,,,,dominant_slope,species_summary,5.11,,,kHz/msec,,,5.11,ok,
collen2012-1005439,1005439,Myotis moluccarum,exact,collen-2012,"Appendix F, pp. 337-392",collen-2012-sonobat,unspecified,,,,,,,,,,,duration,species_summary,4.84,,,ms,,,4.84,ok,
collen2012-1005439,1005439,Myotis moluccarum,exact,collen-2012,"Appendix F, pp. 337-392",collen-2012-sonobat,unspecified,,,,,,,,,,,max_frequency,species_summary,78.70,,,kHz,,,78.70,ok,
collen2012-1005439,1005439,Myotis moluccarum,exact,collen-2012,"Appendix F, pp. 337-392",collen-2012-sonobat,unspecified,,,,,,,,,,,min_frequency,species_summary,32.10,,,kHz,,,32.10,ok,
collen2012-1005439,1005439,Myotis moluccarum,exact,collen-2012,"Appendix F, pp. 337-392",collen-2012-sonobat,unspecified,,,,,,,,,,,peak_frequency,species_summary,41.94,,,kHz,,,41.94,ok,
collen2012-1005439,1005439,Myotis moluccarum,exact,collen-2012,"Appendix F, pp. 337-392",collen-2012-sonobat,unspecified,,,,,,,,,,,total_slope,species_summary,8.08,,,kHz/msec,,,8.08,ok,
collen2012-1005442,1005442,Myotis muricola,exact,collen-2012,"Appendix F, pp. 337-392",collen-2012-sonobat,unspecified,,,,,,,,,,,bandwidth,species_summary,48.10,,,kHz,,,48.10,ok,
collen2012-1005442,1005442,Myotis muricola,exact,collen-2012,"Appendix F, pp. 337-392",collen-2012-sonobat,unspecified,,,,,,,,,,,body_mass,species_summary,4.8,,,g,,,4.8,ok,
collen2012-1005442,1005442,Myotis muricola,exact,collen-2012,"Appendix F, pp. 337-392",collen-2012-sonobat,unspecified,,,,,,,,,,,call_shape_class,single,7,,,,,,7,ok,
collen2012-1005442,1005442,Myotis muricola,exact,collen-2012,"Appendix F, pp. 337-392",collen-2012-sonobat,unspecified,,,,,,,,,,,dominant_slope,species_summary,5.31,,,kHz/msec,,,5.31,ok,
collen2012-1005442,1005442,Myotis muricola,exact,collen-2012,"Appendix F, pp. 337-392",collen-2012-sonobat,unspecified,,,,,,,,,,,duration,species_summary,5.07,,,ms,,,5.07,ok,
collen2012-1005442,1005442,Myotis muricola,exact,collen-2012,"Appendix F, pp. 337-392",collen-2012-sonobat,unspecified,,,,,,,,,,,max_frequency,species_summary,83.25,,,kHz,,,83.25,ok,
collen2012-1005442,1005442,Myotis muricola,exact,collen-2012,"Appendix F, pp. 337-392",collen-2012-sonobat,unspecified,,,,,,,,,,,min_frequency,species_summary,34.95,,,kHz,,,34.95,ok,
collen2012-1005442,1005442,Myotis muricola,exact,collen-2012,"Appendix F, pp. 337-392",collen-2012-sonobat,unspecified,,,,,,,,,,,peak_frequency,species_summary,48.69,,,kHz,,,48.69,ok,
collen2012-1005442,1005442,Myotis muricola,exact,collen-2012,"Appendix F, pp. 337-392",collen-2012-sonobat,unspecified,,,,,,,,,,,total_slope,species_summary,9.06,,,kHz/msec,,,9.06,ok,
collen2012-1005443,1005443,Myotis myotis,exact,collen-2012,"Appendix F, pp. 337-392",collen-2012-sonobat,unspecified,,,,,,,,,,,bandwidth,species_summary,38.52,,,kHz,,,38.52,ok,
collen2012-1005443,1005443,Myotis myotis,exact,collen-2012,"Appendix F, pp. 337-392",collen-2012-sonobat,unspecified,,,,,,,,,,,body_mass,species_summary,25.59,,,g,,,25.59,ok,
collen2012-1005443,1005443,Myotis myotis,exact,collen-2012,"Appendix F, pp. 337-392",collen-2012-sonobat,unspecified,,,,,,,,,,,call_shape_class,single,8,,,,,,8,ok,
collen2012-1005443,1005443,Myotis myotis,exact,collen-2012,"Appendix F, pp. 337-392",collen-2012-sonobat,unspecified,,,,,,,,,,,dominant_slope,species_summary,7.91,,,kHz/msec,,,7.91,ok,
collen2012-1005443,1005443,Myotis myotis,exact,collen-2012,"Appendix F, pp. 337-392",collen-2012-sonobat,unspecified,,,,,,,,,,,duration,species_summary,5.24,,,ms,,,5.24,ok,
collen2012-1005443,1005443,Myotis myotis,exact,collen-2012,"Appendix F, pp. 337-392",collen-2012-sonobat,unspecified,,,,,,,,,,,max_frequency,species_summary,64.95,,,kHz,,,64.95,ok,
collen2012-1005443,1005443,Myotis myotis,exact,collen-2012,"Appendix F, pp. 337-392",collen-2012-sonobat,unspecified,,,,,,,,,,,min_frequency,species_summary,26.24,,,kHz,,,26.24,ok,
collen2012-1005443,1005443,Myotis myotis,exact,collen-2012,"Appendix F, pp. 337-392",collen-2012-sonobat,unspecified,,,,,,,,,,,peak_frequency,species_summary,35.45,,,kHz,,,35.45,ok,
collen2012-1005443,1005443,Myotis myotis,exact,collen-2012,"Appendix F, pp. 337-392",collen-2012-sonobat,unspecified,,,,,,,,,,,total_slope,species_summary,8.50,,,kHz/msec,,,8.50,ok,
collen2012-1005444,1005444,Myotis mystacinus,exact,collen-2012,"Appendix F, pp. 337-392",collen-2012-sonobat,unspecified,,,,,,,,,,,bandwidth,species_summary,53.62,,,kHz,,,53.62,ok,
collen2012-1005444,1005444,Myotis mystacinus,exact,collen-2012,"Appendix F, pp. 337-392",collen-2012-sonobat,unspecified,,,,,,,,,,,call_shape_class,single,7,,,,,,7,ok,
collen2012-1005444,1005444,Myotis mystacinus,exact,collen-2012,"Appendix F, pp. 337-392",collen-2012-sonobat,unspecified,,,,,,,,,,,dominant_slope,species_summary,24.28,,,kHz/msec,,,24.28,ok,
collen2012-1005444,1005444,Myotis mystacinus,exact,collen-2012,"Appendix F, pp. 337-392",collen-2012-sonobat,unspecified,,,,,,,,,,,duration,species_summary,2.40,,,ms,,,2.40,ok,
collen2012-1005444,1005444,Myotis mystacinus,exact,collen-2012,"Appendix F, pp. 337-392",collen-2012-sonobat,unspecified,,,,,,,,,,,max_frequency,species_summary,91.04,,,kHz,,,91.04,ok,
collen2012-1005444,1005444,Myotis mystacinus,exact,collen-2012,"Appendix F, pp. 337-392",collen-2012-sonobat,unspecified,,,,,,,,,,,min_frequency,species_summary,37.55,,,kHz,,,37.55,ok,
collen2012-1005444,1005444,Myotis mystacinus,exact,collen-2012,"Appendix F, pp. 337-392",collen-2012-sonobat,unspecified,,,,,,,,,,,peak_frequency,species_summary,52.66,,,kHz,,,52.66,ok,
collen2012-1005444,1005444,Myotis mystacinus,exact,collen-2012,"Appendix F, pp. 337-392",collen-2012-sonobat,unspecified,,,,,,,,,,,total_slope,species_summary,23.17,,,kHz/msec,,,23.17,ok,
collen2012-1005445,1005445,Myotis nattereri,exact,collen-2012,"Appendix F, pp. 337-392",collen-2012-sonobat,unspecified,,,,,,,,,,,bandwidth,species_summary,67.57,,,kHz,,,67.57,ok,
collen2012-1005445,1005445,Myotis nattereri,exact,collen-2012,"Appendix F, pp. 337-392",collen-2012-sonobat,unspecified,,,,,,,,,,,body_mass,species_summary,7.25,,,g,,,7.25,ok,
collen2012-1005445,1005445,Myotis nattereri,exact,collen-2012,"Appendix F, pp. 337-392",collen-2012-sonobat,unspecified,,,,,,,,,,,call_shape_class,single,7,,,,,,7,ok,
collen2012-1005445,1005445,Myotis nattereri,exact,collen-2012,"Appendix F, pp. 337-392",collen-2012-sonobat,unspecified,,,,,,,,,,,dominant_slope,species_summary,18.28,,,kHz/msec,,,18.28,ok,
collen2012-1005445,1005445,Myotis nattereri,exact,collen-2012,"Appendix F, pp. 337-392",collen-2012-sonobat,unspecified,,,,,,,,,,,duration,species_summary,3.47,,,ms,,,3.47,ok,
collen2012-1005445,1005445,Myotis nattereri,exact,collen-2012,"Appendix F, pp. 337-392",collen-2012-sonobat,unspecified,,,,,,,,,,,max_frequency,species_summary,93.30,,,kHz,,,93.30,ok,
collen2012-1005445,1005445,Myotis nattereri,exact,collen-2012,"Appendix F, pp. 337-392",collen-2012-sonobat,unspecified,,,,,,,,,,,min_frequency,species_summary,25.55,,,kHz,,,25.55,ok,
collen2012-1005445,1005445,Myotis nattereri,exact,collen-2012,"Appendix F, pp. 337-392",collen-2012-sonobat,unspecified,,,,,,,,,,,peak_frequency,species_summary,46.95,,,kHz,,,46.95,ok,
collen2012-1005445,1005445,Myotis nattereri,exact,collen-2012,"Appendix F, pp. 337-392",collen-2012-sonobat,unspecified,,,,,,,,,,,total_slope,species_summary,19.66,,,kHz/msec,,,19.66,ok,
collen2012-1005447,1005447,Myotis nigricans,exact,collen-2012,"Appendix F, pp. 337-392",collen-2012-sonobat,unspecified,,,,,,,,,,,bandwidth,species_summary,34.18,,,kHz,,,34.18,ok,
collen2012-1005447,1005447,Myotis nigricans,exact,collen-2012,"Appendix F, pp. 337-392",collen-2012-sonobat,unspecified,,,,,,,,,,,call_shape_class,single,8,,,,,,8,ok,
collen2012-1005447,1005447,Myotis nigricans,exact,collen-2012,"Appendix F, pp. 337-392",collen-2012-sonobat,unspecified,,,,,,,,,,,dominant_slope,species_summary,1.78,,,kHz/msec,,,1.78,ok,
collen2012-1005447,1005447,Myotis nigricans,exact,collen-2012,"Appendix F, pp. 337-392",collen-2012-sonobat,unspecified,,,,,,,,,,,duration,species_summary,5.18,,,ms,,,5.18,ok,
collen2012-1005447,1005447,Myotis nigricans,exact,collen-2012,"Appendix F, pp. 337-392",collen-2012-sonobat,unspecified,,,,,,,,,,,max_frequency,species_summary,86.13,,,kHz,,,86.13,ok,
collen2012-1005447,1005447,Myotis nigricans,exact,collen-2012,"Appendix F, pp. 337-392",collen-2012-sonobat,unspecified,,,,,,,,,,,min_frequency,species_summary,51.68,,,kHz,,,51.68,ok,
collen2012-1005447,1005447,Myotis nigricans,exact,collen-2012,"Appendix F, pp. 337-392",collen-2012-sonobat,unspecified,,,,,,,,,,,peak_frequency,species_summary,56.20,,,kHz,,,56.20,ok,
collen2012-1005447,1005447,Myotis nigricans,exact,collen-2012,"Appendix F, pp. 337-392",collen-2012-sonobat,unspecified,,,,,,,,,,,total_slope,species_summary,6.33,,,kHz/msec,,,6.33,ok,
collen2012-1005452,1005452,Myotis pequinius,exact,collen-2012,"Appendix F, pp. 337-392",collen-2012-sonobat,unspecified,,,,,,,,,,,body_mass,species_summary,17.41,,,g,,,17.41,ok,
collen2012-1005452,1005452,Myotis pequinius,exact,collen-2012,"Appendix F, pp. 337-392",collen-2012-sonobat,unspecified,,,,,,,,,,,duration,species_summary,5.72,,,ms,,,5.72,ok,
collen2012-1005452,1005452,Myotis pequinius,exact,collen-2012,"Appendix F, pp. 337-392",collen-2012-sonobat,unspecified,,,,,,,,,,,max_frequency,species_summary,84,,,kHz,,,84,ok,
collen2012-1005452,1005452,Myotis pequinius,exact,collen-2012,"Appendix F, pp. 337-392",collen-2012-sonobat,unspecified,,,,,,,,,,,min_frequency,species_summary,17,,,kHz,,,17,ok,
collen2012-1005452,1005452,Myotis pequinius,exact,collen-2012,"Appendix F, pp. 337-392",collen-2012-sonobat,unspecified,,,,,,,,,,,peak_frequency,species_summary,33.00,,,kHz,,,33.00,ok,
collen2012-1005457-ricketti,1005457,Myotis ricketti,synonym_via_mdd,collen-2012,"Appendix F, pp. 337-392",collen-2012-sonobat,unspecified,,,,,,,,,,,bandwidth,species_summary,39.36,,,kHz,,,39.36,ok,Printed in the source as a separate species; the current taxonomy treats it as Myotis pilosus.
collen2012-1005457-ricketti,1005457,Myotis ricketti,synonym_via_mdd,collen-2012,"Appendix F, pp. 337-392",collen-2012-sonobat,unspecified,,,,,,,,,,,body_mass,species_summary,26.19,,,g,,,26.19,ok,Printed in the source as a separate species; the current taxonomy treats it as Myotis pilosus.
collen2012-1005457-ricketti,1005457,Myotis ricketti,synonym_via_mdd,collen-2012,"Appendix F, pp. 337-392",collen-2012-sonobat,unspecified,,,,,,,,,,,call_shape_class,single,7,,,,,,7,ok,Printed in the source as a separate species; the current taxonomy treats it as Myotis pilosus.
collen2012-1005457-ricketti,1005457,Myotis ricketti,synonym_via_mdd,collen-2012,"Appendix F, pp. 337-392",collen-2012-sonobat,unspecified,,,,,,,,,,,dominant_slope,species_summary,10.01,,,kHz/msec,,,10.01,ok,Printed in the source as a separate species; the current taxonomy treats it as Myotis pilosus.
collen2012-1005457-ricketti,1005457,Myotis ricketti,synonym_via_mdd,collen-2012,"Appendix F, pp. 337-392",collen-2012-sonobat,unspecified,,,,,,,,,,,duration,species_summary,3.65,,,ms,,,3.65,ok,Printed in the source as a separate species; the current taxonomy treats it as Myotis pilosus.
collen2012-1005457-ricketti,1005457,Myotis ricketti,synonym_via_mdd,collen-2012,"Appendix F, pp. 337-392",collen-2012-sonobat,unspecified,,,,,,,,,,,max_frequency,species_summary,70.10,,,kHz,,,70.10,ok,Printed in the source as a separate species; the current taxonomy treats it as Myotis pilosus.
collen2012-1005457-ricketti,1005457,Myotis ricketti,synonym_via_mdd,collen-2012,"Appendix F, pp. 337-392",collen-2012-sonobat,unspecified,,,,,,,,,,,min_frequency,species_summary,30.62,,,kHz,,,30.62,ok,Printed in the source as a separate species; the current taxonomy treats it as Myotis pilosus.
collen2012-1005457-ricketti,1005457,Myotis ricketti,synonym_via_mdd,collen-2012,"Appendix F, pp. 337-392",collen-2012-sonobat,unspecified,,,,,,,,,,,peak_frequency,species_summary,40.52,,,kHz,,,40.52,ok,Printed in the source as a separate species; the current taxonomy treats it as Myotis pilosus.
collen2012-1005457-ricketti,1005457,Myotis ricketti,synonym_via_mdd,collen-2012,"Appendix F, pp. 337-392",collen-2012-sonobat,unspecified,,,,,,,,,,,total_slope,species_summary,10.83,,,kHz/msec,,,10.83,ok,Printed in the source as a separate species; the current taxonomy treats it as Myotis pilosus.
collen2012-1005460,1005460,Myotis punicus,exact,collen-2012,"Appendix F, pp. 337-392",collen-2012-sonobat,unspecified,,,,,,,,,,,bandwidth,species_summary,32.61,,,kHz,,,32.61,ok,
collen2012-1005460,1005460,Myotis punicus,exact,collen-2012,"Appendix F, pp. 337-392",collen-2012-sonobat,unspecified,,,,,,,,,,,call_shape_class,single,7,,,,,,7,ok,
collen2012-1005460,1005460,Myotis punicus,exact,collen-2012,"Appendix F, pp. 337-392",collen-2012-sonobat,unspecified,,,,,,,,,,,dominant_slope,species_summary,7.43,,,kHz/msec,,,7.43,ok,
collen2012-1005460,1005460,Myotis punicus,exact,collen-2012,"Appendix F, pp. 337-392",collen-2012-sonobat,unspecified,,,,,,,,,,,duration,species_summary,3.91,,,ms,,,3.91,ok,
collen2012-1005460,1005460,Myotis punicus,exact,collen-2012,"Appendix F, pp. 337-392",collen-2012-sonobat,unspecified,,,,,,,,,,,max_frequency,species_summary,60.30,,,kHz,,,60.30,ok,
collen2012-1005460,1005460,Myotis punicus,exact,collen-2012,"Appendix F, pp. 337-392",collen-2012-sonobat,unspecified,,,,,,,,,,,min_frequency,species_summary,27.16,,,kHz,,,27.16,ok,
collen2012-1005460,1005460,Myotis punicus,exact,collen-2012,"Appendix F, pp. 337-392",collen-2012-sonobat,unspecified,,,,,,,,,,,peak_frequency,species_summary,35.43,,,kHz,,,35.43,ok,
collen2012-1005460,1005460,Myotis punicus,exact,collen-2012,"Appendix F, pp. 337-392",collen-2012-sonobat,unspecified,,,,,,,,,,,total_slope,species_summary,8.51,,,kHz/msec,,,8.51,ok,
collen2012-1005462,1005462,Myotis riparius,exact,collen-2012,"Appendix F, pp. 337-392",collen-2012-sonobat,unspecified,,,,,,,,,,,bandwidth,species_summary,34.33,,,kHz,,,34.33,ok,
collen2012-1005462,1005462,Myotis riparius,exact,collen-2012,"Appendix F, pp. 337-392",collen-2012-sonobat,unspecified,,,,,,,,,,,body_mass,species_summary,4.57,,,g,,,4.57,ok,
collen2012-1005462,1005462,Myotis riparius,exact,collen-2012,"Appendix F, pp. 337-392",collen-2012-sonobat,unspecified,,,,,,,,,,,call_shape_class,single,10,,,,,,10,ok,
collen2012-1005462,1005462,Myotis riparius,exact,collen-2012,"Appendix F, pp. 337-392",collen-2012-sonobat,unspecified,,,,,,,,,,,dominant_slope,species_summary,6.94,,,kHz/msec,,,6.94,ok,
collen2012-1005462,1005462,Myotis riparius,exact,collen-2012,"Appendix F, pp. 337-392",collen-2012-sonobat,unspecified,,,,,,,,,,,duration,species_summary,3.19,,,ms,,,3.19,ok,
collen2012-1005462,1005462,Myotis riparius,exact,collen-2012,"Appendix F, pp. 337-392",collen-2012-sonobat,unspecified,,,,,,,,,,,max_frequency,species_summary,90.28,,,kHz,,,90.28,ok,
collen2012-1005462,1005462,Myotis riparius,exact,collen-2012,"Appendix F, pp. 337-392",collen-2012-sonobat,unspecified,,,,,,,,,,,min_frequency,species_summary,55.35,,,kHz,,,55.35,ok,
collen2012-1005462,1005462,Myotis riparius,exact,collen-2012,"Appendix F, pp. 337-392",collen-2012-sonobat,unspecified,,,,,,,,,,,peak_frequency,species_summary,57.68,,,kHz,,,57.68,ok,
collen2012-1005462,1005462,Myotis riparius,exact,collen-2012,"Appendix F, pp. 337-392",collen-2012-sonobat,unspecified,,,,,,,,,,,total_slope,species_summary,11.87,,,kHz/msec,,,11.87,ok,
collen2012-1005470,1005470,Myotis septentrionalis,exact,collen-2012,"Appendix F, pp. 337-392",collen-2012-sonobat,unspecified,,,,,,,,,,,bandwidth,species_summary,68.39,,,kHz,,,68.39,ok,
collen2012-1005470,1005470,Myotis septentrionalis,exact,collen-2012,"Appendix F, pp. 337-392",collen-2012-sonobat,unspecified,,,,,,,,,,,dominant_slope,species_summary,20.18,,,kHz/msec,,,20.18,ok,
collen2012-1005470,1005470,Myotis septentrionalis,exact,collen-2012,"Appendix F, pp. 337-392",collen-2012-sonobat,unspecified,,,,,,,,,,,duration,species_summary,2.95,,,ms,,,2.95,ok,
collen2012-1005470,1005470,Myotis septentrionalis,exact,collen-2012,"Appendix F, pp. 337-392",collen-2012-sonobat,unspecified,,,,,,,,,,,max_frequency,species_summary,106.94,,,kHz,,,106.94,ok,
collen2012-1005470,1005470,Myotis septentrionalis,exact,collen-2012,"Appendix F, pp. 337-392",collen-2012-sonobat,unspecified,,,,,,,,,,,min_frequency,species_summary,38.37,,,kHz,,,38.37,ok,
collen2012-1005470,1005470,Myotis septentrionalis,exact,collen-2012,"Appendix F, pp. 337-392",collen-2012-sonobat,unspecified,,,,,,,,,,,peak_frequency,species_summary,49.93,,,kHz,,,49.93,ok,
collen2012-1005470,1005470,Myotis septentrionalis,exact,collen-2012,"Appendix F, pp. 337-392",collen-2012-sonobat,unspecified,,,,,,,,,,,total_slope,species_summary,27.28,,,kHz/msec,,,27.28,ok,
collen2012-1005473,1005473,Myotis siligorensis,exact,collen-2012,"Appendix F, pp. 337-392",collen-2012-sonobat,unspecified,,,,,,,,,,,bandwidth,species_summary,49.13,,,kHz,,,49.13,ok,
collen2012-1005473,1005473,Myotis siligorensis,exact,collen-2012,"Appendix F, pp. 337-392",collen-2012-sonobat,unspecified,,,,,,,,,,,body_mass,species_summary,2.93,,,g,,,2.93,ok,
collen2012-1005473,1005473,Myotis siligorensis,exact,collen-2012,"Appendix F, pp. 337-392",collen-2012-sonobat,unspecified,,,,,,,,,,,call_shape_class,single,8,,,,,,8,ok,
collen2012-1005473,1005473,Myotis siligorensis,exact,collen-2012,"Appendix F, pp. 337-392",collen-2012-sonobat,unspecified,,,,,,,,,,,dominant_slope,species_summary,1.36,,,kHz/msec,,,1.36,ok,
collen2012-1005473,1005473,Myotis siligorensis,exact,collen-2012,"Appendix F, pp. 337-392",collen-2012-sonobat,unspecified,,,,,,,,,,,duration,species_summary,4.45,,,ms,,,4.45,ok,
collen2012-1005473,1005473,Myotis siligorensis,exact,collen-2012,"Appendix F, pp. 337-392",collen-2012-sonobat,unspecified,,,,,,,,,,,max_frequency,species_summary,125.03,,,kHz,,,125.03,ok,
collen2012-1005473,1005473,Myotis siligorensis,exact,collen-2012,"Appendix F, pp. 337-392",collen-2012-sonobat,unspecified,,,,,,,,,,,min_frequency,species_summary,76.43,,,kHz,,,76.43,ok,
collen2012-1005473,1005473,Myotis siligorensis,exact,collen-2012,"Appendix F, pp. 337-392",collen-2012-sonobat,unspecified,,,,,,,,,,,peak_frequency,species_summary,79.76,,,kHz,,,79.76,ok,
collen2012-1005473,1005473,Myotis siligorensis,exact,collen-2012,"Appendix F, pp. 337-392",collen-2012-sonobat,unspecified,,,,,,,,,,,total_slope,species_summary,13.26,,,kHz/msec,,,13.26,ok,
collen2012-1005478,1005478,Myotis thysanodes,exact,collen-2012,"Appendix F, pp. 337-392",collen-2012-sonobat,unspecified,,,,,,,,,,,bandwidth,species_summary,66.97,,,kHz,,,66.97,ok,
collen2012-1005478,1005478,Myotis thysanodes,exact,collen-2012,"Appendix F, pp. 337-392",collen-2012-sonobat,unspecified,,,,,,,,,,,body_mass,species_summary,8.49,,,g,,,8.49,ok,
collen2012-1005478,1005478,Myotis thysanodes,exact,collen-2012,"Appendix F, pp. 337-392",collen-2012-sonobat,unspecified,,,,,,,,,,,call_shape_class,single,7,,,,,,7,ok,
collen2012-1005478,1005478,Myotis thysanodes,exact,collen-2012,"Appendix F, pp. 337-392",collen-2012-sonobat,unspecified,,,,,,,,,,,dominant_slope,species_summary,17.07,,,kHz/msec,,,17.07,ok,
collen2012-1005478,1005478,Myotis thysanodes,exact,collen-2012,"Appendix F, pp. 337-392",collen-2012-sonobat,unspecified,,,,,,,,,,,duration,species_summary,4.01,,,ms,,,4.01,ok,
collen2012-1005478,1005478,Myotis thysanodes,exact,collen-2012,"Appendix F, pp. 337-392",collen-2012-sonobat,unspecified,,,,,,,,,,,max_frequency,species_summary,84.71,,,kHz,,,84.71,ok,
collen2012-1005478,1005478,Myotis thysanodes,exact,collen-2012,"Appendix F, pp. 337-392",collen-2012-sonobat,unspecified,,,,,,,,,,,min_frequency,species_summary,17.87,,,kHz,,,17.87,ok,
collen2012-1005478,1005478,Myotis thysanodes,exact,collen-2012,"Appendix F, pp. 337-392",collen-2012-sonobat,unspecified,,,,,,,,,,,peak_frequency,species_summary,36.52,,,kHz,,,36.52,ok,
collen2012-1005478,1005478,Myotis thysanodes,exact,collen-2012,"Appendix F, pp. 337-392",collen-2012-sonobat,unspecified,,,,,,,,,,,total_slope,species_summary,18.38,,,kHz/msec,,,18.38,ok,
collen2012-1005479,1005479,Myotis tricolor,exact,collen-2012,"Appendix F, pp. 337-392",collen-2012-sonobat,unspecified,,,,,,,,,,,bandwidth,species_summary,56.91,,,kHz,,,56.91,ok,
collen2012-1005479,1005479,Myotis tricolor,exact,collen-2012,"Appendix F, pp. 337-392",collen-2012-sonobat,unspecified,,,,,,,,,,,body_mass,species_summary,13.67,,,g,,,13.67,ok,
collen2012-1005479,1005479,Myotis tricolor,exact,collen-2012,"Appendix F, pp. 337-392",collen-2012-sonobat,unspecified,,,,,,,,,,,call_shape_class,single,7,,,,,,7,ok,
collen2012-1005479,1005479,Myotis tricolor,exact,collen-2012,"Appendix F, pp. 337-392",collen-2012-sonobat,unspecified,,,,,,,,,,,dominant_slope,species_summary,28.59,,,kHz/msec,,,28.59,ok,
collen2012-1005479,1005479,Myotis tricolor,exact,collen-2012,"Appendix F, pp. 337-392",collen-2012-sonobat,unspecified,,,,,,,,,,,duration,species_summary,2.16,,,ms,,,2.16,ok,
collen2012-1005479,1005479,Myotis tricolor,exact,collen-2012,"Appendix F, pp. 337-392",collen-2012-sonobat,unspecified,,,,,,,,,,,max_frequency,species_summary,90.97,,,kHz,,,90.97,ok,
collen2012-1005479,1005479,Myotis tricolor,exact,collen-2012,"Appendix F, pp. 337-392",collen-2012-sonobat,unspecified,,,,,,,,,,,min_frequency,species_summary,34.64,,,kHz,,,34.64,ok,
collen2012-1005479,1005479,Myotis tricolor,exact,collen-2012,"Appendix F, pp. 337-392",collen-2012-sonobat,unspecified,,,,,,,,,,,peak_frequency,species_summary,49.12,,,kHz,,,49.12,ok,
collen2012-1005479,1005479,Myotis tricolor,exact,collen-2012,"Appendix F, pp. 337-392",collen-2012-sonobat,unspecified,,,,,,,,,,,total_slope,species_summary,27.29,,,kHz/msec,,,27.29,ok,
collen2012-1005481,1005481,Myotis velifer,exact,collen-2012,"Appendix F, pp. 337-392",collen-2012-sonobat,unspecified,,,,,,,,,,,bandwidth,species_summary,37.54,,,kHz,,,37.54,ok,
collen2012-1005481,1005481,Myotis velifer,exact,collen-2012,"Appendix F, pp. 337-392",collen-2012-sonobat,unspecified,,,,,,,,,,,body_mass,species_summary,9.82,,,g,,,9.82,ok,
collen2012-1005481,1005481,Myotis velifer,exact,collen-2012,"Appendix F, pp. 337-392",collen-2012-sonobat,unspecified,,,,,,,,,,,call_shape_class,single,7,,,,,,7,ok,
collen2012-1005481,1005481,Myotis velifer,exact,collen-2012,"Appendix F, pp. 337-392",collen-2012-sonobat,unspecified,,,,,,,,,,,dominant_slope,species_summary,20.99,,,kHz/msec,,,20.99,ok,
collen2012-1005481,1005481,Myotis velifer,exact,collen-2012,"Appendix F, pp. 337-392",collen-2012-sonobat,unspecified,,,,,,,,,,,duration,species_summary,2.48,,,ms,,,2.48,ok,
collen2012-1005481,1005481,Myotis velifer,exact,collen-2012,"Appendix F, pp. 337-392",collen-2012-sonobat,unspecified,,,,,,,,,,,max_frequency,species_summary,76.21,,,kHz,,,76.21,ok,
collen2012-1005481,1005481,Myotis velifer,exact,collen-2012,"Appendix F, pp. 337-392",collen-2012-sonobat,unspecified,,,,,,,,,,,min_frequency,species_summary,38.70,,,kHz,,,38.70,ok,
collen2012-1005481,1005481,Myotis velifer,exact,collen-2012,"Appendix F, pp. 337-392",collen-2012-sonobat,unspecified,,,,,,,,,,,peak_frequency,species_summary,43.44,,,kHz,,,43.44,ok,
collen2012-1005481,1005481,Myotis velifer,exact,collen-2012,"Appendix F, pp. 337-392",collen-2012-sonobat,unspecified,,,,,,,,,,,total_slope,species_summary,17.31,,,kHz/msec,,,17.31,ok,
collen2012-1005483,1005483,Myotis volans,exact,collen-2012,"Appendix F, pp. 337-392",collen-2012-sonobat,unspecified,,,,,,,,,,,bandwidth,species_summary,44.71,,,kHz,,,44.71,ok,
collen2012-1005483,1005483,Myotis volans,exact,collen-2012,"Appendix F, pp. 337-392",collen-2012-sonobat,unspecified,,,,,,,,,,,body_mass,species_summary,8.71,,,g,,,8.71,ok,
collen2012-1005483,1005483,Myotis volans,exact,collen-2012,"Appendix F, pp. 337-392",collen-2012-sonobat,unspecified,,,,,,,,,,,call_shape_class,single,7,,,,,,7,ok,
collen2012-1005483,1005483,Myotis volans,exact,collen-2012,"Appendix F, pp. 337-392",collen-2012-sonobat,unspecified,,,,,,,,,,,dominant_slope,species_summary,14.14,,,kHz/msec,,,14.14,ok,
collen2012-1005483,1005483,Myotis volans,exact,collen-2012,"Appendix F, pp. 337-392",collen-2012-sonobat,unspecified,,,,,,,,,,,duration,species_summary,3.71,,,ms,,,3.71,ok,
collen2012-1005483,1005483,Myotis volans,exact,collen-2012,"Appendix F, pp. 337-392",collen-2012-sonobat,unspecified,,,,,,,,,,,max_frequency,species_summary,82.82,,,kHz,,,82.82,ok,
collen2012-1005483,1005483,Myotis volans,exact,collen-2012,"Appendix F, pp. 337-392",collen-2012-sonobat,unspecified,,,,,,,,,,,min_frequency,species_summary,37.95,,,kHz,,,37.95,ok,
collen2012-1005483,1005483,Myotis volans,exact,collen-2012,"Appendix F, pp. 337-392",collen-2012-sonobat,unspecified,,,,,,,,,,,peak_frequency,species_summary,46.39,,,kHz,,,46.39,ok,
collen2012-1005483,1005483,Myotis volans,exact,collen-2012,"Appendix F, pp. 337-392",collen-2012-sonobat,unspecified,,,,,,,,,,,total_slope,species_summary,14.80,,,kHz/msec,,,14.80,ok,
collen2012-1005485,1005485,Myotis welwitschii,exact,collen-2012,"Appendix F, pp. 337-392",collen-2012-sonobat,unspecified,,,,,,,,,,,bandwidth,species_summary,28.30,,,kHz,,,28.30,ok,
collen2012-1005485,1005485,Myotis welwitschii,exact,collen-2012,"Appendix F, pp. 337-392",collen-2012-sonobat,unspecified,,,,,,,,,,,body_mass,species_summary,15.88,,,g,,,15.88,ok,
collen2012-1005485,1005485,Myotis welwitschii,exact,collen-2012,"Appendix F, pp. 337-392",collen-2012-sonobat,unspecified,,,,,,,,,,,call_shape_class,single,7,,,,,,7,ok,
collen2012-1005485,1005485,Myotis welwitschii,exact,collen-2012,"Appendix F, pp. 337-392",collen-2012-sonobat,unspecified,,,,,,,,,,,dominant_slope,species_summary,10.19,,,kHz/msec,,,10.19,ok,
collen2012-1005485,1005485,Myotis welwitschii,exact,collen-2012,"Appendix F, pp. 337-392",collen-2012-sonobat,unspecified,,,,,,,,,,,duration,species_summary,2.47,,,ms,,,2.47,ok,
collen2012-1005485,1005485,Myotis welwitschii,exact,collen-2012,"Appendix F, pp. 337-392",collen-2012-sonobat,unspecified,,,,,,,,,,,max_frequency,species_summary,51.54,,,kHz,,,51.54,ok,
collen2012-1005485,1005485,Myotis welwitschii,exact,collen-2012,"Appendix F, pp. 337-392",collen-2012-sonobat,unspecified,,,,,,,,,,,min_frequency,species_summary,23.06,,,kHz,,,23.06,ok,
collen2012-1005485,1005485,Myotis welwitschii,exact,collen-2012,"Appendix F, pp. 337-392",collen-2012-sonobat,unspecified,,,,,,,,,,,peak_frequency,species_summary,32.66,,,kHz,,,32.66,ok,
collen2012-1005485,1005485,Myotis welwitschii,exact,collen-2012,"Appendix F, pp. 337-392",collen-2012-sonobat,unspecified,,,,,,,,,,,total_slope,species_summary,11.96,,,kHz/msec,,,11.96,ok,
collen2012-1005492,1005492,Antrozous pallidus,exact,collen-2012,"Appendix F, pp. 337-392",collen-2012-sonobat,unspecified,,,,,,,,,,,bandwidth,species_summary,34.36,,,kHz,,,34.36,ok,
collen2012-1005492,1005492,Antrozous pallidus,exact,collen-2012,"Appendix F, pp. 337-392",collen-2012-sonobat,unspecified,,,,,,,,,,,body_mass,species_summary,22.24,,,g,,,22.24,ok,
collen2012-1005492,1005492,Antrozous pallidus,exact,collen-2012,"Appendix F, pp. 337-392",collen-2012-sonobat,unspecified,,,,,,,,,,,call_shape_class,single,10,,,,,,10,ok,
collen2012-1005492,1005492,Antrozous pallidus,exact,collen-2012,"Appendix F, pp. 337-392",collen-2012-sonobat,unspecified,,,,,,,,,,,dominant_slope,species_summary,11.34,,,kHz/msec,,,11.34,ok,
collen2012-1005492,1005492,Antrozous pallidus,exact,collen-2012,"Appendix F, pp. 337-392",collen-2012-sonobat,unspecified,,,,,,,,,,,duration,species_summary,2.59,,,ms,,,2.59,ok,
collen2012-1005492,1005492,Antrozous pallidus,exact,collen-2012,"Appendix F, pp. 337-392",collen-2012-sonobat,unspecified,,,,,,,,,,,max_frequency,species_summary,61.55,,,kHz,,,61.55,ok,
collen2012-1005492,1005492,Antrozous pallidus,exact,collen-2012,"Appendix F, pp. 337-392",collen-2012-sonobat,unspecified,,,,,,,,,,,min_frequency,species_summary,27.22,,,kHz,,,27.22,ok,
collen2012-1005492,1005492,Antrozous pallidus,exact,collen-2012,"Appendix F, pp. 337-392",collen-2012-sonobat,unspecified,,,,,,,,,,,peak_frequency,species_summary,44.76,,,kHz,,,44.76,ok,
collen2012-1005492,1005492,Antrozous pallidus,exact,collen-2012,"Appendix F, pp. 337-392",collen-2012-sonobat,unspecified,,,,,,,,,,,total_slope,species_summary,13.22,,,kHz/msec,,,13.22,ok,
collen2012-1005494-aeneus,1005494,Rhogeessa aeneus,synonym_via_mdd,collen-2012,"Appendix F, pp. 337-392",collen-2012-sonobat,unspecified,,,,,,,,,,,bandwidth,species_summary,39.16,,,kHz,,,39.16,ok,Printed in the source as a separate species; the current taxonomy treats it as Rhogeessa aenea.
collen2012-1005494-aeneus,1005494,Rhogeessa aeneus,synonym_via_mdd,collen-2012,"Appendix F, pp. 337-392",collen-2012-sonobat,unspecified,,,,,,,,,,,call_shape_class,single,8,,,,,,8,ok,Printed in the source as a separate species; the current taxonomy treats it as Rhogeessa aenea.
collen2012-1005494-aeneus,1005494,Rhogeessa aeneus,synonym_via_mdd,collen-2012,"Appendix F, pp. 337-392",collen-2012-sonobat,unspecified,,,,,,,,,,,dominant_slope,species_summary,4.27,,,kHz/msec,,,4.27,ok,Printed in the source as a separate species; the current taxonomy treats it as Rhogeessa aenea.
collen2012-1005494-aeneus,1005494,Rhogeessa aeneus,synonym_via_mdd,collen-2012,"Appendix F, pp. 337-392",collen-2012-sonobat,unspecified,,,,,,,,,,,duration,species_summary,3.25,,,ms,,,3.25,ok,Printed in the source as a separate species; the current taxonomy treats it as Rhogeessa aenea.
collen2012-1005494-aeneus,1005494,Rhogeessa aeneus,synonym_via_mdd,collen-2012,"Appendix F, pp. 337-392",collen-2012-sonobat,unspecified,,,,,,,,,,,max_frequency,species_summary,85.11,,,kHz,,,85.11,ok,Printed in the source as a separate species; the current taxonomy treats it as Rhogeessa aenea.
collen2012-1005494-aeneus,1005494,Rhogeessa aeneus,synonym_via_mdd,collen-2012,"Appendix F, pp. 337-392",collen-2012-sonobat,unspecified,,,,,,,,,,,min_frequency,species_summary,46.80,,,kHz,,,46.80,ok,Printed in the source as a separate species; the current taxonomy treats it as Rhogeessa aenea.
collen2012-1005494-aeneus,1005494,Rhogeessa aeneus,synonym_via_mdd,collen-2012,"Appendix F, pp. 337-392",collen-2012-sonobat,unspecified,,,,,,,,,,,peak_frequency,species_summary,52.82,,,kHz,,,52.82,ok,Printed in the source as a separate species; the current taxonomy treats it as Rhogeessa aenea.
collen2012-1005494-aeneus,1005494,Rhogeessa aeneus,synonym_via_mdd,collen-2012,"Appendix F, pp. 337-392",collen-2012-sonobat,unspecified,,,,,,,,,,,total_slope,species_summary,10.13,,,kHz/msec,,,10.13,ok,Printed in the source as a separate species; the current taxonomy treats it as Rhogeessa aenea.
collen2012-1005500,1005500,Rhogeessa io,exact,collen-2012,"Appendix F, pp. 337-392",collen-2012-sonobat,unspecified,,,,,,,,,,,bandwidth,species_summary,60,,,kHz,,,60,ok,
collen2012-1005500,1005500,Rhogeessa io,exact,collen-2012,"Appendix F, pp. 337-392",collen-2012-sonobat,unspecified,,,,,,,,,,,duration,species_summary,2.80,,,ms,,,2.80,ok,
collen2012-1005500,1005500,Rhogeessa io,exact,collen-2012,"Appendix F, pp. 337-392",collen-2012-sonobat,unspecified,,,,,,,,,,,max_frequency,species_summary,99.6,,,kHz,,,99.6,ok,
collen2012-1005500,1005500,Rhogeessa io,exact,collen-2012,"Appendix F, pp. 337-392",collen-2012-sonobat,unspecified,,,,,,,,,,,min_frequency,species_summary,39.60,,,kHz,,,39.60,ok,
collen2012-1005500,1005500,Rhogeessa io,exact,collen-2012,"Appendix F, pp. 337-392",collen-2012-sonobat,unspecified,,,,,,,,,,,peak_frequency,species_summary,52.40,,,kHz,,,52.40,ok,
collen2012-1005506,1005506,Rhogeessa tumida,exact,collen-2012,"Appendix F, pp. 337-392",collen-2012-sonobat,unspecified,,,,,,,,,,,bandwidth,species_summary,34.90,,,kHz,,,34.90,ok,
collen2012-1005506,1005506,Rhogeessa tumida,exact,collen-2012,"Appendix F, pp. 337-392",collen-2012-sonobat,unspecified,,,,,,,,,,,body_mass,species_summary,4.58,,,g,,,4.58,ok,
collen2012-1005506,1005506,Rhogeessa tumida,exact,collen-2012,"Appendix F, pp. 337-392",collen-2012-sonobat,unspecified,,,,,,,,,,,call_shape_class,single,8,,,,,,8,ok,
collen2012-1005506,1005506,Rhogeessa tumida,exact,collen-2012,"Appendix F, pp. 337-392",collen-2012-sonobat,unspecified,,,,,,,,,,,dominant_slope,species_summary,2.47,,,kHz/msec,,,2.47,ok,
collen2012-1005506,1005506,Rhogeessa tumida,exact,collen-2012,"Appendix F, pp. 337-392",collen-2012-sonobat,unspecified,,,,,,,,,,,duration,species_summary,5.12,,,ms,,,5.12,ok,
collen2012-1005506,1005506,Rhogeessa tumida,exact,collen-2012,"Appendix F, pp. 337-392",collen-2012-sonobat,unspecified,,,,,,,,,,,max_frequency,species_summary,75.20,,,kHz,,,75.20,ok,
collen2012-1005506,1005506,Rhogeessa tumida,exact,collen-2012,"Appendix F, pp. 337-392",collen-2012-sonobat,unspecified,,,,,,,,,,,min_frequency,species_summary,40.54,,,kHz,,,40.54,ok,
collen2012-1005506,1005506,Rhogeessa tumida,exact,collen-2012,"Appendix F, pp. 337-392",collen-2012-sonobat,unspecified,,,,,,,,,,,peak_frequency,species_summary,48.65,,,kHz,,,48.65,ok,
collen2012-1005506,1005506,Rhogeessa tumida,exact,collen-2012,"Appendix F, pp. 337-392",collen-2012-sonobat,unspecified,,,,,,,,,,,total_slope,species_summary,5.71,,,kHz/msec,,,5.71,ok,
collen2012-1005513-bottae,1005513,Eptesicus bottae,synonym_via_mdd,collen-2012,"Appendix F, pp. 337-392",collen-2012-sonobat,unspecified,,,,,,,,,,,bandwidth,species_summary,14.99,,,kHz,,,14.99,ok,Printed in the source as a separate species; the current taxonomy treats it as Cnephaeus bottae.
collen2012-1005513-bottae,1005513,Eptesicus bottae,synonym_via_mdd,collen-2012,"Appendix F, pp. 337-392",collen-2012-sonobat,unspecified,,,,,,,,,,,body_mass,species_summary,15.66,,,g,,,15.66,ok,Printed in the source as a separate species; the current taxonomy treats it as Cnephaeus bottae.
collen2012-1005513-bottae,1005513,Eptesicus bottae,synonym_via_mdd,collen-2012,"Appendix F, pp. 337-392",collen-2012-sonobat,unspecified,,,,,,,,,,,call_shape_class,single,3,,,,,,3,ok,Printed in the source as a separate species; the current taxonomy treats it as Cnephaeus bottae.
collen2012-1005513-bottae,1005513,Eptesicus bottae,synonym_via_mdd,collen-2012,"Appendix F, pp. 337-392",collen-2012-sonobat,unspecified,,,,,,,,,,,dominant_slope,species_summary,0.92,,,kHz/msec,,,0.92,ok,Printed in the source as a separate species; the current taxonomy treats it as Cnephaeus bottae.
collen2012-1005513-bottae,1005513,Eptesicus bottae,synonym_via_mdd,collen-2012,"Appendix F, pp. 337-392",collen-2012-sonobat,unspecified,,,,,,,,,,,duration,species_summary,7.76,,,ms,,,7.76,ok,Printed in the source as a separate species; the current taxonomy treats it as Cnephaeus bottae.
collen2012-1005513-bottae,1005513,Eptesicus bottae,synonym_via_mdd,collen-2012,"Appendix F, pp. 337-392",collen-2012-sonobat,unspecified,,,,,,,,,,,max_frequency,species_summary,45.56,,,kHz,,,45.56,ok,Printed in the source as a separate species; the current taxonomy treats it as Cnephaeus bottae.
collen2012-1005513-bottae,1005513,Eptesicus bottae,synonym_via_mdd,collen-2012,"Appendix F, pp. 337-392",collen-2012-sonobat,unspecified,,,,,,,,,,,min_frequency,species_summary,30.47,,,kHz,,,30.47,ok,Printed in the source as a separate species; the current taxonomy treats it as Cnephaeus bottae.
collen2012-1005513-bottae,1005513,Eptesicus bottae,synonym_via_mdd,collen-2012,"Appendix F, pp. 337-392",collen-2012-sonobat,unspecified,,,,,,,,,,,peak_frequency,species_summary,33.56,,,kHz,,,33.56,ok,Printed in the source as a separate species; the current taxonomy treats it as Cnephaeus bottae.
collen2012-1005513-bottae,1005513,Eptesicus bottae,synonym_via_mdd,collen-2012,"Appendix F, pp. 337-392",collen-2012-sonobat,unspecified,,,,,,,,,,,total_slope,species_summary,2.00,,,kHz/msec,,,2.00,ok,Printed in the source as a separate species; the current taxonomy treats it as Cnephaeus bottae.
collen2012-1005514-brasiliensis,1005514,Eptesicus brasiliensis,synonym_via_mdd,collen-2012,"Appendix F, pp. 337-392",collen-2012-sonobat,unspecified,,,,,,,,,,,bandwidth,species_summary,20.06,,,kHz,,,20.06,ok,Printed in the source as a separate species; the current taxonomy treats it as Neoeptesicus brasiliensis.
collen2012-1005514-brasiliensis,1005514,Eptesicus brasiliensis,synonym_via_mdd,collen-2012,"Appendix F, pp. 337-392",collen-2012-sonobat,unspecified,,,,,,,,,,,body_mass,species_summary,9.20,,,g,,,9.20,ok,Printed in the source as a separate species; the current taxonomy treats it as Neoeptesicus brasiliensis.
collen2012-1005514-brasiliensis,1005514,Eptesicus brasiliensis,synonym_via_mdd,collen-2012,"Appendix F, pp. 337-392",collen-2012-sonobat,unspecified,,,,,,,,,,,call_shape_class,single,8,,,,,,8,ok,Printed in the source as a separate species; the current taxonomy treats it as Neoeptesicus brasiliensis.
collen2012-1005514-brasiliensis,1005514,Eptesicus brasiliensis,synonym_via_mdd,collen-2012,"Appendix F, pp. 337-392",collen-2012-sonobat,unspecified,,,,,,,,,,,dominant_slope,species_summary,0.80,,,kHz/msec,,,0.80,ok,Printed in the source as a separate species; the current taxonomy treats it as Neoeptesicus brasiliensis.
collen2012-1005514-brasiliensis,1005514,Eptesicus brasiliensis,synonym_via_mdd,collen-2012,"Appendix F, pp. 337-392",collen-2012-sonobat,unspecified,,,,,,,,,,,duration,species_summary,9.45,,,ms,,,9.45,ok,Printed in the source as a separate species; the current taxonomy treats it as Neoeptesicus brasiliensis.
collen2012-1005514-brasiliensis,1005514,Eptesicus brasiliensis,synonym_via_mdd,collen-2012,"Appendix F, pp. 337-392",collen-2012-sonobat,unspecified,,,,,,,,,,,max_frequency,species_summary,52.48,,,kHz,,,52.48,ok,Printed in the source as a separate species; the current taxonomy treats it as Neoeptesicus brasiliensis.
collen2012-1005514-brasiliensis,1005514,Eptesicus brasiliensis,synonym_via_mdd,collen-2012,"Appendix F, pp. 337-392",collen-2012-sonobat,unspecified,,,,,,,,,,,min_frequency,species_summary,32.64,,,kHz,,,32.64,ok,Printed in the source as a separate species; the current taxonomy treats it as Neoeptesicus brasiliensis.
collen2012-1005514-brasiliensis,1005514,Eptesicus brasiliensis,synonym_via_mdd,collen-2012,"Appendix F, pp. 337-392",collen-2012-sonobat,unspecified,,,,,,,,,,,peak_frequency,species_summary,34.86,,,kHz,,,34.86,ok,Printed in the source as a separate species; the current taxonomy treats it as Neoeptesicus brasiliensis.
collen2012-1005514-brasiliensis,1005514,Eptesicus brasiliensis,synonym_via_mdd,collen-2012,"Appendix F, pp. 337-392",collen-2012-sonobat,unspecified,,,,,,,,,,,total_slope,species_summary,2.32,,,kHz/msec,,,2.32,ok,Printed in the source as a separate species; the current taxonomy treats it as Neoeptesicus brasiliensis.
collen2012-1005518-furinalis,1005518,Eptesicus furinalis,synonym_via_mdd,collen-2012,"Appendix F, pp. 337-392",collen-2012-sonobat,unspecified,,,,,,,,,,,bandwidth,species_summary,26.97,,,kHz,,,26.97,ok,Printed in the source as a separate species; the current taxonomy treats it as Neoeptesicus furinalis.
collen2012-1005518-furinalis,1005518,Eptesicus furinalis,synonym_via_mdd,collen-2012,"Appendix F, pp. 337-392",collen-2012-sonobat,unspecified,,,,,,,,,,,body_mass,species_summary,7.70,,,g,,,7.70,ok,Printed in the source as a separate species; the current taxonomy treats it as Neoeptesicus furinalis.
collen2012-1005518-furinalis,1005518,Eptesicus furinalis,synonym_via_mdd,collen-2012,"Appendix F, pp. 337-392",collen-2012-sonobat,unspecified,,,,,,,,,,,call_shape_class,single,3,,,,,,3,ok,Printed in the source as a separate species; the current taxonomy treats it as Neoeptesicus furinalis.
collen2012-1005518-furinalis,1005518,Eptesicus furinalis,synonym_via_mdd,collen-2012,"Appendix F, pp. 337-392",collen-2012-sonobat,unspecified,,,,,,,,,,,dominant_slope,species_summary,3.36,,,kHz/msec,,,3.36,ok,Printed in the source as a separate species; the current taxonomy treats it as Neoeptesicus furinalis.
collen2012-1005518-furinalis,1005518,Eptesicus furinalis,synonym_via_mdd,collen-2012,"Appendix F, pp. 337-392",collen-2012-sonobat,unspecified,,,,,,,,,,,duration,species_summary,5.35,,,ms,,,5.35,ok,Printed in the source as a separate species; the current taxonomy treats it as Neoeptesicus furinalis.
collen2012-1005518-furinalis,1005518,Eptesicus furinalis,synonym_via_mdd,collen-2012,"Appendix F, pp. 337-392",collen-2012-sonobat,unspecified,,,,,,,,,,,max_frequency,species_summary,65.32,,,kHz,,,65.32,ok,Printed in the source as a separate species; the current taxonomy treats it as Neoeptesicus furinalis.
collen2012-1005518-furinalis,1005518,Eptesicus furinalis,synonym_via_mdd,collen-2012,"Appendix F, pp. 337-392",collen-2012-sonobat,unspecified,,,,,,,,,,,min_frequency,species_summary,38.15,,,kHz,,,38.15,ok,Printed in the source as a separate species; the current taxonomy treats it as Neoeptesicus furinalis.
collen2012-1005518-furinalis,1005518,Eptesicus furinalis,synonym_via_mdd,collen-2012,"Appendix F, pp. 337-392",collen-2012-sonobat,unspecified,,,,,,,,,,,peak_frequency,species_summary,42.84,,,kHz,,,42.84,ok,Printed in the source as a separate species; the current taxonomy treats it as Neoeptesicus furinalis.
collen2012-1005518-furinalis,1005518,Eptesicus furinalis,synonym_via_mdd,collen-2012,"Appendix F, pp. 337-392",collen-2012-sonobat,unspecified,,,,,,,,,,,total_slope,species_summary,6.18,,,kHz/msec,,,6.18,ok,Printed in the source as a separate species; the current taxonomy treats it as Neoeptesicus furinalis.
collen2012-1005519,1005519,Eptesicus fuscus,exact,collen-2012,"Appendix F, pp. 337-392",collen-2012-sonobat,unspecified,,,,,,,,,,,bandwidth,species_summary,31.56,,,kHz,,,31.56,ok,
collen2012-1005519,1005519,Eptesicus fuscus,exact,collen-2012,"Appendix F, pp. 337-392",collen-2012-sonobat,unspecified,,,,,,,,,,,body_mass,species_summary,17.49,,,g,,,17.49,ok,
collen2012-1005519,1005519,Eptesicus fuscus,exact,collen-2012,"Appendix F, pp. 337-392",collen-2012-sonobat,unspecified,,,,,,,,,,,call_shape_class,single,8,,,,,,8,ok,
collen2012-1005519,1005519,Eptesicus fuscus,exact,collen-2012,"Appendix F, pp. 337-392",collen-2012-sonobat,unspecified,,,,,,,,,,,dominant_slope,species_summary,2.11,,,kHz/msec,,,2.11,ok,
collen2012-1005519,1005519,Eptesicus fuscus,exact,collen-2012,"Appendix F, pp. 337-392",collen-2012-sonobat,unspecified,,,,,,,,,,,duration,species_summary,7.93,,,ms,,,7.93,ok,
collen2012-1005519,1005519,Eptesicus fuscus,exact,collen-2012,"Appendix F, pp. 337-392",collen-2012-sonobat,unspecified,,,,,,,,,,,max_frequency,species_summary,58.81,,,kHz,,,58.81,ok,
collen2012-1005519,1005519,Eptesicus fuscus,exact,collen-2012,"Appendix F, pp. 337-392",collen-2012-sonobat,unspecified,,,,,,,,,,,min_frequency,species_summary,27.28,,,kHz,,,27.28,ok,
collen2012-1005519,1005519,Eptesicus fuscus,exact,collen-2012,"Appendix F, pp. 337-392",collen-2012-sonobat,unspecified,,,,,,,,,,,peak_frequency,species_summary,32.55,,,kHz,,,32.55,ok,
collen2012-1005519,1005519,Eptesicus fuscus,exact,collen-2012,"Appendix F, pp. 337-392",collen-2012-sonobat,unspecified,,,,,,,,,,,total_slope,species_summary,4.10,,,kHz/msec,,,4.10,ok,
collen2012-1005522-hottentotus,1005522,Eptesicus hottentotus,synonym_via_mdd,collen-2012,"Appendix F, pp. 337-392",collen-2012-sonobat,unspecified,,,,,,,,,,,bandwidth,species_summary,32.65,,,kHz,,,32.65,ok,Printed in the source as a separate species; the current taxonomy treats it as Cnephaeus hottentotus.
collen2012-1005522-hottentotus,1005522,Eptesicus hottentotus,synonym_via_mdd,collen-2012,"Appendix F, pp. 337-392",collen-2012-sonobat,unspecified,,,,,,,,,,,body_mass,species_summary,30.33,,,g,,,30.33,ok,Printed in the source as a separate species; the current taxonomy treats it as Cnephaeus hottentotus.
collen2012-1005522-hottentotus,1005522,Eptesicus hottentotus,synonym_via_mdd,collen-2012,"Appendix F, pp. 337-392",collen-2012-sonobat,unspecified,,,,,,,,,,,call_shape_class,single,8,,,,,,8,ok,Printed in the source as a separate species; the current taxonomy treats it as Cnephaeus hottentotus.
collen2012-1005522-hottentotus,1005522,Eptesicus hottentotus,synonym_via_mdd,collen-2012,"Appendix F, pp. 337-392",collen-2012-sonobat,unspecified,,,,,,,,,,,dominant_slope,species_summary,5.46,,,kHz/msec,,,5.46,ok,Printed in the source as a separate species; the current taxonomy treats it as Cnephaeus hottentotus.
collen2012-1005522-hottentotus,1005522,Eptesicus hottentotus,synonym_via_mdd,collen-2012,"Appendix F, pp. 337-392",collen-2012-sonobat,unspecified,,,,,,,,,,,duration,species_summary,5.06,,,ms,,,5.06,ok,Printed in the source as a separate species; the current taxonomy treats it as Cnephaeus hottentotus.
collen2012-1005522-hottentotus,1005522,Eptesicus hottentotus,synonym_via_mdd,collen-2012,"Appendix F, pp. 337-392",collen-2012-sonobat,unspecified,,,,,,,,,,,max_frequency,species_summary,58.18,,,kHz,,,58.18,ok,Printed in the source as a separate species; the current taxonomy treats it as Cnephaeus hottentotus.
collen2012-1005522-hottentotus,1005522,Eptesicus hottentotus,synonym_via_mdd,collen-2012,"Appendix F, pp. 337-392",collen-2012-sonobat,unspecified,,,,,,,,,,,min_frequency,species_summary,25.47,,,kHz,,,25.47,ok,Printed in the source as a separate species; the current taxonomy treats it as Cnephaeus hottentotus.
collen2012-1005522-hottentotus,1005522,Eptesicus hottentotus,synonym_via_mdd,collen-2012,"Appendix F, pp. 337-392",collen-2012-sonobat,unspecified,,,,,,,,,,,peak_frequency,species_summary,30.88,,,kHz,,,30.88,ok,Printed in the source as a separate species; the current taxonomy treats it as Cnephaeus hottentotus.
collen2012-1005522-hottentotus,1005522,Eptesicus hottentotus,synonym_via_mdd,collen-2012,"Appendix F, pp. 337-392",collen-2012-sonobat,unspecified,,,,,,,,,,,total_slope,species_summary,8.06,,,kHz/msec,,,8.06,ok,Printed in the source as a separate species; the current taxonomy treats it as Cnephaeus hottentotus.
collen2012-1005526-nilssonii,1005526,Eptesicus nilssonii,synonym_via_mdd,collen-2012,"Appendix F, pp. 337-392",collen-2012-sonobat,unspecified,,,,,,,,,,,bandwidth,species_summary,9.53,,,kHz,,,9.53,ok,Printed in the source as a separate species; the current taxonomy treats it as Cnephaeus nilssonii.
collen2012-1005526-nilssonii,1005526,Eptesicus nilssonii,synonym_via_mdd,collen-2012,"Appendix F, pp. 337-392",collen-2012-sonobat,unspecified,,,,,,,,,,,body_mass,species_summary,10.72,,,g,,,10.72,ok,Printed in the source as a separate species; the current taxonomy treats it as Cnephaeus nilssonii.
collen2012-1005526-nilssonii,1005526,Eptesicus nilssonii,synonym_via_mdd,collen-2012,"Appendix F, pp. 337-392",collen-2012-sonobat,unspecified,,,,,,,,,,,call_shape_class,single,8,,,,,,8,ok,Printed in the source as a separate species; the current taxonomy treats it as Cnephaeus nilssonii.
collen2012-1005526-nilssonii,1005526,Eptesicus nilssonii,synonym_via_mdd,collen-2012,"Appendix F, pp. 337-392",collen-2012-sonobat,unspecified,,,,,,,,,,,dominant_slope,species_summary,0.60,,,kHz/msec,,,0.60,ok,Printed in the source as a separate species; the current taxonomy treats it as Cnephaeus nilssonii.
collen2012-1005526-nilssonii,1005526,Eptesicus nilssonii,synonym_via_mdd,collen-2012,"Appendix F, pp. 337-392",collen-2012-sonobat,unspecified,,,,,,,,,,,duration,species_summary,11.72,,,ms,,,11.72,ok,Printed in the source as a separate species; the current taxonomy treats it as Cnephaeus nilssonii.
collen2012-1005526-nilssonii,1005526,Eptesicus nilssonii,synonym_via_mdd,collen-2012,"Appendix F, pp. 337-392",collen-2012-sonobat,unspecified,,,,,,,,,,,max_frequency,species_summary,35.95,,,kHz,,,35.95,ok,Printed in the source as a separate species; the current taxonomy treats it as Cnephaeus nilssonii.
collen2012-1005526-nilssonii,1005526,Eptesicus nilssonii,synonym_via_mdd,collen-2012,"Appendix F, pp. 337-392",collen-2012-sonobat,unspecified,,,,,,,,,,,min_frequency,species_summary,26.50,,,kHz,,,26.50,ok,Printed in the source as a separate species; the current taxonomy treats it as Cnephaeus nilssonii.
collen2012-1005526-nilssonii,1005526,Eptesicus nilssonii,synonym_via_mdd,collen-2012,"Appendix F, pp. 337-392",collen-2012-sonobat,unspecified,,,,,,,,,,,peak_frequency,species_summary,28.55,,,kHz,,,28.55,ok,Printed in the source as a separate species; the current taxonomy treats it as Cnephaeus nilssonii.
collen2012-1005526-nilssonii,1005526,Eptesicus nilssonii,synonym_via_mdd,collen-2012,"Appendix F, pp. 337-392",collen-2012-sonobat,unspecified,,,,,,,,,,,total_slope,species_summary,1.07,,,kHz/msec,,,1.07,ok,Printed in the source as a separate species; the current taxonomy treats it as Cnephaeus nilssonii.
collen2012-1005531-serotinus,1005531,Eptesicus serotinus,synonym_via_mdd,collen-2012,"Appendix F, pp. 337-392",collen-2012-sonobat,unspecified,,,,,,,,,,,bandwidth,species_summary,25.60,,,kHz,,,25.60,ok,Printed in the source as a separate species; the current taxonomy treats it as Cnephaeus serotinus.
collen2012-1005531-serotinus,1005531,Eptesicus serotinus,synonym_via_mdd,collen-2012,"Appendix F, pp. 337-392",collen-2012-sonobat,unspecified,,,,,,,,,,,body_mass,species_summary,23.09,,,g,,,23.09,ok,Printed in the source as a separate species; the current taxonomy treats it as Cnephaeus serotinus.
collen2012-1005531-serotinus,1005531,Eptesicus serotinus,synonym_via_mdd,collen-2012,"Appendix F, pp. 337-392",collen-2012-sonobat,unspecified,,,,,,,,,,,call_shape_class,single,7,,,,,,7,ok,Printed in the source as a separate species; the current taxonomy treats it as Cnephaeus serotinus.
collen2012-1005531-serotinus,1005531,Eptesicus serotinus,synonym_via_mdd,collen-2012,"Appendix F, pp. 337-392",collen-2012-sonobat,unspecified,,,,,,,,,,,dominant_slope,species_summary,3.20,,,kHz/msec,,,3.20,ok,Printed in the source as a separate species; the current taxonomy treats it as Cnephaeus serotinus.
collen2012-1005531-serotinus,1005531,Eptesicus serotinus,synonym_via_mdd,collen-2012,"Appendix F, pp. 337-392",collen-2012-sonobat,unspecified,,,,,,,,,,,duration,species_summary,6.39,,,ms,,,6.39,ok,Printed in the source as a separate species; the current taxonomy treats it as Cnephaeus serotinus.
collen2012-1005531-serotinus,1005531,Eptesicus serotinus,synonym_via_mdd,collen-2012,"Appendix F, pp. 337-392",collen-2012-sonobat,unspecified,,,,,,,,,,,max_frequency,species_summary,52.15,,,kHz,,,52.15,ok,Printed in the source as a separate species; the current taxonomy treats it as Cnephaeus serotinus.
collen2012-1005531-serotinus,1005531,Eptesicus serotinus,synonym_via_mdd,collen-2012,"Appendix F, pp. 337-392",collen-2012-sonobat,unspecified,,,,,,,,,,,min_frequency,species_summary,26.42,,,kHz,,,26.42,ok,Printed in the source as a separate species; the current taxonomy treats it as Cnephaeus serotinus.
collen2012-1005531-serotinus,1005531,Eptesicus serotinus,synonym_via_mdd,collen-2012,"Appendix F, pp. 337-392",collen-2012-sonobat,unspecified,,,,,,,,,,,peak_frequency,species_summary,31.17,,,kHz,,,31.17,ok,Printed in the source as a separate species; the current taxonomy treats it as Cnephaeus serotinus.
collen2012-1005531-serotinus,1005531,Eptesicus serotinus,synonym_via_mdd,collen-2012,"Appendix F, pp. 337-392",collen-2012-sonobat,unspecified,,,,,,,,,,,total_slope,species_summary,5.24,,,kHz/msec,,,5.24,ok,Printed in the source as a separate species; the current taxonomy treats it as Cnephaeus serotinus.
collen2012-1005547,1005547,Glauconycteris variegata,exact,collen-2012,"Appendix F, pp. 337-392",collen-2012-sonobat,unspecified,,,,,,,,,,,bandwidth,species_summary,34.16,,,kHz,,,34.16,ok,
collen2012-1005547,1005547,Glauconycteris variegata,exact,collen-2012,"Appendix F, pp. 337-392",collen-2012-sonobat,unspecified,,,,,,,,,,,body_mass,species_summary,11.25,,,g,,,11.25,ok,
collen2012-1005547,1005547,Glauconycteris variegata,exact,collen-2012,"Appendix F, pp. 337-392",collen-2012-sonobat,unspecified,,,,,,,,,,,call_shape_class,single,8,,,,,,8,ok,
collen2012-1005547,1005547,Glauconycteris variegata,exact,collen-2012,"Appendix F, pp. 337-392",collen-2012-sonobat,unspecified,,,,,,,,,,,dominant_slope,species_summary,8.49,,,kHz/msec,,,8.49,ok,
collen2012-1005547,1005547,Glauconycteris variegata,exact,collen-2012,"Appendix F, pp. 337-392",collen-2012-sonobat,unspecified,,,,,,,,,,,duration,species_summary,2.26,,,ms,,,2.26,ok,
collen2012-1005547,1005547,Glauconycteris variegata,exact,collen-2012,"Appendix F, pp. 337-392",collen-2012-sonobat,unspecified,,,,,,,,,,,max_frequency,species_summary,68.12,,,kHz,,,68.12,ok,
collen2012-1005547,1005547,Glauconycteris variegata,exact,collen-2012,"Appendix F, pp. 337-392",collen-2012-sonobat,unspecified,,,,,,,,,,,min_frequency,species_summary,33.64,,,kHz,,,33.64,ok,
collen2012-1005547,1005547,Glauconycteris variegata,exact,collen-2012,"Appendix F, pp. 337-392",collen-2012-sonobat,unspecified,,,,,,,,,,,peak_frequency,species_summary,40.63,,,kHz,,,40.63,ok,
collen2012-1005547,1005547,Glauconycteris variegata,exact,collen-2012,"Appendix F, pp. 337-392",collen-2012-sonobat,unspecified,,,,,,,,,,,total_slope,species_summary,14.94,,,kHz/msec,,,14.94,ok,
collen2012-1005548,1005548,Hesperoptenus blanfordi,exact,collen-2012,"Appendix F, pp. 337-392",collen-2012-sonobat,unspecified,,,,,,,,,,,body_mass,species_summary,6.91,,,g,,,6.91,ok,
collen2012-1005548,1005548,Hesperoptenus blanfordi,exact,collen-2012,"Appendix F, pp. 337-392",collen-2012-sonobat,unspecified,,,,,,,,,,,duration,species_summary,8.30,,,ms,,,8.30,ok,
collen2012-1005548,1005548,Hesperoptenus blanfordi,exact,collen-2012,"Appendix F, pp. 337-392",collen-2012-sonobat,unspecified,,,,,,,,,,,peak_frequency,species_summary,36.00,,,kHz,,,36.00,ok,
collen2012-1005561,1005561,Ia io,exact,collen-2012,"Appendix F, pp. 337-392",collen-2012-sonobat,unspecified,,,,,,,,,,,body_mass,species_summary,49.3,,,g,,,49.3,ok,
collen2012-1005561,1005561,Ia io,exact,collen-2012,"Appendix F, pp. 337-392",collen-2012-sonobat,unspecified,,,,,,,,,,,duration,species_summary,3.80,,,ms,,,3.80,ok,
collen2012-1005561,1005561,Ia io,exact,collen-2012,"Appendix F, pp. 337-392",collen-2012-sonobat,unspecified,,,,,,,,,,,peak_frequency,species_summary,25,,,kHz,,,25,ok,
collen2012-1005562,1005562,Lasionycteris noctivagans,exact,collen-2012,"Appendix F, pp. 337-392",collen-2012-sonobat,unspecified,,,,,,,,,,,bandwidth,species_summary,24.76,,,kHz,,,24.76,ok,
collen2012-1005562,1005562,Lasionycteris noctivagans,exact,collen-2012,"Appendix F, pp. 337-392",collen-2012-sonobat,unspecified,,,,,,,,,,,body_mass,species_summary,11.02,,,g,,,11.02,ok,
collen2012-1005562,1005562,Lasionycteris noctivagans,exact,collen-2012,"Appendix F, pp. 337-392",collen-2012-sonobat,unspecified,,,,,,,,,,,call_shape_class,single,8,,,,,,8,ok,
collen2012-1005562,1005562,Lasionycteris noctivagans,exact,collen-2012,"Appendix F, pp. 337-392",collen-2012-sonobat,unspecified,,,,,,,,,,,dominant_slope,species_summary,0.83,,,kHz/msec,,,0.83,ok,
collen2012-1005562,1005562,Lasionycteris noctivagans,exact,collen-2012,"Appendix F, pp. 337-392",collen-2012-sonobat,unspecified,,,,,,,,,,,duration,species_summary,9.21,,,ms,,,9.21,ok,
collen2012-1005562,1005562,Lasionycteris noctivagans,exact,collen-2012,"Appendix F, pp. 337-392",collen-2012-sonobat,unspecified,,,,,,,,,,,max_frequency,species_summary,51.04,,,kHz,,,51.04,ok,
collen2012-1005562,1005562,Lasionycteris noctivagans,exact,collen-2012,"Appendix F, pp. 337-392",collen-2012-sonobat,unspecified,,,,,,,,,,,min_frequency,species_summary,26.33,,,kHz,,,26.33,ok,
collen2012-1005562,1005562,Lasionycteris noctivagans,exact,collen-2012,"Appendix F, pp. 337-392",collen-2012-sonobat,unspecified,,,,,,,,,,,peak_frequency,species_summary,30.19,,,kHz,,,30.19,ok,
collen2012-1005562,1005562,Lasionycteris noctivagans,exact,collen-2012,"Appendix F, pp. 337-392",collen-2012-sonobat,unspecified,,,,,,,,,,,total_slope,species_summary,2.51,,,kHz/msec,,,2.51,ok,
collen2012-1005563,1005563,Scoteanax rueppellii,exact,collen-2012,"Appendix F, pp. 337-392",collen-2012-sonobat,unspecified,,,,,,,,,,,bandwidth,species_summary,40.00,,,kHz,,,40.00,ok,
collen2012-1005563,1005563,Scoteanax rueppellii,exact,collen-2012,"Appendix F, pp. 337-392",collen-2012-sonobat,unspecified,,,,,,,,,,,body_mass,species_summary,26.41,,,g,,,26.41,ok,
collen2012-1005563,1005563,Scoteanax rueppellii,exact,collen-2012,"Appendix F, pp. 337-392",collen-2012-sonobat,unspecified,,,,,,,,,,,duration,species_summary,9.00,,,ms,,,9.00,ok,
collen2012-1005563,1005563,Scoteanax rueppellii,exact,collen-2012,"Appendix F, pp. 337-392",collen-2012-sonobat,unspecified,,,,,,,,,,,max_frequency,species_summary,72,,,kHz,,,72,ok,
collen2012-1005563,1005563,Scoteanax rueppellii,exact,collen-2012,"Appendix F, pp. 337-392",collen-2012-sonobat,unspecified,,,,,,,,,,,min_frequency,species_summary,32.00,,,kHz,,,32.00,ok,
collen2012-1005563,1005563,Scoteanax rueppellii,exact,collen-2012,"Appendix F, pp. 337-392",collen-2012-sonobat,unspecified,,,,,,,,,,,peak_frequency,species_summary,35.00,,,kHz,,,35.00,ok,
collen2012-1005565,1005565,Scotorepens balstoni,exact,collen-2012,"Appendix F, pp. 337-392",collen-2012-sonobat,unspecified,,,,,,,,,,,bandwidth,species_summary,31.00,,,kHz,,,31.00,ok,
collen2012-1005565,1005565,Scotorepens balstoni,exact,collen-2012,"Appendix F, pp. 337-392",collen-2012-sonobat,unspecified,,,,,,,,,,,body_mass,species_summary,11.92,,,g,,,11.92,ok,
collen2012-1005565,1005565,Scotorepens balstoni,exact,collen-2012,"Appendix F, pp. 337-392",collen-2012-sonobat,unspecified,,,,,,,,,,,duration,species_summary,8.00,,,ms,,,8.00,ok,
collen2012-1005565,1005565,Scotorepens balstoni,exact,collen-2012,"Appendix F, pp. 337-392",collen-2012-sonobat,unspecified,,,,,,,,,,,max_frequency,species_summary,61,,,kHz,,,61,ok,
collen2012-1005565,1005565,Scotorepens balstoni,exact,collen-2012,"Appendix F, pp. 337-392",collen-2012-sonobat,unspecified,,,,,,,,,,,min_frequency,species_summary,30.00,,,kHz,,,30.00,ok,
collen2012-1005565,1005565,Scotorepens balstoni,exact,collen-2012,"Appendix F, pp. 337-392",collen-2012-sonobat,unspecified,,,,,,,,,,,peak_frequency,species_summary,34.00,,,kHz,,,34.00,ok,
collen2012-1005566,1005566,Scotorepens greyii,exact,collen-2012,"Appendix F, pp. 337-392",collen-2012-sonobat,unspecified,,,,,,,,,,,bandwidth,species_summary,10.12,,,kHz,,,10.12,ok,
collen2012-1005566,1005566,Scotorepens greyii,exact,collen-2012,"Appendix F, pp. 337-392",collen-2012-sonobat,unspecified,,,,,,,,,,,body_mass,species_summary,10,,,g,,,10,ok,
collen2012-1005566,1005566,Scotorepens greyii,exact,collen-2012,"Appendix F, pp. 337-392",collen-2012-sonobat,unspecified,,,,,,,,,,,call_shape_class,single,3,,,,,,3,ok,
collen2012-1005566,1005566,Scotorepens greyii,exact,collen-2012,"Appendix F, pp. 337-392",collen-2012-sonobat,unspecified,,,,,,,,,,,dominant_slope,species_summary,0.30,,,kHz/msec,,,0.30,ok,
collen2012-1005566,1005566,Scotorepens greyii,exact,collen-2012,"Appendix F, pp. 337-392",collen-2012-sonobat,unspecified,,,,,,,,,,,duration,species_summary,8.57,,,ms,,,8.57,ok,
collen2012-1005566,1005566,Scotorepens greyii,exact,collen-2012,"Appendix F, pp. 337-392",collen-2012-sonobat,unspecified,,,,,,,,,,,max_frequency,species_summary,45.19,,,kHz,,,45.19,ok,
collen2012-1005566,1005566,Scotorepens greyii,exact,collen-2012,"Appendix F, pp. 337-392",collen-2012-sonobat,unspecified,,,,,,,,,,,min_frequency,species_summary,35.07,,,kHz,,,35.07,ok,
collen2012-1005566,1005566,Scotorepens greyii,exact,collen-2012,"Appendix F, pp. 337-392",collen-2012-sonobat,unspecified,,,,,,,,,,,peak_frequency,species_summary,36.08,,,kHz,,,36.08,ok,
collen2012-1005566,1005566,Scotorepens greyii,exact,collen-2012,"Appendix F, pp. 337-392",collen-2012-sonobat,unspecified,,,,,,,,,,,total_slope,species_summary,1.20,,,kHz/msec,,,1.20,ok,
collen2012-1005567,1005567,Scotorepens orion,exact,collen-2012,"Appendix F, pp. 337-392",collen-2012-sonobat,unspecified,,,,,,,,,,,bandwidth,species_summary,26,,,kHz,,,26,ok,
collen2012-1005567,1005567,Scotorepens orion,exact,collen-2012,"Appendix F, pp. 337-392",collen-2012-sonobat,unspecified,,,,,,,,,,,body_mass,species_summary,11.83,,,g,,,11.83,ok,
collen2012-1005567,1005567,Scotorepens orion,exact,collen-2012,"Appendix F, pp. 337-392",collen-2012-sonobat,unspecified,,,,,,,,,,,duration,species_summary,10,,,ms,,,10,ok,
collen2012-1005567,1005567,Scotorepens orion,exact,collen-2012,"Appendix F, pp. 337-392",collen-2012-sonobat,unspecified,,,,,,,,,,,max_frequency,species_summary,58,,,kHz,,,58,ok,
collen2012-1005567,1005567,Scotorepens orion,exact,collen-2012,"Appendix F, pp. 337-392",collen-2012-sonobat,unspecified,,,,,,,,,,,min_frequency,species_summary,32.00,,,kHz,,,32.00,ok,
collen2012-1005567,1005567,Scotorepens orion,exact,collen-2012,"Appendix F, pp. 337-392",collen-2012-sonobat,unspecified,,,,,,,,,,,peak_frequency,species_summary,36.00,,,kHz,,,36.00,ok,
collen2012-1005568,1005568,Scotorepens sanborni,exact,collen-2012,"Appendix F, pp. 337-392",collen-2012-sonobat,unspecified,,,,,,,,,,,bandwidth,species_summary,17.00,,,kHz,,,17.00,ok,
collen2012-1005568,1005568,Scotorepens sanborni,exact,collen-2012,"Appendix F, pp. 337-392",collen-2012-sonobat,unspecified,,,,,,,,,,,body_mass,species_summary,8.13,,,g,,,8.13,ok,
collen2012-1005568,1005568,Scotorepens sanborni,exact,collen-2012,"Appendix F, pp. 337-392",collen-2012-sonobat,unspecified,,,,,,,,,,,call_shape_class,single,8,,,,,,8,ok,
collen2012-1005568,1005568,Scotorepens sanborni,exact,collen-2012,"Appendix F, pp. 337-392",collen-2012-sonobat,unspecified,,,,,,,,,,,dominant_slope,species_summary,0.76,,,kHz/msec,,,0.76,ok,
collen2012-1005568,1005568,Scotorepens sanborni,exact,collen-2012,"Appendix F, pp. 337-392",collen-2012-sonobat,unspecified,,,,,,,,,,,duration,species_summary,6.30,,,ms,,,6.30,ok,
collen2012-1005568,1005568,Scotorepens sanborni,exact,collen-2012,"Appendix F, pp. 337-392",collen-2012-sonobat,unspecified,,,,,,,,,,,max_frequency,species_summary,54.58,,,kHz,,,54.58,ok,
collen2012-1005568,1005568,Scotorepens sanborni,exact,collen-2012,"Appendix F, pp. 337-392",collen-2012-sonobat,unspecified,,,,,,,,,,,min_frequency,species_summary,37.59,,,kHz,,,37.59,ok,
collen2012-1005568,1005568,Scotorepens sanborni,exact,collen-2012,"Appendix F, pp. 337-392",collen-2012-sonobat,unspecified,,,,,,,,,,,peak_frequency,species_summary,39.30,,,kHz,,,39.30,ok,
collen2012-1005568,1005568,Scotorepens sanborni,exact,collen-2012,"Appendix F, pp. 337-392",collen-2012-sonobat,unspecified,,,,,,,,,,,total_slope,species_summary,3.13,,,kHz/msec,,,3.13,ok,
collen2012-1005570,1005570,Arielulus torquatus,exact,collen-2012,"Appendix F, pp. 337-392",collen-2012-sonobat,unspecified,,,,,,,,,,,bandwidth,species_summary,41.64,,,kHz,,,41.64,ok,
collen2012-1005570,1005570,Arielulus torquatus,exact,collen-2012,"Appendix F, pp. 337-392",collen-2012-sonobat,unspecified,,,,,,,,,,,call_shape_class,single,10,,,,,,10,ok,
collen2012-1005570,1005570,Arielulus torquatus,exact,collen-2012,"Appendix F, pp. 337-392",collen-2012-sonobat,unspecified,,,,,,,,,,,dominant_slope,species_summary,14.09,,,kHz/msec,,,14.09,ok,
collen2012-1005570,1005570,Arielulus torquatus,exact,collen-2012,"Appendix F, pp. 337-392",collen-2012-sonobat,unspecified,,,,,,,,,,,duration,species_summary,2.71,,,ms,,,2.71,ok,
collen2012-1005570,1005570,Arielulus torquatus,exact,collen-2012,"Appendix F, pp. 337-392",collen-2012-sonobat,unspecified,,,,,,,,,,,max_frequency,species_summary,70.26,,,kHz,,,70.26,ok,
collen2012-1005570,1005570,Arielulus torquatus,exact,collen-2012,"Appendix F, pp. 337-392",collen-2012-sonobat,unspecified,,,,,,,,,,,min_frequency,species_summary,28.55,,,kHz,,,28.55,ok,
collen2012-1005570,1005570,Arielulus torquatus,exact,collen-2012,"Appendix F, pp. 337-392",collen-2012-sonobat,unspecified,,,,,,,,,,,peak_frequency,species_summary,35.82,,,kHz,,,35.82,ok,
collen2012-1005570,1005570,Arielulus torquatus,exact,collen-2012,"Appendix F, pp. 337-392",collen-2012-sonobat,unspecified,,,,,,,,,,,total_slope,species_summary,16.85,,,kHz/msec,,,16.85,ok,
collen2012-1005575,1005575,Lasiurus borealis,exact,collen-2012,"Appendix F, pp. 337-392",collen-2012-sonobat,unspecified,,,,,,,,,,,bandwidth,species_summary,13.84,,,kHz,,,13.84,ok,
collen2012-1005575,1005575,Lasiurus borealis,exact,collen-2012,"Appendix F, pp. 337-392",collen-2012-sonobat,unspecified,,,,,,,,,,,body_mass,species_summary,12.33,,,g,,,12.33,ok,
collen2012-1005575,1005575,Lasiurus borealis,exact,collen-2012,"Appendix F, pp. 337-392",collen-2012-sonobat,unspecified,,,,,,,,,,,call_shape_class,single,3,,,,,,3,ok,
collen2012-1005575,1005575,Lasiurus borealis,exact,collen-2012,"Appendix F, pp. 337-392",collen-2012-sonobat,unspecified,,,,,,,,,,,dominant_slope,species_summary,0.62,,,kHz/msec,,,0.62,ok,
collen2012-1005575,1005575,Lasiurus borealis,exact,collen-2012,"Appendix F, pp. 337-392",collen-2012-sonobat,unspecified,,,,,,,,,,,duration,species_summary,8.50,,,ms,,,8.50,ok,
collen2012-1005575,1005575,Lasiurus borealis,exact,collen-2012,"Appendix F, pp. 337-392",collen-2012-sonobat,unspecified,,,,,,,,,,,max_frequency,species_summary,52.48,,,kHz,,,52.48,ok,
collen2012-1005575,1005575,Lasiurus borealis,exact,collen-2012,"Appendix F, pp. 337-392",collen-2012-sonobat,unspecified,,,,,,,,,,,min_frequency,species_summary,38.56,,,kHz,,,38.56,ok,
collen2012-1005575,1005575,Lasiurus borealis,exact,collen-2012,"Appendix F, pp. 337-392",collen-2012-sonobat,unspecified,,,,,,,,,,,peak_frequency,species_summary,40.95,,,kHz,,,40.95,ok,
collen2012-1005575,1005575,Lasiurus borealis,exact,collen-2012,"Appendix F, pp. 337-392",collen-2012-sonobat,unspecified,,,,,,,,,,,total_slope,species_summary,1.60,,,kHz/msec,,,1.60,ok,
collen2012-1005577,1005577,Lasiurus cinereus,exact,collen-2012,"Appendix F, pp. 337-392",collen-2012-sonobat,unspecified,,,,,,,,,,,body_mass,species_summary,27.06,,,g,,,27.06,ok,
collen2012-1005577,1005577,Lasiurus cinereus,exact,collen-2012,"Appendix F, pp. 337-392",collen-2012-sonobat,unspecified,,,,,,,,,,,call_shape_class,single,3,,,,,,3,ok,
collen2012-1005577,1005577,Lasiurus cinereus,exact,collen-2012,"Appendix F, pp. 337-392",collen-2012-sonobat,unspecified,,,,,,,,,,,duration,species_summary,9.30,,,ms,,,9.30,ok,
collen2012-1005577,1005577,Lasiurus cinereus,exact,collen-2012,"Appendix F, pp. 337-392",collen-2012-sonobat,unspecified,,,,,,,,,,,max_frequency,species_summary,29,,,kHz,,,29,ok,
collen2012-1005577,1005577,Lasiurus cinereus,exact,collen-2012,"Appendix F, pp. 337-392",collen-2012-sonobat,unspecified,,,,,,,,,,,min_frequency,species_summary,17,,,kHz,,,17,ok,
collen2012-1005577,1005577,Lasiurus cinereus,exact,collen-2012,"Appendix F, pp. 337-392",collen-2012-sonobat,unspecified,,,,,,,,,,,peak_frequency,species_summary,23.9,,,kHz,,,23.9,ok,
collen2012-1005580,1005580,Lasiurus ega,exact,collen-2012,"Appendix F, pp. 337-392",collen-2012-sonobat,unspecified,,,,,,,,,,,body_mass,species_summary,12.2,,,g,,,12.2,ok,
collen2012-1005580,1005580,Lasiurus ega,exact,collen-2012,"Appendix F, pp. 337-392",collen-2012-sonobat,unspecified,,,,,,,,,,,duration,species_summary,9.10,,,ms,,,9.10,ok,
collen2012-1005580,1005580,Lasiurus ega,exact,collen-2012,"Appendix F, pp. 337-392",collen-2012-sonobat,unspecified,,,,,,,,,,,min_frequency,species_summary,28.8,,,kHz,,,28.8,ok,
collen2012-1005580,1005580,Lasiurus ega,exact,collen-2012,"Appendix F, pp. 337-392",collen-2012-sonobat,unspecified,,,,,,,,,,,peak_frequency,species_summary,32.20,,,kHz,,,32.20,ok,
collen2012-1005584,1005584,Lasiurus intermedius,exact,collen-2012,"Appendix F, pp. 337-392",collen-2012-sonobat,unspecified,,,,,,,,,,,bandwidth,species_summary,30.41,,,kHz,,,30.41,ok,
collen2012-1005584,1005584,Lasiurus intermedius,exact,collen-2012,"Appendix F, pp. 337-392",collen-2012-sonobat,unspecified,,,,,,,,,,,body_mass,species_summary,22.96,,,g,,,22.96,ok,
collen2012-1005584,1005584,Lasiurus intermedius,exact,collen-2012,"Appendix F, pp. 337-392",collen-2012-sonobat,unspecified,,,,,,,,,,,call_shape_class,single,7,,,,,,7,ok,
collen2012-1005584,1005584,Lasiurus intermedius,exact,collen-2012,"Appendix F, pp. 337-392",collen-2012-sonobat,unspecified,,,,,,,,,,,dominant_slope,species_summary,4.22,,,kHz/msec,,,4.22,ok,
collen2012-1005584,1005584,Lasiurus intermedius,exact,collen-2012,"Appendix F, pp. 337-392",collen-2012-sonobat,unspecified,,,,,,,,,,,duration,species_summary,3.18,,,ms,,,3.18,ok,
collen2012-1005584,1005584,Lasiurus intermedius,exact,collen-2012,"Appendix F, pp. 337-392",collen-2012-sonobat,unspecified,,,,,,,,,,,max_frequency,species_summary,60.89,,,kHz,,,60.89,ok,
collen2012-1005584,1005584,Lasiurus intermedius,exact,collen-2012,"Appendix F, pp. 337-392",collen-2012-sonobat,unspecified,,,,,,,,,,,min_frequency,species_summary,31.04,,,kHz,,,31.04,ok,
collen2012-1005584,1005584,Lasiurus intermedius,exact,collen-2012,"Appendix F, pp. 337-392",collen-2012-sonobat,unspecified,,,,,,,,,,,peak_frequency,species_summary,36.18,,,kHz,,,36.18,ok,
collen2012-1005584,1005584,Lasiurus intermedius,exact,collen-2012,"Appendix F, pp. 337-392",collen-2012-sonobat,unspecified,,,,,,,,,,,total_slope,species_summary,8.32,,,kHz/msec,,,8.32,ok,
collen2012-1005593,1005593,Nycticeius cubanus,exact,collen-2012,"Appendix F, pp. 337-392",collen-2012-sonobat,unspecified,,,,,,,,,,,duration,species_summary,4.53,,,ms,,,4.53,ok,
collen2012-1005593,1005593,Nycticeius cubanus,exact,collen-2012,"Appendix F, pp. 337-392",collen-2012-sonobat,unspecified,,,,,,,,,,,max_frequency,species_summary,47.00,,,kHz,,,47.00,ok,
collen2012-1005593,1005593,Nycticeius cubanus,exact,collen-2012,"Appendix F, pp. 337-392",collen-2012-sonobat,unspecified,,,,,,,,,,,min_frequency,species_summary,33.00,,,kHz,,,33.00,ok,
collen2012-1005593,1005593,Nycticeius cubanus,exact,collen-2012,"Appendix F, pp. 337-392",collen-2012-sonobat,unspecified,,,,,,,,,,,peak_frequency,species_summary,36.00,,,kHz,,,36.00,ok,
collen2012-1005595-hesperus,1005595,Pipistrellus hesperus,synonym_via_mdd,collen-2012,"Appendix F, pp. 337-392",collen-2012-sonobat,unspecified,,,,,,,,,,,bandwidth,species_summary,33.51,,,kHz,,,33.51,ok,Printed in the source as a separate species; the current taxonomy treats it as Parastrellus hesperus.
collen2012-1005595-hesperus,1005595,Pipistrellus hesperus,synonym_via_mdd,collen-2012,"Appendix F, pp. 337-392",collen-2012-sonobat,unspecified,,,,,,,,,,,body_mass,species_summary,3.56,,,g,,,3.56,ok,Printed in the source as a separate species; the current taxonomy treats it as Parastrellus hesperus.
collen2012-1005595-hesperus,1005595,Pipistrellus hesperus,synonym_via_mdd,collen-2012,"Appendix F, pp. 337-392",collen-2012-sonobat,unspecified,,,,,,,,,,,call_shape_class,single,8,,,,,,8,ok,Printed in the source as a separate species; the current taxonomy treats it as Parastrellus hesperus.
collen2012-1005595-hesperus,1005595,Pipistrellus hesperus,synonym_via_mdd,collen-2012,"Appendix F, pp. 337-392",collen-2012-sonobat,unspecified,,,,,,,,,,,dominant_slope,species_summary,1.63,,,kHz/msec,,,1.63,ok,Printed in the source as a separate species; the current taxonomy treats it as Parastrellus hesperus.
collen2012-1005595-hesperus,1005595,Pipistrellus hesperus,synonym_via_mdd,collen-2012,"Appendix F, pp. 337-392",collen-2012-sonobat,unspecified,,,,,,,,,,,duration,species_summary,3.83,,,ms,,,3.83,ok,Printed in the source as a separate species; the current taxonomy treats it as Parastrellus hesperus.
collen2012-1005595-hesperus,1005595,Pipistrellus hesperus,synonym_via_mdd,collen-2012,"Appendix F, pp. 337-392",collen-2012-sonobat,unspecified,,,,,,,,,,,max_frequency,species_summary,71.12,,,kHz,,,71.12,ok,Printed in the source as a separate species; the current taxonomy treats it as Parastrellus hesperus.
collen2012-1005595-hesperus,1005595,Pipistrellus hesperus,synonym_via_mdd,collen-2012,"Appendix F, pp. 337-392",collen-2012-sonobat,unspecified,,,,,,,,,,,min_frequency,species_summary,37.69,,,kHz,,,37.69,ok,Printed in the source as a separate species; the current taxonomy treats it as Parastrellus hesperus.
collen2012-1005595-hesperus,1005595,Pipistrellus hesperus,synonym_via_mdd,collen-2012,"Appendix F, pp. 337-392",collen-2012-sonobat,unspecified,,,,,,,,,,,peak_frequency,species_summary,43.04,,,kHz,,,43.04,ok,Printed in the source as a separate species; the current taxonomy treats it as Parastrellus hesperus.
collen2012-1005595-hesperus,1005595,Pipistrellus hesperus,synonym_via_mdd,collen-2012,"Appendix F, pp. 337-392",collen-2012-sonobat,unspecified,,,,,,,,,,,total_slope,species_summary,7.01,,,kHz/msec,,,7.01,ok,Printed in the source as a separate species; the current taxonomy treats it as Parastrellus hesperus.
collen2012-1005596-subflavus,1005596,Pipistrellus subflavus,synonym_via_mdd,collen-2012,"Appendix F, pp. 337-392",collen-2012-sonobat,unspecified,,,,,,,,,,,bandwidth,species_summary,28.51,,,kHz,,,28.51,ok,Printed in the source as a separate species; the current taxonomy treats it as Perimyotis subflavus.
collen2012-1005596-subflavus,1005596,Pipistrellus subflavus,synonym_via_mdd,collen-2012,"Appendix F, pp. 337-392",collen-2012-sonobat,unspecified,,,,,,,,,,,body_mass,species_summary,5.74,,,g,,,5.74,ok,Printed in the source as a separate species; the current taxonomy treats it as Perimyotis subflavus.
collen2012-1005596-subflavus,1005596,Pipistrellus subflavus,synonym_via_mdd,collen-2012,"Appendix F, pp. 337-392",collen-2012-sonobat,unspecified,,,,,,,,,,,call_shape_class,single,8,,,,,,8,ok,Printed in the source as a separate species; the current taxonomy treats it as Perimyotis subflavus.
collen2012-1005596-subflavus,1005596,Pipistrellus subflavus,synonym_via_mdd,collen-2012,"Appendix F, pp. 337-392",collen-2012-sonobat,unspecified,,,,,,,,,,,dominant_slope,species_summary,0.96,,,kHz/msec,,,0.96,ok,Printed in the source as a separate species; the current taxonomy treats it as Perimyotis subflavus.
collen2012-1005596-subflavus,1005596,Pipistrellus subflavus,synonym_via_mdd,collen-2012,"Appendix F, pp. 337-392",collen-2012-sonobat,unspecified,,,,,,,,,,,duration,species_summary,6.81,,,ms,,,6.81,ok,Printed in the source as a separate species; the current taxonomy treats it as Perimyotis subflavus.
collen2012-1005596-subflavus,1005596,Pipistrellus subflavus,synonym_via_mdd,collen-2012,"Appendix F, pp. 337-392",collen-2012-sonobat,unspecified,,,,,,,,,,,max_frequency,species_summary,71.47,,,kHz,,,71.47,ok,Printed in the source as a separate species; the current taxonomy treats it as Perimyotis subflavus.
collen2012-1005596-subflavus,1005596,Pipistrellus subflavus,synonym_via_mdd,collen-2012,"Appendix F, pp. 337-392",collen-2012-sonobat,unspecified,,,,,,,,,,,min_frequency,species_summary,42.97,,,kHz,,,42.97,ok,Printed in the source as a separate species; the current taxonomy treats it as Perimyotis subflavus.
collen2012-1005596-subflavus,1005596,Pipistrellus subflavus,synonym_via_mdd,collen-2012,"Appendix F, pp. 337-392",collen-2012-sonobat,unspecified,,,,,,,,,,,peak_frequency,species_summary,45.95,,,kHz,,,45.95,ok,Printed in the source as a separate species; the current taxonomy treats it as Perimyotis subflavus.
collen2012-1005596-subflavus,1005596,Pipistrellus subflavus,synonym_via_mdd,collen-2012,"Appendix F, pp. 337-392",collen-2012-sonobat,unspecified,,,,,,,,,,,total_slope,species_summary,4.07,,,kHz/msec,,,4.07,ok,Printed in the source as a separate species; the current taxonomy treats it as Perimyotis subflavus.
collen2012-1005600,1005600,Glischropus tylopus,exact,collen-2012,"Appendix F, pp. 337-392",collen-2012-sonobat,unspecified,,,,,,,,,,,bandwidth,species_summary,28.31,,,kHz,,,28.31,ok,
collen2012-1005600,1005600,Glischropus tylopus,exact,collen-2012,"Appendix F, pp. 337-392",collen-2012-sonobat,unspecified,,,,,,,,,,,body_mass,species_summary,4.59,,,g,,,4.59,ok,
collen2012-1005600,1005600,Glischropus tylopus,exact,collen-2012,"Appendix F, pp. 337-392",collen-2012-sonobat,unspecified,,,,,,,,,,,call_shape_class,single,8,,,,,,8,ok,
collen2012-1005600,1005600,Glischropus tylopus,exact,collen-2012,"Appendix F, pp. 337-392",collen-2012-sonobat,unspecified,,,,,,,,,,,dominant_slope,species_summary,6.58,,,kHz/msec,,,6.58,ok,
collen2012-1005600,1005600,Glischropus tylopus,exact,collen-2012,"Appendix F, pp. 337-392",collen-2012-sonobat,unspecified,,,,,,,,,,,duration,species_summary,3.43,,,ms,,,3.43,ok,
collen2012-1005600,1005600,Glischropus tylopus,exact,collen-2012,"Appendix F, pp. 337-392",collen-2012-sonobat,unspecified,,,,,,,,,,,max_frequency,species_summary,72.99,,,kHz,,,72.99,ok,
collen2012-1005600,1005600,Glischropus tylopus,exact,collen-2012,"Appendix F, pp. 337-392",collen-2012-sonobat,unspecified,,,,,,,,,,,min_frequency,species_summary,44.59,,,kHz,,,44.59,ok,
collen2012-1005600,1005600,Glischropus tylopus,exact,collen-2012,"Appendix F, pp. 337-392",collen-2012-sonobat,unspecified,,,,,,,,,,,peak_frequency,species_summary,48.16,,,kHz,,,48.16,ok,
collen2012-1005600,1005600,Glischropus tylopus,exact,collen-2012,"Appendix F, pp. 337-392",collen-2012-sonobat,unspecified,,,,,,,,,,,total_slope,species_summary,11.16,,,kHz/msec,,,11.16,ok,
collen2012-1005601,1005601,Nyctalus aviator,exact,collen-2012,"Appendix F, pp. 337-392",collen-2012-sonobat,unspecified,,,,,,,,,,,bandwidth,species_summary,27.72,,,kHz,,,27.72,ok,
collen2012-1005601,1005601,Nyctalus aviator,exact,collen-2012,"Appendix F, pp. 337-392",collen-2012-sonobat,unspecified,,,,,,,,,,,body_mass,species_summary,31.87,,,g,,,31.87,ok,
collen2012-1005601,1005601,Nyctalus aviator,exact,collen-2012,"Appendix F, pp. 337-392",collen-2012-sonobat,unspecified,,,,,,,,,,,call_shape_class,single,7,,,,,,7,ok,
collen2012-1005601,1005601,Nyctalus aviator,exact,collen-2012,"Appendix F, pp. 337-392",collen-2012-sonobat,unspecified,,,,,,,,,,,dominant_slope,species_summary,13.56,,,kHz/msec,,,13.56,ok,
collen2012-1005601,1005601,Nyctalus aviator,exact,collen-2012,"Appendix F, pp. 337-392",collen-2012-sonobat,unspecified,,,,,,,,,,,duration,species_summary,1.89,,,ms,,,1.89,ok,
collen2012-1005601,1005601,Nyctalus aviator,exact,collen-2012,"Appendix F, pp. 337-392",collen-2012-sonobat,unspecified,,,,,,,,,,,max_frequency,species_summary,50.81,,,kHz,,,50.81,ok,
collen2012-1005601,1005601,Nyctalus aviator,exact,collen-2012,"Appendix F, pp. 337-392",collen-2012-sonobat,unspecified,,,,,,,,,,,min_frequency,species_summary,22.76,,,kHz,,,22.76,ok,
collen2012-1005601,1005601,Nyctalus aviator,exact,collen-2012,"Appendix F, pp. 337-392",collen-2012-sonobat,unspecified,,,,,,,,,,,peak_frequency,species_summary,40.29,,,kHz,,,40.29,ok,
collen2012-1005601,1005601,Nyctalus aviator,exact,collen-2012,"Appendix F, pp. 337-392",collen-2012-sonobat,unspecified,,,,,,,,,,,total_slope,species_summary,16.42,,,kHz/msec,,,16.42,ok,
collen2012-1005602,1005602,Nyctalus azoreum,exact,collen-2012,"Appendix F, pp. 337-392",collen-2012-sonobat,unspecified,,,,,,,,,,,body_mass,species_summary,8.80,,,g,,,8.80,ok,
collen2012-1005602,1005602,Nyctalus azoreum,exact,collen-2012,"Appendix F, pp. 337-392",collen-2012-sonobat,unspecified,,,,,,,,,,,duration,species_summary,16,,,ms,,,16,ok,
collen2012-1005602,1005602,Nyctalus azoreum,exact,collen-2012,"Appendix F, pp. 337-392",collen-2012-sonobat,unspecified,,,,,,,,,,,peak_frequency,species_summary,30.00,,,kHz,,,30.00,ok,
collen2012-1005604,1005604,Nyctalus lasiopterus,exact,collen-2012,"Appendix F, pp. 337-392",collen-2012-sonobat,unspecified,,,,,,,,,,,bandwidth,species_summary,5.03,,,kHz,,,5.03,ok,
collen2012-1005604,1005604,Nyctalus lasiopterus,exact,collen-2012,"Appendix F, pp. 337-392",collen-2012-sonobat,unspecified,,,,,,,,,,,body_mass,species_summary,45.98,,,g,,,45.98,ok,
collen2012-1005604,1005604,Nyctalus lasiopterus,exact,collen-2012,"Appendix F, pp. 337-392",collen-2012-sonobat,unspecified,,,,,,,,,,,call_shape_class,single,8,,,,,,8,ok,
collen2012-1005604,1005604,Nyctalus lasiopterus,exact,collen-2012,"Appendix F, pp. 337-392",collen-2012-sonobat,unspecified,,,,,,,,,,,dominant_slope,species_summary,0.15,,,kHz/msec,,,0.15,ok,
collen2012-1005604,1005604,Nyctalus lasiopterus,exact,collen-2012,"Appendix F, pp. 337-392",collen-2012-sonobat,unspecified,,,,,,,,,,,duration,species_summary,22.03,,,ms,,,22.03,ok,
collen2012-1005604,1005604,Nyctalus lasiopterus,exact,collen-2012,"Appendix F, pp. 337-392",collen-2012-sonobat,unspecified,,,,,,,,,,,max_frequency,species_summary,19.29,,,kHz,,,19.29,ok,
collen2012-1005604,1005604,Nyctalus lasiopterus,exact,collen-2012,"Appendix F, pp. 337-392",collen-2012-sonobat,unspecified,,,,,,,,,,,min_frequency,species_summary,14.20,,,kHz,,,14.20,ok,
collen2012-1005604,1005604,Nyctalus lasiopterus,exact,collen-2012,"Appendix F, pp. 337-392",collen-2012-sonobat,unspecified,,,,,,,,,,,peak_frequency,species_summary,15.23,,,kHz,,,15.23,ok,
collen2012-1005604,1005604,Nyctalus lasiopterus,exact,collen-2012,"Appendix F, pp. 337-392",collen-2012-sonobat,unspecified,,,,,,,,,,,total_slope,species_summary,0.23,,,kHz/msec,,,0.23,ok,
collen2012-1005605,1005605,Nyctalus leisleri,exact,collen-2012,"Appendix F, pp. 337-392",collen-2012-sonobat,unspecified,,,,,,,,,,,bandwidth,species_summary,21.30,,,kHz,,,21.30,ok,
collen2012-1005605,1005605,Nyctalus leisleri,exact,collen-2012,"Appendix F, pp. 337-392",collen-2012-sonobat,unspecified,,,,,,,,,,,body_mass,species_summary,12.47,,,g,,,12.47,ok,
collen2012-1005605,1005605,Nyctalus leisleri,exact,collen-2012,"Appendix F, pp. 337-392",collen-2012-sonobat,unspecified,,,,,,,,,,,call_shape_class,single,8,,,,,,8,ok,
collen2012-1005605,1005605,Nyctalus leisleri,exact,collen-2012,"Appendix F, pp. 337-392",collen-2012-sonobat,unspecified,,,,,,,,,,,dominant_slope,species_summary,1.33,,,kHz/msec,,,1.33,ok,
collen2012-1005605,1005605,Nyctalus leisleri,exact,collen-2012,"Appendix F, pp. 337-392",collen-2012-sonobat,unspecified,,,,,,,,,,,duration,species_summary,7.97,,,ms,,,7.97,ok,
collen2012-1005605,1005605,Nyctalus leisleri,exact,collen-2012,"Appendix F, pp. 337-392",collen-2012-sonobat,unspecified,,,,,,,,,,,max_frequency,species_summary,48.02,,,kHz,,,48.02,ok,
collen2012-1005605,1005605,Nyctalus leisleri,exact,collen-2012,"Appendix F, pp. 337-392",collen-2012-sonobat,unspecified,,,,,,,,,,,min_frequency,species_summary,26.52,,,kHz,,,26.52,ok,
collen2012-1005605,1005605,Nyctalus leisleri,exact,collen-2012,"Appendix F, pp. 337-392",collen-2012-sonobat,unspecified,,,,,,,,,,,peak_frequency,species_summary,30.67,,,kHz,,,30.67,ok,
collen2012-1005605,1005605,Nyctalus leisleri,exact,collen-2012,"Appendix F, pp. 337-392",collen-2012-sonobat,unspecified,,,,,,,,,,,total_slope,species_summary,3.61,,,kHz/msec,,,3.61,ok,
collen2012-1005607,1005607,Nyctalus noctula,exact,collen-2012,"Appendix F, pp. 337-392",collen-2012-sonobat,unspecified,,,,,,,,,,,bandwidth,species_summary,10.01,,,kHz,,,10.01,ok,
collen2012-1005607,1005607,Nyctalus noctula,exact,collen-2012,"Appendix F, pp. 337-392",collen-2012-sonobat,unspecified,,,,,,,,,,,body_mass,species_summary,28.48,,,g,,,28.48,ok,
collen2012-1005607,1005607,Nyctalus noctula,exact,collen-2012,"Appendix F, pp. 337-392",collen-2012-sonobat,unspecified,,,,,,,,,,,call_shape_class,single,3,,,,,,3,ok,
collen2012-1005607,1005607,Nyctalus noctula,exact,collen-2012,"Appendix F, pp. 337-392",collen-2012-sonobat,unspecified,,,,,,,,,,,dominant_slope,species_summary,0.44,,,kHz/msec,,,0.44,ok,
collen2012-1005607,1005607,Nyctalus noctula,exact,collen-2012,"Appendix F, pp. 337-392",collen-2012-sonobat,unspecified,,,,,,,,,,,duration,species_summary,13.13,,,ms,,,13.13,ok,
collen2012-1005607,1005607,Nyctalus noctula,exact,collen-2012,"Appendix F, pp. 337-392",collen-2012-sonobat,unspecified,,,,,,,,,,,max_frequency,species_summary,31.44,,,kHz,,,31.44,ok,
collen2012-1005607,1005607,Nyctalus noctula,exact,collen-2012,"Appendix F, pp. 337-392",collen-2012-sonobat,unspecified,,,,,,,,,,,min_frequency,species_summary,21.33,,,kHz,,,21.33,ok,
collen2012-1005607,1005607,Nyctalus noctula,exact,collen-2012,"Appendix F, pp. 337-392",collen-2012-sonobat,unspecified,,,,,,,,,,,peak_frequency,species_summary,22.86,,,kHz,,,22.86,ok,
collen2012-1005607,1005607,Nyctalus noctula,exact,collen-2012,"Appendix F, pp. 337-392",collen-2012-sonobat,unspecified,,,,,,,,,,,total_slope,species_summary,1.00,,,kHz/msec,,,1.00,ok,
collen2012-1005608,1005608,Nyctalus plancyi,exact,collen-2012,"Appendix F, pp. 337-392",collen-2012-sonobat,unspecified,,,,,,,,,,,bandwidth,species_summary,29.27,,,kHz,,,29.27,ok,
collen2012-1005608,1005608,Nyctalus plancyi,exact,collen-2012,"Appendix F, pp. 337-392",collen-2012-sonobat,unspecified,,,,,,,,,,,call_shape_class,single,10,,,,,,10,ok,
collen2012-1005608,1005608,Nyctalus plancyi,exact,collen-2012,"Appendix F, pp. 337-392",collen-2012-sonobat,unspecified,,,,,,,,,,,dominant_slope,species_summary,16.26,,,kHz/msec,,,16.26,ok,
collen2012-1005608,1005608,Nyctalus plancyi,exact,collen-2012,"Appendix F, pp. 337-392",collen-2012-sonobat,unspecified,,,,,,,,,,,duration,species_summary,1.85,,,ms,,,1.85,ok,
collen2012-1005608,1005608,Nyctalus plancyi,exact,collen-2012,"Appendix F, pp. 337-392",collen-2012-sonobat,unspecified,,,,,,,,,,,max_frequency,species_summary,52.75,,,kHz,,,52.75,ok,
collen2012-1005608,1005608,Nyctalus plancyi,exact,collen-2012,"Appendix F, pp. 337-392",collen-2012-sonobat,unspecified,,,,,,,,,,,min_frequency,species_summary,23.37,,,kHz,,,23.37,ok,
collen2012-1005608,1005608,Nyctalus plancyi,exact,collen-2012,"Appendix F, pp. 337-392",collen-2012-sonobat,unspecified,,,,,,,,,,,peak_frequency,species_summary,34.96,,,kHz,,,34.96,ok,
collen2012-1005608,1005608,Nyctalus plancyi,exact,collen-2012,"Appendix F, pp. 337-392",collen-2012-sonobat,unspecified,,,,,,,,,,,total_slope,species_summary,17.63,,,kHz/msec,,,17.63,ok,
collen2012-1005609-abramus,1005609,Pipistrellus abramus,synonym_via_mdd,collen-2012,"Appendix F, pp. 337-392",collen-2012-sonobat,unspecified,,,,,,,,,,,bandwidth,species_summary,8.83,,,kHz,,,8.83,ok,Printed in the source as a separate species; the current taxonomy treats it as Alionoctula abramus.
collen2012-1005609-abramus,1005609,Pipistrellus abramus,synonym_via_mdd,collen-2012,"Appendix F, pp. 337-392",collen-2012-sonobat,unspecified,,,,,,,,,,,body_mass,species_summary,5.87,,,g,,,5.87,ok,Printed in the source as a separate species; the current taxonomy treats it as Alionoctula abramus.
collen2012-1005609-abramus,1005609,Pipistrellus abramus,synonym_via_mdd,collen-2012,"Appendix F, pp. 337-392",collen-2012-sonobat,unspecified,,,,,,,,,,,call_shape_class,single,8,,,,,,8,ok,Printed in the source as a separate species; the current taxonomy treats it as Alionoctula abramus.
collen2012-1005609-abramus,1005609,Pipistrellus abramus,synonym_via_mdd,collen-2012,"Appendix F, pp. 337-392",collen-2012-sonobat,unspecified,,,,,,,,,,,dominant_slope,species_summary,0.56,,,kHz/msec,,,0.56,ok,Printed in the source as a separate species; the current taxonomy treats it as Alionoctula abramus.
collen2012-1005609-abramus,1005609,Pipistrellus abramus,synonym_via_mdd,collen-2012,"Appendix F, pp. 337-392",collen-2012-sonobat,unspecified,,,,,,,,,,,duration,species_summary,8.33,,,ms,,,8.33,ok,Printed in the source as a separate species; the current taxonomy treats it as Alionoctula abramus.
collen2012-1005609-abramus,1005609,Pipistrellus abramus,synonym_via_mdd,collen-2012,"Appendix F, pp. 337-392",collen-2012-sonobat,unspecified,,,,,,,,,,,max_frequency,species_summary,52.19,,,kHz,,,52.19,ok,Printed in the source as a separate species; the current taxonomy treats it as Alionoctula abramus.
collen2012-1005609-abramus,1005609,Pipistrellus abramus,synonym_via_mdd,collen-2012,"Appendix F, pp. 337-392",collen-2012-sonobat,unspecified,,,,,,,,,,,min_frequency,species_summary,43.33,,,kHz,,,43.33,ok,Printed in the source as a separate species; the current taxonomy treats it as Alionoctula abramus.
collen2012-1005609-abramus,1005609,Pipistrellus abramus,synonym_via_mdd,collen-2012,"Appendix F, pp. 337-392",collen-2012-sonobat,unspecified,,,,,,,,,,,peak_frequency,species_summary,44.60,,,kHz,,,44.60,ok,Printed in the source as a separate species; the current taxonomy treats it as Alionoctula abramus.
collen2012-1005609-abramus,1005609,Pipistrellus abramus,synonym_via_mdd,collen-2012,"Appendix F, pp. 337-392",collen-2012-sonobat,unspecified,,,,,,,,,,,total_slope,species_summary,1.36,,,kHz/msec,,,1.36,ok,Printed in the source as a separate species; the current taxonomy treats it as Alionoctula abramus.
collen2012-1005610-adamsi,1005610,Pipistrellus adamsi,synonym_via_mdd,collen-2012,"Appendix F, pp. 337-392",collen-2012-sonobat,unspecified,,,,,,,,,,,bandwidth,species_summary,18.30,,,kHz,,,18.30,ok,Printed in the source as a separate species; the current taxonomy treats it as Alionoctula adamsi.
collen2012-1005610-adamsi,1005610,Pipistrellus adamsi,synonym_via_mdd,collen-2012,"Appendix F, pp. 337-392",collen-2012-sonobat,unspecified,,,,,,,,,,,call_shape_class,single,8,,,,,,8,ok,Printed in the source as a separate species; the current taxonomy treats it as Alionoctula adamsi.
collen2012-1005610-adamsi,1005610,Pipistrellus adamsi,synonym_via_mdd,collen-2012,"Appendix F, pp. 337-392",collen-2012-sonobat,unspecified,,,,,,,,,,,dominant_slope,species_summary,1.11,,,kHz/msec,,,1.11,ok,Printed in the source as a separate species; the current taxonomy treats it as Alionoctula adamsi.
collen2012-1005610-adamsi,1005610,Pipistrellus adamsi,synonym_via_mdd,collen-2012,"Appendix F, pp. 337-392",collen-2012-sonobat,unspecified,,,,,,,,,,,duration,species_summary,5.12,,,ms,,,5.12,ok,Printed in the source as a separate species; the current taxonomy treats it as Alionoctula adamsi.
collen2012-1005610-adamsi,1005610,Pipistrellus adamsi,synonym_via_mdd,collen-2012,"Appendix F, pp. 337-392",collen-2012-sonobat,unspecified,,,,,,,,,,,max_frequency,species_summary,62.78,,,kHz,,,62.78,ok,Printed in the source as a separate species; the current taxonomy treats it as Alionoctula adamsi.
collen2012-1005610-adamsi,1005610,Pipistrellus adamsi,synonym_via_mdd,collen-2012,"Appendix F, pp. 337-392",collen-2012-sonobat,unspecified,,,,,,,,,,,min_frequency,species_summary,44.64,,,kHz,,,44.64,ok,Printed in the source as a separate species; the current taxonomy treats it as Alionoctula adamsi.
collen2012-1005610-adamsi,1005610,Pipistrellus adamsi,synonym_via_mdd,collen-2012,"Appendix F, pp. 337-392",collen-2012-sonobat,unspecified,,,,,,,,,,,peak_frequency,species_summary,48.02,,,kHz,,,48.02,ok,Printed in the source as a separate species; the current taxonomy treats it as Alionoctula adamsi.
collen2012-1005610-adamsi,1005610,Pipistrellus adamsi,synonym_via_mdd,collen-2012,"Appendix F, pp. 337-392",collen-2012-sonobat,unspecified,,,,,,,,,,,total_slope,species_summary,4.27,,,kHz/msec,,,4.27,ok,Printed in the source as a separate species; the current taxonomy treats it as Alionoctula adamsi.
collen2012-1005620,1005620,Pipistrellus hesperidus,exact,collen-2012,"Appendix F, pp. 337-392",collen-2012-sonobat,unspecified,,,,,,,,,,,bandwidth,species_summary,41.64,,,kHz,,,41.64,ok,
collen2012-1005620,1005620,Pipistrellus hesperidus,exact,collen-2012,"Appendix F, pp. 337-392",collen-2012-sonobat,unspecified,,,,,,,,,,,call_shape_class,single,10,,,,,,10,ok,
collen2012-1005620,1005620,Pipistrellus hesperidus,exact,collen-2012,"Appendix F, pp. 337-392",collen-2012-sonobat,unspecified,,,,,,,,,,,dominant_slope,species_summary,9.74,,,kHz/msec,,,9.74,ok,
collen2012-1005620,1005620,Pipistrellus hesperidus,exact,collen-2012,"Appendix F, pp. 337-392",collen-2012-sonobat,unspecified,,,,,,,,,,,duration,species_summary,2.67,,,ms,,,2.67,ok,
collen2012-1005620,1005620,Pipistrellus hesperidus,exact,collen-2012,"Appendix F, pp. 337-392",collen-2012-sonobat,unspecified,,,,,,,,,,,max_frequency,species_summary,86.90,,,kHz,,,86.90,ok,
collen2012-1005620,1005620,Pipistrellus hesperidus,exact,collen-2012,"Appendix F, pp. 337-392",collen-2012-sonobat,unspecified,,,,,,,,,,,min_frequency,species_summary,45.19,,,kHz,,,45.19,ok,
collen2012-1005620,1005620,Pipistrellus hesperidus,exact,collen-2012,"Appendix F, pp. 337-392",collen-2012-sonobat,unspecified,,,,,,,,,,,peak_frequency,species_summary,52.32,,,kHz,,,52.32,ok,
collen2012-1005620,1005620,Pipistrellus hesperidus,exact,collen-2012,"Appendix F, pp. 337-392",collen-2012-sonobat,unspecified,,,,,,,,,,,total_slope,species_summary,17.48,,,kHz/msec,,,17.48,ok,
collen2012-1005623,1005623,Pipistrellus kuhlii,exact,collen-2012,"Appendix F, pp. 337-392",collen-2012-sonobat,unspecified,,,,,,,,,,,bandwidth,species_summary,22.15,,,kHz,,,22.15,ok,
collen2012-1005623,1005623,Pipistrellus kuhlii,exact,collen-2012,"Appendix F, pp. 337-392",collen-2012-sonobat,unspecified,,,,,,,,,,,body_mass,species_summary,6.07,,,g,,,6.07,ok,
collen2012-1005623,1005623,Pipistrellus kuhlii,exact,collen-2012,"Appendix F, pp. 337-392",collen-2012-sonobat,unspecified,,,,,,,,,,,call_shape_class,single,8,,,,,,8,ok,
collen2012-1005623,1005623,Pipistrellus kuhlii,exact,collen-2012,"Appendix F, pp. 337-392",collen-2012-sonobat,unspecified,,,,,,,,,,,dominant_slope,species_summary,1.59,,,kHz/msec,,,1.59,ok,
collen2012-1005623,1005623,Pipistrellus kuhlii,exact,collen-2012,"Appendix F, pp. 337-392",collen-2012-sonobat,unspecified,,,,,,,,,,,duration,species_summary,5.18,,,ms,,,5.18,ok,
collen2012-1005623,1005623,Pipistrellus kuhlii,exact,collen-2012,"Appendix F, pp. 337-392",collen-2012-sonobat,unspecified,,,,,,,,,,,max_frequency,species_summary,60.05,,,kHz,,,60.05,ok,
collen2012-1005623,1005623,Pipistrellus kuhlii,exact,collen-2012,"Appendix F, pp. 337-392",collen-2012-sonobat,unspecified,,,,,,,,,,,min_frequency,species_summary,37.93,,,kHz,,,37.93,ok,
collen2012-1005623,1005623,Pipistrellus kuhlii,exact,collen-2012,"Appendix F, pp. 337-392",collen-2012-sonobat,unspecified,,,,,,,,,,,peak_frequency,species_summary,41.16,,,kHz,,,41.16,ok,
collen2012-1005623,1005623,Pipistrellus kuhlii,exact,collen-2012,"Appendix F, pp. 337-392",collen-2012-sonobat,unspecified,,,,,,,,,,,total_slope,species_summary,4.92,,,kHz/msec,,,4.92,ok,
collen2012-1005624,1005624,Pipistrellus maderensis,exact,collen-2012,"Appendix F, pp. 337-392",collen-2012-sonobat,unspecified,,,,,,,,,,,bandwidth,species_summary,15.35,,,kHz,,,15.35,ok,
collen2012-1005624,1005624,Pipistrellus maderensis,exact,collen-2012,"Appendix F, pp. 337-392",collen-2012-sonobat,unspecified,,,,,,,,,,,body_mass,species_summary,4.91,,,g,,,4.91,ok,
collen2012-1005624,1005624,Pipistrellus maderensis,exact,collen-2012,"Appendix F, pp. 337-392",collen-2012-sonobat,unspecified,,,,,,,,,,,call_shape_class,single,8,,,,,,8,ok,
collen2012-1005624,1005624,Pipistrellus maderensis,exact,collen-2012,"Appendix F, pp. 337-392",collen-2012-sonobat,unspecified,,,,,,,,,,,dominant_slope,species_summary,2.06,,,kHz/msec,,,2.06,ok,
collen2012-1005624,1005624,Pipistrellus maderensis,exact,collen-2012,"Appendix F, pp. 337-392",collen-2012-sonobat,unspecified,,,,,,,,,,,duration,species_summary,4.53,,,ms,,,4.53,ok,
collen2012-1005624,1005624,Pipistrellus maderensis,exact,collen-2012,"Appendix F, pp. 337-392",collen-2012-sonobat,unspecified,,,,,,,,,,,max_frequency,species_summary,58.01,,,kHz,,,58.01,ok,
collen2012-1005624,1005624,Pipistrellus maderensis,exact,collen-2012,"Appendix F, pp. 337-392",collen-2012-sonobat,unspecified,,,,,,,,,,,min_frequency,species_summary,42.66,,,kHz,,,42.66,ok,
collen2012-1005624,1005624,Pipistrellus maderensis,exact,collen-2012,"Appendix F, pp. 337-392",collen-2012-sonobat,unspecified,,,,,,,,,,,peak_frequency,species_summary,46.44,,,kHz,,,46.44,ok,
collen2012-1005624,1005624,Pipistrellus maderensis,exact,collen-2012,"Appendix F, pp. 337-392",collen-2012-sonobat,unspecified,,,,,,,,,,,total_slope,species_summary,3.33,,,kHz/msec,,,3.33,ok,
collen2012-1005628,1005628,Pipistrellus nathusii,exact,collen-2012,"Appendix F, pp. 337-392",collen-2012-sonobat,unspecified,,,,,,,,,,,bandwidth,species_summary,12.71,,,kHz,,,12.71,ok,
collen2012-1005628,1005628,Pipistrellus nathusii,exact,collen-2012,"Appendix F, pp. 337-392",collen-2012-sonobat,unspecified,,,,,,,,,,,body_mass,species_summary,7.44,,,g,,,7.44,ok,
collen2012-1005628,1005628,Pipistrellus nathusii,exact,collen-2012,"Appendix F, pp. 337-392",collen-2012-sonobat,unspecified,,,,,,,,,,,call_shape_class,single,8,,,,,,8,ok,
collen2012-1005628,1005628,Pipistrellus nathusii,exact,collen-2012,"Appendix F, pp. 337-392",collen-2012-sonobat,unspecified,,,,,,,,,,,dominant_slope,species_summary,0.90,,,kHz/msec,,,0.90,ok,
collen2012-1005628,1005628,Pipistrellus nathusii,exact,collen-2012,"Appendix F, pp. 337-392",collen-2012-sonobat,unspecified,,,,,,,,,,,duration,species_summary,6.66,,,ms,,,6.66,ok,
collen2012-1005628,1005628,Pipistrellus nathusii,exact,collen-2012,"Appendix F, pp. 337-392",collen-2012-sonobat,unspecified,,,,,,,,,,,max_frequency,species_summary,52.18,,,kHz,,,52.18,ok,
collen2012-1005628,1005628,Pipistrellus nathusii,exact,collen-2012,"Appendix F, pp. 337-392",collen-2012-sonobat,unspecified,,,,,,,,,,,min_frequency,species_summary,39.46,,,kHz,,,39.46,ok,
collen2012-1005628,1005628,Pipistrellus nathusii,exact,collen-2012,"Appendix F, pp. 337-392",collen-2012-sonobat,unspecified,,,,,,,,,,,peak_frequency,species_summary,41.40,,,kHz,,,41.40,ok,
collen2012-1005628,1005628,Pipistrellus nathusii,exact,collen-2012,"Appendix F, pp. 337-392",collen-2012-sonobat,unspecified,,,,,,,,,,,total_slope,species_summary,2.47,,,kHz/msec,,,2.47,ok,
collen2012-1005632,1005632,Pipistrellus pipistrellus,exact,collen-2012,"Appendix F, pp. 337-392",collen-2012-sonobat,unspecified,,,,,,,,,,,bandwidth,species_summary,23.69,,,kHz,,,23.69,ok,
collen2012-1005632,1005632,Pipistrellus pipistrellus,exact,collen-2012,"Appendix F, pp. 337-392",collen-2012-sonobat,unspecified,,,,,,,,,,,body_mass,species_summary,5.30,,,g,,,5.30,ok,
collen2012-1005632,1005632,Pipistrellus pipistrellus,exact,collen-2012,"Appendix F, pp. 337-392",collen-2012-sonobat,unspecified,,,,,,,,,,,call_shape_class,single,8,,,,,,8,ok,
collen2012-1005632,1005632,Pipistrellus pipistrellus,exact,collen-2012,"Appendix F, pp. 337-392",collen-2012-sonobat,unspecified,,,,,,,,,,,dominant_slope,species_summary,1.22,,,kHz/msec,,,1.22,ok,
collen2012-1005632,1005632,Pipistrellus pipistrellus,exact,collen-2012,"Appendix F, pp. 337-392",collen-2012-sonobat,unspecified,,,,,,,,,,,duration,species_summary,5.22,,,ms,,,5.22,ok,
collen2012-1005632,1005632,Pipistrellus pipistrellus,exact,collen-2012,"Appendix F, pp. 337-392",collen-2012-sonobat,unspecified,,,,,,,,,,,max_frequency,species_summary,69.14,,,kHz,,,69.14,ok,
collen2012-1005632,1005632,Pipistrellus pipistrellus,exact,collen-2012,"Appendix F, pp. 337-392",collen-2012-sonobat,unspecified,,,,,,,,,,,min_frequency,species_summary,45.44,,,kHz,,,45.44,ok,
collen2012-1005632,1005632,Pipistrellus pipistrellus,exact,collen-2012,"Appendix F, pp. 337-392",collen-2012-sonobat,unspecified,,,,,,,,,,,peak_frequency,species_summary,47.61,,,kHz,,,47.61,ok,
collen2012-1005632,1005632,Pipistrellus pipistrellus,exact,collen-2012,"Appendix F, pp. 337-392",collen-2012-sonobat,unspecified,,,,,,,,,,,total_slope,species_summary,5.17,,,kHz/msec,,,5.17,ok,
collen2012-1005633,1005633,Pipistrellus pygmaeus,exact,collen-2012,"Appendix F, pp. 337-392",collen-2012-sonobat,unspecified,,,,,,,,,,,bandwidth,species_summary,28.55,,,kHz,,,28.55,ok,
collen2012-1005633,1005633,Pipistrellus pygmaeus,exact,collen-2012,"Appendix F, pp. 337-392",collen-2012-sonobat,unspecified,,,,,,,,,,,call_shape_class,single,8,,,,,,8,ok,
collen2012-1005633,1005633,Pipistrellus pygmaeus,exact,collen-2012,"Appendix F, pp. 337-392",collen-2012-sonobat,unspecified,,,,,,,,,,,dominant_slope,species_summary,1.25,,,kHz/msec,,,1.25,ok,
collen2012-1005633,1005633,Pipistrellus pygmaeus,exact,collen-2012,"Appendix F, pp. 337-392",collen-2012-sonobat,unspecified,,,,,,,,,,,duration,species_summary,5.08,,,ms,,,5.08,ok,
collen2012-1005633,1005633,Pipistrellus pygmaeus,exact,collen-2012,"Appendix F, pp. 337-392",collen-2012-sonobat,unspecified,,,,,,,,,,,max_frequency,species_summary,81.71,,,kHz,,,81.71,ok,
collen2012-1005633,1005633,Pipistrellus pygmaeus,exact,collen-2012,"Appendix F, pp. 337-392",collen-2012-sonobat,unspecified,,,,,,,,,,,min_frequency,species_summary,53.04,,,kHz,,,53.04,ok,
collen2012-1005633,1005633,Pipistrellus pygmaeus,exact,collen-2012,"Appendix F, pp. 337-392",collen-2012-sonobat,unspecified,,,,,,,,,,,peak_frequency,species_summary,54.55,,,kHz,,,54.55,ok,
collen2012-1005633,1005633,Pipistrellus pygmaeus,exact,collen-2012,"Appendix F, pp. 337-392",collen-2012-sonobat,unspecified,,,,,,,,,,,total_slope,species_summary,6.29,,,kHz/msec,,,6.29,ok,
collen2012-1005635,1005635,Pipistrellus rusticus,exact,collen-2012,"Appendix F, pp. 337-392",collen-2012-sonobat,unspecified,,,,,,,,,,,bandwidth,species_summary,31.34,,,kHz,,,31.34,ok,
collen2012-1005635,1005635,Pipistrellus rusticus,exact,collen-2012,"Appendix F, pp. 337-392",collen-2012-sonobat,unspecified,,,,,,,,,,,body_mass,species_summary,4.57,,,g,,,4.57,ok,
collen2012-1005635,1005635,Pipistrellus rusticus,exact,collen-2012,"Appendix F, pp. 337-392",collen-2012-sonobat,unspecified,,,,,,,,,,,call_shape_class,single,8,,,,,,8,ok,
collen2012-1005635,1005635,Pipistrellus rusticus,exact,collen-2012,"Appendix F, pp. 337-392",collen-2012-sonobat,unspecified,,,,,,,,,,,dominant_slope,species_summary,3.17,,,kHz/msec,,,3.17,ok,
collen2012-1005635,1005635,Pipistrellus rusticus,exact,collen-2012,"Appendix F, pp. 337-392",collen-2012-sonobat,unspecified,,,,,,,,,,,duration,species_summary,4.86,,,ms,,,4.86,ok,
collen2012-1005635,1005635,Pipistrellus rusticus,exact,collen-2012,"Appendix F, pp. 337-392",collen-2012-sonobat,unspecified,,,,,,,,,,,max_frequency,species_summary,82.43,,,kHz,,,82.43,ok,
collen2012-1005635,1005635,Pipistrellus rusticus,exact,collen-2012,"Appendix F, pp. 337-392",collen-2012-sonobat,unspecified,,,,,,,,,,,min_frequency,species_summary,50.86,,,kHz,,,50.86,ok,
collen2012-1005635,1005635,Pipistrellus rusticus,exact,collen-2012,"Appendix F, pp. 337-392",collen-2012-sonobat,unspecified,,,,,,,,,,,peak_frequency,species_summary,55.19,,,kHz,,,55.19,ok,
collen2012-1005635,1005635,Pipistrellus rusticus,exact,collen-2012,"Appendix F, pp. 337-392",collen-2012-sonobat,unspecified,,,,,,,,,,,total_slope,species_summary,7.45,,,kHz/msec,,,7.45,ok,
collen2012-1005637-stenopterus,1005637,Pipistrellus stenopterus,synonym_via_mdd,collen-2012,"Appendix F, pp. 337-392",collen-2012-sonobat,unspecified,,,,,,,,,,,bandwidth,species_summary,25.86,,,kHz,,,25.86,ok,Printed in the source as a separate species; the current taxonomy treats it as Alionoctula stenoptera.
collen2012-1005637-stenopterus,1005637,Pipistrellus stenopterus,synonym_via_mdd,collen-2012,"Appendix F, pp. 337-392",collen-2012-sonobat,unspecified,,,,,,,,,,,body_mass,species_summary,15.67,,,g,,,15.67,ok,Printed in the source as a separate species; the current taxonomy treats it as Alionoctula stenoptera.
collen2012-1005637-stenopterus,1005637,Pipistrellus stenopterus,synonym_via_mdd,collen-2012,"Appendix F, pp. 337-392",collen-2012-sonobat,unspecified,,,,,,,,,,,call_shape_class,single,8,,,,,,8,ok,Printed in the source as a separate species; the current taxonomy treats it as Alionoctula stenoptera.
collen2012-1005637-stenopterus,1005637,Pipistrellus stenopterus,synonym_via_mdd,collen-2012,"Appendix F, pp. 337-392",collen-2012-sonobat,unspecified,,,,,,,,,,,dominant_slope,species_summary,1.64,,,kHz/msec,,,1.64,ok,Printed in the source as a separate species; the current taxonomy treats it as Alionoctula stenoptera.
collen2012-1005637-stenopterus,1005637,Pipistrellus stenopterus,synonym_via_mdd,collen-2012,"Appendix F, pp. 337-392",collen-2012-sonobat,unspecified,,,,,,,,,,,duration,species_summary,7.91,,,ms,,,7.91,ok,Printed in the source as a separate species; the current taxonomy treats it as Alionoctula stenoptera.
collen2012-1005637-stenopterus,1005637,Pipistrellus stenopterus,synonym_via_mdd,collen-2012,"Appendix F, pp. 337-392",collen-2012-sonobat,unspecified,,,,,,,,,,,max_frequency,species_summary,61.60,,,kHz,,,61.60,ok,Printed in the source as a separate species; the current taxonomy treats it as Alionoctula stenoptera.
collen2012-1005637-stenopterus,1005637,Pipistrellus stenopterus,synonym_via_mdd,collen-2012,"Appendix F, pp. 337-392",collen-2012-sonobat,unspecified,,,,,,,,,,,min_frequency,species_summary,35.81,,,kHz,,,35.81,ok,Printed in the source as a separate species; the current taxonomy treats it as Alionoctula stenoptera.
collen2012-1005637-stenopterus,1005637,Pipistrellus stenopterus,synonym_via_mdd,collen-2012,"Appendix F, pp. 337-392",collen-2012-sonobat,unspecified,,,,,,,,,,,peak_frequency,species_summary,38.83,,,kHz,,,38.83,ok,Printed in the source as a separate species; the current taxonomy treats it as Alionoctula stenoptera.
collen2012-1005637-stenopterus,1005637,Pipistrellus stenopterus,synonym_via_mdd,collen-2012,"Appendix F, pp. 337-392",collen-2012-sonobat,unspecified,,,,,,,,,,,total_slope,species_summary,3.22,,,kHz/msec,,,3.22,ok,Printed in the source as a separate species; the current taxonomy treats it as Alionoctula stenoptera.
collen2012-1005639-tenuis,1005639,Pipistrellus tenuis,synonym_via_mdd,collen-2012,"Appendix F, pp. 337-392",collen-2012-sonobat,unspecified,,,,,,,,,,,bandwidth,species_summary,23,,,kHz,,,23,ok,Printed in the source as a separate species; the current taxonomy treats it as Alionoctula tenuis.
collen2012-1005639-tenuis,1005639,Pipistrellus tenuis,synonym_via_mdd,collen-2012,"Appendix F, pp. 337-392",collen-2012-sonobat,unspecified,,,,,,,,,,,body_mass,species_summary,3.48,,,g,,,3.48,ok,Printed in the source as a separate species; the current taxonomy treats it as Alionoctula tenuis.
collen2012-1005639-tenuis,1005639,Pipistrellus tenuis,synonym_via_mdd,collen-2012,"Appendix F, pp. 337-392",collen-2012-sonobat,unspecified,,,,,,,,,,,duration,species_summary,7,,,ms,,,7,ok,Printed in the source as a separate species; the current taxonomy treats it as Alionoctula tenuis.
collen2012-1005639-tenuis,1005639,Pipistrellus tenuis,synonym_via_mdd,collen-2012,"Appendix F, pp. 337-392",collen-2012-sonobat,unspecified,,,,,,,,,,,max_frequency,species_summary,68,,,kHz,,,68,ok,Printed in the source as a separate species; the current taxonomy treats it as Alionoctula tenuis.
collen2012-1005639-tenuis,1005639,Pipistrellus tenuis,synonym_via_mdd,collen-2012,"Appendix F, pp. 337-392",collen-2012-sonobat,unspecified,,,,,,,,,,,min_frequency,species_summary,45.00,,,kHz,,,45.00,ok,Printed in the source as a separate species; the current taxonomy treats it as Alionoctula tenuis.
collen2012-1005639-tenuis,1005639,Pipistrellus tenuis,synonym_via_mdd,collen-2012,"Appendix F, pp. 337-392",collen-2012-sonobat,unspecified,,,,,,,,,,,peak_frequency,species_summary,48,,,kHz,,,48,ok,Printed in the source as a separate species; the current taxonomy treats it as Alionoctula tenuis.
collen2012-1005641-westralis,1005641,Pipistrellus westralis,synonym_via_mdd,collen-2012,"Appendix F, pp. 337-392",collen-2012-sonobat,unspecified,,,,,,,,,,,bandwidth,species_summary,16,,,kHz,,,16,ok,Printed in the source as a separate species; the current taxonomy treats it as Alionoctula westralis.
collen2012-1005641-westralis,1005641,Pipistrellus westralis,synonym_via_mdd,collen-2012,"Appendix F, pp. 337-392",collen-2012-sonobat,unspecified,,,,,,,,,,,body_mass,species_summary,3.90,,,g,,,3.90,ok,Printed in the source as a separate species; the current taxonomy treats it as Alionoctula westralis.
collen2012-1005641-westralis,1005641,Pipistrellus westralis,synonym_via_mdd,collen-2012,"Appendix F, pp. 337-392",collen-2012-sonobat,unspecified,,,,,,,,,,,duration,species_summary,6.00,,,ms,,,6.00,ok,Printed in the source as a separate species; the current taxonomy treats it as Alionoctula westralis.
collen2012-1005641-westralis,1005641,Pipistrellus westralis,synonym_via_mdd,collen-2012,"Appendix F, pp. 337-392",collen-2012-sonobat,unspecified,,,,,,,,,,,max_frequency,species_summary,61,,,kHz,,,61,ok,Printed in the source as a separate species; the current taxonomy treats it as Alionoctula westralis.
collen2012-1005641-westralis,1005641,Pipistrellus westralis,synonym_via_mdd,collen-2012,"Appendix F, pp. 337-392",collen-2012-sonobat,unspecified,,,,,,,,,,,min_frequency,species_summary,45.00,,,kHz,,,45.00,ok,Printed in the source as a separate species; the current taxonomy treats it as Alionoctula westralis.
collen2012-1005641-westralis,1005641,Pipistrellus westralis,synonym_via_mdd,collen-2012,"Appendix F, pp. 337-392",collen-2012-sonobat,unspecified,,,,,,,,,,,peak_frequency,species_summary,46.60,,,kHz,,,46.60,ok,Printed in the source as a separate species; the current taxonomy treats it as Alionoctula westralis.
collen2012-1005643,1005643,Scotoecus albofuscus,exact,collen-2012,"Appendix F, pp. 337-392",collen-2012-sonobat,unspecified,,,,,,,,,,,bandwidth,species_summary,26.16,,,kHz,,,26.16,ok,
collen2012-1005643,1005643,Scotoecus albofuscus,exact,collen-2012,"Appendix F, pp. 337-392",collen-2012-sonobat,unspecified,,,,,,,,,,,body_mass,species_summary,4.50,,,g,,,4.50,ok,
collen2012-1005643,1005643,Scotoecus albofuscus,exact,collen-2012,"Appendix F, pp. 337-392",collen-2012-sonobat,unspecified,,,,,,,,,,,call_shape_class,single,10,,,,,,10,ok,
collen2012-1005643,1005643,Scotoecus albofuscus,exact,collen-2012,"Appendix F, pp. 337-392",collen-2012-sonobat,unspecified,,,,,,,,,,,dominant_slope,species_summary,4.23,,,kHz/msec,,,4.23,ok,
collen2012-1005643,1005643,Scotoecus albofuscus,exact,collen-2012,"Appendix F, pp. 337-392",collen-2012-sonobat,unspecified,,,,,,,,,,,duration,species_summary,2.68,,,ms,,,2.68,ok,
collen2012-1005643,1005643,Scotoecus albofuscus,exact,collen-2012,"Appendix F, pp. 337-392",collen-2012-sonobat,unspecified,,,,,,,,,,,max_frequency,species_summary,60.58,,,kHz,,,60.58,ok,
collen2012-1005643,1005643,Scotoecus albofuscus,exact,collen-2012,"Appendix F, pp. 337-392",collen-2012-sonobat,unspecified,,,,,,,,,,,min_frequency,species_summary,33.63,,,kHz,,,33.63,ok,
collen2012-1005643,1005643,Scotoecus albofuscus,exact,collen-2012,"Appendix F, pp. 337-392",collen-2012-sonobat,unspecified,,,,,,,,,,,peak_frequency,species_summary,39.08,,,kHz,,,39.08,ok,
collen2012-1005643,1005643,Scotoecus albofuscus,exact,collen-2012,"Appendix F, pp. 337-392",collen-2012-sonobat,unspecified,,,,,,,,,,,total_slope,species_summary,9.72,,,kHz/msec,,,9.72,ok,
collen2012-1005648-rueppellii,1005648,Pipistrellus rueppellii,synonym_via_mdd,collen-2012,"Appendix F, pp. 337-392",collen-2012-sonobat,unspecified,,,,,,,,,,,bandwidth,species_summary,43.09,,,kHz,,,43.09,ok,Printed in the source as a separate species; the current taxonomy treats it as Vansonia rueppellii.
collen2012-1005648-rueppellii,1005648,Pipistrellus rueppellii,synonym_via_mdd,collen-2012,"Appendix F, pp. 337-392",collen-2012-sonobat,unspecified,,,,,,,,,,,body_mass,species_summary,7.07,,,g,,,7.07,ok,Printed in the source as a separate species; the current taxonomy treats it as Vansonia rueppellii.
collen2012-1005648-rueppellii,1005648,Pipistrellus rueppellii,synonym_via_mdd,collen-2012,"Appendix F, pp. 337-392",collen-2012-sonobat,unspecified,,,,,,,,,,,call_shape_class,single,8,,,,,,8,ok,Printed in the source as a separate species; the current taxonomy treats it as Vansonia rueppellii.
collen2012-1005648-rueppellii,1005648,Pipistrellus rueppellii,synonym_via_mdd,collen-2012,"Appendix F, pp. 337-392",collen-2012-sonobat,unspecified,,,,,,,,,,,dominant_slope,species_summary,1.60,,,kHz/msec,,,1.60,ok,Printed in the source as a separate species; the current taxonomy treats it as Vansonia rueppellii.
collen2012-1005648-rueppellii,1005648,Pipistrellus rueppellii,synonym_via_mdd,collen-2012,"Appendix F, pp. 337-392",collen-2012-sonobat,unspecified,,,,,,,,,,,duration,species_summary,6.71,,,ms,,,6.71,ok,Printed in the source as a separate species; the current taxonomy treats it as Vansonia rueppellii.
collen2012-1005648-rueppellii,1005648,Pipistrellus rueppellii,synonym_via_mdd,collen-2012,"Appendix F, pp. 337-392",collen-2012-sonobat,unspecified,,,,,,,,,,,max_frequency,species_summary,94.33,,,kHz,,,94.33,ok,Printed in the source as a separate species; the current taxonomy treats it as Vansonia rueppellii.
collen2012-1005648-rueppellii,1005648,Pipistrellus rueppellii,synonym_via_mdd,collen-2012,"Appendix F, pp. 337-392",collen-2012-sonobat,unspecified,,,,,,,,,,,min_frequency,species_summary,50.49,,,kHz,,,50.49,ok,Printed in the source as a separate species; the current taxonomy treats it as Vansonia rueppellii.
collen2012-1005648-rueppellii,1005648,Pipistrellus rueppellii,synonym_via_mdd,collen-2012,"Appendix F, pp. 337-392",collen-2012-sonobat,unspecified,,,,,,,,,,,peak_frequency,species_summary,56.01,,,kHz,,,56.01,ok,Printed in the source as a separate species; the current taxonomy treats it as Vansonia rueppellii.
collen2012-1005648-rueppellii,1005648,Pipistrellus rueppellii,synonym_via_mdd,collen-2012,"Appendix F, pp. 337-392",collen-2012-sonobat,unspecified,,,,,,,,,,,total_slope,species_summary,7.90,,,kHz/msec,,,7.90,ok,Printed in the source as a separate species; the current taxonomy treats it as Vansonia rueppellii.
collen2012-1005649,1005649,Barbastella barbastellus,exact,collen-2012,"Appendix F, pp. 337-392",collen-2012-sonobat,unspecified,,,,,,,,,,,bandwidth,species_summary,17.77,,,kHz,,,17.77,ok,
collen2012-1005649,1005649,Barbastella barbastellus,exact,collen-2012,"Appendix F, pp. 337-392",collen-2012-sonobat,unspecified,,,,,,,,,,,body_mass,species_summary,8.31,,,g,,,8.31,ok,
collen2012-1005649,1005649,Barbastella barbastellus,exact,collen-2012,"Appendix F, pp. 337-392",collen-2012-sonobat,unspecified,,,,,,,,,,,call_shape_class,single,5,,,,,,5,ok,
collen2012-1005649,1005649,Barbastella barbastellus,exact,collen-2012,"Appendix F, pp. 337-392",collen-2012-sonobat,unspecified,,,,,,,,,,,dominant_slope,species_summary,3.52,,,kHz/msec,,,3.52,ok,
collen2012-1005649,1005649,Barbastella barbastellus,exact,collen-2012,"Appendix F, pp. 337-392",collen-2012-sonobat,unspecified,,,,,,,,,,,duration,species_summary,3.52,,,ms,,,3.52,ok,
collen2012-1005649,1005649,Barbastella barbastellus,exact,collen-2012,"Appendix F, pp. 337-392",collen-2012-sonobat,unspecified,,,,,,,,,,,max_frequency,species_summary,46.49,,,kHz,,,46.49,ok,
collen2012-1005649,1005649,Barbastella barbastellus,exact,collen-2012,"Appendix F, pp. 337-392",collen-2012-sonobat,unspecified,,,,,,,,,,,min_frequency,species_summary,28.82,,,kHz,,,28.82,ok,
collen2012-1005649,1005649,Barbastella barbastellus,exact,collen-2012,"Appendix F, pp. 337-392",collen-2012-sonobat,unspecified,,,,,,,,,,,peak_frequency,species_summary,35.33,,,kHz,,,35.33,ok,
collen2012-1005649,1005649,Barbastella barbastellus,exact,collen-2012,"Appendix F, pp. 337-392",collen-2012-sonobat,unspecified,,,,,,,,,,,total_slope,species_summary,4.47,,,kHz/msec,,,4.47,ok,
collen2012-1005653,1005653,Barbastella leucomelas,exact,collen-2012,"Appendix F, pp. 337-392",collen-2012-sonobat,unspecified,,,,,,,,,,,bandwidth,species_summary,11.33,,,kHz,,,11.33,ok,
collen2012-1005653,1005653,Barbastella leucomelas,exact,collen-2012,"Appendix F, pp. 337-392",collen-2012-sonobat,unspecified,,,,,,,,,,,body_mass,species_summary,15.05,,,g,,,15.05,ok,
collen2012-1005653,1005653,Barbastella leucomelas,exact,collen-2012,"Appendix F, pp. 337-392",collen-2012-sonobat,unspecified,,,,,,,,,,,call_shape_class,single,10,,,,,,10,ok,
collen2012-1005653,1005653,Barbastella leucomelas,exact,collen-2012,"Appendix F, pp. 337-392",collen-2012-sonobat,unspecified,,,,,,,,,,,dominant_slope,species_summary,3.48,,,kHz/msec,,,3.48,ok,
collen2012-1005653,1005653,Barbastella leucomelas,exact,collen-2012,"Appendix F, pp. 337-392",collen-2012-sonobat,unspecified,,,,,,,,,,,duration,species_summary,2.52,,,ms,,,2.52,ok,
collen2012-1005653,1005653,Barbastella leucomelas,exact,collen-2012,"Appendix F, pp. 337-392",collen-2012-sonobat,unspecified,,,,,,,,,,,max_frequency,species_summary,39.82,,,kHz,,,39.82,ok,
collen2012-1005653,1005653,Barbastella leucomelas,exact,collen-2012,"Appendix F, pp. 337-392",collen-2012-sonobat,unspecified,,,,,,,,,,,min_frequency,species_summary,28.55,,,kHz,,,28.55,ok,
collen2012-1005653,1005653,Barbastella leucomelas,exact,collen-2012,"Appendix F, pp. 337-392",collen-2012-sonobat,unspecified,,,,,,,,,,,peak_frequency,species_summary,34.49,,,kHz,,,34.49,ok,
collen2012-1005653,1005653,Barbastella leucomelas,exact,collen-2012,"Appendix F, pp. 337-392",collen-2012-sonobat,unspecified,,,,,,,,,,,total_slope,species_summary,3.55,,,kHz/msec,,,3.55,ok,
collen2012-1005657,1005657,Corynorhinus townsendii,exact,collen-2012,"Appendix F, pp. 337-392",collen-2012-sonobat,unspecified,,,,,,,,,,,bandwidth,species_summary,20.33,,,kHz,,,20.33,ok,
collen2012-1005657,1005657,Corynorhinus townsendii,exact,collen-2012,"Appendix F, pp. 337-392",collen-2012-sonobat,unspecified,,,,,,,,,,,body_mass,species_summary,10.3,,,g,,,10.3,ok,
collen2012-1005657,1005657,Corynorhinus townsendii,exact,collen-2012,"Appendix F, pp. 337-392",collen-2012-sonobat,unspecified,,,,,,,,,,,call_shape_class,single,10,,,,,,10,ok,
collen2012-1005657,1005657,Corynorhinus townsendii,exact,collen-2012,"Appendix F, pp. 337-392",collen-2012-sonobat,unspecified,,,,,,,,,,,dominant_slope,species_summary,4.73,,,kHz/msec,,,4.73,ok,
collen2012-1005657,1005657,Corynorhinus townsendii,exact,collen-2012,"Appendix F, pp. 337-392",collen-2012-sonobat,unspecified,,,,,,,,,,,duration,species_summary,3.28,,,ms,,,3.28,ok,
collen2012-1005657,1005657,Corynorhinus townsendii,exact,collen-2012,"Appendix F, pp. 337-392",collen-2012-sonobat,unspecified,,,,,,,,,,,max_frequency,species_summary,39.80,,,kHz,,,39.80,ok,
collen2012-1005657,1005657,Corynorhinus townsendii,exact,collen-2012,"Appendix F, pp. 337-392",collen-2012-sonobat,unspecified,,,,,,,,,,,min_frequency,species_summary,19.14,,,kHz,,,19.14,ok,
collen2012-1005657,1005657,Corynorhinus townsendii,exact,collen-2012,"Appendix F, pp. 337-392",collen-2012-sonobat,unspecified,,,,,,,,,,,peak_frequency,species_summary,34.73,,,kHz,,,34.73,ok,
collen2012-1005657,1005657,Corynorhinus townsendii,exact,collen-2012,"Appendix F, pp. 337-392",collen-2012-sonobat,unspecified,,,,,,,,,,,total_slope,species_summary,5.90,,,kHz/msec,,,5.90,ok,
collen2012-1005658,1005658,Euderma maculatum,exact,collen-2012,"Appendix F, pp. 337-392",collen-2012-sonobat,unspecified,,,,,,,,,,,body_mass,species_summary,16.17,,,g,,,16.17,ok,
collen2012-1005658,1005658,Euderma maculatum,exact,collen-2012,"Appendix F, pp. 337-392",collen-2012-sonobat,unspecified,,,,,,,,,,,call_shape_class,single,7,,,,,,7,ok,
collen2012-1005658,1005658,Euderma maculatum,exact,collen-2012,"Appendix F, pp. 337-392",collen-2012-sonobat,unspecified,,,,,,,,,,,duration,species_summary,4.55,,,ms,,,4.55,ok,
collen2012-1005658,1005658,Euderma maculatum,exact,collen-2012,"Appendix F, pp. 337-392",collen-2012-sonobat,unspecified,,,,,,,,,,,max_frequency,species_summary,19,,,kHz,,,19,ok,
collen2012-1005658,1005658,Euderma maculatum,exact,collen-2012,"Appendix F, pp. 337-392",collen-2012-sonobat,unspecified,,,,,,,,,,,min_frequency,species_summary,7.50,,,kHz,,,7.50,ok,
collen2012-1005658,1005658,Euderma maculatum,exact,collen-2012,"Appendix F, pp. 337-392",collen-2012-sonobat,unspecified,,,,,,,,,,,peak_frequency,species_summary,10.5,,,kHz,,,10.5,ok,
collen2012-1005659,1005659,Idionycteris phyllotis,exact,collen-2012,"Appendix F, pp. 337-392",collen-2012-sonobat,unspecified,,,,,,,,,,,bandwidth,species_summary,15.83,,,kHz,,,15.83,ok,
collen2012-1005659,1005659,Idionycteris phyllotis,exact,collen-2012,"Appendix F, pp. 337-392",collen-2012-sonobat,unspecified,,,,,,,,,,,body_mass,species_summary,12.13,,,g,,,12.13,ok,
collen2012-1005659,1005659,Idionycteris phyllotis,exact,collen-2012,"Appendix F, pp. 337-392",collen-2012-sonobat,unspecified,,,,,,,,,,,call_shape_class,single,10,,,,,,10,ok,
collen2012-1005659,1005659,Idionycteris phyllotis,exact,collen-2012,"Appendix F, pp. 337-392",collen-2012-sonobat,unspecified,,,,,,,,,,,dominant_slope,species_summary,4.82,,,kHz/msec,,,4.82,ok,
collen2012-1005659,1005659,Idionycteris phyllotis,exact,collen-2012,"Appendix F, pp. 337-392",collen-2012-sonobat,unspecified,,,,,,,,,,,duration,species_summary,2.92,,,ms,,,2.92,ok,
collen2012-1005659,1005659,Idionycteris phyllotis,exact,collen-2012,"Appendix F, pp. 337-392",collen-2012-sonobat,unspecified,,,,,,,,,,,max_frequency,species_summary,29.67,,,kHz,,,29.67,ok,
collen2012-1005659,1005659,Idionycteris phyllotis,exact,collen-2012,"Appendix F, pp. 337-392",collen-2012-sonobat,unspecified,,,,,,,,,,,min_frequency,species_summary,13.69,,,kHz,,,13.69,ok,
collen2012-1005659,1005659,Idionycteris phyllotis,exact,collen-2012,"Appendix F, pp. 337-392",collen-2012-sonobat,unspecified,,,,,,,,,,,peak_frequency,species_summary,20.37,,,kHz,,,20.37,ok,
collen2012-1005659,1005659,Idionycteris phyllotis,exact,collen-2012,"Appendix F, pp. 337-392",collen-2012-sonobat,unspecified,,,,,,,,,,,total_slope,species_summary,5.25,,,kHz/msec,,,5.25,ok,
collen2012-1005660,1005660,Otonycteris hemprichii,exact,collen-2012,"Appendix F, pp. 337-392",collen-2012-sonobat,unspecified,,,,,,,,,,,bandwidth,species_summary,28.94,,,kHz,,,28.94,ok,
collen2012-1005660,1005660,Otonycteris hemprichii,exact,collen-2012,"Appendix F, pp. 337-392",collen-2012-sonobat,unspecified,,,,,,,,,,,body_mass,species_summary,21.98,,,g,,,21.98,ok,
collen2012-1005660,1005660,Otonycteris hemprichii,exact,collen-2012,"Appendix F, pp. 337-392",collen-2012-sonobat,unspecified,,,,,,,,,,,call_shape_class,single,10,,,,,,10,ok,
collen2012-1005660,1005660,Otonycteris hemprichii,exact,collen-2012,"Appendix F, pp. 337-392",collen-2012-sonobat,unspecified,,,,,,,,,,,dominant_slope,species_summary,3.76,,,kHz/msec,,,3.76,ok,
collen2012-1005660,1005660,Otonycteris hemprichii,exact,collen-2012,"Appendix F, pp. 337-392",collen-2012-sonobat,unspecified,,,,,,,,,,,duration,species_summary,4.28,,,ms,,,4.28,ok,
collen2012-1005660,1005660,Otonycteris hemprichii,exact,collen-2012,"Appendix F, pp. 337-392",collen-2012-sonobat,unspecified,,,,,,,,,,,max_frequency,species_summary,49.63,,,kHz,,,49.63,ok,
collen2012-1005660,1005660,Otonycteris hemprichii,exact,collen-2012,"Appendix F, pp. 337-392",collen-2012-sonobat,unspecified,,,,,,,,,,,min_frequency,species_summary,20.43,,,kHz,,,20.43,ok,
collen2012-1005660,1005660,Otonycteris hemprichii,exact,collen-2012,"Appendix F, pp. 337-392",collen-2012-sonobat,unspecified,,,,,,,,,,,peak_frequency,species_summary,37.46,,,kHz,,,37.46,ok,
collen2012-1005660,1005660,Otonycteris hemprichii,exact,collen-2012,"Appendix F, pp. 337-392",collen-2012-sonobat,unspecified,,,,,,,,,,,total_slope,species_summary,6.91,,,kHz/msec,,,6.91,ok,
collen2012-1005662,1005662,Plecotus auritus,exact,collen-2012,"Appendix F, pp. 337-392",collen-2012-sonobat,unspecified,,,,,,,,,,,bandwidth,species_summary,25.51,,,kHz,,,25.51,ok,
collen2012-1005662,1005662,Plecotus auritus,exact,collen-2012,"Appendix F, pp. 337-392",collen-2012-sonobat,unspecified,,,,,,,,,,,body_mass,species_summary,8.19,,,g,,,8.19,ok,
collen2012-1005662,1005662,Plecotus auritus,exact,collen-2012,"Appendix F, pp. 337-392",collen-2012-sonobat,unspecified,,,,,,,,,,,call_shape_class,single,10,,,,,,10,ok,
collen2012-1005662,1005662,Plecotus auritus,exact,collen-2012,"Appendix F, pp. 337-392",collen-2012-sonobat,unspecified,,,,,,,,,,,dominant_slope,species_summary,7.38,,,kHz/msec,,,7.38,ok,
collen2012-1005662,1005662,Plecotus auritus,exact,collen-2012,"Appendix F, pp. 337-392",collen-2012-sonobat,unspecified,,,,,,,,,,,duration,species_summary,2.51,,,ms,,,2.51,ok,
collen2012-1005662,1005662,Plecotus auritus,exact,collen-2012,"Appendix F, pp. 337-392",collen-2012-sonobat,unspecified,,,,,,,,,,,max_frequency,species_summary,51.18,,,kHz,,,51.18,ok,
collen2012-1005662,1005662,Plecotus auritus,exact,collen-2012,"Appendix F, pp. 337-392",collen-2012-sonobat,unspecified,,,,,,,,,,,min_frequency,species_summary,25.57,,,kHz,,,25.57,ok,
collen2012-1005662,1005662,Plecotus auritus,exact,collen-2012,"Appendix F, pp. 337-392",collen-2012-sonobat,unspecified,,,,,,,,,,,peak_frequency,species_summary,36.39,,,kHz,,,36.39,ok,
collen2012-1005662,1005662,Plecotus auritus,exact,collen-2012,"Appendix F, pp. 337-392",collen-2012-sonobat,unspecified,,,,,,,,,,,total_slope,species_summary,10.77,,,kHz/msec,,,10.77,ok,
collen2012-1005663,1005663,Plecotus austriacus,exact,collen-2012,"Appendix F, pp. 337-392",collen-2012-sonobat,unspecified,,,,,,,,,,,bandwidth,species_summary,18.98,,,kHz,,,18.98,ok,
collen2012-1005663,1005663,Plecotus austriacus,exact,collen-2012,"Appendix F, pp. 337-392",collen-2012-sonobat,unspecified,,,,,,,,,,,body_mass,species_summary,6.75,,,g,,,6.75,ok,
collen2012-1005663,1005663,Plecotus austriacus,exact,collen-2012,"Appendix F, pp. 337-392",collen-2012-sonobat,unspecified,,,,,,,,,,,call_shape_class,single,8,,,,,,8,ok,
collen2012-1005663,1005663,Plecotus austriacus,exact,collen-2012,"Appendix F, pp. 337-392",collen-2012-sonobat,unspecified,,,,,,,,,,,dominant_slope,species_summary,4.87,,,kHz/msec,,,4.87,ok,
collen2012-1005663,1005663,Plecotus austriacus,exact,collen-2012,"Appendix F, pp. 337-392",collen-2012-sonobat,unspecified,,,,,,,,,,,duration,species_summary,2.94,,,ms,,,2.94,ok,
collen2012-1005663,1005663,Plecotus austriacus,exact,collen-2012,"Appendix F, pp. 337-392",collen-2012-sonobat,unspecified,,,,,,,,,,,max_frequency,species_summary,41.75,,,kHz,,,41.75,ok,
collen2012-1005663,1005663,Plecotus austriacus,exact,collen-2012,"Appendix F, pp. 337-392",collen-2012-sonobat,unspecified,,,,,,,,,,,min_frequency,species_summary,22.74,,,kHz,,,22.74,ok,
collen2012-1005663,1005663,Plecotus austriacus,exact,collen-2012,"Appendix F, pp. 337-392",collen-2012-sonobat,unspecified,,,,,,,,,,,peak_frequency,species_summary,29.66,,,kHz,,,29.66,ok,
collen2012-1005663,1005663,Plecotus austriacus,exact,collen-2012,"Appendix F, pp. 337-392",collen-2012-sonobat,unspecified,,,,,,,,,,,total_slope,species_summary,7.18,,,kHz/msec,,,7.18,ok,
collen2012-1005668,1005668,Plecotus kolombatovici,exact,collen-2012,"Appendix F, pp. 337-392",collen-2012-sonobat,unspecified,,,,,,,,,,,bandwidth,species_summary,19.76,,,kHz,,,19.76,ok,
collen2012-1005668,1005668,Plecotus kolombatovici,exact,collen-2012,"Appendix F, pp. 337-392",collen-2012-sonobat,unspecified,,,,,,,,,,,call_shape_class,single,10,,,,,,10,ok,
collen2012-1005668,1005668,Plecotus kolombatovici,exact,collen-2012,"Appendix F, pp. 337-392",collen-2012-sonobat,unspecified,,,,,,,,,,,dominant_slope,species_summary,2.66,,,kHz/msec,,,2.66,ok,
collen2012-1005668,1005668,Plecotus kolombatovici,exact,collen-2012,"Appendix F, pp. 337-392",collen-2012-sonobat,unspecified,,,,,,,,,,,duration,species_summary,3.57,,,ms,,,3.57,ok,
collen2012-1005668,1005668,Plecotus kolombatovici,exact,collen-2012,"Appendix F, pp. 337-392",collen-2012-sonobat,unspecified,,,,,,,,,,,max_frequency,species_summary,46.02,,,kHz,,,46.02,ok,
collen2012-1005668,1005668,Plecotus kolombatovici,exact,collen-2012,"Appendix F, pp. 337-392",collen-2012-sonobat,unspecified,,,,,,,,,,,min_frequency,species_summary,26.22,,,kHz,,,26.22,ok,
collen2012-1005668,1005668,Plecotus kolombatovici,exact,collen-2012,"Appendix F, pp. 337-392",collen-2012-sonobat,unspecified,,,,,,,,,,,peak_frequency,species_summary,31.25,,,kHz,,,31.25,ok,
collen2012-1005668,1005668,Plecotus kolombatovici,exact,collen-2012,"Appendix F, pp. 337-392",collen-2012-sonobat,unspecified,,,,,,,,,,,total_slope,species_summary,5.56,,,kHz/msec,,,5.56,ok,
collen2012-1005684,1005684,Scotophilus dinganii,exact,collen-2012,"Appendix F, pp. 337-392",collen-2012-sonobat,unspecified,,,,,,,,,,,bandwidth,species_summary,28.70,,,kHz,,,28.70,ok,
collen2012-1005684,1005684,Scotophilus dinganii,exact,collen-2012,"Appendix F, pp. 337-392",collen-2012-sonobat,unspecified,,,,,,,,,,,body_mass,species_summary,25.12,,,g,,,25.12,ok,
collen2012-1005684,1005684,Scotophilus dinganii,exact,collen-2012,"Appendix F, pp. 337-392",collen-2012-sonobat,unspecified,,,,,,,,,,,call_shape_class,single,3,,,,,,3,ok,
collen2012-1005684,1005684,Scotophilus dinganii,exact,collen-2012,"Appendix F, pp. 337-392",collen-2012-sonobat,unspecified,,,,,,,,,,,dominant_slope,species_summary,1.70,,,kHz/msec,,,1.70,ok,
collen2012-1005684,1005684,Scotophilus dinganii,exact,collen-2012,"Appendix F, pp. 337-392",collen-2012-sonobat,unspecified,,,,,,,,,,,duration,species_summary,5.90,,,ms,,,5.90,ok,
collen2012-1005684,1005684,Scotophilus dinganii,exact,collen-2012,"Appendix F, pp. 337-392",collen-2012-sonobat,unspecified,,,,,,,,,,,max_frequency,species_summary,59.96,,,kHz,,,59.96,ok,
collen2012-1005684,1005684,Scotophilus dinganii,exact,collen-2012,"Appendix F, pp. 337-392",collen-2012-sonobat,unspecified,,,,,,,,,,,min_frequency,species_summary,31.26,,,kHz,,,31.26,ok,
collen2012-1005684,1005684,Scotophilus dinganii,exact,collen-2012,"Appendix F, pp. 337-392",collen-2012-sonobat,unspecified,,,,,,,,,,,peak_frequency,species_summary,36.38,,,kHz,,,36.38,ok,
collen2012-1005684,1005684,Scotophilus dinganii,exact,collen-2012,"Appendix F, pp. 337-392",collen-2012-sonobat,unspecified,,,,,,,,,,,total_slope,species_summary,5.24,,,kHz/msec,,,5.24,ok,
collen2012-1005688,1005688,Scotophilus leucogaster,exact,collen-2012,"Appendix F, pp. 337-392",collen-2012-sonobat,unspecified,,,,,,,,,,,bandwidth,species_summary,47.83,,,kHz,,,47.83,ok,
collen2012-1005688,1005688,Scotophilus leucogaster,exact,collen-2012,"Appendix F, pp. 337-392",collen-2012-sonobat,unspecified,,,,,,,,,,,body_mass,species_summary,20.24,,,g,,,20.24,ok,
collen2012-1005688,1005688,Scotophilus leucogaster,exact,collen-2012,"Appendix F, pp. 337-392",collen-2012-sonobat,unspecified,,,,,,,,,,,call_shape_class,single,7,,,,,,7,ok,
collen2012-1005688,1005688,Scotophilus leucogaster,exact,collen-2012,"Appendix F, pp. 337-392",collen-2012-sonobat,unspecified,,,,,,,,,,,dominant_slope,species_summary,38.45,,,kHz/msec,,,38.45,ok,
collen2012-1005688,1005688,Scotophilus leucogaster,exact,collen-2012,"Appendix F, pp. 337-392",collen-2012-sonobat,unspecified,,,,,,,,,,,duration,species_summary,1.73,,,ms,,,1.73,ok,
collen2012-1005688,1005688,Scotophilus leucogaster,exact,collen-2012,"Appendix F, pp. 337-392",collen-2012-sonobat,unspecified,,,,,,,,,,,max_frequency,species_summary,87.86,,,kHz,,,87.86,ok,
collen2012-1005688,1005688,Scotophilus leucogaster,exact,collen-2012,"Appendix F, pp. 337-392",collen-2012-sonobat,unspecified,,,,,,,,,,,min_frequency,species_summary,39.09,,,kHz,,,39.09,ok,
collen2012-1005688,1005688,Scotophilus leucogaster,exact,collen-2012,"Appendix F, pp. 337-392",collen-2012-sonobat,unspecified,,,,,,,,,,,peak_frequency,species_summary,46.27,,,kHz,,,46.27,ok,
collen2012-1005688,1005688,Scotophilus leucogaster,exact,collen-2012,"Appendix F, pp. 337-392",collen-2012-sonobat,unspecified,,,,,,,,,,,total_slope,species_summary,31.89,,,kHz/msec,,,31.89,ok,
collen2012-1005691,1005691,Scotophilus nigrita,exact,collen-2012,"Appendix F, pp. 337-392",collen-2012-sonobat,unspecified,,,,,,,,,,,bandwidth,species_summary,31.21,,,kHz,,,31.21,ok,
collen2012-1005691,1005691,Scotophilus nigrita,exact,collen-2012,"Appendix F, pp. 337-392",collen-2012-sonobat,unspecified,,,,,,,,,,,body_mass,species_summary,27.34,,,g,,,27.34,ok,
collen2012-1005691,1005691,Scotophilus nigrita,exact,collen-2012,"Appendix F, pp. 337-392",collen-2012-sonobat,unspecified,,,,,,,,,,,call_shape_class,single,8,,,,,,8,ok,
collen2012-1005691,1005691,Scotophilus nigrita,exact,collen-2012,"Appendix F, pp. 337-392",collen-2012-sonobat,unspecified,,,,,,,,,,,dominant_slope,species_summary,8.96,,,kHz/msec,,,8.96,ok,
collen2012-1005691,1005691,Scotophilus nigrita,exact,collen-2012,"Appendix F, pp. 337-392",collen-2012-sonobat,unspecified,,,,,,,,,,,duration,species_summary,3.92,,,ms,,,3.92,ok,
collen2012-1005691,1005691,Scotophilus nigrita,exact,collen-2012,"Appendix F, pp. 337-392",collen-2012-sonobat,unspecified,,,,,,,,,,,max_frequency,species_summary,58.59,,,kHz,,,58.59,ok,
collen2012-1005691,1005691,Scotophilus nigrita,exact,collen-2012,"Appendix F, pp. 337-392",collen-2012-sonobat,unspecified,,,,,,,,,,,min_frequency,species_summary,27.59,,,kHz,,,27.59,ok,
collen2012-1005691,1005691,Scotophilus nigrita,exact,collen-2012,"Appendix F, pp. 337-392",collen-2012-sonobat,unspecified,,,,,,,,,,,peak_frequency,species_summary,32.85,,,kHz,,,32.85,ok,
collen2012-1005691,1005691,Scotophilus nigrita,exact,collen-2012,"Appendix F, pp. 337-392",collen-2012-sonobat,unspecified,,,,,,,,,,,total_slope,species_summary,9.28,,,kHz/msec,,,9.28,ok,
collen2012-1005695,1005695,Scotophilus robustus,exact,collen-2012,"Appendix F, pp. 337-392",collen-2012-sonobat,unspecified,,,,,,,,,,,bandwidth,species_summary,19.38,,,kHz,,,19.38,ok,
collen2012-1005695,1005695,Scotophilus robustus,exact,collen-2012,"Appendix F, pp. 337-392",collen-2012-sonobat,unspecified,,,,,,,,,,,body_mass,species_summary,60.10,,,g,,,60.10,ok,
collen2012-1005695,1005695,Scotophilus robustus,exact,collen-2012,"Appendix F, pp. 337-392",collen-2012-sonobat,unspecified,,,,,,,,,,,call_shape_class,single,8,,,,,,8,ok,
collen2012-1005695,1005695,Scotophilus robustus,exact,collen-2012,"Appendix F, pp. 337-392",collen-2012-sonobat,unspecified,,,,,,,,,,,dominant_slope,species_summary,2.04,,,kHz/msec,,,2.04,ok,
collen2012-1005695,1005695,Scotophilus robustus,exact,collen-2012,"Appendix F, pp. 337-392",collen-2012-sonobat,unspecified,,,,,,,,,,,duration,species_summary,4.24,,,ms,,,4.24,ok,
collen2012-1005695,1005695,Scotophilus robustus,exact,collen-2012,"Appendix F, pp. 337-392",collen-2012-sonobat,unspecified,,,,,,,,,,,max_frequency,species_summary,52.98,,,kHz,,,52.98,ok,
collen2012-1005695,1005695,Scotophilus robustus,exact,collen-2012,"Appendix F, pp. 337-392",collen-2012-sonobat,unspecified,,,,,,,,,,,min_frequency,species_summary,34.13,,,kHz,,,34.13,ok,
collen2012-1005695,1005695,Scotophilus robustus,exact,collen-2012,"Appendix F, pp. 337-392",collen-2012-sonobat,unspecified,,,,,,,,,,,peak_frequency,species_summary,36.54,,,kHz,,,36.54,ok,
collen2012-1005695,1005695,Scotophilus robustus,exact,collen-2012,"Appendix F, pp. 337-392",collen-2012-sonobat,unspecified,,,,,,,,,,,total_slope,species_summary,4.41,,,kHz/msec,,,4.41,ok,
collen2012-1005698,1005698,Scotophilus viridis,exact,collen-2012,"Appendix F, pp. 337-392",collen-2012-sonobat,unspecified,,,,,,,,,,,bandwidth,species_summary,28.94,,,kHz,,,28.94,ok,
collen2012-1005698,1005698,Scotophilus viridis,exact,collen-2012,"Appendix F, pp. 337-392",collen-2012-sonobat,unspecified,,,,,,,,,,,body_mass,species_summary,19.81,,,g,,,19.81,ok,
collen2012-1005698,1005698,Scotophilus viridis,exact,collen-2012,"Appendix F, pp. 337-392",collen-2012-sonobat,unspecified,,,,,,,,,,,call_shape_class,single,8,,,,,,8,ok,
collen2012-1005698,1005698,Scotophilus viridis,exact,collen-2012,"Appendix F, pp. 337-392",collen-2012-sonobat,unspecified,,,,,,,,,,,dominant_slope,species_summary,3.58,,,kHz/msec,,,3.58,ok,
collen2012-1005698,1005698,Scotophilus viridis,exact,collen-2012,"Appendix F, pp. 337-392",collen-2012-sonobat,unspecified,,,,,,,,,,,duration,species_summary,3.67,,,ms,,,3.67,ok,
collen2012-1005698,1005698,Scotophilus viridis,exact,collen-2012,"Appendix F, pp. 337-392",collen-2012-sonobat,unspecified,,,,,,,,,,,max_frequency,species_summary,62.58,,,kHz,,,62.58,ok,
collen2012-1005698,1005698,Scotophilus viridis,exact,collen-2012,"Appendix F, pp. 337-392",collen-2012-sonobat,unspecified,,,,,,,,,,,min_frequency,species_summary,33.94,,,kHz,,,33.94,ok,
collen2012-1005698,1005698,Scotophilus viridis,exact,collen-2012,"Appendix F, pp. 337-392",collen-2012-sonobat,unspecified,,,,,,,,,,,peak_frequency,species_summary,40.10,,,kHz,,,40.10,ok,
collen2012-1005698,1005698,Scotophilus viridis,exact,collen-2012,"Appendix F, pp. 337-392",collen-2012-sonobat,unspecified,,,,,,,,,,,total_slope,species_summary,8.08,,,kHz/msec,,,8.08,ok,
collen2012-1005700-nanus,1005700,Neoromicia nanus,synonym_via_mdd,collen-2012,"Appendix F, pp. 337-392",collen-2012-sonobat,unspecified,,,,,,,,,,,bandwidth,species_summary,22.58,,,kHz,,,22.58,ok,Printed in the source as a separate species; the current taxonomy treats it as Afronycteris nanus.
collen2012-1005700-nanus,1005700,Neoromicia nanus,synonym_via_mdd,collen-2012,"Appendix F, pp. 337-392",collen-2012-sonobat,unspecified,,,,,,,,,,,body_mass,species_summary,3.88,,,g,,,3.88,ok,Printed in the source as a separate species; the current taxonomy treats it as Afronycteris nanus.
collen2012-1005700-nanus,1005700,Neoromicia nanus,synonym_via_mdd,collen-2012,"Appendix F, pp. 337-392",collen-2012-sonobat,unspecified,,,,,,,,,,,call_shape_class,single,8,,,,,,8,ok,Printed in the source as a separate species; the current taxonomy treats it as Afronycteris nanus.
collen2012-1005700-nanus,1005700,Neoromicia nanus,synonym_via_mdd,collen-2012,"Appendix F, pp. 337-392",collen-2012-sonobat,unspecified,,,,,,,,,,,dominant_slope,species_summary,5.23,,,kHz/msec,,,5.23,ok,Printed in the source as a separate species; the current taxonomy treats it as Afronycteris nanus.
collen2012-1005700-nanus,1005700,Neoromicia nanus,synonym_via_mdd,collen-2012,"Appendix F, pp. 337-392",collen-2012-sonobat,unspecified,,,,,,,,,,,duration,species_summary,4.63,,,ms,,,4.63,ok,Printed in the source as a separate species; the current taxonomy treats it as Afronycteris nanus.
collen2012-1005700-nanus,1005700,Neoromicia nanus,synonym_via_mdd,collen-2012,"Appendix F, pp. 337-392",collen-2012-sonobat,unspecified,,,,,,,,,,,max_frequency,species_summary,90.87,,,kHz,,,90.87,ok,Printed in the source as a separate species; the current taxonomy treats it as Afronycteris nanus.
collen2012-1005700-nanus,1005700,Neoromicia nanus,synonym_via_mdd,collen-2012,"Appendix F, pp. 337-392",collen-2012-sonobat,unspecified,,,,,,,,,,,min_frequency,species_summary,68.34,,,kHz,,,68.34,ok,Printed in the source as a separate species; the current taxonomy treats it as Afronycteris nanus.
collen2012-1005700-nanus,1005700,Neoromicia nanus,synonym_via_mdd,collen-2012,"Appendix F, pp. 337-392",collen-2012-sonobat,unspecified,,,,,,,,,,,peak_frequency,species_summary,69.41,,,kHz,,,69.41,ok,Printed in the source as a separate species; the current taxonomy treats it as Afronycteris nanus.
collen2012-1005700-nanus,1005700,Neoromicia nanus,synonym_via_mdd,collen-2012,"Appendix F, pp. 337-392",collen-2012-sonobat,unspecified,,,,,,,,,,,total_slope,species_summary,6.90,,,kHz/msec,,,6.90,ok,Printed in the source as a separate species; the current taxonomy treats it as Afronycteris nanus.
collen2012-1005703,1005703,Chalinolobus dwyeri,exact,collen-2012,"Appendix F, pp. 337-392",collen-2012-sonobat,unspecified,,,,,,,,,,,bandwidth,species_summary,15.35,,,kHz,,,15.35,ok,
collen2012-1005703,1005703,Chalinolobus dwyeri,exact,collen-2012,"Appendix F, pp. 337-392",collen-2012-sonobat,unspecified,,,,,,,,,,,body_mass,species_summary,8.74,,,g,,,8.74,ok,
collen2012-1005703,1005703,Chalinolobus dwyeri,exact,collen-2012,"Appendix F, pp. 337-392",collen-2012-sonobat,unspecified,,,,,,,,,,,call_shape_class,single,8,,,,,,8,ok,
collen2012-1005703,1005703,Chalinolobus dwyeri,exact,collen-2012,"Appendix F, pp. 337-392",collen-2012-sonobat,unspecified,,,,,,,,,,,dominant_slope,species_summary,0.50,,,kHz/msec,,,0.50,ok,
collen2012-1005703,1005703,Chalinolobus dwyeri,exact,collen-2012,"Appendix F, pp. 337-392",collen-2012-sonobat,unspecified,,,,,,,,,,,duration,species_summary,6.50,,,ms,,,6.50,ok,
collen2012-1005703,1005703,Chalinolobus dwyeri,exact,collen-2012,"Appendix F, pp. 337-392",collen-2012-sonobat,unspecified,,,,,,,,,,,max_frequency,species_summary,36.60,,,kHz,,,36.60,ok,
collen2012-1005703,1005703,Chalinolobus dwyeri,exact,collen-2012,"Appendix F, pp. 337-392",collen-2012-sonobat,unspecified,,,,,,,,,,,min_frequency,species_summary,21.25,,,kHz,,,21.25,ok,
collen2012-1005703,1005703,Chalinolobus dwyeri,exact,collen-2012,"Appendix F, pp. 337-392",collen-2012-sonobat,unspecified,,,,,,,,,,,peak_frequency,species_summary,24.44,,,kHz,,,24.44,ok,
collen2012-1005703,1005703,Chalinolobus dwyeri,exact,collen-2012,"Appendix F, pp. 337-392",collen-2012-sonobat,unspecified,,,,,,,,,,,total_slope,species_summary,2.34,,,kHz/msec,,,2.34,ok,
collen2012-1005704,1005704,Chalinolobus gouldii,exact,collen-2012,"Appendix F, pp. 337-392",collen-2012-sonobat,unspecified,,,,,,,,,,,bandwidth,species_summary,18.27,,,kHz,,,18.27,ok,
collen2012-1005704,1005704,Chalinolobus gouldii,exact,collen-2012,"Appendix F, pp. 337-392",collen-2012-sonobat,unspecified,,,,,,,,,,,body_mass,species_summary,14.24,,,g,,,14.24,ok,
collen2012-1005704,1005704,Chalinolobus gouldii,exact,collen-2012,"Appendix F, pp. 337-392",collen-2012-sonobat,unspecified,,,,,,,,,,,call_shape_class,single,8,,,,,,8,ok,
collen2012-1005704,1005704,Chalinolobus gouldii,exact,collen-2012,"Appendix F, pp. 337-392",collen-2012-sonobat,unspecified,,,,,,,,,,,dominant_slope,species_summary,0.65,,,kHz/msec,,,0.65,ok,
collen2012-1005704,1005704,Chalinolobus gouldii,exact,collen-2012,"Appendix F, pp. 337-392",collen-2012-sonobat,unspecified,,,,,,,,,,,duration,species_summary,9.19,,,ms,,,9.19,ok,
collen2012-1005704,1005704,Chalinolobus gouldii,exact,collen-2012,"Appendix F, pp. 337-392",collen-2012-sonobat,unspecified,,,,,,,,,,,max_frequency,species_summary,44.89,,,kHz,,,44.89,ok,
collen2012-1005704,1005704,Chalinolobus gouldii,exact,collen-2012,"Appendix F, pp. 337-392",collen-2012-sonobat,unspecified,,,,,,,,,,,min_frequency,species_summary,26.62,,,kHz,,,26.62,ok,
collen2012-1005704,1005704,Chalinolobus gouldii,exact,collen-2012,"Appendix F, pp. 337-392",collen-2012-sonobat,unspecified,,,,,,,,,,,peak_frequency,species_summary,29.39,,,kHz,,,29.39,ok,
collen2012-1005704,1005704,Chalinolobus gouldii,exact,collen-2012,"Appendix F, pp. 337-392",collen-2012-sonobat,unspecified,,,,,,,,,,,total_slope,species_summary,2.05,,,kHz/msec,,,2.05,ok,
collen2012-1005705,1005705,Chalinolobus morio,exact,collen-2012,"Appendix F, pp. 337-392",collen-2012-sonobat,unspecified,,,,,,,,,,,bandwidth,species_summary,23.69,,,kHz,,,23.69,ok,
collen2012-1005705,1005705,Chalinolobus morio,exact,collen-2012,"Appendix F, pp. 337-392",collen-2012-sonobat,unspecified,,,,,,,,,,,body_mass,species_summary,8.91,,,g,,,8.91,ok,
collen2012-1005705,1005705,Chalinolobus morio,exact,collen-2012,"Appendix F, pp. 337-392",collen-2012-sonobat,unspecified,,,,,,,,,,,call_shape_class,single,8,,,,,,8,ok,
collen2012-1005705,1005705,Chalinolobus morio,exact,collen-2012,"Appendix F, pp. 337-392",collen-2012-sonobat,unspecified,,,,,,,,,,,dominant_slope,species_summary,1.45,,,kHz/msec,,,1.45,ok,
collen2012-1005705,1005705,Chalinolobus morio,exact,collen-2012,"Appendix F, pp. 337-392",collen-2012-sonobat,unspecified,,,,,,,,,,,duration,species_summary,5.35,,,ms,,,5.35,ok,
collen2012-1005705,1005705,Chalinolobus morio,exact,collen-2012,"Appendix F, pp. 337-392",collen-2012-sonobat,unspecified,,,,,,,,,,,max_frequency,species_summary,73.41,,,kHz,,,73.41,ok,
collen2012-1005705,1005705,Chalinolobus morio,exact,collen-2012,"Appendix F, pp. 337-392",collen-2012-sonobat,unspecified,,,,,,,,,,,min_frequency,species_summary,49.81,,,kHz,,,49.81,ok,
collen2012-1005705,1005705,Chalinolobus morio,exact,collen-2012,"Appendix F, pp. 337-392",collen-2012-sonobat,unspecified,,,,,,,,,,,peak_frequency,species_summary,52.92,,,kHz,,,52.92,ok,
collen2012-1005705,1005705,Chalinolobus morio,exact,collen-2012,"Appendix F, pp. 337-392",collen-2012-sonobat,unspecified,,,,,,,,,,,total_slope,species_summary,4.10,,,kHz/msec,,,4.10,ok,
collen2012-1005707,1005707,Chalinolobus nigrogriseus,exact,collen-2012,"Appendix F, pp. 337-392",collen-2012-sonobat,unspecified,,,,,,,,,,,body_mass,species_summary,8.79,,,g,,,8.79,ok,
collen2012-1005707,1005707,Chalinolobus nigrogriseus,exact,collen-2012,"Appendix F, pp. 337-392",collen-2012-sonobat,unspecified,,,,,,,,,,,max_frequency,species_summary,44,,,kHz,,,44,ok,
collen2012-1005707,1005707,Chalinolobus nigrogriseus,exact,collen-2012,"Appendix F, pp. 337-392",collen-2012-sonobat,unspecified,,,,,,,,,,,min_frequency,species_summary,35.00,,,kHz,,,35.00,ok,
collen2012-1005707,1005707,Chalinolobus nigrogriseus,exact,collen-2012,"Appendix F, pp. 337-392",collen-2012-sonobat,unspecified,,,,,,,,,,,peak_frequency,species_summary,38.00,,,kHz,,,38.00,ok,
collen2012-1005708,1005708,Chalinolobus picatus,exact,collen-2012,"Appendix F, pp. 337-392",collen-2012-sonobat,unspecified,,,,,,,,,,,bandwidth,species_summary,12,,,kHz,,,12,ok,
collen2012-1005708,1005708,Chalinolobus picatus,exact,collen-2012,"Appendix F, pp. 337-392",collen-2012-sonobat,unspecified,,,,,,,,,,,body_mass,species_summary,5.86,,,g,,,5.86,ok,
collen2012-1005708,1005708,Chalinolobus picatus,exact,collen-2012,"Appendix F, pp. 337-392",collen-2012-sonobat,unspecified,,,,,,,,,,,duration,species_summary,6.00,,,ms,,,6.00,ok,
collen2012-1005708,1005708,Chalinolobus picatus,exact,collen-2012,"Appendix F, pp. 337-392",collen-2012-sonobat,unspecified,,,,,,,,,,,max_frequency,species_summary,50,,,kHz,,,50,ok,
collen2012-1005708,1005708,Chalinolobus picatus,exact,collen-2012,"Appendix F, pp. 337-392",collen-2012-sonobat,unspecified,,,,,,,,,,,min_frequency,species_summary,38.00,,,kHz,,,38.00,ok,
collen2012-1005708,1005708,Chalinolobus picatus,exact,collen-2012,"Appendix F, pp. 337-392",collen-2012-sonobat,unspecified,,,,,,,,,,,peak_frequency,species_summary,40,,,kHz,,,40,ok,
collen2012-1005709,1005709,Chalinolobus tuberculatus,exact,collen-2012,"Appendix F, pp. 337-392",collen-2012-sonobat,unspecified,,,,,,,,,,,bandwidth,species_summary,22.90,,,kHz,,,22.90,ok,
collen2012-1005709,1005709,Chalinolobus tuberculatus,exact,collen-2012,"Appendix F, pp. 337-392",collen-2012-sonobat,unspecified,,,,,,,,,,,body_mass,species_summary,10.46,,,g,,,10.46,ok,
collen2012-1005709,1005709,Chalinolobus tuberculatus,exact,collen-2012,"Appendix F, pp. 337-392",collen-2012-sonobat,unspecified,,,,,,,,,,,call_shape_class,single,8,,,,,,8,ok,
collen2012-1005709,1005709,Chalinolobus tuberculatus,exact,collen-2012,"Appendix F, pp. 337-392",collen-2012-sonobat,unspecified,,,,,,,,,,,dominant_slope,species_summary,1.22,,,kHz/msec,,,1.22,ok,
collen2012-1005709,1005709,Chalinolobus tuberculatus,exact,collen-2012,"Appendix F, pp. 337-392",collen-2012-sonobat,unspecified,,,,,,,,,,,duration,species_summary,6.54,,,ms,,,6.54,ok,
collen2012-1005709,1005709,Chalinolobus tuberculatus,exact,collen-2012,"Appendix F, pp. 337-392",collen-2012-sonobat,unspecified,,,,,,,,,,,max_frequency,species_summary,59.35,,,kHz,,,59.35,ok,
collen2012-1005709,1005709,Chalinolobus tuberculatus,exact,collen-2012,"Appendix F, pp. 337-392",collen-2012-sonobat,unspecified,,,,,,,,,,,min_frequency,species_summary,36.41,,,kHz,,,36.41,ok,
collen2012-1005709,1005709,Chalinolobus tuberculatus,exact,collen-2012,"Appendix F, pp. 337-392",collen-2012-sonobat,unspecified,,,,,,,,,,,peak_frequency,species_summary,40.47,,,kHz,,,40.47,ok,
collen2012-1005709,1005709,Chalinolobus tuberculatus,exact,collen-2012,"Appendix F, pp. 337-392",collen-2012-sonobat,unspecified,,,,,,,,,,,total_slope,species_summary,3.35,,,kHz/msec,,,3.35,ok,
collen2012-1005710,1005710,Falsistrellus mackenziei,exact,collen-2012,"Appendix F, pp. 337-392",collen-2012-sonobat,unspecified,,,,,,,,,,,bandwidth,species_summary,35,,,kHz,,,35,ok,
collen2012-1005710,1005710,Falsistrellus mackenziei,exact,collen-2012,"Appendix F, pp. 337-392",collen-2012-sonobat,unspecified,,,,,,,,,,,body_mass,species_summary,23,,,g,,,23,ok,
collen2012-1005710,1005710,Falsistrellus mackenziei,exact,collen-2012,"Appendix F, pp. 337-392",collen-2012-sonobat,unspecified,,,,,,,,,,,duration,species_summary,5.00,,,ms,,,5.00,ok,
collen2012-1005710,1005710,Falsistrellus mackenziei,exact,collen-2012,"Appendix F, pp. 337-392",collen-2012-sonobat,unspecified,,,,,,,,,,,max_frequency,species_summary,68,,,kHz,,,68,ok,
collen2012-1005710,1005710,Falsistrellus mackenziei,exact,collen-2012,"Appendix F, pp. 337-392",collen-2012-sonobat,unspecified,,,,,,,,,,,min_frequency,species_summary,33.00,,,kHz,,,33.00,ok,
collen2012-1005710,1005710,Falsistrellus mackenziei,exact,collen-2012,"Appendix F, pp. 337-392",collen-2012-sonobat,unspecified,,,,,,,,,,,peak_frequency,species_summary,40,,,kHz,,,40,ok,
collen2012-1005711,1005711,Falsistrellus tasmaniensis,exact,collen-2012,"Appendix F, pp. 337-392",collen-2012-sonobat,unspecified,,,,,,,,,,,bandwidth,species_summary,35,,,kHz,,,35,ok,
collen2012-1005711,1005711,Falsistrellus tasmaniensis,exact,collen-2012,"Appendix F, pp. 337-392",collen-2012-sonobat,unspecified,,,,,,,,,,,body_mass,species_summary,22.54,,,g,,,22.54,ok,
collen2012-1005711,1005711,Falsistrellus tasmaniensis,exact,collen-2012,"Appendix F, pp. 337-392",collen-2012-sonobat,unspecified,,,,,,,,,,,duration,species_summary,6.00,,,ms,,,6.00,ok,
collen2012-1005711,1005711,Falsistrellus tasmaniensis,exact,collen-2012,"Appendix F, pp. 337-392",collen-2012-sonobat,unspecified,,,,,,,,,,,max_frequency,species_summary,70.00,,,kHz,,,70.00,ok,
collen2012-1005711,1005711,Falsistrellus tasmaniensis,exact,collen-2012,"Appendix F, pp. 337-392",collen-2012-sonobat,unspecified,,,,,,,,,,,min_frequency,species_summary,35.00,,,kHz,,,35.00,ok,
collen2012-1005711,1005711,Falsistrellus tasmaniensis,exact,collen-2012,"Appendix F, pp. 337-392",collen-2012-sonobat,unspecified,,,,,,,,,,,peak_frequency,species_summary,36.00,,,kHz,,,36.00,ok,
collen2012-1005715,1005715,Hypsugo ariel,exact,collen-2012,"Appendix F, pp. 337-392",collen-2012-sonobat,unspecified,,,,,,,,,,,bandwidth,species_summary,16.14,,,kHz,,,16.14,ok,
collen2012-1005715,1005715,Hypsugo ariel,exact,collen-2012,"Appendix F, pp. 337-392",collen-2012-sonobat,unspecified,,,,,,,,,,,body_mass,species_summary,4.07,,,g,,,4.07,ok,
collen2012-1005715,1005715,Hypsugo ariel,exact,collen-2012,"Appendix F, pp. 337-392",collen-2012-sonobat,unspecified,,,,,,,,,,,call_shape_class,single,7,,,,,,7,ok,
collen2012-1005715,1005715,Hypsugo ariel,exact,collen-2012,"Appendix F, pp. 337-392",collen-2012-sonobat,unspecified,,,,,,,,,,,dominant_slope,species_summary,17.30,,,kHz/msec,,,17.30,ok,
collen2012-1005715,1005715,Hypsugo ariel,exact,collen-2012,"Appendix F, pp. 337-392",collen-2012-sonobat,unspecified,,,,,,,,,,,duration,species_summary,1.96,,,ms,,,1.96,ok,
collen2012-1005715,1005715,Hypsugo ariel,exact,collen-2012,"Appendix F, pp. 337-392",collen-2012-sonobat,unspecified,,,,,,,,,,,max_frequency,species_summary,60.74,,,kHz,,,60.74,ok,
collen2012-1005715,1005715,Hypsugo ariel,exact,collen-2012,"Appendix F, pp. 337-392",collen-2012-sonobat,unspecified,,,,,,,,,,,min_frequency,species_summary,44.49,,,kHz,,,44.49,ok,
collen2012-1005715,1005715,Hypsugo ariel,exact,collen-2012,"Appendix F, pp. 337-392",collen-2012-sonobat,unspecified,,,,,,,,,,,peak_frequency,species_summary,45.47,,,kHz,,,45.47,ok,
collen2012-1005715,1005715,Hypsugo ariel,exact,collen-2012,"Appendix F, pp. 337-392",collen-2012-sonobat,unspecified,,,,,,,,,,,total_slope,species_summary,8.53,,,kHz/msec,,,8.53,ok,
collen2012-1005715-bodenheimeri,1005715,Hypsugo bodenheimeri,manual,collen-2012,"Appendix F, pp. 337-392",collen-2012-sonobat,unspecified,,,,,,,,,,,bandwidth,species_summary,18.09,,,kHz,,,18.09,ok,Printed in the source as a separate species; the current taxonomy treats it as Hypsugo ariel.
collen2012-1005715-bodenheimeri,1005715,Hypsugo bodenheimeri,manual,collen-2012,"Appendix F, pp. 337-392",collen-2012-sonobat,unspecified,,,,,,,,,,,body_mass,species_summary,2.73,,,g,,,2.73,ok,Printed in the source as a separate species; the current taxonomy treats it as Hypsugo ariel.
collen2012-1005715-bodenheimeri,1005715,Hypsugo bodenheimeri,manual,collen-2012,"Appendix F, pp. 337-392",collen-2012-sonobat,unspecified,,,,,,,,,,,call_shape_class,single,8,,,,,,8,ok,Printed in the source as a separate species; the current taxonomy treats it as Hypsugo ariel.
collen2012-1005715-bodenheimeri,1005715,Hypsugo bodenheimeri,manual,collen-2012,"Appendix F, pp. 337-392",collen-2012-sonobat,unspecified,,,,,,,,,,,dominant_slope,species_summary,1.13,,,kHz/msec,,,1.13,ok,Printed in the source as a separate species; the current taxonomy treats it as Hypsugo ariel.
collen2012-1005715-bodenheimeri,1005715,Hypsugo bodenheimeri,manual,collen-2012,"Appendix F, pp. 337-392",collen-2012-sonobat,unspecified,,,,,,,,,,,duration,species_summary,3.97,,,ms,,,3.97,ok,Printed in the source as a separate species; the current taxonomy treats it as Hypsugo ariel.
collen2012-1005715-bodenheimeri,1005715,Hypsugo bodenheimeri,manual,collen-2012,"Appendix F, pp. 337-392",collen-2012-sonobat,unspecified,,,,,,,,,,,max_frequency,species_summary,62.43,,,kHz,,,62.43,ok,Printed in the source as a separate species; the current taxonomy treats it as Hypsugo ariel.
collen2012-1005715-bodenheimeri,1005715,Hypsugo bodenheimeri,manual,collen-2012,"Appendix F, pp. 337-392",collen-2012-sonobat,unspecified,,,,,,,,,,,min_frequency,species_summary,44.26,,,kHz,,,44.26,ok,Printed in the source as a separate species; the current taxonomy treats it as Hypsugo ariel.
collen2012-1005715-bodenheimeri,1005715,Hypsugo bodenheimeri,manual,collen-2012,"Appendix F, pp. 337-392",collen-2012-sonobat,unspecified,,,,,,,,,,,peak_frequency,species_summary,46.91,,,kHz,,,46.91,ok,Printed in the source as a separate species; the current taxonomy treats it as Hypsugo ariel.
collen2012-1005715-bodenheimeri,1005715,Hypsugo bodenheimeri,manual,collen-2012,"Appendix F, pp. 337-392",collen-2012-sonobat,unspecified,,,,,,,,,,,total_slope,species_summary,4.57,,,kHz/msec,,,4.57,ok,Printed in the source as a separate species; the current taxonomy treats it as Hypsugo ariel.
collen2012-1005727,1005727,Hypsugo savii,exact,collen-2012,"Appendix F, pp. 337-392",collen-2012-sonobat,unspecified,,,,,,,,,,,bandwidth,species_summary,16.70,,,kHz,,,16.70,ok,
collen2012-1005727,1005727,Hypsugo savii,exact,collen-2012,"Appendix F, pp. 337-392",collen-2012-sonobat,unspecified,,,,,,,,,,,body_mass,species_summary,6.30,,,g,,,6.30,ok,
collen2012-1005727,1005727,Hypsugo savii,exact,collen-2012,"Appendix F, pp. 337-392",collen-2012-sonobat,unspecified,,,,,,,,,,,call_shape_class,single,8,,,,,,8,ok,
collen2012-1005727,1005727,Hypsugo savii,exact,collen-2012,"Appendix F, pp. 337-392",collen-2012-sonobat,unspecified,,,,,,,,,,,dominant_slope,species_summary,1.96,,,kHz/msec,,,1.96,ok,
collen2012-1005727,1005727,Hypsugo savii,exact,collen-2012,"Appendix F, pp. 337-392",collen-2012-sonobat,unspecified,,,,,,,,,,,duration,species_summary,7.08,,,ms,,,7.08,ok,
collen2012-1005727,1005727,Hypsugo savii,exact,collen-2012,"Appendix F, pp. 337-392",collen-2012-sonobat,unspecified,,,,,,,,,,,max_frequency,species_summary,50.32,,,kHz,,,50.32,ok,
collen2012-1005727,1005727,Hypsugo savii,exact,collen-2012,"Appendix F, pp. 337-392",collen-2012-sonobat,unspecified,,,,,,,,,,,min_frequency,species_summary,33.59,,,kHz,,,33.59,ok,
collen2012-1005727,1005727,Hypsugo savii,exact,collen-2012,"Appendix F, pp. 337-392",collen-2012-sonobat,unspecified,,,,,,,,,,,peak_frequency,species_summary,36.15,,,kHz,,,36.15,ok,
collen2012-1005727,1005727,Hypsugo savii,exact,collen-2012,"Appendix F, pp. 337-392",collen-2012-sonobat,unspecified,,,,,,,,,,,total_slope,species_summary,3.74,,,kHz/msec,,,3.74,ok,
collen2012-1005729-botswanae,1005729,Laephotis botswanae,manual,collen-2012,"Appendix F, pp. 337-392",collen-2012-sonobat,unspecified,,,,,,,,,,,bandwidth,species_summary,22,,,kHz,,,22,ok,Printed in the source as a separate species; the current taxonomy treats it as Laephotis angolensis.
collen2012-1005729-botswanae,1005729,Laephotis botswanae,manual,collen-2012,"Appendix F, pp. 337-392",collen-2012-sonobat,unspecified,,,,,,,,,,,body_mass,species_summary,7.28,,,g,,,7.28,ok,Printed in the source as a separate species; the current taxonomy treats it as Laephotis angolensis.
collen2012-1005729-botswanae,1005729,Laephotis botswanae,manual,collen-2012,"Appendix F, pp. 337-392",collen-2012-sonobat,unspecified,,,,,,,,,,,duration,species_summary,5.00,,,ms,,,5.00,ok,Printed in the source as a separate species; the current taxonomy treats it as Laephotis angolensis.
collen2012-1005729-botswanae,1005729,Laephotis botswanae,manual,collen-2012,"Appendix F, pp. 337-392",collen-2012-sonobat,unspecified,,,,,,,,,,,peak_frequency,species_summary,33.00,,,kHz,,,33.00,ok,Printed in the source as a separate species; the current taxonomy treats it as Laephotis angolensis.
collen2012-1005731-capensis,1005731,Neoromicia capensis,synonym_via_mdd,collen-2012,"Appendix F, pp. 337-392",collen-2012-sonobat,unspecified,,,,,,,,,,,bandwidth,species_summary,33.78,,,kHz,,,33.78,ok,Printed in the source as a separate species; the current taxonomy treats it as Laephotis capensis.
collen2012-1005731-capensis,1005731,Neoromicia capensis,synonym_via_mdd,collen-2012,"Appendix F, pp. 337-392",collen-2012-sonobat,unspecified,,,,,,,,,,,body_mass,species_summary,5.96,,,g,,,5.96,ok,Printed in the source as a separate species; the current taxonomy treats it as Laephotis capensis.
collen2012-1005731-capensis,1005731,Neoromicia capensis,synonym_via_mdd,collen-2012,"Appendix F, pp. 337-392",collen-2012-sonobat,unspecified,,,,,,,,,,,call_shape_class,single,8,,,,,,8,ok,Printed in the source as a separate species; the current taxonomy treats it as Laephotis capensis.
collen2012-1005731-capensis,1005731,Neoromicia capensis,synonym_via_mdd,collen-2012,"Appendix F, pp. 337-392",collen-2012-sonobat,unspecified,,,,,,,,,,,dominant_slope,species_summary,6.64,,,kHz/msec,,,6.64,ok,Printed in the source as a separate species; the current taxonomy treats it as Laephotis capensis.
collen2012-1005731-capensis,1005731,Neoromicia capensis,synonym_via_mdd,collen-2012,"Appendix F, pp. 337-392",collen-2012-sonobat,unspecified,,,,,,,,,,,duration,species_summary,3.81,,,ms,,,3.81,ok,Printed in the source as a separate species; the current taxonomy treats it as Laephotis capensis.
collen2012-1005731-capensis,1005731,Neoromicia capensis,synonym_via_mdd,collen-2012,"Appendix F, pp. 337-392",collen-2012-sonobat,unspecified,,,,,,,,,,,max_frequency,species_summary,70.32,,,kHz,,,70.32,ok,Printed in the source as a separate species; the current taxonomy treats it as Laephotis capensis.
collen2012-1005731-capensis,1005731,Neoromicia capensis,synonym_via_mdd,collen-2012,"Appendix F, pp. 337-392",collen-2012-sonobat,unspecified,,,,,,,,,,,min_frequency,species_summary,36.36,,,kHz,,,36.36,ok,Printed in the source as a separate species; the current taxonomy treats it as Laephotis capensis.
collen2012-1005731-capensis,1005731,Neoromicia capensis,synonym_via_mdd,collen-2012,"Appendix F, pp. 337-392",collen-2012-sonobat,unspecified,,,,,,,,,,,peak_frequency,species_summary,40.91,,,kHz,,,40.91,ok,Printed in the source as a separate species; the current taxonomy treats it as Laephotis capensis.
collen2012-1005731-capensis,1005731,Neoromicia capensis,synonym_via_mdd,collen-2012,"Appendix F, pp. 337-392",collen-2012-sonobat,unspecified,,,,,,,,,,,total_slope,species_summary,10.35,,,kHz/msec,,,10.35,ok,Printed in the source as a separate species; the current taxonomy treats it as Laephotis capensis.
collen2012-1005735,1005735,Laephotis namibensis,exact,collen-2012,"Appendix F, pp. 337-392",collen-2012-sonobat,unspecified,,,,,,,,,,,bandwidth,species_summary,13.5,,,kHz,,,13.5,ok,
collen2012-1005735,1005735,Laephotis namibensis,exact,collen-2012,"Appendix F, pp. 337-392",collen-2012-sonobat,unspecified,,,,,,,,,,,body_mass,species_summary,8.72,,,g,,,8.72,ok,
collen2012-1005735,1005735,Laephotis namibensis,exact,collen-2012,"Appendix F, pp. 337-392",collen-2012-sonobat,unspecified,,,,,,,,,,,duration,species_summary,2.6,,,ms,,,2.6,ok,
collen2012-1005735,1005735,Laephotis namibensis,exact,collen-2012,"Appendix F, pp. 337-392",collen-2012-sonobat,unspecified,,,,,,,,,,,peak_frequency,species_summary,22.00,,,kHz,,,22.00,ok,
collen2012-1005738,1005738,Laephotis wintoni,exact,collen-2012,"Appendix F, pp. 337-392",collen-2012-sonobat,unspecified,,,,,,,,,,,bandwidth,species_summary,5.85,,,kHz,,,5.85,ok,
collen2012-1005738,1005738,Laephotis wintoni,exact,collen-2012,"Appendix F, pp. 337-392",collen-2012-sonobat,unspecified,,,,,,,,,,,body_mass,species_summary,6.10,,,g,,,6.10,ok,
collen2012-1005738,1005738,Laephotis wintoni,exact,collen-2012,"Appendix F, pp. 337-392",collen-2012-sonobat,unspecified,,,,,,,,,,,call_shape_class,single,3,,,,,,3,ok,
collen2012-1005738,1005738,Laephotis wintoni,exact,collen-2012,"Appendix F, pp. 337-392",collen-2012-sonobat,unspecified,,,,,,,,,,,dominant_slope,species_summary,0.53,,,kHz/msec,,,0.53,ok,
collen2012-1005738,1005738,Laephotis wintoni,exact,collen-2012,"Appendix F, pp. 337-392",collen-2012-sonobat,unspecified,,,,,,,,,,,duration,species_summary,10.95,,,ms,,,10.95,ok,
collen2012-1005738,1005738,Laephotis wintoni,exact,collen-2012,"Appendix F, pp. 337-392",collen-2012-sonobat,unspecified,,,,,,,,,,,max_frequency,species_summary,26.90,,,kHz,,,26.90,ok,
collen2012-1005738,1005738,Laephotis wintoni,exact,collen-2012,"Appendix F, pp. 337-392",collen-2012-sonobat,unspecified,,,,,,,,,,,min_frequency,species_summary,21.05,,,kHz,,,21.05,ok,
collen2012-1005738,1005738,Laephotis wintoni,exact,collen-2012,"Appendix F, pp. 337-392",collen-2012-sonobat,unspecified,,,,,,,,,,,peak_frequency,species_summary,23.08,,,kHz,,,23.08,ok,
collen2012-1005738,1005738,Laephotis wintoni,exact,collen-2012,"Appendix F, pp. 337-392",collen-2012-sonobat,unspecified,,,,,,,,,,,total_slope,species_summary,0.58,,,kHz/msec,,,0.58,ok,
collen2012-1005741-anchietae,1005741,Hypsugo anchietae,synonym_via_mdd,collen-2012,"Appendix F, pp. 337-392",collen-2012-sonobat,unspecified,,,,,,,,,,,bandwidth,species_summary,46.28,,,kHz,,,46.28,ok,Printed in the source as a separate species; the current taxonomy treats it as Neoromicia anchietae.
collen2012-1005741-anchietae,1005741,Hypsugo anchietae,synonym_via_mdd,collen-2012,"Appendix F, pp. 337-392",collen-2012-sonobat,unspecified,,,,,,,,,,,call_shape_class,single,7,,,,,,7,ok,Printed in the source as a separate species; the current taxonomy treats it as Neoromicia anchietae.
collen2012-1005741-anchietae,1005741,Hypsugo anchietae,synonym_via_mdd,collen-2012,"Appendix F, pp. 337-392",collen-2012-sonobat,unspecified,,,,,,,,,,,dominant_slope,species_summary,32.56,,,kHz/msec,,,32.56,ok,Printed in the source as a separate species; the current taxonomy treats it as Neoromicia anchietae.
collen2012-1005741-anchietae,1005741,Hypsugo anchietae,synonym_via_mdd,collen-2012,"Appendix F, pp. 337-392",collen-2012-sonobat,unspecified,,,,,,,,,,,duration,species_summary,1.87,,,ms,,,1.87,ok,Printed in the source as a separate species; the current taxonomy treats it as Neoromicia anchietae.
collen2012-1005741-anchietae,1005741,Hypsugo anchietae,synonym_via_mdd,collen-2012,"Appendix F, pp. 337-392",collen-2012-sonobat,unspecified,,,,,,,,,,,max_frequency,species_summary,92.71,,,kHz,,,92.71,ok,Printed in the source as a separate species; the current taxonomy treats it as Neoromicia anchietae.
collen2012-1005741-anchietae,1005741,Hypsugo anchietae,synonym_via_mdd,collen-2012,"Appendix F, pp. 337-392",collen-2012-sonobat,unspecified,,,,,,,,,,,min_frequency,species_summary,46.64,,,kHz,,,46.64,ok,Printed in the source as a separate species; the current taxonomy treats it as Neoromicia anchietae.
collen2012-1005741-anchietae,1005741,Hypsugo anchietae,synonym_via_mdd,collen-2012,"Appendix F, pp. 337-392",collen-2012-sonobat,unspecified,,,,,,,,,,,peak_frequency,species_summary,54.90,,,kHz,,,54.90,ok,Printed in the source as a separate species; the current taxonomy treats it as Neoromicia anchietae.
collen2012-1005741-anchietae,1005741,Hypsugo anchietae,synonym_via_mdd,collen-2012,"Appendix F, pp. 337-392",collen-2012-sonobat,unspecified,,,,,,,,,,,total_slope,species_summary,27.16,,,kHz/msec,,,27.16,ok,Printed in the source as a separate species; the current taxonomy treats it as Neoromicia anchietae.
collen2012-1005744-somalicus,1005744,Neoromicia somalicus,synonym_via_mdd,collen-2012,"Appendix F, pp. 337-392",collen-2012-sonobat,unspecified,,,,,,,,,,,bandwidth,species_summary,43.30,,,kHz,,,43.30,ok,Printed in the source as a separate species; the current taxonomy treats it as Neoromicia somalica.
collen2012-1005744-somalicus,1005744,Neoromicia somalicus,synonym_via_mdd,collen-2012,"Appendix F, pp. 337-392",collen-2012-sonobat,unspecified,,,,,,,,,,,body_mass,species_summary,3.53,,,g,,,3.53,ok,Printed in the source as a separate species; the current taxonomy treats it as Neoromicia somalica.
collen2012-1005744-somalicus,1005744,Neoromicia somalicus,synonym_via_mdd,collen-2012,"Appendix F, pp. 337-392",collen-2012-sonobat,unspecified,,,,,,,,,,,call_shape_class,single,8,,,,,,8,ok,Printed in the source as a separate species; the current taxonomy treats it as Neoromicia somalica.
collen2012-1005744-somalicus,1005744,Neoromicia somalicus,synonym_via_mdd,collen-2012,"Appendix F, pp. 337-392",collen-2012-sonobat,unspecified,,,,,,,,,,,dominant_slope,species_summary,28.92,,,kHz/msec,,,28.92,ok,Printed in the source as a separate species; the current taxonomy treats it as Neoromicia somalica.
collen2012-1005744-somalicus,1005744,Neoromicia somalicus,synonym_via_mdd,collen-2012,"Appendix F, pp. 337-392",collen-2012-sonobat,unspecified,,,,,,,,,,,duration,species_summary,2.15,,,ms,,,2.15,ok,Printed in the source as a separate species; the current taxonomy treats it as Neoromicia somalica.
collen2012-1005744-somalicus,1005744,Neoromicia somalicus,synonym_via_mdd,collen-2012,"Appendix F, pp. 337-392",collen-2012-sonobat,unspecified,,,,,,,,,,,max_frequency,species_summary,80.00,,,kHz,,,80.00,ok,Printed in the source as a separate species; the current taxonomy treats it as Neoromicia somalica.
collen2012-1005744-somalicus,1005744,Neoromicia somalicus,synonym_via_mdd,collen-2012,"Appendix F, pp. 337-392",collen-2012-sonobat,unspecified,,,,,,,,,,,min_frequency,species_summary,36.99,,,kHz,,,36.99,ok,Printed in the source as a separate species; the current taxonomy treats it as Neoromicia somalica.
collen2012-1005744-somalicus,1005744,Neoromicia somalicus,synonym_via_mdd,collen-2012,"Appendix F, pp. 337-392",collen-2012-sonobat,unspecified,,,,,,,,,,,peak_frequency,species_summary,44.98,,,kHz,,,44.98,ok,Printed in the source as a separate species; the current taxonomy treats it as Neoromicia somalica.
collen2012-1005744-somalicus,1005744,Neoromicia somalicus,synonym_via_mdd,collen-2012,"Appendix F, pp. 337-392",collen-2012-sonobat,unspecified,,,,,,,,,,,total_slope,species_summary,25.51,,,kHz/msec,,,25.51,ok,Printed in the source as a separate species; the current taxonomy treats it as Neoromicia somalica.
collen2012-1005745,1005745,Neoromicia zuluensis,exact,collen-2012,"Appendix F, pp. 337-392",collen-2012-sonobat,unspecified,,,,,,,,,,,bandwidth,species_summary,41.14,,,kHz,,,41.14,ok,
collen2012-1005745,1005745,Neoromicia zuluensis,exact,collen-2012,"Appendix F, pp. 337-392",collen-2012-sonobat,unspecified,,,,,,,,,,,body_mass,species_summary,4.14,,,g,,,4.14,ok,
collen2012-1005745,1005745,Neoromicia zuluensis,exact,collen-2012,"Appendix F, pp. 337-392",collen-2012-sonobat,unspecified,,,,,,,,,,,call_shape_class,single,7,,,,,,7,ok,
collen2012-1005745,1005745,Neoromicia zuluensis,exact,collen-2012,"Appendix F, pp. 337-392",collen-2012-sonobat,unspecified,,,,,,,,,,,dominant_slope,species_summary,12.40,,,kHz/msec,,,12.40,ok,
collen2012-1005745,1005745,Neoromicia zuluensis,exact,collen-2012,"Appendix F, pp. 337-392",collen-2012-sonobat,unspecified,,,,,,,,,,,duration,species_summary,3.06,,,ms,,,3.06,ok,
collen2012-1005745,1005745,Neoromicia zuluensis,exact,collen-2012,"Appendix F, pp. 337-392",collen-2012-sonobat,unspecified,,,,,,,,,,,max_frequency,species_summary,75.71,,,kHz,,,75.71,ok,
collen2012-1005745,1005745,Neoromicia zuluensis,exact,collen-2012,"Appendix F, pp. 337-392",collen-2012-sonobat,unspecified,,,,,,,,,,,min_frequency,species_summary,33.82,,,kHz,,,33.82,ok,
collen2012-1005745,1005745,Neoromicia zuluensis,exact,collen-2012,"Appendix F, pp. 337-392",collen-2012-sonobat,unspecified,,,,,,,,,,,peak_frequency,species_summary,44.89,,,kHz,,,44.89,ok,
collen2012-1005745,1005745,Neoromicia zuluensis,exact,collen-2012,"Appendix F, pp. 337-392",collen-2012-sonobat,unspecified,,,,,,,,,,,total_slope,species_summary,14.56,,,kHz/msec,,,14.56,ok,
collen2012-1005752-schlieffeni,1005752,Nycticeinops schlieffeni,synonym_via_mdd,collen-2012,"Appendix F, pp. 337-392",collen-2012-sonobat,unspecified,,,,,,,,,,,bandwidth,species_summary,25.59,,,kHz,,,25.59,ok,Printed in the source as a separate species; the current taxonomy treats it as Nycticeinops schlieffenii.
collen2012-1005752-schlieffeni,1005752,Nycticeinops schlieffeni,synonym_via_mdd,collen-2012,"Appendix F, pp. 337-392",collen-2012-sonobat,unspecified,,,,,,,,,,,body_mass,species_summary,5.05,,,g,,,5.05,ok,Printed in the source as a separate species; the current taxonomy treats it as Nycticeinops schlieffenii.
collen2012-1005752-schlieffeni,1005752,Nycticeinops schlieffeni,synonym_via_mdd,collen-2012,"Appendix F, pp. 337-392",collen-2012-sonobat,unspecified,,,,,,,,,,,call_shape_class,single,8,,,,,,8,ok,Printed in the source as a separate species; the current taxonomy treats it as Nycticeinops schlieffenii.
collen2012-1005752-schlieffeni,1005752,Nycticeinops schlieffeni,synonym_via_mdd,collen-2012,"Appendix F, pp. 337-392",collen-2012-sonobat,unspecified,,,,,,,,,,,dominant_slope,species_summary,2.54,,,kHz/msec,,,2.54,ok,Printed in the source as a separate species; the current taxonomy treats it as Nycticeinops schlieffenii.
collen2012-1005752-schlieffeni,1005752,Nycticeinops schlieffeni,synonym_via_mdd,collen-2012,"Appendix F, pp. 337-392",collen-2012-sonobat,unspecified,,,,,,,,,,,duration,species_summary,2.82,,,ms,,,2.82,ok,Printed in the source as a separate species; the current taxonomy treats it as Nycticeinops schlieffenii.
collen2012-1005752-schlieffeni,1005752,Nycticeinops schlieffeni,synonym_via_mdd,collen-2012,"Appendix F, pp. 337-392",collen-2012-sonobat,unspecified,,,,,,,,,,,max_frequency,species_summary,64.29,,,kHz,,,64.29,ok,Printed in the source as a separate species; the current taxonomy treats it as Nycticeinops schlieffenii.
collen2012-1005752-schlieffeni,1005752,Nycticeinops schlieffeni,synonym_via_mdd,collen-2012,"Appendix F, pp. 337-392",collen-2012-sonobat,unspecified,,,,,,,,,,,min_frequency,species_summary,38.87,,,kHz,,,38.87,ok,Printed in the source as a separate species; the current taxonomy treats it as Nycticeinops schlieffenii.
collen2012-1005752-schlieffeni,1005752,Nycticeinops schlieffeni,synonym_via_mdd,collen-2012,"Appendix F, pp. 337-392",collen-2012-sonobat,unspecified,,,,,,,,,,,peak_frequency,species_summary,43.73,,,kHz,,,43.73,ok,Printed in the source as a separate species; the current taxonomy treats it as Nycticeinops schlieffenii.
collen2012-1005752-schlieffeni,1005752,Nycticeinops schlieffeni,synonym_via_mdd,collen-2012,"Appendix F, pp. 337-392",collen-2012-sonobat,unspecified,,,,,,,,,,,total_slope,species_summary,8.88,,,kHz/msec,,,8.88,ok,Printed in the source as a separate species; the current taxonomy treats it as Nycticeinops schlieffenii.
collen2012-1005753,1005753,Nyctophilus arnhemensis,exact,collen-2012,"Appendix F, pp. 337-392",collen-2012-sonobat,unspecified,,,,,,,,,,,bandwidth,species_summary,35,,,kHz,,,35,ok,
collen2012-1005753,1005753,Nyctophilus arnhemensis,exact,collen-2012,"Appendix F, pp. 337-392",collen-2012-sonobat,unspecified,,,,,,,,,,,body_mass,species_summary,6.83,,,g,,,6.83,ok,
collen2012-1005753,1005753,Nyctophilus arnhemensis,exact,collen-2012,"Appendix F, pp. 337-392",collen-2012-sonobat,unspecified,,,,,,,,,,,duration,species_summary,3.00,,,ms,,,3.00,ok,
collen2012-1005753,1005753,Nyctophilus arnhemensis,exact,collen-2012,"Appendix F, pp. 337-392",collen-2012-sonobat,unspecified,,,,,,,,,,,max_frequency,species_summary,80,,,kHz,,,80,ok,
collen2012-1005753,1005753,Nyctophilus arnhemensis,exact,collen-2012,"Appendix F, pp. 337-392",collen-2012-sonobat,unspecified,,,,,,,,,,,min_frequency,species_summary,45.00,,,kHz,,,45.00,ok,
collen2012-1005753,1005753,Nyctophilus arnhemensis,exact,collen-2012,"Appendix F, pp. 337-392",collen-2012-sonobat,unspecified,,,,,,,,,,,peak_frequency,species_summary,51.00,,,kHz,,,51.00,ok,
collen2012-1005754,1005754,Nyctophilus bifax,exact,collen-2012,"Appendix F, pp. 337-392",collen-2012-sonobat,unspecified,,,,,,,,,,,body_mass,species_summary,9.89,,,g,,,9.89,ok,
collen2012-1005754,1005754,Nyctophilus bifax,exact,collen-2012,"Appendix F, pp. 337-392",collen-2012-sonobat,unspecified,,,,,,,,,,,max_frequency,species_summary,59,,,kHz,,,59,ok,
collen2012-1005754,1005754,Nyctophilus bifax,exact,collen-2012,"Appendix F, pp. 337-392",collen-2012-sonobat,unspecified,,,,,,,,,,,min_frequency,species_summary,46.00,,,kHz,,,46.00,ok,
collen2012-1005754,1005754,Nyctophilus bifax,exact,collen-2012,"Appendix F, pp. 337-392",collen-2012-sonobat,unspecified,,,,,,,,,,,peak_frequency,species_summary,55.00,,,kHz,,,55.00,ok,
collen2012-1005757,1005757,Nyctophilus geoffroyi,exact,collen-2012,"Appendix F, pp. 337-392",collen-2012-sonobat,unspecified,,,,,,,,,,,bandwidth,species_summary,45.96,,,kHz,,,45.96,ok,
collen2012-1005757,1005757,Nyctophilus geoffroyi,exact,collen-2012,"Appendix F, pp. 337-392",collen-2012-sonobat,unspecified,,,,,,,,,,,body_mass,species_summary,8.20,,,g,,,8.20,ok,
collen2012-1005757,1005757,Nyctophilus geoffroyi,exact,collen-2012,"Appendix F, pp. 337-392",collen-2012-sonobat,unspecified,,,,,,,,,,,call_shape_class,single,8,,,,,,8,ok,
collen2012-1005757,1005757,Nyctophilus geoffroyi,exact,collen-2012,"Appendix F, pp. 337-392",collen-2012-sonobat,unspecified,,,,,,,,,,,dominant_slope,species_summary,12.40,,,kHz/msec,,,12.40,ok,
collen2012-1005757,1005757,Nyctophilus geoffroyi,exact,collen-2012,"Appendix F, pp. 337-392",collen-2012-sonobat,unspecified,,,,,,,,,,,duration,species_summary,4.44,,,ms,,,4.44,ok,
collen2012-1005757,1005757,Nyctophilus geoffroyi,exact,collen-2012,"Appendix F, pp. 337-392",collen-2012-sonobat,unspecified,,,,,,,,,,,max_frequency,species_summary,84.68,,,kHz,,,84.68,ok,
collen2012-1005757,1005757,Nyctophilus geoffroyi,exact,collen-2012,"Appendix F, pp. 337-392",collen-2012-sonobat,unspecified,,,,,,,,,,,min_frequency,species_summary,37.49,,,kHz,,,37.49,ok,
collen2012-1005757,1005757,Nyctophilus geoffroyi,exact,collen-2012,"Appendix F, pp. 337-392",collen-2012-sonobat,unspecified,,,,,,,,,,,peak_frequency,species_summary,49.77,,,kHz,,,49.77,ok,
collen2012-1005757,1005757,Nyctophilus geoffroyi,exact,collen-2012,"Appendix F, pp. 337-392",collen-2012-sonobat,unspecified,,,,,,,,,,,total_slope,species_summary,14.77,,,kHz/msec,,,14.77,ok,
collen2012-1005767,1005767,Nyctophilus walkeri,exact,collen-2012,"Appendix F, pp. 337-392",collen-2012-sonobat,unspecified,,,,,,,,,,,bandwidth,species_summary,26,,,kHz,,,26,ok,
collen2012-1005767,1005767,Nyctophilus walkeri,exact,collen-2012,"Appendix F, pp. 337-392",collen-2012-sonobat,unspecified,,,,,,,,,,,body_mass,species_summary,4.44,,,g,,,4.44,ok,
collen2012-1005767,1005767,Nyctophilus walkeri,exact,collen-2012,"Appendix F, pp. 337-392",collen-2012-sonobat,unspecified,,,,,,,,,,,duration,species_summary,5.00,,,ms,,,5.00,ok,
collen2012-1005767,1005767,Nyctophilus walkeri,exact,collen-2012,"Appendix F, pp. 337-392",collen-2012-sonobat,unspecified,,,,,,,,,,,max_frequency,species_summary,78.00,,,kHz,,,78.00,ok,
collen2012-1005767,1005767,Nyctophilus walkeri,exact,collen-2012,"Appendix F, pp. 337-392",collen-2012-sonobat,unspecified,,,,,,,,,,,min_frequency,species_summary,52.00,,,kHz,,,52.00,ok,
collen2012-1005767,1005767,Nyctophilus walkeri,exact,collen-2012,"Appendix F, pp. 337-392",collen-2012-sonobat,unspecified,,,,,,,,,,,peak_frequency,species_summary,56.00,,,kHz,,,56.00,ok,
collen2012-1005776-tenuipinnis,1005776,Neoromicia tenuipinnis,synonym_via_mdd,collen-2012,"Appendix F, pp. 337-392",collen-2012-sonobat,unspecified,,,,,,,,,,,bandwidth,species_summary,25,,,kHz,,,25,ok,Printed in the source as a separate species; the current taxonomy treats it as Pseudoromicia tenuipinnis.
collen2012-1005776-tenuipinnis,1005776,Neoromicia tenuipinnis,synonym_via_mdd,collen-2012,"Appendix F, pp. 337-392",collen-2012-sonobat,unspecified,,,,,,,,,,,body_mass,species_summary,5.35,,,g,,,5.35,ok,Printed in the source as a separate species; the current taxonomy treats it as Pseudoromicia tenuipinnis.
collen2012-1005776-tenuipinnis,1005776,Neoromicia tenuipinnis,synonym_via_mdd,collen-2012,"Appendix F, pp. 337-392",collen-2012-sonobat,unspecified,,,,,,,,,,,duration,species_summary,1.5,,,ms,,,1.5,ok,Printed in the source as a separate species; the current taxonomy treats it as Pseudoromicia tenuipinnis.
collen2012-1005776-tenuipinnis,1005776,Neoromicia tenuipinnis,synonym_via_mdd,collen-2012,"Appendix F, pp. 337-392",collen-2012-sonobat,unspecified,,,,,,,,,,,max_frequency,species_summary,37,,,kHz,,,37,ok,Printed in the source as a separate species; the current taxonomy treats it as Pseudoromicia tenuipinnis.
collen2012-1005776-tenuipinnis,1005776,Neoromicia tenuipinnis,synonym_via_mdd,collen-2012,"Appendix F, pp. 337-392",collen-2012-sonobat,unspecified,,,,,,,,,,,min_frequency,species_summary,62,,,kHz,,,62,ok,Printed in the source as a separate species; the current taxonomy treats it as Pseudoromicia tenuipinnis.
collen2012-1005779,1005779,Tylonycteris pachypus,exact,collen-2012,"Appendix F, pp. 337-392",collen-2012-sonobat,unspecified,,,,,,,,,,,bandwidth,species_summary,43.73,,,kHz,,,43.73,ok,
collen2012-1005779,1005779,Tylonycteris pachypus,exact,collen-2012,"Appendix F, pp. 337-392",collen-2012-sonobat,unspecified,,,,,,,,,,,body_mass,species_summary,4.10,,,g,,,4.10,ok,
collen2012-1005779,1005779,Tylonycteris pachypus,exact,collen-2012,"Appendix F, pp. 337-392",collen-2012-sonobat,unspecified,,,,,,,,,,,call_shape_class,single,8,,,,,,8,ok,
collen2012-1005779,1005779,Tylonycteris pachypus,exact,collen-2012,"Appendix F, pp. 337-392",collen-2012-sonobat,unspecified,,,,,,,,,,,dominant_slope,species_summary,2.95,,,kHz/msec,,,2.95,ok,
collen2012-1005779,1005779,Tylonycteris pachypus,exact,collen-2012,"Appendix F, pp. 337-392",collen-2012-sonobat,unspecified,,,,,,,,,,,duration,species_summary,3.76,,,ms,,,3.76,ok,
collen2012-1005779,1005779,Tylonycteris pachypus,exact,collen-2012,"Appendix F, pp. 337-392",collen-2012-sonobat,unspecified,,,,,,,,,,,max_frequency,species_summary,88.35,,,kHz,,,88.35,ok,
collen2012-1005779,1005779,Tylonycteris pachypus,exact,collen-2012,"Appendix F, pp. 337-392",collen-2012-sonobat,unspecified,,,,,,,,,,,min_frequency,species_summary,43.86,,,kHz,,,43.86,ok,
collen2012-1005779,1005779,Tylonycteris pachypus,exact,collen-2012,"Appendix F, pp. 337-392",collen-2012-sonobat,unspecified,,,,,,,,,,,peak_frequency,species_summary,48.95,,,kHz,,,48.95,ok,
collen2012-1005779,1005779,Tylonycteris pachypus,exact,collen-2012,"Appendix F, pp. 337-392",collen-2012-sonobat,unspecified,,,,,,,,,,,total_slope,species_summary,11.21,,,kHz/msec,,,11.21,ok,
collen2012-1005781,1005781,Tylonycteris robustula,exact,collen-2012,"Appendix F, pp. 337-392",collen-2012-sonobat,unspecified,,,,,,,,,,,bandwidth,species_summary,61,,,kHz,,,61,ok,
collen2012-1005781,1005781,Tylonycteris robustula,exact,collen-2012,"Appendix F, pp. 337-392",collen-2012-sonobat,unspecified,,,,,,,,,,,body_mass,species_summary,7.98,,,g,,,7.98,ok,
collen2012-1005781,1005781,Tylonycteris robustula,exact,collen-2012,"Appendix F, pp. 337-392",collen-2012-sonobat,unspecified,,,,,,,,,,,duration,species_summary,3.78,,,ms,,,3.78,ok,
collen2012-1005781,1005781,Tylonycteris robustula,exact,collen-2012,"Appendix F, pp. 337-392",collen-2012-sonobat,unspecified,,,,,,,,,,,max_frequency,species_summary,103.00,,,kHz,,,103.00,ok,
collen2012-1005781,1005781,Tylonycteris robustula,exact,collen-2012,"Appendix F, pp. 337-392",collen-2012-sonobat,unspecified,,,,,,,,,,,min_frequency,species_summary,45.00,,,kHz,,,45.00,ok,
collen2012-1005781,1005781,Tylonycteris robustula,exact,collen-2012,"Appendix F, pp. 337-392",collen-2012-sonobat,unspecified,,,,,,,,,,,peak_frequency,species_summary,55.00,,,kHz,,,55.00,ok,
collen2012-1005783,1005783,Vespadelus baverstocki,exact,collen-2012,"Appendix F, pp. 337-392",collen-2012-sonobat,unspecified,,,,,,,,,,,bandwidth,species_summary,18,,,kHz,,,18,ok,
collen2012-1005783,1005783,Vespadelus baverstocki,exact,collen-2012,"Appendix F, pp. 337-392",collen-2012-sonobat,unspecified,,,,,,,,,,,body_mass,species_summary,4.30,,,g,,,4.30,ok,
collen2012-1005783,1005783,Vespadelus baverstocki,exact,collen-2012,"Appendix F, pp. 337-392",collen-2012-sonobat,unspecified,,,,,,,,,,,duration,species_summary,4,,,ms,,,4,ok,
collen2012-1005783,1005783,Vespadelus baverstocki,exact,collen-2012,"Appendix F, pp. 337-392",collen-2012-sonobat,unspecified,,,,,,,,,,,max_frequency,species_summary,62,,,kHz,,,62,ok,
collen2012-1005783,1005783,Vespadelus baverstocki,exact,collen-2012,"Appendix F, pp. 337-392",collen-2012-sonobat,unspecified,,,,,,,,,,,min_frequency,species_summary,44,,,kHz,,,44,ok,
collen2012-1005783,1005783,Vespadelus baverstocki,exact,collen-2012,"Appendix F, pp. 337-392",collen-2012-sonobat,unspecified,,,,,,,,,,,peak_frequency,species_summary,47.00,,,kHz,,,47.00,ok,
collen2012-1005784,1005784,Vespadelus caurinus,exact,collen-2012,"Appendix F, pp. 337-392",collen-2012-sonobat,unspecified,,,,,,,,,,,bandwidth,species_summary,23,,,kHz,,,23,ok,
collen2012-1005784,1005784,Vespadelus caurinus,exact,collen-2012,"Appendix F, pp. 337-392",collen-2012-sonobat,unspecified,,,,,,,,,,,body_mass,species_summary,3.10,,,g,,,3.10,ok,
collen2012-1005784,1005784,Vespadelus caurinus,exact,collen-2012,"Appendix F, pp. 337-392",collen-2012-sonobat,unspecified,,,,,,,,,,,duration,species_summary,5.00,,,ms,,,5.00,ok,
collen2012-1005784,1005784,Vespadelus caurinus,exact,collen-2012,"Appendix F, pp. 337-392",collen-2012-sonobat,unspecified,,,,,,,,,,,max_frequency,species_summary,82,,,kHz,,,82,ok,
collen2012-1005784,1005784,Vespadelus caurinus,exact,collen-2012,"Appendix F, pp. 337-392",collen-2012-sonobat,unspecified,,,,,,,,,,,min_frequency,species_summary,59.00,,,kHz,,,59.00,ok,
collen2012-1005784,1005784,Vespadelus caurinus,exact,collen-2012,"Appendix F, pp. 337-392",collen-2012-sonobat,unspecified,,,,,,,,,,,peak_frequency,species_summary,59.6,,,kHz,,,59.6,ok,
collen2012-1005785,1005785,Vespadelus darlingtoni,exact,collen-2012,"Appendix F, pp. 337-392",collen-2012-sonobat,unspecified,,,,,,,,,,,bandwidth,species_summary,18.60,,,kHz,,,18.60,ok,
collen2012-1005785,1005785,Vespadelus darlingtoni,exact,collen-2012,"Appendix F, pp. 337-392",collen-2012-sonobat,unspecified,,,,,,,,,,,body_mass,species_summary,6.06,,,g,,,6.06,ok,
collen2012-1005785,1005785,Vespadelus darlingtoni,exact,collen-2012,"Appendix F, pp. 337-392",collen-2012-sonobat,unspecified,,,,,,,,,,,call_shape_class,single,8,,,,,,8,ok,
collen2012-1005785,1005785,Vespadelus darlingtoni,exact,collen-2012,"Appendix F, pp. 337-392",collen-2012-sonobat,unspecified,,,,,,,,,,,dominant_slope,species_summary,0.95,,,kHz/msec,,,0.95,ok,
collen2012-1005785,1005785,Vespadelus darlingtoni,exact,collen-2012,"Appendix F, pp. 337-392",collen-2012-sonobat,unspecified,,,,,,,,,,,duration,species_summary,5.02,,,ms,,,5.02,ok,
collen2012-1005785,1005785,Vespadelus darlingtoni,exact,collen-2012,"Appendix F, pp. 337-392",collen-2012-sonobat,unspecified,,,,,,,,,,,max_frequency,species_summary,61.74,,,kHz,,,61.74,ok,
collen2012-1005785,1005785,Vespadelus darlingtoni,exact,collen-2012,"Appendix F, pp. 337-392",collen-2012-sonobat,unspecified,,,,,,,,,,,min_frequency,species_summary,43.41,,,kHz,,,43.41,ok,
collen2012-1005785,1005785,Vespadelus darlingtoni,exact,collen-2012,"Appendix F, pp. 337-392",collen-2012-sonobat,unspecified,,,,,,,,,,,peak_frequency,species_summary,45.71,,,kHz,,,45.71,ok,
collen2012-1005785,1005785,Vespadelus darlingtoni,exact,collen-2012,"Appendix F, pp. 337-392",collen-2012-sonobat,unspecified,,,,,,,,,,,total_slope,species_summary,3.44,,,kHz/msec,,,3.44,ok,
collen2012-1005786,1005786,Vespadelus douglasorum,exact,collen-2012,"Appendix F, pp. 337-392",collen-2012-sonobat,unspecified,,,,,,,,,,,bandwidth,species_summary,21,,,kHz,,,21,ok,
collen2012-1005786,1005786,Vespadelus douglasorum,exact,collen-2012,"Appendix F, pp. 337-392",collen-2012-sonobat,unspecified,,,,,,,,,,,body_mass,species_summary,4.99,,,g,,,4.99,ok,
collen2012-1005786,1005786,Vespadelus douglasorum,exact,collen-2012,"Appendix F, pp. 337-392",collen-2012-sonobat,unspecified,,,,,,,,,,,duration,species_summary,6.00,,,ms,,,6.00,ok,
collen2012-1005786,1005786,Vespadelus douglasorum,exact,collen-2012,"Appendix F, pp. 337-392",collen-2012-sonobat,unspecified,,,,,,,,,,,max_frequency,species_summary,73.00,,,kHz,,,73.00,ok,
collen2012-1005786,1005786,Vespadelus douglasorum,exact,collen-2012,"Appendix F, pp. 337-392",collen-2012-sonobat,unspecified,,,,,,,,,,,min_frequency,species_summary,52.00,,,kHz,,,52.00,ok,
collen2012-1005786,1005786,Vespadelus douglasorum,exact,collen-2012,"Appendix F, pp. 337-392",collen-2012-sonobat,unspecified,,,,,,,,,,,peak_frequency,species_summary,52.80,,,kHz,,,52.80,ok,
collen2012-1005787,1005787,Vespadelus finlaysoni,exact,collen-2012,"Appendix F, pp. 337-392",collen-2012-sonobat,unspecified,,,,,,,,,,,bandwidth,species_summary,34,,,kHz,,,34,ok,
collen2012-1005787,1005787,Vespadelus finlaysoni,exact,collen-2012,"Appendix F, pp. 337-392",collen-2012-sonobat,unspecified,,,,,,,,,,,body_mass,species_summary,4.30,,,g,,,4.30,ok,
collen2012-1005787,1005787,Vespadelus finlaysoni,exact,collen-2012,"Appendix F, pp. 337-392",collen-2012-sonobat,unspecified,,,,,,,,,,,duration,species_summary,5.00,,,ms,,,5.00,ok,
collen2012-1005787,1005787,Vespadelus finlaysoni,exact,collen-2012,"Appendix F, pp. 337-392",collen-2012-sonobat,unspecified,,,,,,,,,,,max_frequency,species_summary,68,,,kHz,,,68,ok,
collen2012-1005787,1005787,Vespadelus finlaysoni,exact,collen-2012,"Appendix F, pp. 337-392",collen-2012-sonobat,unspecified,,,,,,,,,,,min_frequency,species_summary,34.00,,,kHz,,,34.00,ok,
collen2012-1005787,1005787,Vespadelus finlaysoni,exact,collen-2012,"Appendix F, pp. 337-392",collen-2012-sonobat,unspecified,,,,,,,,,,,peak_frequency,species_summary,35.00,,,kHz,,,35.00,ok,
collen2012-1005788,1005788,Vespadelus pumilus,exact,collen-2012,"Appendix F, pp. 337-392",collen-2012-sonobat,unspecified,,,,,,,,,,,body_mass,species_summary,5.40,,,g,,,5.40,ok,
collen2012-1005788,1005788,Vespadelus pumilus,exact,collen-2012,"Appendix F, pp. 337-392",collen-2012-sonobat,unspecified,,,,,,,,,,,max_frequency,species_summary,59,,,kHz,,,59,ok,
collen2012-1005788,1005788,Vespadelus pumilus,exact,collen-2012,"Appendix F, pp. 337-392",collen-2012-sonobat,unspecified,,,,,,,,,,,min_frequency,species_summary,48,,,kHz,,,48,ok,
collen2012-1005788,1005788,Vespadelus pumilus,exact,collen-2012,"Appendix F, pp. 337-392",collen-2012-sonobat,unspecified,,,,,,,,,,,peak_frequency,species_summary,51.00,,,kHz,,,51.00,ok,
collen2012-1005789,1005789,Vespadelus regulus,exact,collen-2012,"Appendix F, pp. 337-392",collen-2012-sonobat,unspecified,,,,,,,,,,,bandwidth,species_summary,19.45,,,kHz,,,19.45,ok,
collen2012-1005789,1005789,Vespadelus regulus,exact,collen-2012,"Appendix F, pp. 337-392",collen-2012-sonobat,unspecified,,,,,,,,,,,body_mass,species_summary,5.05,,,g,,,5.05,ok,
collen2012-1005789,1005789,Vespadelus regulus,exact,collen-2012,"Appendix F, pp. 337-392",collen-2012-sonobat,unspecified,,,,,,,,,,,call_shape_class,single,3,,,,,,3,ok,
collen2012-1005789,1005789,Vespadelus regulus,exact,collen-2012,"Appendix F, pp. 337-392",collen-2012-sonobat,unspecified,,,,,,,,,,,dominant_slope,species_summary,1.00,,,kHz/msec,,,1.00,ok,
collen2012-1005789,1005789,Vespadelus regulus,exact,collen-2012,"Appendix F, pp. 337-392",collen-2012-sonobat,unspecified,,,,,,,,,,,duration,species_summary,6.40,,,ms,,,6.40,ok,
collen2012-1005789,1005789,Vespadelus regulus,exact,collen-2012,"Appendix F, pp. 337-392",collen-2012-sonobat,unspecified,,,,,,,,,,,max_frequency,species_summary,64.11,,,kHz,,,64.11,ok,
collen2012-1005789,1005789,Vespadelus regulus,exact,collen-2012,"Appendix F, pp. 337-392",collen-2012-sonobat,unspecified,,,,,,,,,,,min_frequency,species_summary,44.62,,,kHz,,,44.62,ok,
collen2012-1005789,1005789,Vespadelus regulus,exact,collen-2012,"Appendix F, pp. 337-392",collen-2012-sonobat,unspecified,,,,,,,,,,,peak_frequency,species_summary,48.62,,,kHz,,,48.62,ok,
collen2012-1005789,1005789,Vespadelus regulus,exact,collen-2012,"Appendix F, pp. 337-392",collen-2012-sonobat,unspecified,,,,,,,,,,,total_slope,species_summary,3.03,,,kHz/msec,,,3.03,ok,
collen2012-1005790,1005790,Vespadelus troughtoni,exact,collen-2012,"Appendix F, pp. 337-392",collen-2012-sonobat,unspecified,,,,,,,,,,,bandwidth,species_summary,18,,,kHz,,,18,ok,
collen2012-1005790,1005790,Vespadelus troughtoni,exact,collen-2012,"Appendix F, pp. 337-392",collen-2012-sonobat,unspecified,,,,,,,,,,,body_mass,species_summary,5.40,,,g,,,5.40,ok,
collen2012-1005790,1005790,Vespadelus troughtoni,exact,collen-2012,"Appendix F, pp. 337-392",collen-2012-sonobat,unspecified,,,,,,,,,,,duration,species_summary,6.00,,,ms,,,6.00,ok,
collen2012-1005790,1005790,Vespadelus troughtoni,exact,collen-2012,"Appendix F, pp. 337-392",collen-2012-sonobat,unspecified,,,,,,,,,,,max_frequency,species_summary,67,,,kHz,,,67,ok,
collen2012-1005790,1005790,Vespadelus troughtoni,exact,collen-2012,"Appendix F, pp. 337-392",collen-2012-sonobat,unspecified,,,,,,,,,,,min_frequency,species_summary,49.00,,,kHz,,,49.00,ok,
collen2012-1005790,1005790,Vespadelus troughtoni,exact,collen-2012,"Appendix F, pp. 337-392",collen-2012-sonobat,unspecified,,,,,,,,,,,peak_frequency,species_summary,49.00,,,kHz,,,49.00,ok,
collen2012-1005791,1005791,Vespadelus vulturnus,exact,collen-2012,"Appendix F, pp. 337-392",collen-2012-sonobat,unspecified,,,,,,,,,,,bandwidth,species_summary,31.28,,,kHz,,,31.28,ok,
collen2012-1005791,1005791,Vespadelus vulturnus,exact,collen-2012,"Appendix F, pp. 337-392",collen-2012-sonobat,unspecified,,,,,,,,,,,body_mass,species_summary,3.77,,,g,,,3.77,ok,
collen2012-1005791,1005791,Vespadelus vulturnus,exact,collen-2012,"Appendix F, pp. 337-392",collen-2012-sonobat,unspecified,,,,,,,,,,,call_shape_class,single,3,,,,,,3,ok,
collen2012-1005791,1005791,Vespadelus vulturnus,exact,collen-2012,"Appendix F, pp. 337-392",collen-2012-sonobat,unspecified,,,,,,,,,,,dominant_slope,species_summary,2.02,,,kHz/msec,,,2.02,ok,
collen2012-1005791,1005791,Vespadelus vulturnus,exact,collen-2012,"Appendix F, pp. 337-392",collen-2012-sonobat,unspecified,,,,,,,,,,,duration,species_summary,4.61,,,ms,,,4.61,ok,
collen2012-1005791,1005791,Vespadelus vulturnus,exact,collen-2012,"Appendix F, pp. 337-392",collen-2012-sonobat,unspecified,,,,,,,,,,,max_frequency,species_summary,80.33,,,kHz,,,80.33,ok,
collen2012-1005791,1005791,Vespadelus vulturnus,exact,collen-2012,"Appendix F, pp. 337-392",collen-2012-sonobat,unspecified,,,,,,,,,,,min_frequency,species_summary,48.89,,,kHz,,,48.89,ok,
collen2012-1005791,1005791,Vespadelus vulturnus,exact,collen-2012,"Appendix F, pp. 337-392",collen-2012-sonobat,unspecified,,,,,,,,,,,peak_frequency,species_summary,51.38,,,kHz,,,51.38,ok,
collen2012-1005791,1005791,Vespadelus vulturnus,exact,collen-2012,"Appendix F, pp. 337-392",collen-2012-sonobat,unspecified,,,,,,,,,,,total_slope,species_summary,7.60,,,kHz/msec,,,7.60,ok,
collen2012-1005792,1005792,Vespertilio murinus,exact,collen-2012,"Appendix F, pp. 337-392",collen-2012-sonobat,unspecified,,,,,,,,,,,bandwidth,species_summary,8.53,,,kHz,,,8.53,ok,
collen2012-1005792,1005792,Vespertilio murinus,exact,collen-2012,"Appendix F, pp. 337-392",collen-2012-sonobat,unspecified,,,,,,,,,,,body_mass,species_summary,15.42,,,g,,,15.42,ok,
collen2012-1005792,1005792,Vespertilio murinus,exact,collen-2012,"Appendix F, pp. 337-392",collen-2012-sonobat,unspecified,,,,,,,,,,,call_shape_class,single,3,,,,,,3,ok,
collen2012-1005792,1005792,Vespertilio murinus,exact,collen-2012,"Appendix F, pp. 337-392",collen-2012-sonobat,unspecified,,,,,,,,,,,dominant_slope,species_summary,0.46,,,kHz/msec,,,0.46,ok,
collen2012-1005792,1005792,Vespertilio murinus,exact,collen-2012,"Appendix F, pp. 337-392",collen-2012-sonobat,unspecified,,,,,,,,,,,duration,species_summary,14.07,,,ms,,,14.07,ok,
collen2012-1005792,1005792,Vespertilio murinus,exact,collen-2012,"Appendix F, pp. 337-392",collen-2012-sonobat,unspecified,,,,,,,,,,,max_frequency,species_summary,31.11,,,kHz,,,31.11,ok,
collen2012-1005792,1005792,Vespertilio murinus,exact,collen-2012,"Appendix F, pp. 337-392",collen-2012-sonobat,unspecified,,,,,,,,,,,min_frequency,species_summary,22.46,,,kHz,,,22.46,ok,
collen2012-1005792,1005792,Vespertilio murinus,exact,collen-2012,"Appendix F, pp. 337-392",collen-2012-sonobat,unspecified,,,,,,,,,,,peak_frequency,species_summary,24.35,,,kHz,,,24.35,ok,
collen2012-1005792,1005792,Vespertilio murinus,exact,collen-2012,"Appendix F, pp. 337-392",collen-2012-sonobat,unspecified,,,,,,,,,,,total_slope,species_summary,0.90,,,kHz/msec,,,0.90,ok,
collen2012-1005793,1005793,Vespertilio sinensis,exact,collen-2012,"Appendix F, pp. 337-392",collen-2012-sonobat,unspecified,,,,,,,,,,,bandwidth,species_summary,27.17,,,kHz,,,27.17,ok,
collen2012-1005793,1005793,Vespertilio sinensis,exact,collen-2012,"Appendix F, pp. 337-392",collen-2012-sonobat,unspecified,,,,,,,,,,,body_mass,species_summary,24.30,,,g,,,24.30,ok,
collen2012-1005793,1005793,Vespertilio sinensis,exact,collen-2012,"Appendix F, pp. 337-392",collen-2012-sonobat,unspecified,,,,,,,,,,,call_shape_class,single,3,,,,,,3,ok,
collen2012-1005793,1005793,Vespertilio sinensis,exact,collen-2012,"Appendix F, pp. 337-392",collen-2012-sonobat,unspecified,,,,,,,,,,,dominant_slope,species_summary,12.58,,,kHz/msec,,,12.58,ok,
collen2012-1005793,1005793,Vespertilio sinensis,exact,collen-2012,"Appendix F, pp. 337-392",collen-2012-sonobat,unspecified,,,,,,,,,,,duration,species_summary,1.95,,,ms,,,1.95,ok,
collen2012-1005793,1005793,Vespertilio sinensis,exact,collen-2012,"Appendix F, pp. 337-392",collen-2012-sonobat,unspecified,,,,,,,,,,,max_frequency,species_summary,47.21,,,kHz,,,47.21,ok,
collen2012-1005793,1005793,Vespertilio sinensis,exact,collen-2012,"Appendix F, pp. 337-392",collen-2012-sonobat,unspecified,,,,,,,,,,,min_frequency,species_summary,19.70,,,kHz,,,19.70,ok,
collen2012-1005793,1005793,Vespertilio sinensis,exact,collen-2012,"Appendix F, pp. 337-392",collen-2012-sonobat,unspecified,,,,,,,,,,,peak_frequency,species_summary,25.71,,,kHz,,,25.71,ok,
collen2012-1005793,1005793,Vespertilio sinensis,exact,collen-2012,"Appendix F, pp. 337-392",collen-2012-sonobat,unspecified,,,,,,,,,,,total_slope,species_summary,13.61,,,kHz/msec,,,13.61,ok,
collen2012-1006820,1006820,Nyctophilus timoriensis,exact,collen-2012,"Appendix F, pp. 337-392",collen-2012-sonobat,unspecified,,,,,,,,,,,body_mass,species_summary,11.02,,,g,,,11.02,ok,
collen2012-1006820,1006820,Nyctophilus timoriensis,exact,collen-2012,"Appendix F, pp. 337-392",collen-2012-sonobat,unspecified,,,,,,,,,,,peak_frequency,species_summary,44.40,,,kHz,,,44.40,ok,
collen2012-1006834-guadeloupensis,1006834,Eptesicus guadeloupensis,manual,collen-2012,"Appendix F, pp. 337-392",collen-2012-sonobat,unspecified,,,,,,,,,,,bandwidth,species_summary,13.82,,,kHz,,,13.82,ok,Printed in the source as a separate species; the current taxonomy treats it as Eptesicus dutertreus.
collen2012-1006834-guadeloupensis,1006834,Eptesicus guadeloupensis,manual,collen-2012,"Appendix F, pp. 337-392",collen-2012-sonobat,unspecified,,,,,,,,,,,body_mass,species_summary,18.99,,,g,,,18.99,ok,Printed in the source as a separate species; the current taxonomy treats it as Eptesicus dutertreus.
collen2012-1006834-guadeloupensis,1006834,Eptesicus guadeloupensis,manual,collen-2012,"Appendix F, pp. 337-392",collen-2012-sonobat,unspecified,,,,,,,,,,,call_shape_class,single,8,,,,,,8,ok,Printed in the source as a separate species; the current taxonomy treats it as Eptesicus dutertreus.
collen2012-1006834-guadeloupensis,1006834,Eptesicus guadeloupensis,manual,collen-2012,"Appendix F, pp. 337-392",collen-2012-sonobat,unspecified,,,,,,,,,,,dominant_slope,species_summary,1.02,,,kHz/msec,,,1.02,ok,Printed in the source as a separate species; the current taxonomy treats it as Eptesicus dutertreus.
collen2012-1006834-guadeloupensis,1006834,Eptesicus guadeloupensis,manual,collen-2012,"Appendix F, pp. 337-392",collen-2012-sonobat,unspecified,,,,,,,,,,,duration,species_summary,6.73,,,ms,,,6.73,ok,Printed in the source as a separate species; the current taxonomy treats it as Eptesicus dutertreus.
collen2012-1006834-guadeloupensis,1006834,Eptesicus guadeloupensis,manual,collen-2012,"Appendix F, pp. 337-392",collen-2012-sonobat,unspecified,,,,,,,,,,,max_frequency,species_summary,38.26,,,kHz,,,38.26,ok,Printed in the source as a separate species; the current taxonomy treats it as Eptesicus dutertreus.
collen2012-1006834-guadeloupensis,1006834,Eptesicus guadeloupensis,manual,collen-2012,"Appendix F, pp. 337-392",collen-2012-sonobat,unspecified,,,,,,,,,,,min_frequency,species_summary,25.52,,,kHz,,,25.52,ok,Printed in the source as a separate species; the current taxonomy treats it as Eptesicus dutertreus.
collen2012-1006834-guadeloupensis,1006834,Eptesicus guadeloupensis,manual,collen-2012,"Appendix F, pp. 337-392",collen-2012-sonobat,unspecified,,,,,,,,,,,peak_frequency,species_summary,26.98,,,kHz,,,26.98,ok,Printed in the source as a separate species; the current taxonomy treats it as Eptesicus dutertreus.
collen2012-1006834-guadeloupensis,1006834,Eptesicus guadeloupensis,manual,collen-2012,"Appendix F, pp. 337-392",collen-2012-sonobat,unspecified,,,,,,,,,,,total_slope,species_summary,1.92,,,kHz/msec,,,1.92,ok,Printed in the source as a separate species; the current taxonomy treats it as Eptesicus dutertreus.
