observation_id,mdd_id,verbatim_taxon_name,taxon_match_method,reference_id,locator,method_id,call_phase,call_variant,variant_label,signal_direction,recording_condition,habitat_class,country,locality,date_or_season,n_individuals,n_calls,parameter,statistic,value,value_min,value_max,unit,dispersion_type,dispersion_value,verbatim_value,quality_flag,notes
hughes2011-table1-1,1004563,Coelops frithii,exact,hughes-2011-thailand,"Table 1, Coelops frithii row, bandwidth column",hughes-2011-thailand-time-expansion,unspecified,,,,hand_release,,Thailand,primarily southern Thai peninsula; range of Thailand localities,,,17,bandwidth,mean,49.29,,,kHz,sd,11.77,49.29 ± 11.77,definition_unstated,Table 1 mean and SD. The paper explicitly defines pi as start-to-start pulse interval; it warns that start/end values depend on the background-noise boundary. The reported free flight follows hand release in relatively cluttered surroundings.
hughes2011-table1-1,1004563,Coelops frithii,exact,hughes-2011-thailand,"Table 1, Coelops frithii row, duration column",hughes-2011-thailand-time-expansion,unspecified,,,,hand_release,,Thailand,primarily southern Thai peninsula; range of Thailand localities,,,17,duration,mean,8.18,,,ms,sd,3.48,8.18 ± 3.48,definition_unstated,Table 1 mean and SD. The paper explicitly defines pi as start-to-start pulse interval; it warns that start/end values depend on the background-noise boundary. The reported free flight follows hand release in relatively cluttered surroundings.
hughes2011-table1-1,1004563,Coelops frithii,exact,hughes-2011-thailand,"Table 1, Coelops frithii row, end frequency column",hughes-2011-thailand-time-expansion,unspecified,,,,hand_release,,Thailand,primarily southern Thai peninsula; range of Thailand localities,,,17,end_frequency,mean,105.29,,,kHz,sd,3.37,105.29 ± 3.37,definition_unstated,Table 1 mean and SD. The paper explicitly defines pi as start-to-start pulse interval; it warns that start/end values depend on the background-noise boundary. The reported free flight follows hand release in relatively cluttered surroundings.
hughes2011-table1-1,1004563,Coelops frithii,exact,hughes-2011-thailand,"Table 1, Coelops frithii row, inter-pulse interval column",hughes-2011-thailand-time-expansion,unspecified,,,,hand_release,,Thailand,primarily southern Thai peninsula; range of Thailand localities,,,17,inter_pulse_interval,mean,11.83,,,ms,sd,3.69,11.83 ± 3.69,definition_unstated,Table 1 mean and SD. The paper explicitly defines pi as start-to-start pulse interval; it warns that start/end values depend on the background-noise boundary. The reported free flight follows hand release in relatively cluttered surroundings.
hughes2011-table1-1,1004563,Coelops frithii,exact,hughes-2011-thailand,"Table 1, Coelops frithii row, max frequency column",hughes-2011-thailand-time-expansion,unspecified,,,,hand_release,,Thailand,primarily southern Thai peninsula; range of Thailand localities,,,17,max_frequency,mean,154.59,,,kHz,sd,17.18,154.59 ± 17.18,definition_unstated,Table 1 mean and SD. The paper explicitly defines pi as start-to-start pulse interval; it warns that start/end values depend on the background-noise boundary. The reported free flight follows hand release in relatively cluttered surroundings.
hughes2011-table1-1,1004563,Coelops frithii,exact,hughes-2011-thailand,"Table 1, Coelops frithii row, min frequency column",hughes-2011-thailand-time-expansion,unspecified,,,,hand_release,,Thailand,primarily southern Thai peninsula; range of Thailand localities,,,17,min_frequency,mean,105.29,,,kHz,sd,3.37,105.29 ± 3.37,definition_unstated,Table 1 mean and SD. The paper explicitly defines pi as start-to-start pulse interval; it warns that start/end values depend on the background-noise boundary. The reported free flight follows hand release in relatively cluttered surroundings.
hughes2011-table1-1,1004563,Coelops frithii,exact,hughes-2011-thailand,"Table 1, Coelops frithii row, FmaxE column",hughes-2011-thailand-time-expansion,unspecified,,,,hand_release,,Thailand,primarily southern Thai peninsula; range of Thailand localities,,,17,peak_frequency,mean,119.5,,,kHz,sd,8.89,119.5 ± 8.89,definition_unstated,Table 1 mean and SD. The paper explicitly defines pi as start-to-start pulse interval; it warns that start/end values depend on the background-noise boundary. The reported free flight follows hand release in relatively cluttered surroundings.
hughes2011-table1-1,1004563,Coelops frithii,exact,hughes-2011-thailand,"Table 1, Coelops frithii row, start frequency column",hughes-2011-thailand-time-expansion,unspecified,,,,hand_release,,Thailand,primarily southern Thai peninsula; range of Thailand localities,,,17,start_frequency,mean,151.24,,,kHz,sd,19.29,151.24 ± 19.29,definition_unstated,Table 1 mean and SD. The paper explicitly defines pi as start-to-start pulse interval; it warns that start/end values depend on the background-noise boundary. The reported free flight follows hand release in relatively cluttered surroundings.
hughes2011-table1-10,1005119,Miniopterus magnater,exact,hughes-2011-thailand,"Table 1, Miniopterus magnater row, bandwidth column",hughes-2011-thailand-time-expansion,unspecified,,,,hand_release,,Thailand,primarily southern Thai peninsula; range of Thailand localities,,,10,bandwidth,mean,86,,,kHz,sd,22.83,86 ± 22.83,definition_unstated,Table 1 mean and SD. The paper explicitly defines pi as start-to-start pulse interval; it warns that start/end values depend on the background-noise boundary. The reported free flight follows hand release in relatively cluttered surroundings.
hughes2011-table1-10,1005119,Miniopterus magnater,exact,hughes-2011-thailand,"Table 1, Miniopterus magnater row, duration column",hughes-2011-thailand-time-expansion,unspecified,,,,hand_release,,Thailand,primarily southern Thai peninsula; range of Thailand localities,,,10,duration,mean,4.35,,,ms,sd,1.52,4.35 ± 1.52,definition_unstated,Table 1 mean and SD. The paper explicitly defines pi as start-to-start pulse interval; it warns that start/end values depend on the background-noise boundary. The reported free flight follows hand release in relatively cluttered surroundings.
hughes2011-table1-10,1005119,Miniopterus magnater,exact,hughes-2011-thailand,"Table 1, Miniopterus magnater row, end frequency column",hughes-2011-thailand-time-expansion,unspecified,,,,hand_release,,Thailand,primarily southern Thai peninsula; range of Thailand localities,,,10,end_frequency,mean,42.3,,,kHz,sd,17.02,42.3 ± 17.02,definition_unstated,Table 1 mean and SD. The paper explicitly defines pi as start-to-start pulse interval; it warns that start/end values depend on the background-noise boundary. The reported free flight follows hand release in relatively cluttered surroundings.
hughes2011-table1-10,1005119,Miniopterus magnater,exact,hughes-2011-thailand,"Table 1, Miniopterus magnater row, inter-pulse interval column",hughes-2011-thailand-time-expansion,unspecified,,,,hand_release,,Thailand,primarily southern Thai peninsula; range of Thailand localities,,,10,inter_pulse_interval,mean,65.21,,,ms,sd,18.93,65.21 ± 18.93,definition_unstated,Table 1 mean and SD. The paper explicitly defines pi as start-to-start pulse interval; it warns that start/end values depend on the background-noise boundary. The reported free flight follows hand release in relatively cluttered surroundings.
hughes2011-table1-10,1005119,Miniopterus magnater,exact,hughes-2011-thailand,"Table 1, Miniopterus magnater row, max frequency column",hughes-2011-thailand-time-expansion,unspecified,,,,hand_release,,Thailand,primarily southern Thai peninsula; range of Thailand localities,,,10,max_frequency,mean,122.2,,,kHz,sd,23.89,122.2 ± 23.89,definition_unstated,Table 1 mean and SD. The paper explicitly defines pi as start-to-start pulse interval; it warns that start/end values depend on the background-noise boundary. The reported free flight follows hand release in relatively cluttered surroundings.
hughes2011-table1-10,1005119,Miniopterus magnater,exact,hughes-2011-thailand,"Table 1, Miniopterus magnater row, min frequency column",hughes-2011-thailand-time-expansion,unspecified,,,,hand_release,,Thailand,primarily southern Thai peninsula; range of Thailand localities,,,10,min_frequency,mean,36.2,,,kHz,sd,2.97,36.2 ± 2.97,definition_unstated,Table 1 mean and SD. The paper explicitly defines pi as start-to-start pulse interval; it warns that start/end values depend on the background-noise boundary. The reported free flight follows hand release in relatively cluttered surroundings.
hughes2011-table1-10,1005119,Miniopterus magnater,exact,hughes-2011-thailand,"Table 1, Miniopterus magnater row, FmaxE column",hughes-2011-thailand-time-expansion,unspecified,,,,hand_release,,Thailand,primarily southern Thai peninsula; range of Thailand localities,,,10,peak_frequency,mean,47.36,,,kHz,sd,2.48,47.36 ± 2.48,definition_unstated,Table 1 mean and SD. The paper explicitly defines pi as start-to-start pulse interval; it warns that start/end values depend on the background-noise boundary. The reported free flight follows hand release in relatively cluttered surroundings.
hughes2011-table1-10,1005119,Miniopterus magnater,exact,hughes-2011-thailand,"Table 1, Miniopterus magnater row, start frequency column",hughes-2011-thailand-time-expansion,unspecified,,,,hand_release,,Thailand,primarily southern Thai peninsula; range of Thailand localities,,,10,start_frequency,mean,85.3,,,kHz,sd,9.89,85.3 ± 9.89,definition_unstated,Table 1 mean and SD. The paper explicitly defines pi as start-to-start pulse interval; it warns that start/end values depend on the background-noise boundary. The reported free flight follows hand release in relatively cluttered surroundings.
hughes2011-table1-11,1005105,Miniopterus australis,exact,hughes-2011-thailand,"Table 1, Miniopterus australis row, bandwidth column",hughes-2011-thailand-time-expansion,unspecified,,,,hand_release,,Thailand,primarily southern Thai peninsula; range of Thailand localities,,,5,bandwidth,mean,84.4,,,kHz,sd,14.54,84.4 ± 14.54,definition_unstated,Table 1 mean and SD. The paper explicitly defines pi as start-to-start pulse interval; it warns that start/end values depend on the background-noise boundary. The reported free flight follows hand release in relatively cluttered surroundings.
hughes2011-table1-11,1005105,Miniopterus australis,exact,hughes-2011-thailand,"Table 1, Miniopterus australis row, duration column",hughes-2011-thailand-time-expansion,unspecified,,,,hand_release,,Thailand,primarily southern Thai peninsula; range of Thailand localities,,,5,duration,mean,4.42,,,ms,sd,1.03,4.42 ± 1.03,definition_unstated,Table 1 mean and SD. The paper explicitly defines pi as start-to-start pulse interval; it warns that start/end values depend on the background-noise boundary. The reported free flight follows hand release in relatively cluttered surroundings.
hughes2011-table1-11,1005105,Miniopterus australis,exact,hughes-2011-thailand,"Table 1, Miniopterus australis row, end frequency column",hughes-2011-thailand-time-expansion,unspecified,,,,hand_release,,Thailand,primarily southern Thai peninsula; range of Thailand localities,,,5,end_frequency,mean,47.2,,,kHz,sd,8.98,47.2 ± 8.98,definition_unstated,Table 1 mean and SD. The paper explicitly defines pi as start-to-start pulse interval; it warns that start/end values depend on the background-noise boundary. The reported free flight follows hand release in relatively cluttered surroundings.
hughes2011-table1-11,1005105,Miniopterus australis,exact,hughes-2011-thailand,"Table 1, Miniopterus australis row, inter-pulse interval column",hughes-2011-thailand-time-expansion,unspecified,,,,hand_release,,Thailand,primarily southern Thai peninsula; range of Thailand localities,,,5,inter_pulse_interval,mean,57.96,,,ms,sd,0.9,57.96 ± 0.9,definition_unstated,Table 1 mean and SD. The paper explicitly defines pi as start-to-start pulse interval; it warns that start/end values depend on the background-noise boundary. The reported free flight follows hand release in relatively cluttered surroundings.
hughes2011-table1-11,1005105,Miniopterus australis,exact,hughes-2011-thailand,"Table 1, Miniopterus australis row, max frequency column",hughes-2011-thailand-time-expansion,unspecified,,,,hand_release,,Thailand,primarily southern Thai peninsula; range of Thailand localities,,,5,max_frequency,mean,131.6,,,kHz,sd,5.68,131.6 ± 5.68,definition_unstated,Table 1 mean and SD. The paper explicitly defines pi as start-to-start pulse interval; it warns that start/end values depend on the background-noise boundary. The reported free flight follows hand release in relatively cluttered surroundings.
hughes2011-table1-11,1005105,Miniopterus australis,exact,hughes-2011-thailand,"Table 1, Miniopterus australis row, min frequency column",hughes-2011-thailand-time-expansion,unspecified,,,,hand_release,,Thailand,primarily southern Thai peninsula; range of Thailand localities,,,5,min_frequency,mean,47.2,,,kHz,sd,8.98,47.2 ± 8.98,definition_unstated,Table 1 mean and SD. The paper explicitly defines pi as start-to-start pulse interval; it warns that start/end values depend on the background-noise boundary. The reported free flight follows hand release in relatively cluttered surroundings.
hughes2011-table1-11,1005105,Miniopterus australis,exact,hughes-2011-thailand,"Table 1, Miniopterus australis row, FmaxE column",hughes-2011-thailand-time-expansion,unspecified,,,,hand_release,,Thailand,primarily southern Thai peninsula; range of Thailand localities,,,5,peak_frequency,mean,61.46,,,kHz,sd,18.15,61.46 ± 18.15,definition_unstated,Table 1 mean and SD. The paper explicitly defines pi as start-to-start pulse interval; it warns that start/end values depend on the background-noise boundary. The reported free flight follows hand release in relatively cluttered surroundings.
hughes2011-table1-11,1005105,Miniopterus australis,exact,hughes-2011-thailand,"Table 1, Miniopterus australis row, start frequency column",hughes-2011-thailand-time-expansion,unspecified,,,,hand_release,,Thailand,primarily southern Thai peninsula; range of Thailand localities,,,5,start_frequency,mean,95.4,,,kHz,sd,18.22,95.4 ± 18.22,definition_unstated,Table 1 mean and SD. The paper explicitly defines pi as start-to-start pulse interval; it warns that start/end values depend on the background-noise boundary. The reported free flight follows hand release in relatively cluttered surroundings.
hughes2011-table1-12,1005123,Miniopterus medius,exact,hughes-2011-thailand,"Table 1, Miniopterus medius row, bandwidth column",hughes-2011-thailand-time-expansion,unspecified,,,,hand_release,,Thailand,primarily southern Thai peninsula; range of Thailand localities,,,6,bandwidth,mean,97.17,,,kHz,sd,27.56,97.17 ± 27.56,definition_unstated,Table 1 mean and SD. The paper explicitly defines pi as start-to-start pulse interval; it warns that start/end values depend on the background-noise boundary. The reported free flight follows hand release in relatively cluttered surroundings.
hughes2011-table1-12,1005123,Miniopterus medius,exact,hughes-2011-thailand,"Table 1, Miniopterus medius row, duration column",hughes-2011-thailand-time-expansion,unspecified,,,,hand_release,,Thailand,primarily southern Thai peninsula; range of Thailand localities,,,6,duration,mean,1.73,,,ms,sd,0.84,1.73 ± 0.84,definition_unstated,Table 1 mean and SD. The paper explicitly defines pi as start-to-start pulse interval; it warns that start/end values depend on the background-noise boundary. The reported free flight follows hand release in relatively cluttered surroundings.
hughes2011-table1-12,1005123,Miniopterus medius,exact,hughes-2011-thailand,"Table 1, Miniopterus medius row, end frequency column",hughes-2011-thailand-time-expansion,unspecified,,,,hand_release,,Thailand,primarily southern Thai peninsula; range of Thailand localities,,,6,end_frequency,mean,68.83,,,kHz,sd,20.39,68.83 ± 20.39,definition_unstated,Table 1 mean and SD. The paper explicitly defines pi as start-to-start pulse interval; it warns that start/end values depend on the background-noise boundary. The reported free flight follows hand release in relatively cluttered surroundings.
hughes2011-table1-12,1005123,Miniopterus medius,exact,hughes-2011-thailand,"Table 1, Miniopterus medius row, inter-pulse interval column",hughes-2011-thailand-time-expansion,unspecified,,,,hand_release,,Thailand,primarily southern Thai peninsula; range of Thailand localities,,,6,inter_pulse_interval,mean,50.42,,,ms,sd,15.35,50.42 ± 15.35,definition_unstated,Table 1 mean and SD. The paper explicitly defines pi as start-to-start pulse interval; it warns that start/end values depend on the background-noise boundary. The reported free flight follows hand release in relatively cluttered surroundings.
hughes2011-table1-12,1005123,Miniopterus medius,exact,hughes-2011-thailand,"Table 1, Miniopterus medius row, max frequency column",hughes-2011-thailand-time-expansion,unspecified,,,,hand_release,,Thailand,primarily southern Thai peninsula; range of Thailand localities,,,6,max_frequency,mean,158.17,,,kHz,sd,17.7,158.17 ± 17.7,definition_unstated,Table 1 mean and SD. The paper explicitly defines pi as start-to-start pulse interval; it warns that start/end values depend on the background-noise boundary. The reported free flight follows hand release in relatively cluttered surroundings.
hughes2011-table1-12,1005123,Miniopterus medius,exact,hughes-2011-thailand,"Table 1, Miniopterus medius row, min frequency column",hughes-2011-thailand-time-expansion,unspecified,,,,hand_release,,Thailand,primarily southern Thai peninsula; range of Thailand localities,,,6,min_frequency,mean,61,,,kHz,sd,16.71,61 ± 16.71,definition_unstated,Table 1 mean and SD. The paper explicitly defines pi as start-to-start pulse interval; it warns that start/end values depend on the background-noise boundary. The reported free flight follows hand release in relatively cluttered surroundings.
hughes2011-table1-12,1005123,Miniopterus medius,exact,hughes-2011-thailand,"Table 1, Miniopterus medius row, FmaxE column",hughes-2011-thailand-time-expansion,unspecified,,,,hand_release,,Thailand,primarily southern Thai peninsula; range of Thailand localities,,,6,peak_frequency,mean,61.23,,,kHz,sd,3.09,61.23 ± 3.09,definition_unstated,Table 1 mean and SD. The paper explicitly defines pi as start-to-start pulse interval; it warns that start/end values depend on the background-noise boundary. The reported free flight follows hand release in relatively cluttered surroundings.
hughes2011-table1-12,1005123,Miniopterus medius,exact,hughes-2011-thailand,"Table 1, Miniopterus medius row, start frequency column",hughes-2011-thailand-time-expansion,unspecified,,,,hand_release,,Thailand,primarily southern Thai peninsula; range of Thailand localities,,,6,start_frequency,mean,107.5,,,kHz,sd,18.25,107.5 ± 18.25,definition_unstated,Table 1 mean and SD. The paper explicitly defines pi as start-to-start pulse interval; it warns that start/end values depend on the background-noise boundary. The reported free flight follows hand release in relatively cluttered surroundings.
hughes2011-table1-13,1005133,Miniopterus pusillus,exact,hughes-2011-thailand,"Table 1, Miniopterus pusillus row, bandwidth column",hughes-2011-thailand-time-expansion,unspecified,,,,hand_release,,Thailand,primarily southern Thai peninsula; range of Thailand localities,,,11,bandwidth,mean,57.45,,,kHz,sd,18.99,57.45 ± 18.99,definition_unstated,Table 1 mean and SD. The paper explicitly defines pi as start-to-start pulse interval; it warns that start/end values depend on the background-noise boundary. The reported free flight follows hand release in relatively cluttered surroundings.
hughes2011-table1-13,1005133,Miniopterus pusillus,exact,hughes-2011-thailand,"Table 1, Miniopterus pusillus row, duration column",hughes-2011-thailand-time-expansion,unspecified,,,,hand_release,,Thailand,primarily southern Thai peninsula; range of Thailand localities,,,11,duration,mean,4.65,,,ms,sd,3.17,4.65 ± 3.17,definition_unstated,Table 1 mean and SD. The paper explicitly defines pi as start-to-start pulse interval; it warns that start/end values depend on the background-noise boundary. The reported free flight follows hand release in relatively cluttered surroundings.
hughes2011-table1-13,1005133,Miniopterus pusillus,exact,hughes-2011-thailand,"Table 1, Miniopterus pusillus row, end frequency column",hughes-2011-thailand-time-expansion,unspecified,,,,hand_release,,Thailand,primarily southern Thai peninsula; range of Thailand localities,,,11,end_frequency,mean,52.28,,,kHz,sd,7.7,52.28 ± 7.7,definition_unstated,Table 1 mean and SD. The paper explicitly defines pi as start-to-start pulse interval; it warns that start/end values depend on the background-noise boundary. The reported free flight follows hand release in relatively cluttered surroundings.
hughes2011-table1-13,1005133,Miniopterus pusillus,exact,hughes-2011-thailand,"Table 1, Miniopterus pusillus row, inter-pulse interval column",hughes-2011-thailand-time-expansion,unspecified,,,,hand_release,,Thailand,primarily southern Thai peninsula; range of Thailand localities,,,11,inter_pulse_interval,mean,47.75,,,ms,sd,16.03,47.75 ± 16.03,definition_unstated,Table 1 mean and SD. The paper explicitly defines pi as start-to-start pulse interval; it warns that start/end values depend on the background-noise boundary. The reported free flight follows hand release in relatively cluttered surroundings.
hughes2011-table1-13,1005133,Miniopterus pusillus,exact,hughes-2011-thailand,"Table 1, Miniopterus pusillus row, max frequency column",hughes-2011-thailand-time-expansion,unspecified,,,,hand_release,,Thailand,primarily southern Thai peninsula; range of Thailand localities,,,11,max_frequency,mean,109.73,,,kHz,sd,17.74,109.73 ± 17.74,definition_unstated,Table 1 mean and SD. The paper explicitly defines pi as start-to-start pulse interval; it warns that start/end values depend on the background-noise boundary. The reported free flight follows hand release in relatively cluttered surroundings.
hughes2011-table1-13,1005133,Miniopterus pusillus,exact,hughes-2011-thailand,"Table 1, Miniopterus pusillus row, min frequency column",hughes-2011-thailand-time-expansion,unspecified,,,,hand_release,,Thailand,primarily southern Thai peninsula; range of Thailand localities,,,11,min_frequency,mean,52.28,,,kHz,sd,7.7,52.28 ± 7.7,definition_unstated,Table 1 mean and SD. The paper explicitly defines pi as start-to-start pulse interval; it warns that start/end values depend on the background-noise boundary. The reported free flight follows hand release in relatively cluttered surroundings.
hughes2011-table1-13,1005133,Miniopterus pusillus,exact,hughes-2011-thailand,"Table 1, Miniopterus pusillus row, FmaxE column",hughes-2011-thailand-time-expansion,unspecified,,,,hand_release,,Thailand,primarily southern Thai peninsula; range of Thailand localities,,,11,peak_frequency,mean,62.85,,,kHz,sd,3.56,62.85 ± 3.56,definition_unstated,Table 1 mean and SD. The paper explicitly defines pi as start-to-start pulse interval; it warns that start/end values depend on the background-noise boundary. The reported free flight follows hand release in relatively cluttered surroundings.
hughes2011-table1-13,1005133,Miniopterus pusillus,exact,hughes-2011-thailand,"Table 1, Miniopterus pusillus row, start frequency column",hughes-2011-thailand-time-expansion,unspecified,,,,hand_release,,Thailand,primarily southern Thai peninsula; range of Thailand localities,,,11,start_frequency,mean,106.17,,,kHz,sd,12.51,106.17 ± 12.51,definition_unstated,Table 1 mean and SD. The paper explicitly defines pi as start-to-start pulse interval; it warns that start/end values depend on the background-noise boundary. The reported free flight follows hand release in relatively cluttered surroundings.
hughes2011-table1-14,1005779,Tylonycteris pachypus,exact,hughes-2011-thailand,"Table 1, Tylonycteris pachypus row, bandwidth column",hughes-2011-thailand-time-expansion,unspecified,,,,hand_release,,Thailand,primarily southern Thai peninsula; range of Thailand localities,,,5,bandwidth,mean,95,,,kHz,sd,7.9,95 ± 7.9,definition_unstated,Table 1 mean and SD. The paper explicitly defines pi as start-to-start pulse interval; it warns that start/end values depend on the background-noise boundary. The reported free flight follows hand release in relatively cluttered surroundings.
hughes2011-table1-14,1005779,Tylonycteris pachypus,exact,hughes-2011-thailand,"Table 1, Tylonycteris pachypus row, duration column",hughes-2011-thailand-time-expansion,unspecified,,,,hand_release,,Thailand,primarily southern Thai peninsula; range of Thailand localities,,,5,duration,mean,1.56,,,ms,sd,0.8,1.56 ± 0.8,definition_unstated,Table 1 mean and SD. The paper explicitly defines pi as start-to-start pulse interval; it warns that start/end values depend on the background-noise boundary. The reported free flight follows hand release in relatively cluttered surroundings.
hughes2011-table1-14,1005779,Tylonycteris pachypus,exact,hughes-2011-thailand,"Table 1, Tylonycteris pachypus row, end frequency column",hughes-2011-thailand-time-expansion,unspecified,,,,hand_release,,Thailand,primarily southern Thai peninsula; range of Thailand localities,,,5,end_frequency,mean,39.8,,,kHz,sd,4.87,39.8 ± 4.87,definition_unstated,Table 1 mean and SD. The paper explicitly defines pi as start-to-start pulse interval; it warns that start/end values depend on the background-noise boundary. The reported free flight follows hand release in relatively cluttered surroundings.
hughes2011-table1-14,1005779,Tylonycteris pachypus,exact,hughes-2011-thailand,"Table 1, Tylonycteris pachypus row, inter-pulse interval column",hughes-2011-thailand-time-expansion,unspecified,,,,hand_release,,Thailand,primarily southern Thai peninsula; range of Thailand localities,,,5,inter_pulse_interval,mean,26.77,,,ms,sd,12.15,26.77 ± 12.15,definition_unstated,Table 1 mean and SD. The paper explicitly defines pi as start-to-start pulse interval; it warns that start/end values depend on the background-noise boundary. The reported free flight follows hand release in relatively cluttered surroundings.
hughes2011-table1-14,1005779,Tylonycteris pachypus,exact,hughes-2011-thailand,"Table 1, Tylonycteris pachypus row, max frequency column",hughes-2011-thailand-time-expansion,unspecified,,,,hand_release,,Thailand,primarily southern Thai peninsula; range of Thailand localities,,,5,max_frequency,mean,134.4,,,kHz,sd,6.69,134.4 ± 6.69,definition_unstated,Table 1 mean and SD. The paper explicitly defines pi as start-to-start pulse interval; it warns that start/end values depend on the background-noise boundary. The reported free flight follows hand release in relatively cluttered surroundings.
hughes2011-table1-14,1005779,Tylonycteris pachypus,exact,hughes-2011-thailand,"Table 1, Tylonycteris pachypus row, min frequency column",hughes-2011-thailand-time-expansion,unspecified,,,,hand_release,,Thailand,primarily southern Thai peninsula; range of Thailand localities,,,5,min_frequency,mean,39.4,,,kHz,sd,4.39,39.4 ± 4.39,definition_unstated,Table 1 mean and SD. The paper explicitly defines pi as start-to-start pulse interval; it warns that start/end values depend on the background-noise boundary. The reported free flight follows hand release in relatively cluttered surroundings.
hughes2011-table1-14,1005779,Tylonycteris pachypus,exact,hughes-2011-thailand,"Table 1, Tylonycteris pachypus row, FmaxE column",hughes-2011-thailand-time-expansion,unspecified,,,,hand_release,,Thailand,primarily southern Thai peninsula; range of Thailand localities,,,5,peak_frequency,mean,50.46,,,kHz,sd,13.05,50.46 ± 13.05,definition_unstated,Table 1 mean and SD. The paper explicitly defines pi as start-to-start pulse interval; it warns that start/end values depend on the background-noise boundary. The reported free flight follows hand release in relatively cluttered surroundings.
hughes2011-table1-14,1005779,Tylonycteris pachypus,exact,hughes-2011-thailand,"Table 1, Tylonycteris pachypus row, start frequency column",hughes-2011-thailand-time-expansion,unspecified,,,,hand_release,,Thailand,primarily southern Thai peninsula; range of Thailand localities,,,5,start_frequency,mean,95.2,,,kHz,sd,3.96,95.2 ± 3.96,definition_unstated,Table 1 mean and SD. The paper explicitly defines pi as start-to-start pulse interval; it warns that start/end values depend on the background-noise boundary. The reported free flight follows hand release in relatively cluttered surroundings.
hughes2011-table1-15,1005781,Tylonycteris robustula,exact,hughes-2011-thailand,"Table 1, Tylonycteris robustula row, bandwidth column",hughes-2011-thailand-time-expansion,unspecified,,,,hand_release,,Thailand,primarily southern Thai peninsula; range of Thailand localities,,,4,bandwidth,mean,97.5,,,kHz,sd,3.42,97.5 ± 3.42,definition_unstated,Table 1 mean and SD. The paper explicitly defines pi as start-to-start pulse interval; it warns that start/end values depend on the background-noise boundary. The reported free flight follows hand release in relatively cluttered surroundings.
hughes2011-table1-15,1005781,Tylonycteris robustula,exact,hughes-2011-thailand,"Table 1, Tylonycteris robustula row, duration column",hughes-2011-thailand-time-expansion,unspecified,,,,hand_release,,Thailand,primarily southern Thai peninsula; range of Thailand localities,,,4,duration,mean,3.3,,,ms,sd,2.7,3.3 ± 2.7,definition_unstated,Table 1 mean and SD. The paper explicitly defines pi as start-to-start pulse interval; it warns that start/end values depend on the background-noise boundary. The reported free flight follows hand release in relatively cluttered surroundings.
hughes2011-table1-15,1005781,Tylonycteris robustula,exact,hughes-2011-thailand,"Table 1, Tylonycteris robustula row, end frequency column",hughes-2011-thailand-time-expansion,unspecified,,,,hand_release,,Thailand,primarily southern Thai peninsula; range of Thailand localities,,,4,end_frequency,mean,41,,,kHz,sd,4.32,41 ± 4.32,definition_unstated,Table 1 mean and SD. The paper explicitly defines pi as start-to-start pulse interval; it warns that start/end values depend on the background-noise boundary. The reported free flight follows hand release in relatively cluttered surroundings.
hughes2011-table1-15,1005781,Tylonycteris robustula,exact,hughes-2011-thailand,"Table 1, Tylonycteris robustula row, inter-pulse interval column",hughes-2011-thailand-time-expansion,unspecified,,,,hand_release,,Thailand,primarily southern Thai peninsula; range of Thailand localities,,,4,inter_pulse_interval,mean,12.84,,,ms,sd,3.81,12.84 ± 3.81,definition_unstated,Table 1 mean and SD. The paper explicitly defines pi as start-to-start pulse interval; it warns that start/end values depend on the background-noise boundary. The reported free flight follows hand release in relatively cluttered surroundings.
hughes2011-table1-15,1005781,Tylonycteris robustula,exact,hughes-2011-thailand,"Table 1, Tylonycteris robustula row, max frequency column",hughes-2011-thailand-time-expansion,unspecified,,,,hand_release,,Thailand,primarily southern Thai peninsula; range of Thailand localities,,,4,max_frequency,mean,137.25,,,kHz,sd,8.26,137.25 ± 8.26,definition_unstated,Table 1 mean and SD. The paper explicitly defines pi as start-to-start pulse interval; it warns that start/end values depend on the background-noise boundary. The reported free flight follows hand release in relatively cluttered surroundings.
hughes2011-table1-15,1005781,Tylonycteris robustula,exact,hughes-2011-thailand,"Table 1, Tylonycteris robustula row, min frequency column",hughes-2011-thailand-time-expansion,unspecified,,,,hand_release,,Thailand,primarily southern Thai peninsula; range of Thailand localities,,,4,min_frequency,mean,39.75,,,kHz,sd,5.38,39.75 ± 5.38,definition_unstated,Table 1 mean and SD. The paper explicitly defines pi as start-to-start pulse interval; it warns that start/end values depend on the background-noise boundary. The reported free flight follows hand release in relatively cluttered surroundings.
hughes2011-table1-15,1005781,Tylonycteris robustula,exact,hughes-2011-thailand,"Table 1, Tylonycteris robustula row, FmaxE column",hughes-2011-thailand-time-expansion,unspecified,,,,hand_release,,Thailand,primarily southern Thai peninsula; range of Thailand localities,,,4,peak_frequency,mean,51.03,,,kHz,sd,5.57,51.03 ± 5.57,definition_unstated,Table 1 mean and SD. The paper explicitly defines pi as start-to-start pulse interval; it warns that start/end values depend on the background-noise boundary. The reported free flight follows hand release in relatively cluttered surroundings.
hughes2011-table1-15,1005781,Tylonycteris robustula,exact,hughes-2011-thailand,"Table 1, Tylonycteris robustula row, start frequency column",hughes-2011-thailand-time-expansion,unspecified,,,,hand_release,,Thailand,primarily southern Thai peninsula; range of Thailand localities,,,4,start_frequency,mean,93.75,,,kHz,sd,3.77,93.75 ± 3.77,definition_unstated,Table 1 mean and SD. The paper explicitly defines pi as start-to-start pulse interval; it warns that start/end values depend on the background-noise boundary. The reported free flight follows hand release in relatively cluttered surroundings.
hughes2011-table1-16,1004806,Emballonura monticola,exact,hughes-2011-thailand,"Table 1, Emballonura monticola row, bandwidth column",hughes-2011-thailand-time-expansion,unspecified,,,,hand_release,,Thailand,primarily southern Thai peninsula; range of Thailand localities,,,17,bandwidth,mean,64.18,,,kHz,sd,51.41,64.18 ± 51.41,definition_unstated,Table 1 mean and SD. The paper explicitly defines pi as start-to-start pulse interval; it warns that start/end values depend on the background-noise boundary. The reported free flight follows hand release in relatively cluttered surroundings.
hughes2011-table1-16,1004806,Emballonura monticola,exact,hughes-2011-thailand,"Table 1, Emballonura monticola row, duration column",hughes-2011-thailand-time-expansion,unspecified,,,,hand_release,,Thailand,primarily southern Thai peninsula; range of Thailand localities,,,17,duration,mean,5.42,,,ms,sd,2.88,5.42 ± 2.88,definition_unstated,Table 1 mean and SD. The paper explicitly defines pi as start-to-start pulse interval; it warns that start/end values depend on the background-noise boundary. The reported free flight follows hand release in relatively cluttered surroundings.
hughes2011-table1-16,1004806,Emballonura monticola,exact,hughes-2011-thailand,"Table 1, Emballonura monticola row, end frequency column",hughes-2011-thailand-time-expansion,unspecified,,,,hand_release,,Thailand,primarily southern Thai peninsula; range of Thailand localities,,,17,end_frequency,mean,38.91,,,kHz,sd,15.91,38.91 ± 15.91,definition_unstated,Table 1 mean and SD. The paper explicitly defines pi as start-to-start pulse interval; it warns that start/end values depend on the background-noise boundary. The reported free flight follows hand release in relatively cluttered surroundings.
hughes2011-table1-16,1004806,Emballonura monticola,exact,hughes-2011-thailand,"Table 1, Emballonura monticola row, inter-pulse interval column",hughes-2011-thailand-time-expansion,unspecified,,,,hand_release,,Thailand,primarily southern Thai peninsula; range of Thailand localities,,,17,inter_pulse_interval,mean,53.79,,,ms,sd,28.7,53.79 ± 28.7,definition_unstated,Table 1 mean and SD. The paper explicitly defines pi as start-to-start pulse interval; it warns that start/end values depend on the background-noise boundary. The reported free flight follows hand release in relatively cluttered surroundings.
hughes2011-table1-16,1004806,Emballonura monticola,exact,hughes-2011-thailand,"Table 1, Emballonura monticola row, max frequency column",hughes-2011-thailand-time-expansion,unspecified,,,,hand_release,,Thailand,primarily southern Thai peninsula; range of Thailand localities,,,17,max_frequency,mean,118.46,,,kHz,sd,27.17,118.46 ± 27.17,definition_unstated,Table 1 mean and SD. The paper explicitly defines pi as start-to-start pulse interval; it warns that start/end values depend on the background-noise boundary. The reported free flight follows hand release in relatively cluttered surroundings.
hughes2011-table1-16,1004806,Emballonura monticola,exact,hughes-2011-thailand,"Table 1, Emballonura monticola row, min frequency column",hughes-2011-thailand-time-expansion,unspecified,,,,hand_release,,Thailand,primarily southern Thai peninsula; range of Thailand localities,,,17,min_frequency,mean,34.54,,,kHz,sd,18.99,34.54 ± 18.99,definition_unstated,Table 1 mean and SD. The paper explicitly defines pi as start-to-start pulse interval; it warns that start/end values depend on the background-noise boundary. The reported free flight follows hand release in relatively cluttered surroundings.
hughes2011-table1-16,1004806,Emballonura monticola,exact,hughes-2011-thailand,"Table 1, Emballonura monticola row, FmaxE column",hughes-2011-thailand-time-expansion,unspecified,,,,hand_release,,Thailand,primarily southern Thai peninsula; range of Thailand localities,,,17,peak_frequency,mean,51.24,,,kHz,sd,7.82,51.24 ± 7.82,definition_unstated,Table 1 mean and SD. The paper explicitly defines pi as start-to-start pulse interval; it warns that start/end values depend on the background-noise boundary. The reported free flight follows hand release in relatively cluttered surroundings.
hughes2011-table1-16,1004806,Emballonura monticola,exact,hughes-2011-thailand,"Table 1, Emballonura monticola row, start frequency column",hughes-2011-thailand-time-expansion,unspecified,,,,hand_release,,Thailand,primarily southern Thai peninsula; range of Thailand localities,,,17,start_frequency,mean,53.55,,,kHz,sd,13.98,53.55 ± 13.98,definition_unstated,Table 1 mean and SD. The paper explicitly defines pi as start-to-start pulse interval; it warns that start/end values depend on the background-noise boundary. The reported free flight follows hand release in relatively cluttered surroundings.
hughes2011-table1-17,1004816,Saccolaimus saccolaimus,exact,hughes-2011-thailand,"Table 1, Saccolaimus saccolaimus row, bandwidth column",hughes-2011-thailand-time-expansion,unspecified,,,,hand_release,,Thailand,primarily southern Thai peninsula; range of Thailand localities,,,4,bandwidth,mean,42.5,,,kHz,sd,11.93,42.5 ± 11.93,definition_unstated,Table 1 mean and SD. The paper explicitly defines pi as start-to-start pulse interval; it warns that start/end values depend on the background-noise boundary. The reported free flight follows hand release in relatively cluttered surroundings.
hughes2011-table1-17,1004816,Saccolaimus saccolaimus,exact,hughes-2011-thailand,"Table 1, Saccolaimus saccolaimus row, duration column",hughes-2011-thailand-time-expansion,unspecified,,,,hand_release,,Thailand,primarily southern Thai peninsula; range of Thailand localities,,,4,duration,mean,3.85,,,ms,sd,2.11,3.85 ± 2.11,definition_unstated,Table 1 mean and SD. The paper explicitly defines pi as start-to-start pulse interval; it warns that start/end values depend on the background-noise boundary. The reported free flight follows hand release in relatively cluttered surroundings.
hughes2011-table1-17,1004816,Saccolaimus saccolaimus,exact,hughes-2011-thailand,"Table 1, Saccolaimus saccolaimus row, end frequency column",hughes-2011-thailand-time-expansion,unspecified,,,,hand_release,,Thailand,primarily southern Thai peninsula; range of Thailand localities,,,4,end_frequency,mean,26.75,,,kHz,sd,18,26.75 ± 18,definition_unstated,Table 1 mean and SD. The paper explicitly defines pi as start-to-start pulse interval; it warns that start/end values depend on the background-noise boundary. The reported free flight follows hand release in relatively cluttered surroundings.
hughes2011-table1-17,1004816,Saccolaimus saccolaimus,exact,hughes-2011-thailand,"Table 1, Saccolaimus saccolaimus row, inter-pulse interval column",hughes-2011-thailand-time-expansion,unspecified,,,,hand_release,,Thailand,primarily southern Thai peninsula; range of Thailand localities,,,4,inter_pulse_interval,mean,46.8,,,ms,sd,0,46.8 ± 0,definition_unstated,Table 1 mean and SD. The paper explicitly defines pi as start-to-start pulse interval; it warns that start/end values depend on the background-noise boundary. The reported free flight follows hand release in relatively cluttered surroundings.
hughes2011-table1-17,1004816,Saccolaimus saccolaimus,exact,hughes-2011-thailand,"Table 1, Saccolaimus saccolaimus row, max frequency column",hughes-2011-thailand-time-expansion,unspecified,,,,hand_release,,Thailand,primarily southern Thai peninsula; range of Thailand localities,,,4,max_frequency,mean,60.25,,,kHz,sd,12.09,60.25 ± 12.09,definition_unstated,Table 1 mean and SD. The paper explicitly defines pi as start-to-start pulse interval; it warns that start/end values depend on the background-noise boundary. The reported free flight follows hand release in relatively cluttered surroundings.
hughes2011-table1-17,1004816,Saccolaimus saccolaimus,exact,hughes-2011-thailand,"Table 1, Saccolaimus saccolaimus row, min frequency column",hughes-2011-thailand-time-expansion,unspecified,,,,hand_release,,Thailand,primarily southern Thai peninsula; range of Thailand localities,,,4,min_frequency,mean,17.75,,,kHz,sd,0.98,17.75 ± 0.98,definition_unstated,Table 1 mean and SD. The paper explicitly defines pi as start-to-start pulse interval; it warns that start/end values depend on the background-noise boundary. The reported free flight follows hand release in relatively cluttered surroundings.
hughes2011-table1-17,1004816,Saccolaimus saccolaimus,exact,hughes-2011-thailand,"Table 1, Saccolaimus saccolaimus row, FmaxE column",hughes-2011-thailand-time-expansion,unspecified,,,,hand_release,,Thailand,primarily southern Thai peninsula; range of Thailand localities,,,4,peak_frequency,mean,32.03,,,kHz,sd,8.85,32.03 ± 8.85,definition_unstated,Table 1 mean and SD. The paper explicitly defines pi as start-to-start pulse interval; it warns that start/end values depend on the background-noise boundary. The reported free flight follows hand release in relatively cluttered surroundings.
hughes2011-table1-17,1004816,Saccolaimus saccolaimus,exact,hughes-2011-thailand,"Table 1, Saccolaimus saccolaimus row, start frequency column",hughes-2011-thailand-time-expansion,unspecified,,,,hand_release,,Thailand,primarily southern Thai peninsula; range of Thailand localities,,,4,start_frequency,mean,36.75,,,kHz,sd,1.89,36.75 ± 1.89,definition_unstated,Table 1 mean and SD. The paper explicitly defines pi as start-to-start pulse interval; it warns that start/end values depend on the background-noise boundary. The reported free flight follows hand release in relatively cluttered surroundings.
hughes2011-table1-18,1004824,Taphozous longimanus,exact,hughes-2011-thailand,"Table 1, Taphozous longimanus row, bandwidth column",hughes-2011-thailand-time-expansion,unspecified,,,,hand_release,,Thailand,primarily southern Thai peninsula; range of Thailand localities,,,11,bandwidth,mean,88.18,,,kHz,sd,8.11,88.18 ± 8.11,definition_unstated,Table 1 mean and SD. The paper explicitly defines pi as start-to-start pulse interval; it warns that start/end values depend on the background-noise boundary. The reported free flight follows hand release in relatively cluttered surroundings.
hughes2011-table1-18,1004824,Taphozous longimanus,exact,hughes-2011-thailand,"Table 1, Taphozous longimanus row, duration column",hughes-2011-thailand-time-expansion,unspecified,,,,hand_release,,Thailand,primarily southern Thai peninsula; range of Thailand localities,,,11,duration,mean,4.95,,,ms,sd,0.33,4.95 ± 0.33,definition_unstated,Table 1 mean and SD. The paper explicitly defines pi as start-to-start pulse interval; it warns that start/end values depend on the background-noise boundary. The reported free flight follows hand release in relatively cluttered surroundings.
hughes2011-table1-18,1004824,Taphozous longimanus,exact,hughes-2011-thailand,"Table 1, Taphozous longimanus row, end frequency column",hughes-2011-thailand-time-expansion,unspecified,,,,hand_release,,Thailand,primarily southern Thai peninsula; range of Thailand localities,,,11,end_frequency,mean,8.36,,,kHz,sd,2.06,8.36 ± 2.06,definition_unstated,Table 1 mean and SD. The paper explicitly defines pi as start-to-start pulse interval; it warns that start/end values depend on the background-noise boundary. The reported free flight follows hand release in relatively cluttered surroundings.
hughes2011-table1-18,1004824,Taphozous longimanus,exact,hughes-2011-thailand,"Table 1, Taphozous longimanus row, inter-pulse interval column",hughes-2011-thailand-time-expansion,unspecified,,,,hand_release,,Thailand,primarily southern Thai peninsula; range of Thailand localities,,,11,inter_pulse_interval,mean,30.45,,,ms,sd,1.19,30.45 ± 1.19,definition_unstated,Table 1 mean and SD. The paper explicitly defines pi as start-to-start pulse interval; it warns that start/end values depend on the background-noise boundary. The reported free flight follows hand release in relatively cluttered surroundings.
hughes2011-table1-18,1004824,Taphozous longimanus,exact,hughes-2011-thailand,"Table 1, Taphozous longimanus row, max frequency column",hughes-2011-thailand-time-expansion,unspecified,,,,hand_release,,Thailand,primarily southern Thai peninsula; range of Thailand localities,,,11,max_frequency,mean,96.91,,,kHz,sd,6.99,96.91 ± 6.99,definition_unstated,Table 1 mean and SD. The paper explicitly defines pi as start-to-start pulse interval; it warns that start/end values depend on the background-noise boundary. The reported free flight follows hand release in relatively cluttered surroundings.
hughes2011-table1-18,1004824,Taphozous longimanus,exact,hughes-2011-thailand,"Table 1, Taphozous longimanus row, min frequency column",hughes-2011-thailand-time-expansion,unspecified,,,,hand_release,,Thailand,primarily southern Thai peninsula; range of Thailand localities,,,11,min_frequency,mean,8.73,,,kHz,sd,2.33,8.73 ± 2.33,definition_unstated,Table 1 mean and SD. The paper explicitly defines pi as start-to-start pulse interval; it warns that start/end values depend on the background-noise boundary. The reported free flight follows hand release in relatively cluttered surroundings.
hughes2011-table1-18,1004824,Taphozous longimanus,exact,hughes-2011-thailand,"Table 1, Taphozous longimanus row, FmaxE column",hughes-2011-thailand-time-expansion,unspecified,,,,hand_release,,Thailand,primarily southern Thai peninsula; range of Thailand localities,,,11,peak_frequency,mean,30.83,,,kHz,sd,1.58,30.83 ± 1.58,definition_unstated,Table 1 mean and SD. The paper explicitly defines pi as start-to-start pulse interval; it warns that start/end values depend on the background-noise boundary. The reported free flight follows hand release in relatively cluttered surroundings.
hughes2011-table1-18,1004824,Taphozous longimanus,exact,hughes-2011-thailand,"Table 1, Taphozous longimanus row, start frequency column",hughes-2011-thailand-time-expansion,unspecified,,,,hand_release,,Thailand,primarily southern Thai peninsula; range of Thailand localities,,,11,start_frequency,mean,32.27,,,kHz,sd,0.9,32.27 ± 0.9,definition_unstated,Table 1 mean and SD. The paper explicitly defines pi as start-to-start pulse interval; it warns that start/end values depend on the background-noise boundary. The reported free flight follows hand release in relatively cluttered surroundings.
hughes2011-table1-19,1004826,Taphozous melanopogon,exact,hughes-2011-thailand,"Table 1, Taphozous melanopogon row, bandwidth column",hughes-2011-thailand-time-expansion,unspecified,,,,hand_release,,Thailand,primarily southern Thai peninsula; range of Thailand localities,,,33,bandwidth,mean,55.78,,,kHz,sd,20.32,55.78 ± 20.32,definition_unstated,Table 1 mean and SD. The paper explicitly defines pi as start-to-start pulse interval; it warns that start/end values depend on the background-noise boundary. The reported free flight follows hand release in relatively cluttered surroundings.
hughes2011-table1-19,1004826,Taphozous melanopogon,exact,hughes-2011-thailand,"Table 1, Taphozous melanopogon row, duration column",hughes-2011-thailand-time-expansion,unspecified,,,,hand_release,,Thailand,primarily southern Thai peninsula; range of Thailand localities,,,33,duration,mean,6.02,,,ms,sd,3.4,6.02 ± 3.4,definition_unstated,Table 1 mean and SD. The paper explicitly defines pi as start-to-start pulse interval; it warns that start/end values depend on the background-noise boundary. The reported free flight follows hand release in relatively cluttered surroundings.
hughes2011-table1-19,1004826,Taphozous melanopogon,exact,hughes-2011-thailand,"Table 1, Taphozous melanopogon row, end frequency column",hughes-2011-thailand-time-expansion,unspecified,,,,hand_release,,Thailand,primarily southern Thai peninsula; range of Thailand localities,,,33,end_frequency,mean,22.58,,,kHz,sd,5.58,22.58 ± 5.58,definition_unstated,Table 1 mean and SD. The paper explicitly defines pi as start-to-start pulse interval; it warns that start/end values depend on the background-noise boundary. The reported free flight follows hand release in relatively cluttered surroundings.
hughes2011-table1-19,1004826,Taphozous melanopogon,exact,hughes-2011-thailand,"Table 1, Taphozous melanopogon row, inter-pulse interval column",hughes-2011-thailand-time-expansion,unspecified,,,,hand_release,,Thailand,primarily southern Thai peninsula; range of Thailand localities,,,33,inter_pulse_interval,mean,89.78,,,ms,sd,16.18,89.78 ± 16.18,definition_unstated,Table 1 mean and SD. The paper explicitly defines pi as start-to-start pulse interval; it warns that start/end values depend on the background-noise boundary. The reported free flight follows hand release in relatively cluttered surroundings.
hughes2011-table1-19,1004826,Taphozous melanopogon,exact,hughes-2011-thailand,"Table 1, Taphozous melanopogon row, max frequency column",hughes-2011-thailand-time-expansion,unspecified,,,,hand_release,,Thailand,primarily southern Thai peninsula; range of Thailand localities,,,33,max_frequency,mean,76.15,,,kHz,sd,20.18,76.15 ± 20.18,definition_unstated,Table 1 mean and SD. The paper explicitly defines pi as start-to-start pulse interval; it warns that start/end values depend on the background-noise boundary. The reported free flight follows hand release in relatively cluttered surroundings.
hughes2011-table1-19,1004826,Taphozous melanopogon,exact,hughes-2011-thailand,"Table 1, Taphozous melanopogon row, min frequency column",hughes-2011-thailand-time-expansion,unspecified,,,,hand_release,,Thailand,primarily southern Thai peninsula; range of Thailand localities,,,33,min_frequency,mean,20.37,,,kHz,sd,6.2,20.37 ± 6.2,definition_unstated,Table 1 mean and SD. The paper explicitly defines pi as start-to-start pulse interval; it warns that start/end values depend on the background-noise boundary. The reported free flight follows hand release in relatively cluttered surroundings.
hughes2011-table1-19,1004826,Taphozous melanopogon,exact,hughes-2011-thailand,"Table 1, Taphozous melanopogon row, FmaxE column",hughes-2011-thailand-time-expansion,unspecified,,,,hand_release,,Thailand,primarily southern Thai peninsula; range of Thailand localities,,,33,peak_frequency,mean,29.71,,,kHz,sd,2.67,29.71 ± 2.67,definition_unstated,Table 1 mean and SD. The paper explicitly defines pi as start-to-start pulse interval; it warns that start/end values depend on the background-noise boundary. The reported free flight follows hand release in relatively cluttered surroundings.
hughes2011-table1-19,1004826,Taphozous melanopogon,exact,hughes-2011-thailand,"Table 1, Taphozous melanopogon row, start frequency column",hughes-2011-thailand-time-expansion,unspecified,,,,hand_release,,Thailand,primarily southern Thai peninsula; range of Thailand localities,,,33,start_frequency,mean,36.6,,,kHz,sd,10.44,36.6 ± 10.44,definition_unstated,Table 1 mean and SD. The paper explicitly defines pi as start-to-start pulse interval; it warns that start/end values depend on the background-noise boundary. The reported free flight follows hand release in relatively cluttered surroundings.
hughes2011-table1-2,1005357,Eudiscopus denticulus,exact,hughes-2011-thailand,"Table 1, Eudiscopus denticulus row, bandwidth column",hughes-2011-thailand-time-expansion,unspecified,,,,hand_release,,Thailand,primarily southern Thai peninsula; range of Thailand localities,,,2,bandwidth,mean,89.5,,,kHz,sd,17.68,89.5 ± 17.68,definition_unstated,Table 1 mean and SD. The paper explicitly defines pi as start-to-start pulse interval; it warns that start/end values depend on the background-noise boundary. The reported free flight follows hand release in relatively cluttered surroundings.
hughes2011-table1-2,1005357,Eudiscopus denticulus,exact,hughes-2011-thailand,"Table 1, Eudiscopus denticulus row, duration column",hughes-2011-thailand-time-expansion,unspecified,,,,hand_release,,Thailand,primarily southern Thai peninsula; range of Thailand localities,,,2,duration,mean,6.54,,,ms,sd,0.23,6.54 ± 0.23,definition_unstated,Table 1 mean and SD. The paper explicitly defines pi as start-to-start pulse interval; it warns that start/end values depend on the background-noise boundary. The reported free flight follows hand release in relatively cluttered surroundings.
hughes2011-table1-2,1005357,Eudiscopus denticulus,exact,hughes-2011-thailand,"Table 1, Eudiscopus denticulus row, end frequency column",hughes-2011-thailand-time-expansion,unspecified,,,,hand_release,,Thailand,primarily southern Thai peninsula; range of Thailand localities,,,2,end_frequency,mean,51.5,,,kHz,sd,3.55,51.5 ± 3.55,definition_unstated,Table 1 mean and SD. The paper explicitly defines pi as start-to-start pulse interval; it warns that start/end values depend on the background-noise boundary. The reported free flight follows hand release in relatively cluttered surroundings.
hughes2011-table1-2,1005357,Eudiscopus denticulus,exact,hughes-2011-thailand,"Table 1, Eudiscopus denticulus row, inter-pulse interval column",hughes-2011-thailand-time-expansion,unspecified,,,,hand_release,,Thailand,primarily southern Thai peninsula; range of Thailand localities,,,2,inter_pulse_interval,mean,78.5,,,ms,sd,5.52,78.5 ± 5.52,definition_unstated,Table 1 mean and SD. The paper explicitly defines pi as start-to-start pulse interval; it warns that start/end values depend on the background-noise boundary. The reported free flight follows hand release in relatively cluttered surroundings.
hughes2011-table1-2,1005357,Eudiscopus denticulus,exact,hughes-2011-thailand,"Table 1, Eudiscopus denticulus row, max frequency column",hughes-2011-thailand-time-expansion,unspecified,,,,hand_release,,Thailand,primarily southern Thai peninsula; range of Thailand localities,,,2,max_frequency,mean,135.5,,,kHz,sd,16.26,135.5 ± 16.26,definition_unstated,Table 1 mean and SD. The paper explicitly defines pi as start-to-start pulse interval; it warns that start/end values depend on the background-noise boundary. The reported free flight follows hand release in relatively cluttered surroundings.
hughes2011-table1-2,1005357,Eudiscopus denticulus,exact,hughes-2011-thailand,"Table 1, Eudiscopus denticulus row, min frequency column",hughes-2011-thailand-time-expansion,unspecified,,,,hand_release,,Thailand,primarily southern Thai peninsula; range of Thailand localities,,,2,min_frequency,mean,46,,,kHz,sd,1.41,46 ± 1.41,definition_unstated,Table 1 mean and SD. The paper explicitly defines pi as start-to-start pulse interval; it warns that start/end values depend on the background-noise boundary. The reported free flight follows hand release in relatively cluttered surroundings.
hughes2011-table1-2,1005357,Eudiscopus denticulus,exact,hughes-2011-thailand,"Table 1, Eudiscopus denticulus row, FmaxE column",hughes-2011-thailand-time-expansion,unspecified,,,,hand_release,,Thailand,primarily southern Thai peninsula; range of Thailand localities,,,2,peak_frequency,mean,53.45,,,kHz,sd,0.49,53.45 ± 0.49,definition_unstated,Table 1 mean and SD. The paper explicitly defines pi as start-to-start pulse interval; it warns that start/end values depend on the background-noise boundary. The reported free flight follows hand release in relatively cluttered surroundings.
hughes2011-table1-2,1005357,Eudiscopus denticulus,exact,hughes-2011-thailand,"Table 1, Eudiscopus denticulus row, start frequency column",hughes-2011-thailand-time-expansion,unspecified,,,,hand_release,,Thailand,primarily southern Thai peninsula; range of Thailand localities,,,2,start_frequency,mean,101,,,kHz,sd,1.14,101 ± 1.14,definition_unstated,Table 1 mean and SD. The paper explicitly defines pi as start-to-start pulse interval; it warns that start/end values depend on the background-noise boundary. The reported free flight follows hand release in relatively cluttered surroundings.
hughes2011-table1-20,1004650,Megaderma spasma,exact,hughes-2011-thailand,"Table 1, Megaderma spasma row, bandwidth column",hughes-2011-thailand-time-expansion,unspecified,,,,hand_release,,Thailand,primarily southern Thai peninsula; range of Thailand localities,,,44,bandwidth,mean,79.13,,,kHz,sd,16.08,79.13 ± 16.08,definition_unstated,Table 1 mean and SD. The paper explicitly defines pi as start-to-start pulse interval; it warns that start/end values depend on the background-noise boundary. The reported free flight follows hand release in relatively cluttered surroundings.
hughes2011-table1-20,1004650,Megaderma spasma,exact,hughes-2011-thailand,"Table 1, Megaderma spasma row, duration column",hughes-2011-thailand-time-expansion,unspecified,,,,hand_release,,Thailand,primarily southern Thai peninsula; range of Thailand localities,,,44,duration,mean,2.69,,,ms,sd,1.39,2.69 ± 1.39,definition_unstated,Table 1 mean and SD. The paper explicitly defines pi as start-to-start pulse interval; it warns that start/end values depend on the background-noise boundary. The reported free flight follows hand release in relatively cluttered surroundings.
hughes2011-table1-20,1004650,Megaderma spasma,exact,hughes-2011-thailand,"Table 1, Megaderma spasma row, end frequency column",hughes-2011-thailand-time-expansion,unspecified,,,,hand_release,,Thailand,primarily southern Thai peninsula; range of Thailand localities,,,44,end_frequency,mean,30.65,,,kHz,sd,15.03,30.65 ± 15.03,definition_unstated,Table 1 mean and SD. The paper explicitly defines pi as start-to-start pulse interval; it warns that start/end values depend on the background-noise boundary. The reported free flight follows hand release in relatively cluttered surroundings.
hughes2011-table1-20,1004650,Megaderma spasma,exact,hughes-2011-thailand,"Table 1, Megaderma spasma row, inter-pulse interval column",hughes-2011-thailand-time-expansion,unspecified,,,,hand_release,,Thailand,primarily southern Thai peninsula; range of Thailand localities,,,44,inter_pulse_interval,mean,30.53,,,ms,sd,13.69,30.53 ± 13.69,definition_unstated,Table 1 mean and SD. The paper explicitly defines pi as start-to-start pulse interval; it warns that start/end values depend on the background-noise boundary. The reported free flight follows hand release in relatively cluttered surroundings.
hughes2011-table1-20,1004650,Megaderma spasma,exact,hughes-2011-thailand,"Table 1, Megaderma spasma row, max frequency column",hughes-2011-thailand-time-expansion,unspecified,,,,hand_release,,Thailand,primarily southern Thai peninsula; range of Thailand localities,,,44,max_frequency,mean,108.93,,,kHz,sd,8.24,108.93 ± 8.24,definition_unstated,Table 1 mean and SD. The paper explicitly defines pi as start-to-start pulse interval; it warns that start/end values depend on the background-noise boundary. The reported free flight follows hand release in relatively cluttered surroundings.
hughes2011-table1-20,1004650,Megaderma spasma,exact,hughes-2011-thailand,"Table 1, Megaderma spasma row, min frequency column",hughes-2011-thailand-time-expansion,unspecified,,,,hand_release,,Thailand,primarily southern Thai peninsula; range of Thailand localities,,,44,min_frequency,mean,20.8,,,kHz,sd,12.44,20.8 ± 12.44,definition_unstated,Table 1 mean and SD. The paper explicitly defines pi as start-to-start pulse interval; it warns that start/end values depend on the background-noise boundary. The reported free flight follows hand release in relatively cluttered surroundings.
hughes2011-table1-20,1004650,Megaderma spasma,exact,hughes-2011-thailand,"Table 1, Megaderma spasma row, FmaxE column",hughes-2011-thailand-time-expansion,unspecified,,,,hand_release,,Thailand,primarily southern Thai peninsula; range of Thailand localities,,,44,peak_frequency,mean,72.99,,,kHz,sd,12.52,72.99 ± 12.52,definition_unstated,Table 1 mean and SD. The paper explicitly defines pi as start-to-start pulse interval; it warns that start/end values depend on the background-noise boundary. The reported free flight follows hand release in relatively cluttered surroundings.
hughes2011-table1-20,1004650,Megaderma spasma,exact,hughes-2011-thailand,"Table 1, Megaderma spasma row, start frequency column",hughes-2011-thailand-time-expansion,unspecified,,,,hand_release,,Thailand,primarily southern Thai peninsula; range of Thailand localities,,,44,start_frequency,mean,73.92,,,kHz,sd,17.8,73.92 ± 17.8,definition_unstated,Table 1 mean and SD. The paper explicitly defines pi as start-to-start pulse interval; it warns that start/end values depend on the background-noise boundary. The reported free flight follows hand release in relatively cluttered surroundings.
hughes2011-table1-21,1004648,Megaderma lyra,synonym_via_mdd,hughes-2011-thailand,"Table 1, Megaderma lyra row, bandwidth column",hughes-2011-thailand-time-expansion,unspecified,,,,hand_release,,Thailand,primarily southern Thai peninsula; range of Thailand localities,,,1,bandwidth,mean,71.00,,,kHz,,,71.00,definition_unstated,Table 1 mean and SD. The paper explicitly defines pi as start-to-start pulse interval; it warns that start/end values depend on the background-noise boundary. The reported free flight follows hand release in relatively cluttered surroundings.
hughes2011-table1-21,1004648,Megaderma lyra,synonym_via_mdd,hughes-2011-thailand,"Table 1, Megaderma lyra row, duration column",hughes-2011-thailand-time-expansion,unspecified,,,,hand_release,,Thailand,primarily southern Thai peninsula; range of Thailand localities,,,1,duration,mean,1.8,,,ms,,,1.8,definition_unstated,Table 1 mean and SD. The paper explicitly defines pi as start-to-start pulse interval; it warns that start/end values depend on the background-noise boundary. The reported free flight follows hand release in relatively cluttered surroundings.
hughes2011-table1-21,1004648,Megaderma lyra,synonym_via_mdd,hughes-2011-thailand,"Table 1, Megaderma lyra row, end frequency column",hughes-2011-thailand-time-expansion,unspecified,,,,hand_release,,Thailand,primarily southern Thai peninsula; range of Thailand localities,,,1,end_frequency,mean,35.00,,,kHz,,,35.00,definition_unstated,Table 1 mean and SD. The paper explicitly defines pi as start-to-start pulse interval; it warns that start/end values depend on the background-noise boundary. The reported free flight follows hand release in relatively cluttered surroundings.
hughes2011-table1-21,1004648,Megaderma lyra,synonym_via_mdd,hughes-2011-thailand,"Table 1, Megaderma lyra row, inter-pulse interval column",hughes-2011-thailand-time-expansion,unspecified,,,,hand_release,,Thailand,primarily southern Thai peninsula; range of Thailand localities,,,1,inter_pulse_interval,mean,71.80,,,ms,,,71.80,definition_unstated,Table 1 mean and SD. The paper explicitly defines pi as start-to-start pulse interval; it warns that start/end values depend on the background-noise boundary. The reported free flight follows hand release in relatively cluttered surroundings.
hughes2011-table1-21,1004648,Megaderma lyra,synonym_via_mdd,hughes-2011-thailand,"Table 1, Megaderma lyra row, max frequency column",hughes-2011-thailand-time-expansion,unspecified,,,,hand_release,,Thailand,primarily southern Thai peninsula; range of Thailand localities,,,1,max_frequency,mean,106.00,,,kHz,,,106.00,definition_unstated,Table 1 mean and SD. The paper explicitly defines pi as start-to-start pulse interval; it warns that start/end values depend on the background-noise boundary. The reported free flight follows hand release in relatively cluttered surroundings.
hughes2011-table1-21,1004648,Megaderma lyra,synonym_via_mdd,hughes-2011-thailand,"Table 1, Megaderma lyra row, min frequency column",hughes-2011-thailand-time-expansion,unspecified,,,,hand_release,,Thailand,primarily southern Thai peninsula; range of Thailand localities,,,1,min_frequency,mean,35.00,,,kHz,,,35.00,definition_unstated,Table 1 mean and SD. The paper explicitly defines pi as start-to-start pulse interval; it warns that start/end values depend on the background-noise boundary. The reported free flight follows hand release in relatively cluttered surroundings.
hughes2011-table1-21,1004648,Megaderma lyra,synonym_via_mdd,hughes-2011-thailand,"Table 1, Megaderma lyra row, FmaxE column",hughes-2011-thailand-time-expansion,unspecified,,,,hand_release,,Thailand,primarily southern Thai peninsula; range of Thailand localities,,,1,peak_frequency,mean,62.10,,,kHz,,,62.10,definition_unstated,Table 1 mean and SD. The paper explicitly defines pi as start-to-start pulse interval; it warns that start/end values depend on the background-noise boundary. The reported free flight follows hand release in relatively cluttered surroundings.
hughes2011-table1-21,1004648,Megaderma lyra,synonym_via_mdd,hughes-2011-thailand,"Table 1, Megaderma lyra row, start frequency column",hughes-2011-thailand-time-expansion,unspecified,,,,hand_release,,Thailand,primarily southern Thai peninsula; range of Thailand localities,,,1,start_frequency,mean,66.00,,,kHz,,,66.00,definition_unstated,Table 1 mean and SD. The paper explicitly defines pi as start-to-start pulse interval; it warns that start/end values depend on the background-noise boundary. The reported free flight follows hand release in relatively cluttered surroundings.
hughes2011-table1-22,1004846,Nycteris tragata,exact,hughes-2011-thailand,"Table 1, Nycteris tragata row, bandwidth column",hughes-2011-thailand-time-expansion,unspecified,,,,hand_release,,Thailand,primarily southern Thai peninsula; range of Thailand localities,,,16,bandwidth,mean,51,,,kHz,sd,10.11,51 ± 10.11,definition_unstated,Table 1 mean and SD. The paper explicitly defines pi as start-to-start pulse interval; it warns that start/end values depend on the background-noise boundary. The reported free flight follows hand release in relatively cluttered surroundings.
hughes2011-table1-22,1004846,Nycteris tragata,exact,hughes-2011-thailand,"Table 1, Nycteris tragata row, duration column",hughes-2011-thailand-time-expansion,unspecified,,,,hand_release,,Thailand,primarily southern Thai peninsula; range of Thailand localities,,,16,duration,mean,2.87,,,ms,sd,0.88,2.87 ± 0.88,definition_unstated,Table 1 mean and SD. The paper explicitly defines pi as start-to-start pulse interval; it warns that start/end values depend on the background-noise boundary. The reported free flight follows hand release in relatively cluttered surroundings.
hughes2011-table1-22,1004846,Nycteris tragata,exact,hughes-2011-thailand,"Table 1, Nycteris tragata row, end frequency column",hughes-2011-thailand-time-expansion,unspecified,,,,hand_release,,Thailand,primarily southern Thai peninsula; range of Thailand localities,,,16,end_frequency,mean,71.13,,,kHz,sd,11.99,71.13 ± 11.99,definition_unstated,Table 1 mean and SD. The paper explicitly defines pi as start-to-start pulse interval; it warns that start/end values depend on the background-noise boundary. The reported free flight follows hand release in relatively cluttered surroundings.
hughes2011-table1-22,1004846,Nycteris tragata,exact,hughes-2011-thailand,"Table 1, Nycteris tragata row, inter-pulse interval column",hughes-2011-thailand-time-expansion,unspecified,,,,hand_release,,Thailand,primarily southern Thai peninsula; range of Thailand localities,,,16,inter_pulse_interval,mean,36.66,,,ms,sd,20.41,36.66 ± 20.41,definition_unstated,Table 1 mean and SD. The paper explicitly defines pi as start-to-start pulse interval; it warns that start/end values depend on the background-noise boundary. The reported free flight follows hand release in relatively cluttered surroundings.
hughes2011-table1-22,1004846,Nycteris tragata,exact,hughes-2011-thailand,"Table 1, Nycteris tragata row, max frequency column",hughes-2011-thailand-time-expansion,unspecified,,,,hand_release,,Thailand,primarily southern Thai peninsula; range of Thailand localities,,,16,max_frequency,mean,120.63,,,kHz,sd,5.4,120.63 ± 5.4,definition_unstated,Table 1 mean and SD. The paper explicitly defines pi as start-to-start pulse interval; it warns that start/end values depend on the background-noise boundary. The reported free flight follows hand release in relatively cluttered surroundings.
hughes2011-table1-22,1004846,Nycteris tragata,exact,hughes-2011-thailand,"Table 1, Nycteris tragata row, min frequency column",hughes-2011-thailand-time-expansion,unspecified,,,,hand_release,,Thailand,primarily southern Thai peninsula; range of Thailand localities,,,16,min_frequency,mean,69.63,,,kHz,sd,11.05,69.63 ± 11.05,definition_unstated,Table 1 mean and SD. The paper explicitly defines pi as start-to-start pulse interval; it warns that start/end values depend on the background-noise boundary. The reported free flight follows hand release in relatively cluttered surroundings.
hughes2011-table1-22,1004846,Nycteris tragata,exact,hughes-2011-thailand,"Table 1, Nycteris tragata row, FmaxE column",hughes-2011-thailand-time-expansion,unspecified,,,,hand_release,,Thailand,primarily southern Thai peninsula; range of Thailand localities,,,16,peak_frequency,mean,97.64,,,kHz,sd,10.02,97.64 ± 10.02,definition_unstated,Table 1 mean and SD. The paper explicitly defines pi as start-to-start pulse interval; it warns that start/end values depend on the background-noise boundary. The reported free flight follows hand release in relatively cluttered surroundings.
hughes2011-table1-22,1004846,Nycteris tragata,exact,hughes-2011-thailand,"Table 1, Nycteris tragata row, start frequency column",hughes-2011-thailand-time-expansion,unspecified,,,,hand_release,,Thailand,primarily southern Thai peninsula; range of Thailand localities,,,16,start_frequency,mean,111.88,,,kHz,sd,18.11,111.88 ± 18.11,definition_unstated,Table 1 mean and SD. The paper explicitly defines pi as start-to-start pulse interval; it warns that start/end values depend on the background-noise boundary. The reported free flight follows hand release in relatively cluttered surroundings.
hughes2011-table1-3,1005292,Kerivoula hardwickii,exact,hughes-2011-thailand,"Table 1, Kerivoula hardwickii row, bandwidth column",hughes-2011-thailand-time-expansion,unspecified,,,,hand_release,,Thailand,primarily southern Thai peninsula; range of Thailand localities,,,88,bandwidth,mean,83.47,,,kHz,sd,30.05,83.47 ± 30.05,definition_unstated,Table 1 mean and SD. The paper explicitly defines pi as start-to-start pulse interval; it warns that start/end values depend on the background-noise boundary. The reported free flight follows hand release in relatively cluttered surroundings.
hughes2011-table1-3,1005292,Kerivoula hardwickii,exact,hughes-2011-thailand,"Table 1, Kerivoula hardwickii row, duration column",hughes-2011-thailand-time-expansion,unspecified,,,,hand_release,,Thailand,primarily southern Thai peninsula; range of Thailand localities,,,88,duration,mean,3.15,,,ms,sd,2.67,3.15 ± 2.67,definition_unstated,Table 1 mean and SD. The paper explicitly defines pi as start-to-start pulse interval; it warns that start/end values depend on the background-noise boundary. The reported free flight follows hand release in relatively cluttered surroundings.
hughes2011-table1-3,1005292,Kerivoula hardwickii,exact,hughes-2011-thailand,"Table 1, Kerivoula hardwickii row, end frequency column",hughes-2011-thailand-time-expansion,unspecified,,,,hand_release,,Thailand,primarily southern Thai peninsula; range of Thailand localities,,,88,end_frequency,mean,90.73,,,kHz,sd,8.15,90.73 ± 8.15,definition_unstated,Table 1 mean and SD. The paper explicitly defines pi as start-to-start pulse interval; it warns that start/end values depend on the background-noise boundary. The reported free flight follows hand release in relatively cluttered surroundings.
hughes2011-table1-3,1005292,Kerivoula hardwickii,exact,hughes-2011-thailand,"Table 1, Kerivoula hardwickii row, inter-pulse interval column",hughes-2011-thailand-time-expansion,unspecified,,,,hand_release,,Thailand,primarily southern Thai peninsula; range of Thailand localities,,,88,inter_pulse_interval,mean,15.55,,,ms,sd,4.92,15.55 ± 4.92,definition_unstated,Table 1 mean and SD. The paper explicitly defines pi as start-to-start pulse interval; it warns that start/end values depend on the background-noise boundary. The reported free flight follows hand release in relatively cluttered surroundings.
hughes2011-table1-3,1005292,Kerivoula hardwickii,exact,hughes-2011-thailand,"Table 1, Kerivoula hardwickii row, max frequency column",hughes-2011-thailand-time-expansion,unspecified,,,,hand_release,,Thailand,primarily southern Thai peninsula; range of Thailand localities,,,88,max_frequency,mean,173.39,,,kHz,sd,29.87,173.39 ± 29.87,definition_unstated,Table 1 mean and SD. The paper explicitly defines pi as start-to-start pulse interval; it warns that start/end values depend on the background-noise boundary. The reported free flight follows hand release in relatively cluttered surroundings.
hughes2011-table1-3,1005292,Kerivoula hardwickii,exact,hughes-2011-thailand,"Table 1, Kerivoula hardwickii row, min frequency column",hughes-2011-thailand-time-expansion,unspecified,,,,hand_release,,Thailand,primarily southern Thai peninsula; range of Thailand localities,,,88,min_frequency,mean,89.93,,,kHz,sd,7.03,89.93 ± 7.03,definition_unstated,Table 1 mean and SD. The paper explicitly defines pi as start-to-start pulse interval; it warns that start/end values depend on the background-noise boundary. The reported free flight follows hand release in relatively cluttered surroundings.
hughes2011-table1-3,1005292,Kerivoula hardwickii,exact,hughes-2011-thailand,"Table 1, Kerivoula hardwickii row, FmaxE column",hughes-2011-thailand-time-expansion,unspecified,,,,hand_release,,Thailand,primarily southern Thai peninsula; range of Thailand localities,,,88,peak_frequency,mean,118.25,,,kHz,sd,11.87,118.25 ± 11.87,definition_unstated,Table 1 mean and SD. The paper explicitly defines pi as start-to-start pulse interval; it warns that start/end values depend on the background-noise boundary. The reported free flight follows hand release in relatively cluttered surroundings.
hughes2011-table1-3,1005292,Kerivoula hardwickii,exact,hughes-2011-thailand,"Table 1, Kerivoula hardwickii row, start frequency column",hughes-2011-thailand-time-expansion,unspecified,,,,hand_release,,Thailand,primarily southern Thai peninsula; range of Thailand localities,,,88,start_frequency,mean,169.57,,,kHz,sd,28.80,169.57 ± 28.80,definition_unstated,Table 1 mean and SD. The paper explicitly defines pi as start-to-start pulse interval; it warns that start/end values depend on the background-noise boundary. The reported free flight follows hand release in relatively cluttered surroundings.
hughes2011-table1-4,1005324,Murina cyclotis,exact,hughes-2011-thailand,"Table 1, Murina cyclotis row, bandwidth column",hughes-2011-thailand-time-expansion,unspecified,,,,hand_release,,Thailand,primarily southern Thai peninsula; range of Thailand localities,,,28,bandwidth,mean,69.17,,,kHz,sd,28.15,69.17 ± 28.15,definition_unstated,Table 1 mean and SD. The paper explicitly defines pi as start-to-start pulse interval; it warns that start/end values depend on the background-noise boundary. The reported free flight follows hand release in relatively cluttered surroundings.
hughes2011-table1-4,1005324,Murina cyclotis,exact,hughes-2011-thailand,"Table 1, Murina cyclotis row, duration column",hughes-2011-thailand-time-expansion,unspecified,,,,hand_release,,Thailand,primarily southern Thai peninsula; range of Thailand localities,,,28,duration,mean,1.78,,,ms,sd,1.2,1.78 ± 1.2,definition_unstated,Table 1 mean and SD. The paper explicitly defines pi as start-to-start pulse interval; it warns that start/end values depend on the background-noise boundary. The reported free flight follows hand release in relatively cluttered surroundings.
hughes2011-table1-4,1005324,Murina cyclotis,exact,hughes-2011-thailand,"Table 1, Murina cyclotis row, end frequency column",hughes-2011-thailand-time-expansion,unspecified,,,,hand_release,,Thailand,primarily southern Thai peninsula; range of Thailand localities,,,28,end_frequency,mean,57.35,,,kHz,sd,25.87,57.35 ± 25.87,definition_unstated,Table 1 mean and SD. The paper explicitly defines pi as start-to-start pulse interval; it warns that start/end values depend on the background-noise boundary. The reported free flight follows hand release in relatively cluttered surroundings.
hughes2011-table1-4,1005324,Murina cyclotis,exact,hughes-2011-thailand,"Table 1, Murina cyclotis row, inter-pulse interval column",hughes-2011-thailand-time-expansion,unspecified,,,,hand_release,,Thailand,primarily southern Thai peninsula; range of Thailand localities,,,28,inter_pulse_interval,mean,44.28,,,ms,sd,21.92,44.28 ± 21.92,definition_unstated,Table 1 mean and SD. The paper explicitly defines pi as start-to-start pulse interval; it warns that start/end values depend on the background-noise boundary. The reported free flight follows hand release in relatively cluttered surroundings.
hughes2011-table1-4,1005324,Murina cyclotis,exact,hughes-2011-thailand,"Table 1, Murina cyclotis row, max frequency column",hughes-2011-thailand-time-expansion,unspecified,,,,hand_release,,Thailand,primarily southern Thai peninsula; range of Thailand localities,,,28,max_frequency,mean,122.59,,,kHz,sd,44.88,122.59 ± 44.88,definition_unstated,Table 1 mean and SD. The paper explicitly defines pi as start-to-start pulse interval; it warns that start/end values depend on the background-noise boundary. The reported free flight follows hand release in relatively cluttered surroundings.
hughes2011-table1-4,1005324,Murina cyclotis,exact,hughes-2011-thailand,"Table 1, Murina cyclotis row, min frequency column",hughes-2011-thailand-time-expansion,unspecified,,,,hand_release,,Thailand,primarily southern Thai peninsula; range of Thailand localities,,,28,min_frequency,mean,53.42,,,kHz,sd,23.54,53.42 ± 23.54,definition_unstated,Table 1 mean and SD. The paper explicitly defines pi as start-to-start pulse interval; it warns that start/end values depend on the background-noise boundary. The reported free flight follows hand release in relatively cluttered surroundings.
hughes2011-table1-4,1005324,Murina cyclotis,exact,hughes-2011-thailand,"Table 1, Murina cyclotis row, FmaxE column",hughes-2011-thailand-time-expansion,unspecified,,,,hand_release,,Thailand,primarily southern Thai peninsula; range of Thailand localities,,,28,peak_frequency,mean,93.81,,,kHz,sd,7.63,93.81 ± 7.63,definition_unstated,Table 1 mean and SD. The paper explicitly defines pi as start-to-start pulse interval; it warns that start/end values depend on the background-noise boundary. The reported free flight follows hand release in relatively cluttered surroundings.
hughes2011-table1-4,1005324,Murina cyclotis,exact,hughes-2011-thailand,"Table 1, Murina cyclotis row, start frequency column",hughes-2011-thailand-time-expansion,unspecified,,,,hand_release,,Thailand,primarily southern Thai peninsula; range of Thailand localities,,,28,start_frequency,mean,121.38,,,kHz,sd,44.58,121.38 ± 44.58,definition_unstated,Table 1 mean and SD. The paper explicitly defines pi as start-to-start pulse interval; it warns that start/end values depend on the background-noise boundary. The reported free flight follows hand release in relatively cluttered surroundings.
hughes2011-table1-5,1005352,Murina suilla,exact,hughes-2011-thailand,"Table 1, Murina suilla row, bandwidth column",hughes-2011-thailand-time-expansion,unspecified,,,,hand_release,,Thailand,primarily southern Thai peninsula; range of Thailand localities,,,34,bandwidth,mean,72.61,,,kHz,sd,11.22,72.61 ± 11.22,definition_unstated,Table 1 mean and SD. The paper explicitly defines pi as start-to-start pulse interval; it warns that start/end values depend on the background-noise boundary. The reported free flight follows hand release in relatively cluttered surroundings.
hughes2011-table1-5,1005352,Murina suilla,exact,hughes-2011-thailand,"Table 1, Murina suilla row, duration column",hughes-2011-thailand-time-expansion,unspecified,,,,hand_release,,Thailand,primarily southern Thai peninsula; range of Thailand localities,,,34,duration,mean,2.91,,,ms,sd,1.90,2.91 ± 1.90,definition_unstated,Table 1 mean and SD. The paper explicitly defines pi as start-to-start pulse interval; it warns that start/end values depend on the background-noise boundary. The reported free flight follows hand release in relatively cluttered surroundings.
hughes2011-table1-5,1005352,Murina suilla,exact,hughes-2011-thailand,"Table 1, Murina suilla row, end frequency column",hughes-2011-thailand-time-expansion,unspecified,,,,hand_release,,Thailand,primarily southern Thai peninsula; range of Thailand localities,,,34,end_frequency,mean,82.42,,,kHz,sd,17.99,82.42 ± 17.99,definition_unstated,Table 1 mean and SD. The paper explicitly defines pi as start-to-start pulse interval; it warns that start/end values depend on the background-noise boundary. The reported free flight follows hand release in relatively cluttered surroundings.
hughes2011-table1-5,1005352,Murina suilla,exact,hughes-2011-thailand,"Table 1, Murina suilla row, inter-pulse interval column",hughes-2011-thailand-time-expansion,unspecified,,,,hand_release,,Thailand,primarily southern Thai peninsula; range of Thailand localities,,,34,inter_pulse_interval,mean,49.78,,,ms,sd,16.75,49.78 ± 16.75,definition_unstated,Table 1 mean and SD. The paper explicitly defines pi as start-to-start pulse interval; it warns that start/end values depend on the background-noise boundary. The reported free flight follows hand release in relatively cluttered surroundings.
hughes2011-table1-5,1005352,Murina suilla,exact,hughes-2011-thailand,"Table 1, Murina suilla row, max frequency column",hughes-2011-thailand-time-expansion,unspecified,,,,hand_release,,Thailand,primarily southern Thai peninsula; range of Thailand localities,,,34,max_frequency,mean,146.56,,,kHz,sd,13.56,146.56 ± 13.56,definition_unstated,Table 1 mean and SD. The paper explicitly defines pi as start-to-start pulse interval; it warns that start/end values depend on the background-noise boundary. The reported free flight follows hand release in relatively cluttered surroundings.
hughes2011-table1-5,1005352,Murina suilla,exact,hughes-2011-thailand,"Table 1, Murina suilla row, min frequency column",hughes-2011-thailand-time-expansion,unspecified,,,,hand_release,,Thailand,primarily southern Thai peninsula; range of Thailand localities,,,34,min_frequency,mean,73.95,,,kHz,sd,11.36,73.95 ± 11.36,definition_unstated,Table 1 mean and SD. The paper explicitly defines pi as start-to-start pulse interval; it warns that start/end values depend on the background-noise boundary. The reported free flight follows hand release in relatively cluttered surroundings.
hughes2011-table1-5,1005352,Murina suilla,exact,hughes-2011-thailand,"Table 1, Murina suilla row, FmaxE column",hughes-2011-thailand-time-expansion,unspecified,,,,hand_release,,Thailand,primarily southern Thai peninsula; range of Thailand localities,,,34,peak_frequency,mean,101.93,,,kHz,sd,10.95,101.93 ± 10.95,definition_unstated,Table 1 mean and SD. The paper explicitly defines pi as start-to-start pulse interval; it warns that start/end values depend on the background-noise boundary. The reported free flight follows hand release in relatively cluttered surroundings.
hughes2011-table1-5,1005352,Murina suilla,exact,hughes-2011-thailand,"Table 1, Murina suilla row, start frequency column",hughes-2011-thailand-time-expansion,unspecified,,,,hand_release,,Thailand,primarily southern Thai peninsula; range of Thailand localities,,,34,start_frequency,mean,142.62,,,kHz,sd,23.99,142.62 ± 23.99,definition_unstated,Table 1 mean and SD. The paper explicitly defines pi as start-to-start pulse interval; it warns that start/end values depend on the background-noise boundary. The reported free flight follows hand release in relatively cluttered surroundings.
hughes2011-table1-6,1005354,Murina turbinares,manual,hughes-2011-thailand,"Table 1, Murina turbinares row, bandwidth column",hughes-2011-thailand-time-expansion,unspecified,,,,hand_release,,Thailand,primarily southern Thai peninsula; range of Thailand localities,,,2,bandwidth,mean,62.5,,,kHz,sd,20.51,62.5 ± 20.51,definition_unstated,Table 1 mean and SD. The paper explicitly defines pi as start-to-start pulse interval; it warns that start/end values depend on the background-noise boundary. The reported free flight follows hand release in relatively cluttered surroundings.
hughes2011-table1-6,1005354,Murina turbinares,manual,hughes-2011-thailand,"Table 1, Murina turbinares row, duration column",hughes-2011-thailand-time-expansion,unspecified,,,,hand_release,,Thailand,primarily southern Thai peninsula; range of Thailand localities,,,2,duration,mean,2.88,,,ms,sd,0.11,2.88 ± 0.11,definition_unstated,Table 1 mean and SD. The paper explicitly defines pi as start-to-start pulse interval; it warns that start/end values depend on the background-noise boundary. The reported free flight follows hand release in relatively cluttered surroundings.
hughes2011-table1-6,1005354,Murina turbinares,manual,hughes-2011-thailand,"Table 1, Murina turbinares row, end frequency column",hughes-2011-thailand-time-expansion,unspecified,,,,hand_release,,Thailand,primarily southern Thai peninsula; range of Thailand localities,,,2,end_frequency,mean,55.5,,,kHz,sd,0.71,55.5 ± 0.71,definition_unstated,Table 1 mean and SD. The paper explicitly defines pi as start-to-start pulse interval; it warns that start/end values depend on the background-noise boundary. The reported free flight follows hand release in relatively cluttered surroundings.
hughes2011-table1-6,1005354,Murina turbinares,manual,hughes-2011-thailand,"Table 1, Murina turbinares row, inter-pulse interval column",hughes-2011-thailand-time-expansion,unspecified,,,,hand_release,,Thailand,primarily southern Thai peninsula; range of Thailand localities,,,2,inter_pulse_interval,mean,25.13,,,ms,sd,0,25.13 ± 0,definition_unstated,Table 1 mean and SD. The paper explicitly defines pi as start-to-start pulse interval; it warns that start/end values depend on the background-noise boundary. The reported free flight follows hand release in relatively cluttered surroundings.
hughes2011-table1-6,1005354,Murina turbinares,manual,hughes-2011-thailand,"Table 1, Murina turbinares row, max frequency column",hughes-2011-thailand-time-expansion,unspecified,,,,hand_release,,Thailand,primarily southern Thai peninsula; range of Thailand localities,,,2,max_frequency,mean,132.00,,,kHz,sd,0,132.00 ± 0,definition_unstated,Table 1 mean and SD. The paper explicitly defines pi as start-to-start pulse interval; it warns that start/end values depend on the background-noise boundary. The reported free flight follows hand release in relatively cluttered surroundings.
hughes2011-table1-6,1005354,Murina turbinares,manual,hughes-2011-thailand,"Table 1, Murina turbinares row, min frequency column",hughes-2011-thailand-time-expansion,unspecified,,,,hand_release,,Thailand,primarily southern Thai peninsula; range of Thailand localities,,,2,min_frequency,mean,69.50,,,kHz,sd,20.51,69.50 ± 20.51,definition_unstated,Table 1 mean and SD. The paper explicitly defines pi as start-to-start pulse interval; it warns that start/end values depend on the background-noise boundary. The reported free flight follows hand release in relatively cluttered surroundings.
hughes2011-table1-6,1005354,Murina turbinares,manual,hughes-2011-thailand,"Table 1, Murina turbinares row, FmaxE column",hughes-2011-thailand-time-expansion,unspecified,,,,hand_release,,Thailand,primarily southern Thai peninsula; range of Thailand localities,,,2,peak_frequency,mean,88.7,,,kHz,sd,0.28,88.7 ± 0.28,definition_unstated,Table 1 mean and SD. The paper explicitly defines pi as start-to-start pulse interval; it warns that start/end values depend on the background-noise boundary. The reported free flight follows hand release in relatively cluttered surroundings.
hughes2011-table1-6,1005354,Murina turbinares,manual,hughes-2011-thailand,"Table 1, Murina turbinares row, start frequency column",hughes-2011-thailand-time-expansion,unspecified,,,,hand_release,,Thailand,primarily southern Thai peninsula; range of Thailand localities,,,2,start_frequency,mean,132,,,kHz,sd,0,132 ± 0,definition_unstated,Table 1 mean and SD. The paper explicitly defines pi as start-to-start pulse interval; it warns that start/end values depend on the background-noise boundary. The reported free flight follows hand release in relatively cluttered surroundings.
hughes2011-table1-7,1005442,Myotis muricola,exact,hughes-2011-thailand,"Table 1, Myotis muricola row, bandwidth column",hughes-2011-thailand-time-expansion,unspecified,,,,hand_release,,Thailand,primarily southern Thai peninsula; range of Thailand localities,,,49,bandwidth,mean,81.80,,,kHz,sd,16.10,81.80 ± 16.10,definition_unstated,Table 1 mean and SD. The paper explicitly defines pi as start-to-start pulse interval; it warns that start/end values depend on the background-noise boundary. The reported free flight follows hand release in relatively cluttered surroundings.
hughes2011-table1-7,1005442,Myotis muricola,exact,hughes-2011-thailand,"Table 1, Myotis muricola row, duration column",hughes-2011-thailand-time-expansion,unspecified,,,,hand_release,,Thailand,primarily southern Thai peninsula; range of Thailand localities,,,49,duration,mean,5.21,,,ms,sd,2.5,5.21 ± 2.5,definition_unstated,Table 1 mean and SD. The paper explicitly defines pi as start-to-start pulse interval; it warns that start/end values depend on the background-noise boundary. The reported free flight follows hand release in relatively cluttered surroundings.
hughes2011-table1-7,1005442,Myotis muricola,exact,hughes-2011-thailand,"Table 1, Myotis muricola row, end frequency column",hughes-2011-thailand-time-expansion,unspecified,,,,hand_release,,Thailand,primarily southern Thai peninsula; range of Thailand localities,,,49,end_frequency,mean,55.58,,,kHz,sd,10.13,55.58 ± 10.13,definition_unstated,Table 1 mean and SD. The paper explicitly defines pi as start-to-start pulse interval; it warns that start/end values depend on the background-noise boundary. The reported free flight follows hand release in relatively cluttered surroundings.
hughes2011-table1-7,1005442,Myotis muricola,exact,hughes-2011-thailand,"Table 1, Myotis muricola row, inter-pulse interval column",hughes-2011-thailand-time-expansion,unspecified,,,,hand_release,,Thailand,primarily southern Thai peninsula; range of Thailand localities,,,49,inter_pulse_interval,mean,59.44,,,ms,sd,14.73,59.44 ± 14.73,definition_unstated,Table 1 mean and SD. The paper explicitly defines pi as start-to-start pulse interval; it warns that start/end values depend on the background-noise boundary. The reported free flight follows hand release in relatively cluttered surroundings.
hughes2011-table1-7,1005442,Myotis muricola,exact,hughes-2011-thailand,"Table 1, Myotis muricola row, max frequency column",hughes-2011-thailand-time-expansion,unspecified,,,,hand_release,,Thailand,primarily southern Thai peninsula; range of Thailand localities,,,49,max_frequency,mean,137.14,,,kHz,sd,12.79,137.14 ± 12.79,definition_unstated,Table 1 mean and SD. The paper explicitly defines pi as start-to-start pulse interval; it warns that start/end values depend on the background-noise boundary. The reported free flight follows hand release in relatively cluttered surroundings.
hughes2011-table1-7,1005442,Myotis muricola,exact,hughes-2011-thailand,"Table 1, Myotis muricola row, min frequency column",hughes-2011-thailand-time-expansion,unspecified,,,,hand_release,,Thailand,primarily southern Thai peninsula; range of Thailand localities,,,49,min_frequency,mean,55.33,,,kHz,sd,6.81,55.33 ± 6.81,definition_unstated,Table 1 mean and SD. The paper explicitly defines pi as start-to-start pulse interval; it warns that start/end values depend on the background-noise boundary. The reported free flight follows hand release in relatively cluttered surroundings.
hughes2011-table1-7,1005442,Myotis muricola,exact,hughes-2011-thailand,"Table 1, Myotis muricola row, FmaxE column",hughes-2011-thailand-time-expansion,unspecified,,,,hand_release,,Thailand,primarily southern Thai peninsula; range of Thailand localities,,,49,peak_frequency,mean,82.27,,,kHz,sd,16.63,82.27 ± 16.63,definition_unstated,Table 1 mean and SD. The paper explicitly defines pi as start-to-start pulse interval; it warns that start/end values depend on the background-noise boundary. The reported free flight follows hand release in relatively cluttered surroundings.
hughes2011-table1-7,1005442,Myotis muricola,exact,hughes-2011-thailand,"Table 1, Myotis muricola row, start frequency column",hughes-2011-thailand-time-expansion,unspecified,,,,hand_release,,Thailand,primarily southern Thai peninsula; range of Thailand localities,,,49,start_frequency,mean,117.98,,,kHz,sd,17.10,117.98 ± 17.10,definition_unstated,Table 1 mean and SD. The paper explicitly defines pi as start-to-start pulse interval; it warns that start/end values depend on the background-noise boundary. The reported free flight follows hand release in relatively cluttered surroundings.
hughes2011-table1-8,1005417,Myotis horsfieldii,exact,hughes-2011-thailand,"Table 1, Myotis horsfieldii row, bandwidth column",hughes-2011-thailand-time-expansion,unspecified,,,,hand_release,,Thailand,primarily southern Thai peninsula; range of Thailand localities,,,8,bandwidth,mean,95.88,,,kHz,sd,6.34,95.88 ± 6.34,definition_unstated,Table 1 mean and SD. The paper explicitly defines pi as start-to-start pulse interval; it warns that start/end values depend on the background-noise boundary. The reported free flight follows hand release in relatively cluttered surroundings.
hughes2011-table1-8,1005417,Myotis horsfieldii,exact,hughes-2011-thailand,"Table 1, Myotis horsfieldii row, duration column",hughes-2011-thailand-time-expansion,unspecified,,,,hand_release,,Thailand,primarily southern Thai peninsula; range of Thailand localities,,,8,duration,mean,3.17,,,ms,sd,2.60,3.17 ± 2.60,definition_unstated,Table 1 mean and SD. The paper explicitly defines pi as start-to-start pulse interval; it warns that start/end values depend on the background-noise boundary. The reported free flight follows hand release in relatively cluttered surroundings.
hughes2011-table1-8,1005417,Myotis horsfieldii,exact,hughes-2011-thailand,"Table 1, Myotis horsfieldii row, end frequency column",hughes-2011-thailand-time-expansion,unspecified,,,,hand_release,,Thailand,primarily southern Thai peninsula; range of Thailand localities,,,8,end_frequency,mean,39.63,,,kHz,sd,5.93,39.63 ± 5.93,definition_unstated,Table 1 mean and SD. The paper explicitly defines pi as start-to-start pulse interval; it warns that start/end values depend on the background-noise boundary. The reported free flight follows hand release in relatively cluttered surroundings.
hughes2011-table1-8,1005417,Myotis horsfieldii,exact,hughes-2011-thailand,"Table 1, Myotis horsfieldii row, inter-pulse interval column",hughes-2011-thailand-time-expansion,unspecified,,,,hand_release,,Thailand,primarily southern Thai peninsula; range of Thailand localities,,,8,inter_pulse_interval,mean,30.44,,,ms,sd,24.1,30.44 ± 24.1,definition_unstated,Table 1 mean and SD. The paper explicitly defines pi as start-to-start pulse interval; it warns that start/end values depend on the background-noise boundary. The reported free flight follows hand release in relatively cluttered surroundings.
hughes2011-table1-8,1005417,Myotis horsfieldii,exact,hughes-2011-thailand,"Table 1, Myotis horsfieldii row, max frequency column",hughes-2011-thailand-time-expansion,unspecified,,,,hand_release,,Thailand,primarily southern Thai peninsula; range of Thailand localities,,,8,max_frequency,mean,134.25,,,kHz,sd,9.60,134.25 ± 9.60,definition_unstated,Table 1 mean and SD. The paper explicitly defines pi as start-to-start pulse interval; it warns that start/end values depend on the background-noise boundary. The reported free flight follows hand release in relatively cluttered surroundings.
hughes2011-table1-8,1005417,Myotis horsfieldii,exact,hughes-2011-thailand,"Table 1, Myotis horsfieldii row, min frequency column",hughes-2011-thailand-time-expansion,unspecified,,,,hand_release,,Thailand,primarily southern Thai peninsula; range of Thailand localities,,,8,min_frequency,mean,38.38,,,kHz,sd,3.46,38.38 ± 3.46,definition_unstated,Table 1 mean and SD. The paper explicitly defines pi as start-to-start pulse interval; it warns that start/end values depend on the background-noise boundary. The reported free flight follows hand release in relatively cluttered surroundings.
hughes2011-table1-8,1005417,Myotis horsfieldii,exact,hughes-2011-thailand,"Table 1, Myotis horsfieldii row, FmaxE column",hughes-2011-thailand-time-expansion,unspecified,,,,hand_release,,Thailand,primarily southern Thai peninsula; range of Thailand localities,,,8,peak_frequency,mean,56.93,,,kHz,sd,7.98,56.93 ± 7.98,definition_unstated,Table 1 mean and SD. The paper explicitly defines pi as start-to-start pulse interval; it warns that start/end values depend on the background-noise boundary. The reported free flight follows hand release in relatively cluttered surroundings.
hughes2011-table1-8,1005417,Myotis horsfieldii,exact,hughes-2011-thailand,"Table 1, Myotis horsfieldii row, start frequency column",hughes-2011-thailand-time-expansion,unspecified,,,,hand_release,,Thailand,primarily southern Thai peninsula; range of Thailand localities,,,8,start_frequency,mean,87.25,,,kHz,sd,13.56,87.25 ± 13.56,definition_unstated,Table 1 mean and SD. The paper explicitly defines pi as start-to-start pulse interval; it warns that start/end values depend on the background-noise boundary. The reported free flight follows hand release in relatively cluttered surroundings.
hughes2011-table1-9,1005473,Myotis siligorensis,exact,hughes-2011-thailand,"Table 1, Myotis siligorensis row, bandwidth column",hughes-2011-thailand-time-expansion,unspecified,,,,hand_release,,Thailand,primarily southern Thai peninsula; range of Thailand localities,,,44,bandwidth,mean,78.65,,,kHz,sd,33.45,78.65 ± 33.45,definition_unstated,Table 1 mean and SD. The paper explicitly defines pi as start-to-start pulse interval; it warns that start/end values depend on the background-noise boundary. The reported free flight follows hand release in relatively cluttered surroundings.
hughes2011-table1-9,1005473,Myotis siligorensis,exact,hughes-2011-thailand,"Table 1, Myotis siligorensis row, duration column",hughes-2011-thailand-time-expansion,unspecified,,,,hand_release,,Thailand,primarily southern Thai peninsula; range of Thailand localities,,,44,duration,mean,3.58,,,ms,sd,1.61,3.58 ± 1.61,definition_unstated,Table 1 mean and SD. The paper explicitly defines pi as start-to-start pulse interval; it warns that start/end values depend on the background-noise boundary. The reported free flight follows hand release in relatively cluttered surroundings.
hughes2011-table1-9,1005473,Myotis siligorensis,exact,hughes-2011-thailand,"Table 1, Myotis siligorensis row, end frequency column",hughes-2011-thailand-time-expansion,unspecified,,,,hand_release,,Thailand,primarily southern Thai peninsula; range of Thailand localities,,,44,end_frequency,mean,63.1,,,kHz,sd,4.26,63.1 ± 4.26,definition_unstated,Table 1 mean and SD. The paper explicitly defines pi as start-to-start pulse interval; it warns that start/end values depend on the background-noise boundary. The reported free flight follows hand release in relatively cluttered surroundings.
hughes2011-table1-9,1005473,Myotis siligorensis,exact,hughes-2011-thailand,"Table 1, Myotis siligorensis row, inter-pulse interval column",hughes-2011-thailand-time-expansion,unspecified,,,,hand_release,,Thailand,primarily southern Thai peninsula; range of Thailand localities,,,44,inter_pulse_interval,mean,54.35,,,ms,sd,21.55,54.35 ± 21.55,definition_unstated,Table 1 mean and SD. The paper explicitly defines pi as start-to-start pulse interval; it warns that start/end values depend on the background-noise boundary. The reported free flight follows hand release in relatively cluttered surroundings.
hughes2011-table1-9,1005473,Myotis siligorensis,exact,hughes-2011-thailand,"Table 1, Myotis siligorensis row, max frequency column",hughes-2011-thailand-time-expansion,unspecified,,,,hand_release,,Thailand,primarily southern Thai peninsula; range of Thailand localities,,,44,max_frequency,mean,141.12,,,kHz,sd,31.7,141.12 ± 31.7,definition_unstated,Table 1 mean and SD. The paper explicitly defines pi as start-to-start pulse interval; it warns that start/end values depend on the background-noise boundary. The reported free flight follows hand release in relatively cluttered surroundings.
hughes2011-table1-9,1005473,Myotis siligorensis,exact,hughes-2011-thailand,"Table 1, Myotis siligorensis row, min frequency column",hughes-2011-thailand-time-expansion,unspecified,,,,hand_release,,Thailand,primarily southern Thai peninsula; range of Thailand localities,,,44,min_frequency,mean,62.5,,,kHz,sd,4.06,62.5 ± 4.06,definition_unstated,Table 1 mean and SD. The paper explicitly defines pi as start-to-start pulse interval; it warns that start/end values depend on the background-noise boundary. The reported free flight follows hand release in relatively cluttered surroundings.
hughes2011-table1-9,1005473,Myotis siligorensis,exact,hughes-2011-thailand,"Table 1, Myotis siligorensis row, FmaxE column",hughes-2011-thailand-time-expansion,unspecified,,,,hand_release,,Thailand,primarily southern Thai peninsula; range of Thailand localities,,,44,peak_frequency,mean,73.16,,,kHz,sd,4.64,73.16 ± 4.64,definition_unstated,Table 1 mean and SD. The paper explicitly defines pi as start-to-start pulse interval; it warns that start/end values depend on the background-noise boundary. The reported free flight follows hand release in relatively cluttered surroundings.
hughes2011-table1-9,1005473,Myotis siligorensis,exact,hughes-2011-thailand,"Table 1, Myotis siligorensis row, start frequency column",hughes-2011-thailand-time-expansion,unspecified,,,,hand_release,,Thailand,primarily southern Thai peninsula; range of Thailand localities,,,44,start_frequency,mean,122.84,,,kHz,sd,21.93,122.84 ± 21.93,definition_unstated,Table 1 mean and SD. The paper explicitly defines pi as start-to-start pulse interval; it warns that start/end values depend on the background-noise boundary. The reported free flight follows hand release in relatively cluttered surroundings.
