observation_id,mdd_id,verbatim_taxon_name,taxon_match_method,reference_id,locator,method_id,call_phase,call_variant,variant_label,signal_direction,recording_condition,habitat_class,country,locality,date_or_season,n_individuals,n_calls,parameter,statistic,value,value_min,value_max,unit,dispersion_type,dispersion_value,verbatim_value,quality_flag,notes
lopezbosch2021-s1-10,1005314,Harpiocephalus harpia,exact,lopez-bosch-2021-china,"Table S1, spreadsheet row 10, duration column",lopez-bosch-2021-china-compiled,unspecified,,,,unspecified,,China,Guizhou,,,,duration,mean,1,0.7,1.2,ms,sd,0.2,1 ±0.2 (0.7 - 1.2),definition_unstated,China review Table S1 cites Zhou et al 2014 (Chinese Journal of Zoology; Chinese with English abstract). Name in the cited study: Harpiocephulus harpia. Detector: Unknown. Recording method: Flying (enclosure). Sex: unstated. Call type: FM Broadband. Values are a review extraction; this row is not independent corroboration of the cited study.
lopezbosch2021-s1-10,1005314,Harpiocephalus harpia,exact,lopez-bosch-2021-china,"Table S1, spreadsheet row 10, max frequency column",lopez-bosch-2021-china-compiled,unspecified,,,,unspecified,,China,Guizhou,,,,max_frequency,mean,122.2,95.7,130.9,kHz,sd,11.59,122.2 ±11.59 (95.7 - 130.9),definition_unstated,China review Table S1 cites Zhou et al 2014 (Chinese Journal of Zoology; Chinese with English abstract). Name in the cited study: Harpiocephulus harpia. Detector: Unknown. Recording method: Flying (enclosure). Sex: unstated. Call type: FM Broadband. Values are a review extraction; this row is not independent corroboration of the cited study.
lopezbosch2021-s1-10,1005314,Harpiocephalus harpia,exact,lopez-bosch-2021-china,"Table S1, spreadsheet row 10, min frequency column",lopez-bosch-2021-china-compiled,unspecified,,,,unspecified,,China,Guizhou,,,,min_frequency,mean,44.9,37.1,56.6,kHz,sd,8.9,44.9 ±8.9 (37.1 - 56.6),definition_unstated,China review Table S1 cites Zhou et al 2014 (Chinese Journal of Zoology; Chinese with English abstract). Name in the cited study: Harpiocephulus harpia. Detector: Unknown. Recording method: Flying (enclosure). Sex: unstated. Call type: FM Broadband. Values are a review extraction; this row is not independent corroboration of the cited study.
lopezbosch2021-s1-10,1005314,Harpiocephalus harpia,exact,lopez-bosch-2021-china,"Table S1, spreadsheet row 10, FmaxE column",lopez-bosch-2021-china-compiled,unspecified,,,,unspecified,,China,Guizhou,,,,peak_frequency,mean,78.3,64.5,107.4,kHz,sd,14.5,78.3 ±14.5 (64.5 - 107.4),definition_unstated,China review Table S1 cites Zhou et al 2014 (Chinese Journal of Zoology; Chinese with English abstract). Name in the cited study: Harpiocephulus harpia. Detector: Unknown. Recording method: Flying (enclosure). Sex: unstated. Call type: FM Broadband. Values are a review extraction; this row is not independent corroboration of the cited study.
lopezbosch2021-s1-100,1005793,Vespertilio sinensis,exact,lopez-bosch-2021-china,"Table S1, spreadsheet row 100, duration column",lopez-bosch-2021-china-compiled,unspecified,,,,free_flying_wild,,China,Beijing,,,,duration,mean,2.63,,,ms,sd,0.27,2.63 ±0.27,definition_unstated,China review Table S1 cites Wang et al 2009 (Acta Theoriologica Sinica; Chinese with English abstract). Name in the cited study: Vespertilio sinensis. Detector: Avisoft UltraSoundGate 116. Recording method: Emergence. Sex: unstated. Call type: Narrowband QCF. Values are a review extraction; this row is not independent corroboration of the cited study.
lopezbosch2021-s1-100,1005793,Vespertilio sinensis,exact,lopez-bosch-2021-china,"Table S1, spreadsheet row 100, end frequency column",lopez-bosch-2021-china-compiled,unspecified,,,,free_flying_wild,,China,Beijing,,,,end_frequency,mean,24.78,,,kHz,sd,0.41,24.78 ±0.41,definition_unstated,China review Table S1 cites Wang et al 2009 (Acta Theoriologica Sinica; Chinese with English abstract). Name in the cited study: Vespertilio sinensis. Detector: Avisoft UltraSoundGate 116. Recording method: Emergence. Sex: unstated. Call type: Narrowband QCF. Values are a review extraction; this row is not independent corroboration of the cited study.
lopezbosch2021-s1-100,1005793,Vespertilio sinensis,exact,lopez-bosch-2021-china,"Table S1, spreadsheet row 100, FmaxE column",lopez-bosch-2021-china-compiled,unspecified,,,,free_flying_wild,,China,Beijing,,,,peak_frequency,mean,34.54,,,kHz,sd,0.88,34.54 ±0.88,definition_unstated,China review Table S1 cites Wang et al 2009 (Acta Theoriologica Sinica; Chinese with English abstract). Name in the cited study: Vespertilio sinensis. Detector: Avisoft UltraSoundGate 116. Recording method: Emergence. Sex: unstated. Call type: Narrowband QCF. Values are a review extraction; this row is not independent corroboration of the cited study.
lopezbosch2021-s1-100,1005793,Vespertilio sinensis,exact,lopez-bosch-2021-china,"Table S1, spreadsheet row 100, start frequency column",lopez-bosch-2021-china-compiled,unspecified,,,,free_flying_wild,,China,Beijing,,,,start_frequency,mean,83.66,,,kHz,sd,2.08,83.66 ±2.08,definition_unstated,China review Table S1 cites Wang et al 2009 (Acta Theoriologica Sinica; Chinese with English abstract). Name in the cited study: Vespertilio sinensis. Detector: Avisoft UltraSoundGate 116. Recording method: Emergence. Sex: unstated. Call type: Narrowband QCF. Values are a review extraction; this row is not independent corroboration of the cited study.
lopezbosch2021-s1-101,1005793,Vespertilio sinensis,exact,lopez-bosch-2021-china,"Table S1, spreadsheet row 101, end frequency column",lopez-bosch-2021-china-compiled,unspecified,,,,unspecified,,China,Beijing,,,,end_frequency,species_summary,25.1,,,kHz,,,25.1,definition_unstated,China review Table S1 cites Guo et al 2015 (Chinese Journal of Zoology; Chinese with English abstract). Name in the cited study: Vespertilio sinensis. Detector: Unknown. Recording method: Unknown. Sex: unstated. Call type: Narrowband QCF. Values are a review extraction; this row is not independent corroboration of the cited study.
lopezbosch2021-s1-101,1005793,Vespertilio sinensis,exact,lopez-bosch-2021-china,"Table S1, spreadsheet row 101, FmaxE column",lopez-bosch-2021-china-compiled,unspecified,,,,unspecified,,China,Beijing,,,,peak_frequency,species_summary,25.3,,,kHz,,,25.3,definition_unstated,China review Table S1 cites Guo et al 2015 (Chinese Journal of Zoology; Chinese with English abstract). Name in the cited study: Vespertilio sinensis. Detector: Unknown. Recording method: Unknown. Sex: unstated. Call type: Narrowband QCF. Values are a review extraction; this row is not independent corroboration of the cited study.
lopezbosch2021-s1-102,1004654,Rhinolophus affinis,exact,lopez-bosch-2021-china,"Table S1, spreadsheet row 102, FmaxE column",lopez-bosch-2021-china-compiled,unspecified,,,,unspecified,,China,Beijing,,,,peak_frequency,mean,87.12,,,kHz,sd,2.04,87.12 ±2.04,definition_unstated,China review Table S1 cites Sun et al 2020 (Proceedings of the Royal Society B; English). Name in the cited study: Rhinolophus affinis himalayanus. Detector: Avisoft UltraSoundGate 116 Hnb. Recording method: Hand-held. Sex: unstated. Call type: FMu/CF/FMd. Values are a review extraction; this row is not independent corroboration of the cited study.
lopezbosch2021-s1-103,1004654,Rhinolophus affinis,exact,lopez-bosch-2021-china,"Table S1, spreadsheet row 103, duration column",lopez-bosch-2021-china-compiled,unspecified,,,,unspecified,,China,Jilin,,,,duration,mean,42.73,,,ms,sd,7.38,42.73 ±7.38,definition_unstated,China review Table S1 cites Guo et al 2010 (Journal of Jianxi Normal Univeristy (Nature Science); Chinese with English abstract). Name in the cited study: Rhinolophus affinis. Detector: Unknown. Recording method: Flying (enclosure). Sex: unstated. Call type: FMu/CF/FMd. Values are a review extraction; this row is not independent corroboration of the cited study.
lopezbosch2021-s1-103,1004654,Rhinolophus affinis,exact,lopez-bosch-2021-china,"Table S1, spreadsheet row 103, FmaxE column",lopez-bosch-2021-china-compiled,unspecified,,,,unspecified,,China,Jilin,,,,peak_frequency,mean,86.16,,,kHz,sd,2.12,86.16 ±2.12,definition_unstated,China review Table S1 cites Guo et al 2010 (Journal of Jianxi Normal Univeristy (Nature Science); Chinese with English abstract). Name in the cited study: Rhinolophus affinis. Detector: Unknown. Recording method: Flying (enclosure). Sex: unstated. Call type: FMu/CF/FMd. Values are a review extraction; this row is not independent corroboration of the cited study.
lopezbosch2021-s1-104,1004654,Rhinolophus affinis,exact,lopez-bosch-2021-china,"Table S1, spreadsheet row 104, FmaxE column",lopez-bosch-2021-china-compiled,unspecified,,,,free_flying_wild,,China,Jiangxi,,,,peak_frequency,mean,85.86,,,kHz,sd,0.59,85.86 ±0.59,definition_unstated,China review Table S1 cites Jiang et al 2013b (Acta Theriologica; English). Name in the cited study: Rhinolophus affinis. Detector: Avisoft UltraSoundGate 116 Hnb. Recording method: Emergence. Sex: unstated. Call type: FMu/CF/FMd. Values are a review extraction; this row is not independent corroboration of the cited study.
lopezbosch2021-s1-105,1004654,Rhinolophus affinis,exact,lopez-bosch-2021-china,"Table S1, spreadsheet row 105, bandwidth column",lopez-bosch-2021-china-compiled,unspecified,,,,unspecified,,China,Guizhou,,,,bandwidth,mean,13.86,,,kHz,sd,1.5,13.86 ±1.5,definition_unstated,China review Table S1 cites Jiang et al 2008 (Progress in Natural Science; English). Name in the cited study: Rhinolophus affinis. Detector: Ultra Sound Advice U30. Recording method: Flying (enclosure). Sex: unstated. Call type: FMu/CF/FMd. Values are a review extraction; this row is not independent corroboration of the cited study.
lopezbosch2021-s1-105,1004654,Rhinolophus affinis,exact,lopez-bosch-2021-china,"Table S1, spreadsheet row 105, FmaxE column",lopez-bosch-2021-china-compiled,unspecified,,,,unspecified,,China,Guizhou,,,,peak_frequency,species_summary,85.85,,,kHz,,,85.85,definition_unstated,China review Table S1 cites Jiang et al 2008 (Progress in Natural Science; English). Name in the cited study: Rhinolophus affinis. Detector: Ultra Sound Advice U30. Recording method: Flying (enclosure). Sex: unstated. Call type: FMu/CF/FMd. Values are a review extraction; this row is not independent corroboration of the cited study.
lopezbosch2021-s1-106,1004654,Rhinolophus affinis,exact,lopez-bosch-2021-china,"Table S1, spreadsheet row 106, FmaxE column",lopez-bosch-2021-china-compiled,unspecified,,,,unspecified,,China,Jilin,,,,peak_frequency,mean,83.5,,,kHz,sd,0.24,83.5 ±0.24,definition_unstated,China review Table S1 cites Zhao et al 2003 (Journal of Zoology (Zoological Society of London); English). Name in the cited study: Rhinolophus affinis. Detector: Ultra Sound Advice U30. Recording method: Resting. Sex: unstated. Call type: FMu/CF/FMd. Values are a review extraction; this row is not independent corroboration of the cited study.
lopezbosch2021-s1-107,1004654,Rhinolophus affinis,exact,lopez-bosch-2021-china,"Table S1, spreadsheet row 107, FmaxE column",lopez-bosch-2021-china-compiled,unspecified,,,,unspecified,,China,Guangdong,,,,peak_frequency,mean,87.12,,,kHz,sd,2.04,87.12 ±2.04,definition_unstated,China review Table S1 cites Mao et al 2014 (Bmc Evolutionary Biology; English). Name in the cited study: Rhinolophus affinis himalayanus. Detector: Avisoft UltraSoundGate 116. Recording method: Unknown. Sex: unstated. Call type: FMu/CF/FMd. Values are a review extraction; this row is not independent corroboration of the cited study.
lopezbosch2021-s1-108,1004654,Rhinolophus affinis,exact,lopez-bosch-2021-china,"Table S1, spreadsheet row 108, FmaxE column",lopez-bosch-2021-china-compiled,unspecified,,,,unspecified,,China,Guangdong,,,,peak_frequency,mean,73.68,,,kHz,sd,0.64,73.68 ±0.64,definition_unstated,China review Table S1 cites Mao et al 2014 (Bmc Evolutionary Biology; English). Name in the cited study: Rhinolophus affinis macrurus. Detector: Avisoft UltraSoundGate 116. Recording method: Unknown. Sex: unstated. Call type: FMu/CF/FMd. Values are a review extraction; this row is not independent corroboration of the cited study.
lopezbosch2021-s1-109,1004654,Rhinolophus affinis,exact,lopez-bosch-2021-china,"Table S1, spreadsheet row 109, FmaxE column",lopez-bosch-2021-china-compiled,unspecified,,,,unspecified,,China,Guizhou,,,,peak_frequency,mean,73.68,,,kHz,sd,0.74,73.68 ±0.74,definition_unstated,China review Table S1 cites Sun et al 2020 (Proceedings of the Royal Society B; English). Name in the cited study: Rhinolophus affinis macrurus. Detector: Avisoft UltraSoundGate 116 Hnb. Recording method: Hand-held. Sex: unstated. Call type: FMu/CF/FMd. Values are a review extraction; this row is not independent corroboration of the cited study.
lopezbosch2021-s1-11,1005716,Hypsugo cadornae,exact,lopez-bosch-2021-china,"Table S1, spreadsheet row 11, duration column",lopez-bosch-2021-china-compiled,unspecified,,,,unspecified,,China,Guizhou,,,,duration,mean,3.1,,,ms,sd,0.77,3.1 ±0.77,definition_unstated,China review Table S1 cites Xie et al 2020 (Mammalia; English). Name in the cited study: Hypsugo cadornae. Detector: Avisoft UltraSoundGate 116 Hnb. Recording method: Unknown. Sex: unstated. Call type: FM-QCF. Values are a review extraction; this row is not independent corroboration of the cited study.
lopezbosch2021-s1-11,1005716,Hypsugo cadornae,exact,lopez-bosch-2021-china,"Table S1, spreadsheet row 11, max frequency column",lopez-bosch-2021-china-compiled,unspecified,,,,unspecified,,China,Guizhou,,,,max_frequency,mean,65.6,,,kHz,sd,4.89,65.6 ±4.89,definition_unstated,China review Table S1 cites Xie et al 2020 (Mammalia; English). Name in the cited study: Hypsugo cadornae. Detector: Avisoft UltraSoundGate 116 Hnb. Recording method: Unknown. Sex: unstated. Call type: FM-QCF. Values are a review extraction; this row is not independent corroboration of the cited study.
lopezbosch2021-s1-11,1005716,Hypsugo cadornae,exact,lopez-bosch-2021-china,"Table S1, spreadsheet row 11, FmaxE column",lopez-bosch-2021-china-compiled,unspecified,,,,unspecified,,China,Guizhou,,,,peak_frequency,mean,38.81,,,kHz,sd,1.34,38.81 ±1.34,definition_unstated,China review Table S1 cites Xie et al 2020 (Mammalia; English). Name in the cited study: Hypsugo cadornae. Detector: Avisoft UltraSoundGate 116 Hnb. Recording method: Unknown. Sex: unstated. Call type: FM-QCF. Values are a review extraction; this row is not independent corroboration of the cited study.
lopezbosch2021-s1-110,1004654,Rhinolophus affinis,exact,lopez-bosch-2021-china,"Table S1, spreadsheet row 110, FmaxE column",lopez-bosch-2021-china-compiled,unspecified,,,,unspecified,,China,Guizhou,,,,peak_frequency,range,,83,88,kHz,,,(83 - 88),definition_unstated,China review Table S1 cites Mao et al 2013 (Molecular Ecology; English). Name in the cited study: Rhinolophus affinis himalayanus. Detector: Unknown. Recording method: Unknown. Sex: unstated. Call type: FMu/CF/FMd. Values are a review extraction; this row is not independent corroboration of the cited study.
lopezbosch2021-s1-111,1004654,Rhinolophus affinis,exact,lopez-bosch-2021-china,"Table S1, spreadsheet row 111, FmaxE column",lopez-bosch-2021-china-compiled,unspecified,,,,unspecified,,China,Beijing,,,,peak_frequency,range,,73,74,kHz,,,(73 - 74),definition_unstated,China review Table S1 cites Mao et al 2013 (Molecular Ecology; English). Name in the cited study: Rhinolophus affinis macrurus. Detector: Unknown. Recording method: Unknown. Sex: unstated. Call type: FMu/CF/FMd. Values are a review extraction; this row is not independent corroboration of the cited study.
lopezbosch2021-s1-112,1004654,Rhinolophus affinis,exact,lopez-bosch-2021-china,"Table S1, spreadsheet row 112, FmaxE column",lopez-bosch-2021-china-compiled,unspecified,,,,unspecified,,China,Beijing,,,,peak_frequency,range,,70.0,88.5,kHz,,,(70.0 - 88.5),definition_unstated,China review Table S1 cites Zhang et al 2009 (Acta Chiropterologica; English). Name in the cited study: Rhinolophus affinis. Detector: Petterson D980. Recording method: Hand-held. Sex: unstated. Call type: FMu/CF/FMd. Values are a review extraction; this row is not independent corroboration of the cited study.
lopezbosch2021-s1-113,1004654,Rhinolophus affinis,exact,lopez-bosch-2021-china,"Table S1, spreadsheet row 113, FmaxE column",lopez-bosch-2021-china-compiled,unspecified,,,,unspecified,,China,Guizhou,,,,peak_frequency,species_summary,84.5,,,kHz,,,84.5,definition_unstated,China review Table S1 cites Feng et al 2008 (Acta Biophysica Sinica; Chinese with English abstract). Name in the cited study: Rhinolophus affinis. Detector: Unknown. Recording method: Flying (enclosure). Sex: unstated. Call type: FMu/CF/FMd. Values are a review extraction; this row is not independent corroboration of the cited study.
lopezbosch2021-s1-114,1004654,Rhinolophus affinis,exact,lopez-bosch-2021-china,"Table S1, spreadsheet row 114, FmaxE column",lopez-bosch-2021-china-compiled,unspecified,,,,unspecified,,China,Guizhou,,,,peak_frequency,mean,42,,,kHz,sd,0.4,42 ±0.4,definition_unstated,China review Table S1 cites Feng et al 2002 (Acta Theoriologica Sinica; Chinese with English abstract). Name in the cited study: Rhinolophus affinis. Detector: Ultra Sound Advice U30. Recording method: Unknown. Sex: unstated. Call type: FMu/CF/FMd. Values are a review extraction; this row is not independent corroboration of the cited study.
lopezbosch2021-s1-115,1004654,Rhinolophus affinis,exact,lopez-bosch-2021-china,"Table S1, spreadsheet row 115, duration column",lopez-bosch-2021-china-compiled,unspecified,,,,unspecified,,China,Guizhou,,,,duration,mean,33.44,,,ms,sd,4.49,33.44 ±4.49,definition_unstated,"China review Table S1 cites Shi 2010 (Master thesis, NE Normal University; Chinese with English abstract). Name in the cited study: Rhinolophus affinis. Detector: Petterson D980. Recording method: Hand-held. Sex: unstated. Call type: FMu/CF/FMd. Values are a review extraction; this row is not independent corroboration of the cited study."
lopezbosch2021-s1-115,1004654,Rhinolophus affinis,exact,lopez-bosch-2021-china,"Table S1, spreadsheet row 115, FmaxE column",lopez-bosch-2021-china-compiled,unspecified,,,,unspecified,,China,Guizhou,,,,peak_frequency,mean,84.41,,,kHz,sd,0.48,84.41 ±0.48,definition_unstated,"China review Table S1 cites Shi 2010 (Master thesis, NE Normal University; Chinese with English abstract). Name in the cited study: Rhinolophus affinis. Detector: Petterson D980. Recording method: Hand-held. Sex: unstated. Call type: FMu/CF/FMd. Values are a review extraction; this row is not independent corroboration of the cited study."
lopezbosch2021-s1-116,1004654,Rhinolophus affinis,exact,lopez-bosch-2021-china,"Table S1, spreadsheet row 116, FmaxE column",lopez-bosch-2021-china-compiled,unspecified,,,,unspecified,,China,Guizhou,,,,peak_frequency,mean,86.57,,,kHz,sd,0.44,86.57 ±0.44,definition_unstated,China review Table S1 cites Wu et al 2015 (Journal of Zoology (Zoological Society of London); English). Name in the cited study: Rhinolophus affinis. Detector: Avisoft UltraSoundGate 116. Recording method: Hand-held. Sex: unstated. Call type: FMu/CF/FMd. Values are a review extraction; this row is not independent corroboration of the cited study.
lopezbosch2021-s1-117,1004681,Rhinolophus episcopus,exact,lopez-bosch-2021-china,"Table S1, spreadsheet row 117, FmaxE column",lopez-bosch-2021-china-compiled,unspecified,,,,unspecified,,China,Guangxi,,,,peak_frequency,species_summary,45.4,,,kHz,,,45.4,definition_unstated,China review Table S1 cites Liu et al 2020 (Journal of Zoological Systematics and Evolutionary Research; English). Name in the cited study: Rhinolophus episcopus. Detector: Petterson D980. Recording method: Resting. Sex: Male. Call type: FMu/CF/FMd. Values are a review extraction; this row is not independent corroboration of the cited study.
lopezbosch2021-s1-118,1004681,Rhinolophus episcopus,exact,lopez-bosch-2021-china,"Table S1, spreadsheet row 118, FmaxE column",lopez-bosch-2021-china-compiled,unspecified,,,,unspecified,,China,Anhui,,,,peak_frequency,species_summary,49.8,,,kHz,,,49.8,definition_unstated,China review Table S1 cites Liu et al 2020 (Journal of Zoological Systematics and Evolutionary Research; English). Name in the cited study: Rhinolophus episcopus. Detector: Petterson D980. Recording method: Resting. Sex: Male. Call type: FMu/CF/FMd. Values are a review extraction; this row is not independent corroboration of the cited study.
lopezbosch2021-s1-119,1004681,Rhinolophus episcopus,exact,lopez-bosch-2021-china,"Table S1, spreadsheet row 119, FmaxE column",lopez-bosch-2021-china-compiled,unspecified,,,,unspecified,,China,Guizhou,,,,peak_frequency,species_summary,49.3,,,kHz,,,49.3,definition_unstated,China review Table S1 cites Liu et al 2020 (Journal of Zoological Systematics and Evolutionary Research; English). Name in the cited study: Rhinolophus episcopus. Detector: Petterson D980. Recording method: Resting. Sex: Male. Call type: FMu/CF/FMd. Values are a review extraction; this row is not independent corroboration of the cited study.
lopezbosch2021-s1-12,1005561,Ia io,exact,lopez-bosch-2021-china,"Table S1, spreadsheet row 12, duration column",lopez-bosch-2021-china-compiled,unspecified,,,,free_flying_wild,,China,Guizhou,,,,duration,species_summary,3.7,,,ms,,,3.7,definition_unstated,China review Table S1 cites Jiang et al 2001 (Zoological Research; Chinese with English abstract). Name in the cited study: Ia io. Detector: Ultra Sound Advice U30. Recording method: Free-flying. Sex: unstated. Call type: FM Broadband. Values are a review extraction; this row is not independent corroboration of the cited study.
lopezbosch2021-s1-12,1005561,Ia io,exact,lopez-bosch-2021-china,"Table S1, spreadsheet row 12, max frequency column",lopez-bosch-2021-china-compiled,unspecified,,,,free_flying_wild,,China,Guizhou,,,,max_frequency,species_summary,80,,,kHz,,,80,definition_unstated,China review Table S1 cites Jiang et al 2001 (Zoological Research; Chinese with English abstract). Name in the cited study: Ia io. Detector: Ultra Sound Advice U30. Recording method: Free-flying. Sex: unstated. Call type: FM Broadband. Values are a review extraction; this row is not independent corroboration of the cited study.
lopezbosch2021-s1-12,1005561,Ia io,exact,lopez-bosch-2021-china,"Table S1, spreadsheet row 12, min frequency column",lopez-bosch-2021-china-compiled,unspecified,,,,free_flying_wild,,China,Guizhou,,,,min_frequency,species_summary,35,,,kHz,,,35,definition_unstated,China review Table S1 cites Jiang et al 2001 (Zoological Research; Chinese with English abstract). Name in the cited study: Ia io. Detector: Ultra Sound Advice U30. Recording method: Free-flying. Sex: unstated. Call type: FM Broadband. Values are a review extraction; this row is not independent corroboration of the cited study.
lopezbosch2021-s1-120,1004681,Rhinolophus episcopus,exact,lopez-bosch-2021-china,"Table S1, spreadsheet row 120, FmaxE column",lopez-bosch-2021-china-compiled,unspecified,,,,unspecified,,China,Unknown,,,,peak_frequency,species_summary,49.6,,,kHz,,,49.6,definition_unstated,China review Table S1 cites Liu et al 2020 (Journal of Zoological Systematics and Evolutionary Research; English). Name in the cited study: Rhinolophus episcopus. Detector: Petterson D980. Recording method: Resting. Sex: Female. Call type: FMu/CF/FMd. Values are a review extraction; this row is not independent corroboration of the cited study.
lopezbosch2021-s1-121,1004681,Rhinolophus episcopus,exact,lopez-bosch-2021-china,"Table S1, spreadsheet row 121, FmaxE column",lopez-bosch-2021-china-compiled,unspecified,,,,unspecified,,China,Jiangxi,,,,peak_frequency,species_summary,50.2,,,kHz,,,50.2,definition_unstated,China review Table S1 cites Liu et al 2020 (Journal of Zoological Systematics and Evolutionary Research; English). Name in the cited study: Rhinolophus episcopus. Detector: Petterson D980. Recording method: Resting. Sex: Female. Call type: FMu/CF/FMd. Values are a review extraction; this row is not independent corroboration of the cited study.
lopezbosch2021-s1-122,1004681,Rhinolophus episcopus,exact,lopez-bosch-2021-china,"Table S1, spreadsheet row 122, FmaxE column",lopez-bosch-2021-china-compiled,unspecified,,,,unspecified,,China,Jiangxi,,,,peak_frequency,species_summary,50.65,,,kHz,,,50.65,definition_unstated,China review Table S1 cites Liu et al 2020 (Journal of Zoological Systematics and Evolutionary Research; English). Name in the cited study: Rhinolophus episcopus. Detector: Petterson D980. Recording method: Resting. Sex: Male. Call type: FMu/CF/FMd. Values are a review extraction; this row is not independent corroboration of the cited study.
lopezbosch2021-s1-123,1004681,Rhinolophus episcopus,exact,lopez-bosch-2021-china,"Table S1, spreadsheet row 123, FmaxE column",lopez-bosch-2021-china-compiled,unspecified,,,,unspecified,,China,Guizhou,,,,peak_frequency,species_summary,50.12,,,kHz,,,50.12,definition_unstated,China review Table S1 cites Liu et al 2020 (Journal of Zoological Systematics and Evolutionary Research; English). Name in the cited study: Rhinolophus episcopus. Detector: Petterson D980. Recording method: Resting. Sex: Male. Call type: FMu/CF/FMd. Values are a review extraction; this row is not independent corroboration of the cited study.
lopezbosch2021-s1-124,1004681,Rhinolophus episcopus,exact,lopez-bosch-2021-china,"Table S1, spreadsheet row 124, FmaxE column",lopez-bosch-2021-china-compiled,unspecified,,,,unspecified,,China,Guizhou,,,,peak_frequency,species_summary,50.7,,,kHz,,,50.7,definition_unstated,China review Table S1 cites Liu et al 2020 (Journal of Zoological Systematics and Evolutionary Research; English). Name in the cited study: Rhinolophus episcopus. Detector: Petterson D980. Recording method: Resting. Sex: Male. Call type: FMu/CF/FMd. Values are a review extraction; this row is not independent corroboration of the cited study.
lopezbosch2021-s1-125,1004681,Rhinolophus episcopus,exact,lopez-bosch-2021-china,"Table S1, spreadsheet row 125, FmaxE column",lopez-bosch-2021-china-compiled,unspecified,,,,unspecified,,China,Jilin,,,,peak_frequency,species_summary,50.35,,,kHz,,,50.35,definition_unstated,China review Table S1 cites Liu et al 2020 (Journal of Zoological Systematics and Evolutionary Research; English). Name in the cited study: Rhinolophus episcopus. Detector: Petterson D980. Recording method: Resting. Sex: Male. Call type: FMu/CF/FMd. Values are a review extraction; this row is not independent corroboration of the cited study.
lopezbosch2021-s1-126,1004681,Rhinolophus episcopus,exact,lopez-bosch-2021-china,"Table S1, spreadsheet row 126, FmaxE column",lopez-bosch-2021-china-compiled,unspecified,,,,unspecified,,China,Jiangxi,,,,peak_frequency,species_summary,50.2,,,kHz,,,50.2,definition_unstated,China review Table S1 cites Liu et al 2020 (Journal of Zoological Systematics and Evolutionary Research; English). Name in the cited study: Rhinolophus episcopus. Detector: Petterson D980. Recording method: Resting. Sex: Male. Call type: FMu/CF/FMd. Values are a review extraction; this row is not independent corroboration of the cited study.
lopezbosch2021-s1-127,1004681,Rhinolophus episcopus,exact,lopez-bosch-2021-china,"Table S1, spreadsheet row 127, FmaxE column",lopez-bosch-2021-china-compiled,unspecified,,,,unspecified,,China,Guangdong,,,,peak_frequency,species_summary,46.31,,,kHz,,,46.31,definition_unstated,China review Table S1 cites Liu et al 2020 (Journal of Zoological Systematics and Evolutionary Research; English). Name in the cited study: Rhinolophus episcopus. Detector: Petterson D980. Recording method: Resting. Sex: Male. Call type: FMu/CF/FMd. Values are a review extraction; this row is not independent corroboration of the cited study.
lopezbosch2021-s1-128,1004681,Rhinolophus episcopus,exact,lopez-bosch-2021-china,"Table S1, spreadsheet row 128, FmaxE column",lopez-bosch-2021-china-compiled,unspecified,,,,unspecified,,China,Jilin,,,,peak_frequency,species_summary,46.66,,,kHz,,,46.66,definition_unstated,China review Table S1 cites Liu et al 2020 (Journal of Zoological Systematics and Evolutionary Research; English). Name in the cited study: Rhinolophus episcopus. Detector: Petterson D980. Recording method: Resting. Sex: Female. Call type: FMu/CF/FMd. Values are a review extraction; this row is not independent corroboration of the cited study.
lopezbosch2021-s1-129,1004681,Rhinolophus episcopus,exact,lopez-bosch-2021-china,"Table S1, spreadsheet row 129, FmaxE column",lopez-bosch-2021-china-compiled,unspecified,,,,unspecified,,China,Jilin,,,,peak_frequency,species_summary,46.8,,,kHz,,,46.8,definition_unstated,China review Table S1 cites Liu et al 2020 (Journal of Zoological Systematics and Evolutionary Research; English). Name in the cited study: Rhinolophus episcopus. Detector: Petterson D980. Recording method: Resting. Sex: Male. Call type: FMu/CF/FMd. Values are a review extraction; this row is not independent corroboration of the cited study.
lopezbosch2021-s1-13,1005561,Ia io,exact,lopez-bosch-2021-china,"Table S1, spreadsheet row 13, duration column",lopez-bosch-2021-china-compiled,unspecified,,,,unspecified,,China,Guizhou,,,,duration,mean,4.6,,,ms,sd,0.8,4.6 ±0.8,definition_unstated,China review Table S1 cites Chen 2013 (Chinese Journal of Zoology; Chinese with English abstract). Name in the cited study: Ia io. Detector: Petterson D980. Recording method: Flying (enclosure). Sex: Female. Call type: FM Broadband. Values are a review extraction; this row is not independent corroboration of the cited study.
lopezbosch2021-s1-13,1005561,Ia io,exact,lopez-bosch-2021-china,"Table S1, spreadsheet row 13, end frequency column",lopez-bosch-2021-china-compiled,unspecified,,,,unspecified,,China,Guizhou,,,,end_frequency,mean,17.5,,,kHz,sd,0.8,17.5 ±0.8,definition_unstated,China review Table S1 cites Chen 2013 (Chinese Journal of Zoology; Chinese with English abstract). Name in the cited study: Ia io. Detector: Petterson D980. Recording method: Flying (enclosure). Sex: Female. Call type: FM Broadband. Values are a review extraction; this row is not independent corroboration of the cited study.
lopezbosch2021-s1-13,1005561,Ia io,exact,lopez-bosch-2021-china,"Table S1, spreadsheet row 13, FmaxE column",lopez-bosch-2021-china-compiled,unspecified,,,,unspecified,,China,Guizhou,,,,peak_frequency,mean,22.9,,,kHz,sd,1.2,22.9 ±1.2,definition_unstated,China review Table S1 cites Chen 2013 (Chinese Journal of Zoology; Chinese with English abstract). Name in the cited study: Ia io. Detector: Petterson D980. Recording method: Flying (enclosure). Sex: Female. Call type: FM Broadband. Values are a review extraction; this row is not independent corroboration of the cited study.
lopezbosch2021-s1-13,1005561,Ia io,exact,lopez-bosch-2021-china,"Table S1, spreadsheet row 13, start frequency column",lopez-bosch-2021-china-compiled,unspecified,,,,unspecified,,China,Guizhou,,,,start_frequency,mean,39.8,,,kHz,sd,1.9,39.8 ±1.9,definition_unstated,China review Table S1 cites Chen 2013 (Chinese Journal of Zoology; Chinese with English abstract). Name in the cited study: Ia io. Detector: Petterson D980. Recording method: Flying (enclosure). Sex: Female. Call type: FM Broadband. Values are a review extraction; this row is not independent corroboration of the cited study.
lopezbosch2021-s1-130,1004681,Rhinolophus episcopus,exact,lopez-bosch-2021-china,"Table S1, spreadsheet row 130, FmaxE column",lopez-bosch-2021-china-compiled,unspecified,,,,unspecified,,China,Jilin,,,,peak_frequency,species_summary,46.8,,,kHz,,,46.8,definition_unstated,China review Table S1 cites Liu et al 2020 (Journal of Zoological Systematics and Evolutionary Research; English). Name in the cited study: Rhinolophus episcopus. Detector: Petterson D980. Recording method: Resting. Sex: Female. Call type: FMu/CF/FMd. Values are a review extraction; this row is not independent corroboration of the cited study.
lopezbosch2021-s1-131,1004681,Rhinolophus episcopus,exact,lopez-bosch-2021-china,"Table S1, spreadsheet row 131, FmaxE column",lopez-bosch-2021-china-compiled,unspecified,,,,unspecified,,China,Jilin,,,,peak_frequency,species_summary,47.04,,,kHz,,,47.04,definition_unstated,China review Table S1 cites Liu et al 2020 (Journal of Zoological Systematics and Evolutionary Research; English). Name in the cited study: Rhinolophus episcopus. Detector: Petterson D980. Recording method: Resting. Sex: Female. Call type: FMu/CF/FMd. Values are a review extraction; this row is not independent corroboration of the cited study.
lopezbosch2021-s1-132,1004681,Rhinolophus episcopus,exact,lopez-bosch-2021-china,"Table S1, spreadsheet row 132, FmaxE column",lopez-bosch-2021-china-compiled,unspecified,,,,unspecified,,China,Jilin,,,,peak_frequency,species_summary,45.8,,,kHz,,,45.8,definition_unstated,China review Table S1 cites Liu et al 2020 (Journal of Zoological Systematics and Evolutionary Research; English). Name in the cited study: Rhinolophus episcopus. Detector: Petterson D980. Recording method: Resting. Sex: Female. Call type: FMu/CF/FMd. Values are a review extraction; this row is not independent corroboration of the cited study.
lopezbosch2021-s1-133,1004681,Rhinolophus episcopus,exact,lopez-bosch-2021-china,"Table S1, spreadsheet row 133, FmaxE column",lopez-bosch-2021-china-compiled,unspecified,,,,unspecified,,China,Jilin,,,,peak_frequency,species_summary,47.4,,,kHz,,,47.4,definition_unstated,China review Table S1 cites Liu et al 2020 (Journal of Zoological Systematics and Evolutionary Research; English). Name in the cited study: Rhinolophus episcopus. Detector: Petterson D980. Recording method: Resting. Sex: Male. Call type: FMu/CF/FMd. Values are a review extraction; this row is not independent corroboration of the cited study.
lopezbosch2021-s1-134,1004681,Rhinolophus episcopus,exact,lopez-bosch-2021-china,"Table S1, spreadsheet row 134, FmaxE column",lopez-bosch-2021-china-compiled,unspecified,,,,unspecified,,China,Jilin,,,,peak_frequency,species_summary,46.2,,,kHz,,,46.2,definition_unstated,China review Table S1 cites Liu et al 2020 (Journal of Zoological Systematics and Evolutionary Research; English). Name in the cited study: Rhinolophus episcopus. Detector: Petterson D980. Recording method: Resting. Sex: Female. Call type: FMu/CF/FMd. Values are a review extraction; this row is not independent corroboration of the cited study.
lopezbosch2021-s1-135,1004681,Rhinolophus episcopus,exact,lopez-bosch-2021-china,"Table S1, spreadsheet row 135, FmaxE column",lopez-bosch-2021-china-compiled,unspecified,,,,unspecified,,China,Jilin,,,,peak_frequency,species_summary,45.7,,,kHz,,,45.7,definition_unstated,China review Table S1 cites Liu et al 2020 (Journal of Zoological Systematics and Evolutionary Research; English). Name in the cited study: Rhinolophus episcopus. Detector: Petterson D980. Recording method: Resting. Sex: Male. Call type: FMu/CF/FMd. Values are a review extraction; this row is not independent corroboration of the cited study.
lopezbosch2021-s1-136,1004681,Rhinolophus episcopus,exact,lopez-bosch-2021-china,"Table S1, spreadsheet row 136, FmaxE column",lopez-bosch-2021-china-compiled,unspecified,,,,unspecified,,China,Jilin,,,,peak_frequency,species_summary,46.2,,,kHz,,,46.2,definition_unstated,China review Table S1 cites Liu et al 2020 (Journal of Zoological Systematics and Evolutionary Research; English). Name in the cited study: Rhinolophus episcopus. Detector: Petterson D980. Recording method: Resting. Sex: Male. Call type: FMu/CF/FMd. Values are a review extraction; this row is not independent corroboration of the cited study.
lopezbosch2021-s1-137,1004681,Rhinolophus episcopus,exact,lopez-bosch-2021-china,"Table S1, spreadsheet row 137, FmaxE column",lopez-bosch-2021-china-compiled,unspecified,,,,unspecified,,China,Jilin,,,,peak_frequency,species_summary,45.1,,,kHz,,,45.1,definition_unstated,China review Table S1 cites Liu et al 2020 (Journal of Zoological Systematics and Evolutionary Research; English). Name in the cited study: Rhinolophus episcopus. Detector: Petterson D980. Recording method: Resting. Sex: Male. Call type: FMu/CF/FMd. Values are a review extraction; this row is not independent corroboration of the cited study.
lopezbosch2021-s1-138,1004681,Rhinolophus episcopus,exact,lopez-bosch-2021-china,"Table S1, spreadsheet row 138, FmaxE column",lopez-bosch-2021-china-compiled,unspecified,,,,unspecified,,China,Jilin,,,,peak_frequency,species_summary,46.15,,,kHz,,,46.15,definition_unstated,China review Table S1 cites Liu et al 2020 (Journal of Zoological Systematics and Evolutionary Research; English). Name in the cited study: Rhinolophus episcopus. Detector: Petterson D980. Recording method: Resting. Sex: Female. Call type: FMu/CF/FMd. Values are a review extraction; this row is not independent corroboration of the cited study.
lopezbosch2021-s1-139,1004681,Rhinolophus episcopus,exact,lopez-bosch-2021-china,"Table S1, spreadsheet row 139, FmaxE column",lopez-bosch-2021-china-compiled,unspecified,,,,unspecified,,China,Hubei,,,,peak_frequency,species_summary,45.7,,,kHz,,,45.7,definition_unstated,China review Table S1 cites Liu et al 2020 (Journal of Zoological Systematics and Evolutionary Research; English). Name in the cited study: Rhinolophus episcopus. Detector: Petterson D980. Recording method: Resting. Sex: Female. Call type: FMu/CF/FMd. Values are a review extraction; this row is not independent corroboration of the cited study.
lopezbosch2021-s1-14,1005561,Ia io,exact,lopez-bosch-2021-china,"Table S1, spreadsheet row 14, end frequency column",lopez-bosch-2021-china-compiled,unspecified,,,,unspecified,,China,Beijing,,,,end_frequency,mean,12.9,,,kHz,sd,0.8,12.9 ±0.8,definition_unstated,China review Table S1 cites Chen 2013 (Chinese Journal of Zoology; Chinese with English abstract). Name in the cited study: Ia io. Detector: Petterson D980. Recording method: Flying (enclosure). Sex: Male. Call type: FM Broadband. Values are a review extraction; this row is not independent corroboration of the cited study.
lopezbosch2021-s1-14,1005561,Ia io,exact,lopez-bosch-2021-china,"Table S1, spreadsheet row 14, FmaxE column",lopez-bosch-2021-china-compiled,unspecified,,,,unspecified,,China,Beijing,,,,peak_frequency,mean,22.9,,,kHz,sd,3.2,22.9 ±3.2,definition_unstated,China review Table S1 cites Chen 2013 (Chinese Journal of Zoology; Chinese with English abstract). Name in the cited study: Ia io. Detector: Petterson D980. Recording method: Flying (enclosure). Sex: Male. Call type: FM Broadband. Values are a review extraction; this row is not independent corroboration of the cited study.
lopezbosch2021-s1-14,1005561,Ia io,exact,lopez-bosch-2021-china,"Table S1, spreadsheet row 14, start frequency column",lopez-bosch-2021-china-compiled,unspecified,,,,unspecified,,China,Beijing,,,,start_frequency,mean,37.2,,,kHz,sd,2.6,37.2 ±2.6,definition_unstated,China review Table S1 cites Chen 2013 (Chinese Journal of Zoology; Chinese with English abstract). Name in the cited study: Ia io. Detector: Petterson D980. Recording method: Flying (enclosure). Sex: Male. Call type: FM Broadband. Values are a review extraction; this row is not independent corroboration of the cited study.
lopezbosch2021-s1-140,1004681,Rhinolophus episcopus,exact,lopez-bosch-2021-china,"Table S1, spreadsheet row 140, FmaxE column",lopez-bosch-2021-china-compiled,unspecified,,,,unspecified,,China,Jiangsu,,,,peak_frequency,species_summary,46.26,,,kHz,,,46.26,definition_unstated,China review Table S1 cites Liu et al 2020 (Journal of Zoological Systematics and Evolutionary Research; English). Name in the cited study: Rhinolophus episcopus. Detector: Petterson D980. Recording method: Resting. Sex: Male. Call type: FMu/CF/FMd. Values are a review extraction; this row is not independent corroboration of the cited study.
lopezbosch2021-s1-141,1004681,Rhinolophus episcopus,exact,lopez-bosch-2021-china,"Table S1, spreadsheet row 141, FmaxE column",lopez-bosch-2021-china-compiled,unspecified,,,,unspecified,,China,Shaanxi,,,,peak_frequency,species_summary,45.58,,,kHz,,,45.58,definition_unstated,China review Table S1 cites Liu et al 2020 (Journal of Zoological Systematics and Evolutionary Research; English). Name in the cited study: Rhinolophus episcopus. Detector: Petterson D980. Recording method: Resting. Sex: Male. Call type: FMu/CF/FMd. Values are a review extraction; this row is not independent corroboration of the cited study.
lopezbosch2021-s1-142,1004681,Rhinolophus episcopus,exact,lopez-bosch-2021-china,"Table S1, spreadsheet row 142, FmaxE column",lopez-bosch-2021-china-compiled,unspecified,,,,unspecified,,China,Guizhou,,,,peak_frequency,species_summary,45.56,,,kHz,,,45.56,definition_unstated,China review Table S1 cites Liu et al 2020 (Journal of Zoological Systematics and Evolutionary Research; English). Name in the cited study: Rhinolophus episcopus. Detector: Petterson D980. Recording method: Resting. Sex: Male. Call type: FMu/CF/FMd. Values are a review extraction; this row is not independent corroboration of the cited study.
lopezbosch2021-s1-143,1004681,Rhinolophus episcopus,exact,lopez-bosch-2021-china,"Table S1, spreadsheet row 143, FmaxE column",lopez-bosch-2021-china-compiled,unspecified,,,,unspecified,,China,Sichuan,,,,peak_frequency,species_summary,45.4,,,kHz,,,45.4,definition_unstated,China review Table S1 cites Liu et al 2020 (Journal of Zoological Systematics and Evolutionary Research; English). Name in the cited study: Rhinolophus episcopus. Detector: Petterson D980. Recording method: Resting. Sex: Female. Call type: FMu/CF/FMd. Values are a review extraction; this row is not independent corroboration of the cited study.
lopezbosch2021-s1-144,1004681,Rhinolophus episcopus,exact,lopez-bosch-2021-china,"Table S1, spreadsheet row 144, FmaxE column",lopez-bosch-2021-china-compiled,unspecified,,,,unspecified,,China,Jilin,,,,peak_frequency,species_summary,45.8,,,kHz,,,45.8,definition_unstated,China review Table S1 cites Liu et al 2020 (Journal of Zoological Systematics and Evolutionary Research; English). Name in the cited study: Rhinolophus episcopus. Detector: Petterson D980. Recording method: Resting. Sex: Male. Call type: FMu/CF/FMd. Values are a review extraction; this row is not independent corroboration of the cited study.
lopezbosch2021-s1-145,1004681,Rhinolophus episcopus,exact,lopez-bosch-2021-china,"Table S1, spreadsheet row 145, FmaxE column",lopez-bosch-2021-china-compiled,unspecified,,,,unspecified,,China,Jiangxi,,,,peak_frequency,species_summary,45.4,,,kHz,,,45.4,definition_unstated,China review Table S1 cites Liu et al 2020 (Journal of Zoological Systematics and Evolutionary Research; English). Name in the cited study: Rhinolophus episcopus. Detector: Petterson D980. Recording method: Resting. Sex: Male. Call type: FMu/CF/FMd. Values are a review extraction; this row is not independent corroboration of the cited study.
lopezbosch2021-s1-146,1004681,Rhinolophus episcopus,exact,lopez-bosch-2021-china,"Table S1, spreadsheet row 146, FmaxE column",lopez-bosch-2021-china-compiled,unspecified,,,,unspecified,,China,Guizhou,,,,peak_frequency,species_summary,46.3,,,kHz,,,46.3,definition_unstated,China review Table S1 cites Liu et al 2020 (Journal of Zoological Systematics and Evolutionary Research; English). Name in the cited study: Rhinolophus episcopus. Detector: Petterson D980. Recording method: Resting. Sex: Female. Call type: FMu/CF/FMd. Values are a review extraction; this row is not independent corroboration of the cited study.
lopezbosch2021-s1-147,1004681,Rhinolophus episcopus,exact,lopez-bosch-2021-china,"Table S1, spreadsheet row 147, FmaxE column",lopez-bosch-2021-china-compiled,unspecified,,,,unspecified,,China,Jilin,,,,peak_frequency,species_summary,46.1,,,kHz,,,46.1,definition_unstated,China review Table S1 cites Liu et al 2020 (Journal of Zoological Systematics and Evolutionary Research; English). Name in the cited study: Rhinolophus episcopus. Detector: Petterson D980. Recording method: Resting. Sex: Female. Call type: FMu/CF/FMd. Values are a review extraction; this row is not independent corroboration of the cited study.
lopezbosch2021-s1-148,1004681,Rhinolophus episcopus,exact,lopez-bosch-2021-china,"Table S1, spreadsheet row 148, FmaxE column",lopez-bosch-2021-china-compiled,unspecified,,,,unspecified,,China,Jilin,,,,peak_frequency,species_summary,44.76,,,kHz,,,44.76,definition_unstated,China review Table S1 cites Liu et al 2020 (Journal of Zoological Systematics and Evolutionary Research; English). Name in the cited study: Rhinolophus episcopus. Detector: Petterson D980. Recording method: Resting. Sex: Male. Call type: FMu/CF/FMd. Values are a review extraction; this row is not independent corroboration of the cited study.
lopezbosch2021-s1-149,1004681,Rhinolophus episcopus,exact,lopez-bosch-2021-china,"Table S1, spreadsheet row 149, FmaxE column",lopez-bosch-2021-china-compiled,unspecified,,,,unspecified,,China,Guizhou,,,,peak_frequency,species_summary,46.1,,,kHz,,,46.1,definition_unstated,China review Table S1 cites Liu et al 2020 (Journal of Zoological Systematics and Evolutionary Research; English). Name in the cited study: Rhinolophus episcopus. Detector: Petterson D980. Recording method: Resting. Sex: Male. Call type: FMu/CF/FMd. Values are a review extraction; this row is not independent corroboration of the cited study.
lopezbosch2021-s1-15,1005561,Ia io,exact,lopez-bosch-2021-china,"Table S1, spreadsheet row 15, FmaxE column",lopez-bosch-2021-china-compiled,unspecified,,,,unspecified,,China,Beijing,,,,peak_frequency,mean,29.7,,,kHz,sd,2.3,29.7 ±2.3,definition_unstated,China review Table S1 cites Chen et al 2002 (Journal of Northeast Normal University (Natural Science Edition); Chinese). Name in the cited study: Ia io. Detector: Ultra Sound Advice U30. Recording method: Flying (enclosure). Sex: unstated. Call type: FM Broadband. Values are a review extraction; this row is not independent corroboration of the cited study.
lopezbosch2021-s1-150,1004681,Rhinolophus episcopus,exact,lopez-bosch-2021-china,"Table S1, spreadsheet row 150, FmaxE column",lopez-bosch-2021-china-compiled,unspecified,,,,unspecified,,China,Macao,,,,peak_frequency,species_summary,46.8,,,kHz,,,46.8,definition_unstated,China review Table S1 cites Liu et al 2020 (Journal of Zoological Systematics and Evolutionary Research; English). Name in the cited study: Rhinolophus episcopus. Detector: Petterson D980. Recording method: Resting. Sex: Female. Call type: FMu/CF/FMd. Values are a review extraction; this row is not independent corroboration of the cited study.
lopezbosch2021-s1-151,1004681,Rhinolophus episcopus,exact,lopez-bosch-2021-china,"Table S1, spreadsheet row 151, FmaxE column",lopez-bosch-2021-china-compiled,unspecified,,,,unspecified,,China,Guangxi,,,,peak_frequency,species_summary,45.89,,,kHz,,,45.89,definition_unstated,China review Table S1 cites Liu et al 2020 (Journal of Zoological Systematics and Evolutionary Research; English). Name in the cited study: Rhinolophus episcopus. Detector: Petterson D980. Recording method: Resting. Sex: Male. Call type: FMu/CF/FMd. Values are a review extraction; this row is not independent corroboration of the cited study.
lopezbosch2021-s1-152,1004681,Rhinolophus episcopus,exact,lopez-bosch-2021-china,"Table S1, spreadsheet row 152, FmaxE column",lopez-bosch-2021-china-compiled,unspecified,,,,unspecified,,China,Beijing,,,,peak_frequency,species_summary,46.45,,,kHz,,,46.45,definition_unstated,China review Table S1 cites Liu et al 2020 (Journal of Zoological Systematics and Evolutionary Research; English). Name in the cited study: Rhinolophus episcopus. Detector: Petterson D980. Recording method: Resting. Sex: Male. Call type: FMu/CF/FMd. Values are a review extraction; this row is not independent corroboration of the cited study.
lopezbosch2021-s1-153,1004681,Rhinolophus episcopus,exact,lopez-bosch-2021-china,"Table S1, spreadsheet row 153, FmaxE column",lopez-bosch-2021-china-compiled,unspecified,,,,unspecified,,China,Beijing,,,,peak_frequency,species_summary,47.12,,,kHz,,,47.12,definition_unstated,China review Table S1 cites Liu et al 2020 (Journal of Zoological Systematics and Evolutionary Research; English). Name in the cited study: Rhinolophus episcopus. Detector: Petterson D980. Recording method: Resting. Sex: Male. Call type: FMu/CF/FMd. Values are a review extraction; this row is not independent corroboration of the cited study.
lopezbosch2021-s1-154,1004681,Rhinolophus episcopus,exact,lopez-bosch-2021-china,"Table S1, spreadsheet row 154, FmaxE column",lopez-bosch-2021-china-compiled,unspecified,,,,unspecified,,China,Unknown,,,,peak_frequency,species_summary,45.16,,,kHz,,,45.16,definition_unstated,China review Table S1 cites Liu et al 2020 (Journal of Zoological Systematics and Evolutionary Research; English). Name in the cited study: Rhinolophus episcopus. Detector: Petterson D980. Recording method: Resting. Sex: Male. Call type: FMu/CF/FMd. Values are a review extraction; this row is not independent corroboration of the cited study.
lopezbosch2021-s1-155,1004681,Rhinolophus episcopus,exact,lopez-bosch-2021-china,"Table S1, spreadsheet row 155, FmaxE column",lopez-bosch-2021-china-compiled,unspecified,,,,unspecified,,China,Hunan,,,,peak_frequency,species_summary,46.03,,,kHz,,,46.03,definition_unstated,China review Table S1 cites Liu et al 2020 (Journal of Zoological Systematics and Evolutionary Research; English). Name in the cited study: Rhinolophus episcopus. Detector: Petterson D980. Recording method: Resting. Sex: Male. Call type: FMu/CF/FMd. Values are a review extraction; this row is not independent corroboration of the cited study.
lopezbosch2021-s1-156,1004681,Rhinolophus episcopus,exact,lopez-bosch-2021-china,"Table S1, spreadsheet row 156, FmaxE column",lopez-bosch-2021-china-compiled,unspecified,,,,unspecified,,China,Hunan,,,,peak_frequency,species_summary,47.6,,,kHz,,,47.6,definition_unstated,China review Table S1 cites Liu et al 2020 (Journal of Zoological Systematics and Evolutionary Research; English). Name in the cited study: Rhinolophus episcopus. Detector: Petterson D980. Recording method: Resting. Sex: Female. Call type: FMu/CF/FMd. Values are a review extraction; this row is not independent corroboration of the cited study.
lopezbosch2021-s1-157,1004681,Rhinolophus episcopus,exact,lopez-bosch-2021-china,"Table S1, spreadsheet row 157, FmaxE column",lopez-bosch-2021-china-compiled,unspecified,,,,unspecified,,China,Guizhou,,,,peak_frequency,species_summary,48.2,,,kHz,,,48.2,definition_unstated,China review Table S1 cites Liu et al 2020 (Journal of Zoological Systematics and Evolutionary Research; English). Name in the cited study: Rhinolophus episcopus. Detector: Petterson D980. Recording method: Resting. Sex: Male. Call type: FMu/CF/FMd. Values are a review extraction; this row is not independent corroboration of the cited study.
lopezbosch2021-s1-158,1004681,Rhinolophus episcopus,exact,lopez-bosch-2021-china,"Table S1, spreadsheet row 158, FmaxE column",lopez-bosch-2021-china-compiled,unspecified,,,,unspecified,,China,Guizhou,,,,peak_frequency,species_summary,48.3,,,kHz,,,48.3,definition_unstated,China review Table S1 cites Liu et al 2020 (Journal of Zoological Systematics and Evolutionary Research; English). Name in the cited study: Rhinolophus episcopus. Detector: Petterson D980. Recording method: Resting. Sex: Male. Call type: FMu/CF/FMd. Values are a review extraction; this row is not independent corroboration of the cited study.
lopezbosch2021-s1-159,1004681,Rhinolophus episcopus,exact,lopez-bosch-2021-china,"Table S1, spreadsheet row 159, FmaxE column",lopez-bosch-2021-china-compiled,unspecified,,,,unspecified,,China,Unknown,,,,peak_frequency,species_summary,48.36,,,kHz,,,48.36,definition_unstated,China review Table S1 cites Liu et al 2020 (Journal of Zoological Systematics and Evolutionary Research; English). Name in the cited study: Rhinolophus episcopus. Detector: Petterson D980. Recording method: Resting. Sex: Male. Call type: FMu/CF/FMd. Values are a review extraction; this row is not independent corroboration of the cited study.
lopezbosch2021-s1-16,1005561,Ia io,exact,lopez-bosch-2021-china,"Table S1, spreadsheet row 16, duration column",lopez-bosch-2021-china-compiled,unspecified,,,,unspecified,,China,Yunnan,,,,duration,mean,3.7,,,ms,sd,2.2,3.7 ±2.2,definition_unstated,China review Table S1 cites Jiang et al 2002a (Acta Ecologica Sinica; Chinese with English abstract). Name in the cited study: Ia io. Detector: Ultra Sound Advice U30. Recording method: Various. Sex: unstated. Call type: FM Broadband. Values are a review extraction; this row is not independent corroboration of the cited study.
lopezbosch2021-s1-16,1005561,Ia io,exact,lopez-bosch-2021-china,"Table S1, spreadsheet row 16, FmaxE column",lopez-bosch-2021-china-compiled,unspecified,,,,unspecified,,China,Yunnan,,,,peak_frequency,mean,29.7,,,kHz,sd,2.3,29.7 ±2.3,definition_unstated,China review Table S1 cites Jiang et al 2002a (Acta Ecologica Sinica; Chinese with English abstract). Name in the cited study: Ia io. Detector: Ultra Sound Advice U30. Recording method: Various. Sex: unstated. Call type: FM Broadband. Values are a review extraction; this row is not independent corroboration of the cited study.
lopezbosch2021-s1-160,1004681,Rhinolophus episcopus,exact,lopez-bosch-2021-china,"Table S1, spreadsheet row 160, FmaxE column",lopez-bosch-2021-china-compiled,unspecified,,,,unspecified,,China,Unknown,,,,peak_frequency,species_summary,48.48,,,kHz,,,48.48,definition_unstated,China review Table S1 cites Liu et al 2020 (Journal of Zoological Systematics and Evolutionary Research; English). Name in the cited study: Rhinolophus episcopus. Detector: Petterson D980. Recording method: Resting. Sex: Female. Call type: FMu/CF/FMd. Values are a review extraction; this row is not independent corroboration of the cited study.
lopezbosch2021-s1-161,1004681,Rhinolophus episcopus,exact,lopez-bosch-2021-china,"Table S1, spreadsheet row 161, FmaxE column",lopez-bosch-2021-china-compiled,unspecified,,,,unspecified,,China,Jiangxi,,,,peak_frequency,species_summary,48.65,,,kHz,,,48.65,definition_unstated,China review Table S1 cites Liu et al 2020 (Journal of Zoological Systematics and Evolutionary Research; English). Name in the cited study: Rhinolophus episcopus. Detector: Petterson D980. Recording method: Resting. Sex: Female. Call type: FMu/CF/FMd. Values are a review extraction; this row is not independent corroboration of the cited study.
lopezbosch2021-s1-162,1004681,Rhinolophus episcopus,exact,lopez-bosch-2021-china,"Table S1, spreadsheet row 162, FmaxE column",lopez-bosch-2021-china-compiled,unspecified,,,,unspecified,,China,Jilin,,,,peak_frequency,species_summary,48.82,,,kHz,,,48.82,definition_unstated,China review Table S1 cites Liu et al 2020 (Journal of Zoological Systematics and Evolutionary Research; English). Name in the cited study: Rhinolophus episcopus. Detector: Petterson D980. Recording method: Resting. Sex: Female. Call type: FMu/CF/FMd. Values are a review extraction; this row is not independent corroboration of the cited study.
lopezbosch2021-s1-163,1004681,Rhinolophus episcopus,exact,lopez-bosch-2021-china,"Table S1, spreadsheet row 163, FmaxE column",lopez-bosch-2021-china-compiled,unspecified,,,,unspecified,,China,Jilin,,,,peak_frequency,species_summary,48.84,,,kHz,,,48.84,definition_unstated,China review Table S1 cites Liu et al 2020 (Journal of Zoological Systematics and Evolutionary Research; English). Name in the cited study: Rhinolophus episcopus. Detector: Petterson D980. Recording method: Resting. Sex: Male. Call type: FMu/CF/FMd. Values are a review extraction; this row is not independent corroboration of the cited study.
lopezbosch2021-s1-164,1004681,Rhinolophus episcopus,exact,lopez-bosch-2021-china,"Table S1, spreadsheet row 164, FmaxE column",lopez-bosch-2021-china-compiled,unspecified,,,,unspecified,,China,Guangxi,,,,peak_frequency,species_summary,49,,,kHz,,,49,definition_unstated,China review Table S1 cites Liu et al 2020 (Journal of Zoological Systematics and Evolutionary Research; English). Name in the cited study: Rhinolophus episcopus. Detector: Petterson D980. Recording method: Resting. Sex: Male. Call type: FMu/CF/FMd. Values are a review extraction; this row is not independent corroboration of the cited study.
lopezbosch2021-s1-165,1004681,Rhinolophus episcopus,exact,lopez-bosch-2021-china,"Table S1, spreadsheet row 165, FmaxE column",lopez-bosch-2021-china-compiled,unspecified,,,,unspecified,,China,Guangxi,,,,peak_frequency,species_summary,49,,,kHz,,,49,definition_unstated,China review Table S1 cites Liu et al 2020 (Journal of Zoological Systematics and Evolutionary Research; English). Name in the cited study: Rhinolophus episcopus. Detector: Petterson D980. Recording method: Resting. Sex: Female. Call type: FMu/CF/FMd. Values are a review extraction; this row is not independent corroboration of the cited study.
lopezbosch2021-s1-166,1004681,Rhinolophus episcopus,exact,lopez-bosch-2021-china,"Table S1, spreadsheet row 166, FmaxE column",lopez-bosch-2021-china-compiled,unspecified,,,,unspecified,,China,Guangxi,,,,peak_frequency,species_summary,51.25,,,kHz,,,51.25,definition_unstated,China review Table S1 cites Liu et al 2020 (Journal of Zoological Systematics and Evolutionary Research; English). Name in the cited study: Rhinolophus episcopus. Detector: Petterson D980. Recording method: Resting. Sex: Male. Call type: FMu/CF/FMd. Values are a review extraction; this row is not independent corroboration of the cited study.
lopezbosch2021-s1-167,1004681,Rhinolophus episcopus,exact,lopez-bosch-2021-china,"Table S1, spreadsheet row 167, FmaxE column",lopez-bosch-2021-china-compiled,unspecified,,,,unspecified,,China,Guizhou,,,,peak_frequency,species_summary,51.35,,,kHz,,,51.35,definition_unstated,China review Table S1 cites Liu et al 2020 (Journal of Zoological Systematics and Evolutionary Research; English). Name in the cited study: Rhinolophus episcopus. Detector: Petterson D980. Recording method: Resting. Sex: Female. Call type: FMu/CF/FMd. Values are a review extraction; this row is not independent corroboration of the cited study.
lopezbosch2021-s1-168,1004681,Rhinolophus episcopus,exact,lopez-bosch-2021-china,"Table S1, spreadsheet row 168, FmaxE column",lopez-bosch-2021-china-compiled,unspecified,,,,unspecified,,China,Macao,,,,peak_frequency,species_summary,51.37,,,kHz,,,51.37,definition_unstated,China review Table S1 cites Liu et al 2020 (Journal of Zoological Systematics and Evolutionary Research; English). Name in the cited study: Rhinolophus episcopus. Detector: Petterson D980. Recording method: Resting. Sex: Male. Call type: FMu/CF/FMd. Values are a review extraction; this row is not independent corroboration of the cited study.
lopezbosch2021-s1-169,1004681,Rhinolophus episcopus,exact,lopez-bosch-2021-china,"Table S1, spreadsheet row 169, FmaxE column",lopez-bosch-2021-china-compiled,unspecified,,,,unspecified,,China,Beijing,,,,peak_frequency,species_summary,52.3,,,kHz,,,52.3,definition_unstated,China review Table S1 cites Liu et al 2020 (Journal of Zoological Systematics and Evolutionary Research; English). Name in the cited study: Rhinolophus episcopus. Detector: Petterson D980. Recording method: Resting. Sex: Male. Call type: FMu/CF/FMd. Values are a review extraction; this row is not independent corroboration of the cited study.
lopezbosch2021-s1-17,1005291,Kerivoula furva,exact,lopez-bosch-2021-china,"Table S1, spreadsheet row 17, bandwidth column",lopez-bosch-2021-china-compiled,unspecified,,,,unspecified,,China,Fujian,,,,bandwidth,range,,107.8,131.8,kHz,,,(107.8 - 131.8),definition_unstated,China review Table S1 cites Li et al 2016 (Chinese Journal of Zoology; Chinese with English abstract). Name in the cited study: Kerivoula titania. Detector: Petterson D500X. Recording method: Flying (enclosure). Sex: unstated. Call type: FM Broadband. Values are a review extraction; this row is not independent corroboration of the cited study.
lopezbosch2021-s1-17,1005291,Kerivoula furva,exact,lopez-bosch-2021-china,"Table S1, spreadsheet row 17, duration column",lopez-bosch-2021-china-compiled,unspecified,,,,unspecified,,China,Fujian,,,,duration,range,,1.6,1.7,ms,,,(1.6 - 1.7),definition_unstated,China review Table S1 cites Li et al 2016 (Chinese Journal of Zoology; Chinese with English abstract). Name in the cited study: Kerivoula titania. Detector: Petterson D500X. Recording method: Flying (enclosure). Sex: unstated. Call type: FM Broadband. Values are a review extraction; this row is not independent corroboration of the cited study.
lopezbosch2021-s1-17,1005291,Kerivoula furva,exact,lopez-bosch-2021-china,"Table S1, spreadsheet row 17, end frequency column",lopez-bosch-2021-china-compiled,unspecified,,,,unspecified,,China,Fujian,,,,end_frequency,range,,92.2,96.3,kHz,,,(92.2 - 96.3),definition_unstated,China review Table S1 cites Li et al 2016 (Chinese Journal of Zoology; Chinese with English abstract). Name in the cited study: Kerivoula titania. Detector: Petterson D500X. Recording method: Flying (enclosure). Sex: unstated. Call type: FM Broadband. Values are a review extraction; this row is not independent corroboration of the cited study.
lopezbosch2021-s1-17,1005291,Kerivoula furva,exact,lopez-bosch-2021-china,"Table S1, spreadsheet row 17, FmaxE column",lopez-bosch-2021-china-compiled,unspecified,,,,unspecified,,China,Fujian,,,,peak_frequency,range,,113.1,115.3,kHz,,,(113.1 - 115.3),definition_unstated,China review Table S1 cites Li et al 2016 (Chinese Journal of Zoology; Chinese with English abstract). Name in the cited study: Kerivoula titania. Detector: Petterson D500X. Recording method: Flying (enclosure). Sex: unstated. Call type: FM Broadband. Values are a review extraction; this row is not independent corroboration of the cited study.
lopezbosch2021-s1-17,1005291,Kerivoula furva,exact,lopez-bosch-2021-china,"Table S1, spreadsheet row 17, start frequency column",lopez-bosch-2021-china-compiled,unspecified,,,,unspecified,,China,Fujian,,,,start_frequency,range,,202.3,224,kHz,,,(202.3 - 224),definition_unstated,China review Table S1 cites Li et al 2016 (Chinese Journal of Zoology; Chinese with English abstract). Name in the cited study: Kerivoula titania. Detector: Petterson D500X. Recording method: Flying (enclosure). Sex: unstated. Call type: FM Broadband. Values are a review extraction; this row is not independent corroboration of the cited study.
lopezbosch2021-s1-170,1004681,Rhinolophus episcopus,exact,lopez-bosch-2021-china,"Table S1, spreadsheet row 170, FmaxE column",lopez-bosch-2021-china-compiled,unspecified,,,,unspecified,,China,Hubei,,,,peak_frequency,species_summary,52.4,,,kHz,,,52.4,definition_unstated,China review Table S1 cites Liu et al 2020 (Journal of Zoological Systematics and Evolutionary Research; English). Name in the cited study: Rhinolophus episcopus. Detector: Petterson D980. Recording method: Resting. Sex: Female. Call type: FMu/CF/FMd. Values are a review extraction; this row is not independent corroboration of the cited study.
lopezbosch2021-s1-171,1004681,Rhinolophus episcopus,exact,lopez-bosch-2021-china,"Table S1, spreadsheet row 171, FmaxE column",lopez-bosch-2021-china-compiled,unspecified,,,,unspecified,,China,Hubei,,,,peak_frequency,species_summary,54.9,,,kHz,,,54.9,definition_unstated,China review Table S1 cites Liu et al 2020 (Journal of Zoological Systematics and Evolutionary Research; English). Name in the cited study: Rhinolophus episcopus. Detector: Petterson D980. Recording method: Resting. Sex: Male. Call type: FMu/CF/FMd. Values are a review extraction; this row is not independent corroboration of the cited study.
lopezbosch2021-s1-172,1004681,Rhinolophus episcopus,exact,lopez-bosch-2021-china,"Table S1, spreadsheet row 172, FmaxE column",lopez-bosch-2021-china-compiled,unspecified,,,,unspecified,,China,Unknown,,,,peak_frequency,species_summary,50.2,,,kHz,,,50.2,definition_unstated,China review Table S1 cites Liu et al 2020 (Journal of Zoological Systematics and Evolutionary Research; English). Name in the cited study: Rhinolophus episcopus. Detector: Petterson D980. Recording method: Resting. Sex: Female. Call type: FMu/CF/FMd. Values are a review extraction; this row is not independent corroboration of the cited study.
lopezbosch2021-s1-173,1004681,Rhinolophus episcopus,exact,lopez-bosch-2021-china,"Table S1, spreadsheet row 173, FmaxE column",lopez-bosch-2021-china-compiled,unspecified,,,,unspecified,,China,Macao,,,,peak_frequency,species_summary,49.25,,,kHz,,,49.25,definition_unstated,China review Table S1 cites Liu et al 2020 (Journal of Zoological Systematics and Evolutionary Research; English). Name in the cited study: Rhinolophus episcopus. Detector: Petterson D980. Recording method: Resting. Sex: Female. Call type: FMu/CF/FMd. Values are a review extraction; this row is not independent corroboration of the cited study.
lopezbosch2021-s1-174,1004681,Rhinolophus episcopus,exact,lopez-bosch-2021-china,"Table S1, spreadsheet row 174, FmaxE column",lopez-bosch-2021-china-compiled,unspecified,,,,unspecified,,China,"Jilin, Heilongjiang, Liaoning",,,,peak_frequency,species_summary,49.8,,,kHz,,,49.8,definition_unstated,China review Table S1 cites Liu et al 2020 (Journal of Zoological Systematics and Evolutionary Research; English). Name in the cited study: Rhinolophus episcopus. Detector: Petterson D980. Recording method: Resting. Sex: Male. Call type: FMu/CF/FMd. Values are a review extraction; this row is not independent corroboration of the cited study.
lopezbosch2021-s1-175,1004681,Rhinolophus episcopus,exact,lopez-bosch-2021-china,"Table S1, spreadsheet row 175, FmaxE column",lopez-bosch-2021-china-compiled,unspecified,,,,unspecified,,China,"Jilin, Heilongjiang, Liaoning",,,,peak_frequency,species_summary,49.3,,,kHz,,,49.3,definition_unstated,China review Table S1 cites Liu et al 2020 (Journal of Zoological Systematics and Evolutionary Research; English). Name in the cited study: Rhinolophus episcopus. Detector: Petterson D980. Recording method: Resting. Sex: Male. Call type: FMu/CF/FMd. Values are a review extraction; this row is not independent corroboration of the cited study.
lopezbosch2021-s1-176,1004681,Rhinolophus episcopus,exact,lopez-bosch-2021-china,"Table S1, spreadsheet row 176, FmaxE column",lopez-bosch-2021-china-compiled,unspecified,,,,unspecified,,China,Guangxi,,,,peak_frequency,species_summary,51.2,,,kHz,,,51.2,definition_unstated,China review Table S1 cites Liu et al 2020 (Journal of Zoological Systematics and Evolutionary Research; English). Name in the cited study: Rhinolophus episcopus. Detector: Petterson D980. Recording method: Resting. Sex: Male. Call type: FMu/CF/FMd. Values are a review extraction; this row is not independent corroboration of the cited study.
lopezbosch2021-s1-177,1004681,Rhinolophus episcopus,exact,lopez-bosch-2021-china,"Table S1, spreadsheet row 177, FmaxE column",lopez-bosch-2021-china-compiled,unspecified,,,,unspecified,,China,Jiangxi,,,,peak_frequency,species_summary,51.7,,,kHz,,,51.7,definition_unstated,China review Table S1 cites Liu et al 2020 (Journal of Zoological Systematics and Evolutionary Research; English). Name in the cited study: Rhinolophus episcopus. Detector: Petterson D980. Recording method: Resting. Sex: Female. Call type: FMu/CF/FMd. Values are a review extraction; this row is not independent corroboration of the cited study.
lopezbosch2021-s1-178,1004681,Rhinolophus episcopus,exact,lopez-bosch-2021-china,"Table S1, spreadsheet row 178, FmaxE column",lopez-bosch-2021-china-compiled,unspecified,,,,unspecified,,China,Jiangxi,,,,peak_frequency,species_summary,52.2,,,kHz,,,52.2,definition_unstated,China review Table S1 cites Liu et al 2020 (Journal of Zoological Systematics and Evolutionary Research; English). Name in the cited study: Rhinolophus episcopus. Detector: Petterson D980. Recording method: Resting. Sex: Female. Call type: FMu/CF/FMd. Values are a review extraction; this row is not independent corroboration of the cited study.
lopezbosch2021-s1-179,1004681,Rhinolophus episcopus,exact,lopez-bosch-2021-china,"Table S1, spreadsheet row 179, FmaxE column",lopez-bosch-2021-china-compiled,unspecified,,,,unspecified,,China,Guizhou,,,,peak_frequency,species_summary,51.85,,,kHz,,,51.85,definition_unstated,China review Table S1 cites Liu et al 2020 (Journal of Zoological Systematics and Evolutionary Research; English). Name in the cited study: Rhinolophus episcopus. Detector: Petterson D980. Recording method: Resting. Sex: Female. Call type: FMu/CF/FMd. Values are a review extraction; this row is not independent corroboration of the cited study.
lopezbosch2021-s1-18,1005337,Murina huttoni,synonym_via_mdd,lopez-bosch-2021-china,"Table S1, spreadsheet row 18, duration column",lopez-bosch-2021-china-compiled,unspecified,,,,unspecified,,China,Yunnan,,,,duration,mean,1.3,,,ms,sd,0.6,1.3 ±0.6,definition_unstated,China review Table S1 cites Zhou et al 2011 (Chinese Journal of Zoology; Chinese with English abstract). Name in the cited study: Murina hutonii. Detector: Unknown. Recording method: Flying (enclosure). Sex: unstated. Call type: FM Broadband. Values are a review extraction; this row is not independent corroboration of the cited study.
lopezbosch2021-s1-18,1005337,Murina huttoni,synonym_via_mdd,lopez-bosch-2021-china,"Table S1, spreadsheet row 18, max frequency column",lopez-bosch-2021-china-compiled,unspecified,,,,unspecified,,China,Yunnan,,,,max_frequency,mean,108.2,,,kHz,sd,12.5,108.2 ±12.5,definition_unstated,China review Table S1 cites Zhou et al 2011 (Chinese Journal of Zoology; Chinese with English abstract). Name in the cited study: Murina hutonii. Detector: Unknown. Recording method: Flying (enclosure). Sex: unstated. Call type: FM Broadband. Values are a review extraction; this row is not independent corroboration of the cited study.
lopezbosch2021-s1-18,1005337,Murina huttoni,synonym_via_mdd,lopez-bosch-2021-china,"Table S1, spreadsheet row 18, min frequency column",lopez-bosch-2021-china-compiled,unspecified,,,,unspecified,,China,Yunnan,,,,min_frequency,mean,54.9,,,kHz,sd,7.8,54.9 ±7.8,definition_unstated,China review Table S1 cites Zhou et al 2011 (Chinese Journal of Zoology; Chinese with English abstract). Name in the cited study: Murina hutonii. Detector: Unknown. Recording method: Flying (enclosure). Sex: unstated. Call type: FM Broadband. Values are a review extraction; this row is not independent corroboration of the cited study.
lopezbosch2021-s1-180,1004681,Rhinolophus episcopus,exact,lopez-bosch-2021-china,"Table S1, spreadsheet row 180, FmaxE column",lopez-bosch-2021-china-compiled,unspecified,,,,unspecified,,China,"Fujian, Zhejiang, Guizhou, Yunnan",,,,peak_frequency,species_summary,52.7,,,kHz,,,52.7,definition_unstated,China review Table S1 cites Liu et al 2020 (Journal of Zoological Systematics and Evolutionary Research; English). Name in the cited study: Rhinolophus episcopus. Detector: Petterson D980. Recording method: Resting. Sex: Female. Call type: FMu/CF/FMd. Values are a review extraction; this row is not independent corroboration of the cited study.
lopezbosch2021-s1-181,1004681,Rhinolophus episcopus,exact,lopez-bosch-2021-china,"Table S1, spreadsheet row 181, FmaxE column",lopez-bosch-2021-china-compiled,unspecified,,,,unspecified,,China,"Fujian, Guangdong, Guangxi",,,,peak_frequency,species_summary,62,,,kHz,,,62,definition_unstated,China review Table S1 cites Liu et al 2020 (Journal of Zoological Systematics and Evolutionary Research; English). Name in the cited study: Rhinolophus episcopus. Detector: Petterson D980. Recording method: Resting. Sex: Female. Call type: FMu/CF/FMd. Values are a review extraction; this row is not independent corroboration of the cited study.
lopezbosch2021-s1-182,1004681,Rhinolophus episcopus,exact,lopez-bosch-2021-china,"Table S1, spreadsheet row 182, FmaxE column",lopez-bosch-2021-china-compiled,unspecified,,,,unspecified,,China,"Anhui, Fujian, Guangdong, Guangxi, Guizhou, Henan, Sichuan, Yunnan",,,,peak_frequency,species_summary,61.5,,,kHz,,,61.5,definition_unstated,China review Table S1 cites Liu et al 2020 (Journal of Zoological Systematics and Evolutionary Research; English). Name in the cited study: Rhinolophus episcopus. Detector: Petterson D980. Recording method: Resting. Sex: Female. Call type: FMu/CF/FMd. Values are a review extraction; this row is not independent corroboration of the cited study.
lopezbosch2021-s1-183,1004681,Rhinolophus episcopus,exact,lopez-bosch-2021-china,"Table S1, spreadsheet row 183, FmaxE column",lopez-bosch-2021-china-compiled,unspecified,,,,unspecified,,China,Guangdong,,,,peak_frequency,species_summary,62.9,,,kHz,,,62.9,definition_unstated,China review Table S1 cites Liu et al 2020 (Journal of Zoological Systematics and Evolutionary Research; English). Name in the cited study: Rhinolophus episcopus. Detector: Petterson D980. Recording method: Resting. Sex: Female. Call type: FMu/CF/FMd. Values are a review extraction; this row is not independent corroboration of the cited study.
lopezbosch2021-s1-184,1004681,Rhinolophus episcopus,exact,lopez-bosch-2021-china,"Table S1, spreadsheet row 184, FmaxE column",lopez-bosch-2021-china-compiled,unspecified,,,,unspecified,,China,"Fujian, Zhejiang, Guizhou, Yunnan",,,,peak_frequency,species_summary,61.8,,,kHz,,,61.8,definition_unstated,China review Table S1 cites Liu et al 2020 (Journal of Zoological Systematics and Evolutionary Research; English). Name in the cited study: Rhinolophus episcopus. Detector: Petterson D980. Recording method: Resting. Sex: Male. Call type: FMu/CF/FMd. Values are a review extraction; this row is not independent corroboration of the cited study.
lopezbosch2021-s1-185,1004681,Rhinolophus episcopus,exact,lopez-bosch-2021-china,"Table S1, spreadsheet row 185, FmaxE column",lopez-bosch-2021-china-compiled,unspecified,,,,unspecified,,China,"Fujian, Guangdong, Guangxi",,,,peak_frequency,species_summary,61.5,,,kHz,,,61.5,definition_unstated,China review Table S1 cites Liu et al 2020 (Journal of Zoological Systematics and Evolutionary Research; English). Name in the cited study: Rhinolophus episcopus. Detector: Petterson D980. Recording method: Resting. Sex: Male. Call type: FMu/CF/FMd. Values are a review extraction; this row is not independent corroboration of the cited study.
lopezbosch2021-s1-186,1004681,Rhinolophus episcopus,exact,lopez-bosch-2021-china,"Table S1, spreadsheet row 186, FmaxE column",lopez-bosch-2021-china-compiled,unspecified,,,,unspecified,,China,"Fujian, Guangdong, Guangxi, Henan, Sichuan, Yunnan",,,,peak_frequency,species_summary,62.2,,,kHz,,,62.2,definition_unstated,China review Table S1 cites Liu et al 2020 (Journal of Zoological Systematics and Evolutionary Research; English). Name in the cited study: Rhinolophus episcopus. Detector: Petterson D980. Recording method: Resting. Sex: Female. Call type: FMu/CF/FMd. Values are a review extraction; this row is not independent corroboration of the cited study.
lopezbosch2021-s1-187,1004681,Rhinolophus episcopus,exact,lopez-bosch-2021-china,"Table S1, spreadsheet row 187, FmaxE column",lopez-bosch-2021-china-compiled,unspecified,,,,unspecified,,China,Yunnan,,,,peak_frequency,species_summary,55.6,,,kHz,,,55.6,definition_unstated,China review Table S1 cites Liu et al 2020 (Journal of Zoological Systematics and Evolutionary Research; English). Name in the cited study: Rhinolophus episcopus. Detector: Petterson D980. Recording method: Resting. Sex: Male. Call type: FMu/CF/FMd. Values are a review extraction; this row is not independent corroboration of the cited study.
lopezbosch2021-s1-188,1004681,Rhinolophus episcopus,exact,lopez-bosch-2021-china,"Table S1, spreadsheet row 188, FmaxE column",lopez-bosch-2021-china-compiled,unspecified,,,,unspecified,,China,Guizhou,,,,peak_frequency,species_summary,56.3,,,kHz,,,56.3,definition_unstated,China review Table S1 cites Liu et al 2020 (Journal of Zoological Systematics and Evolutionary Research; English). Name in the cited study: Rhinolophus episcopus. Detector: Petterson D980. Recording method: Resting. Sex: Male. Call type: FMu/CF/FMd. Values are a review extraction; this row is not independent corroboration of the cited study.
lopezbosch2021-s1-189,1004681,Rhinolophus episcopus,exact,lopez-bosch-2021-china,"Table S1, spreadsheet row 189, FmaxE column",lopez-bosch-2021-china-compiled,unspecified,,,,unspecified,,China,Yunnan,,,,peak_frequency,species_summary,56.62,,,kHz,,,56.62,definition_unstated,China review Table S1 cites Liu et al 2020 (Journal of Zoological Systematics and Evolutionary Research; English). Name in the cited study: Rhinolophus episcopus. Detector: Petterson D980. Recording method: Resting. Sex: Male. Call type: FMu/CF/FMd. Values are a review extraction; this row is not independent corroboration of the cited study.
lopezbosch2021-s1-19,1005341,Murina leucogaster,exact,lopez-bosch-2021-china,"Table S1, spreadsheet row 19, duration column",lopez-bosch-2021-china-compiled,unspecified,,,,unspecified,,China,"Guangxi, Jiangxi",,,,duration,mean,3.0,,,ms,sd,1.3,3.0 ±1.3,definition_unstated,China review Table S1 cites Zhang et al 1999 (Acta Zoologica Sinica; Chinese with English abstract). Name in the cited study: Murina leucogaster. Detector: Ultra Sound Advice U30. Recording method: Flying (enclosure). Sex: unstated. Call type: FM Broadband. Values are a review extraction; this row is not independent corroboration of the cited study.
lopezbosch2021-s1-19,1005341,Murina leucogaster,exact,lopez-bosch-2021-china,"Table S1, spreadsheet row 19, max frequency column",lopez-bosch-2021-china-compiled,unspecified,,,,unspecified,,China,"Guangxi, Jiangxi",,,,max_frequency,species_summary,25,,,kHz,,,25,definition_unstated,China review Table S1 cites Zhang et al 1999 (Acta Zoologica Sinica; Chinese with English abstract). Name in the cited study: Murina leucogaster. Detector: Ultra Sound Advice U30. Recording method: Flying (enclosure). Sex: unstated. Call type: FM Broadband. Values are a review extraction; this row is not independent corroboration of the cited study.
lopezbosch2021-s1-19,1005341,Murina leucogaster,exact,lopez-bosch-2021-china,"Table S1, spreadsheet row 19, min frequency column",lopez-bosch-2021-china-compiled,unspecified,,,,unspecified,,China,"Guangxi, Jiangxi",,,,min_frequency,species_summary,135,,,kHz,,,135,definition_unstated,China review Table S1 cites Zhang et al 1999 (Acta Zoologica Sinica; Chinese with English abstract). Name in the cited study: Murina leucogaster. Detector: Ultra Sound Advice U30. Recording method: Flying (enclosure). Sex: unstated. Call type: FM Broadband. Values are a review extraction; this row is not independent corroboration of the cited study.
lopezbosch2021-s1-190,1004681,Rhinolophus episcopus,exact,lopez-bosch-2021-china,"Table S1, spreadsheet row 190, FmaxE column",lopez-bosch-2021-china-compiled,unspecified,,,,unspecified,,China,Unknown,,,,peak_frequency,species_summary,56.7,,,kHz,,,56.7,definition_unstated,China review Table S1 cites Liu et al 2020 (Journal of Zoological Systematics and Evolutionary Research; English). Name in the cited study: Rhinolophus episcopus. Detector: Petterson D980. Recording method: Resting. Sex: Male. Call type: FMu/CF/FMd. Values are a review extraction; this row is not independent corroboration of the cited study.
lopezbosch2021-s1-191,1004681,Rhinolophus episcopus,exact,lopez-bosch-2021-china,"Table S1, spreadsheet row 191, FmaxE column",lopez-bosch-2021-china-compiled,unspecified,,,,unspecified,,China,Jiangxi,,,,peak_frequency,species_summary,56.94,,,kHz,,,56.94,definition_unstated,China review Table S1 cites Liu et al 2020 (Journal of Zoological Systematics and Evolutionary Research; English). Name in the cited study: Rhinolophus episcopus. Detector: Petterson D980. Recording method: Resting. Sex: Male. Call type: FMu/CF/FMd. Values are a review extraction; this row is not independent corroboration of the cited study.
lopezbosch2021-s1-192,1004681,Rhinolophus episcopus,exact,lopez-bosch-2021-china,"Table S1, spreadsheet row 192, FmaxE column",lopez-bosch-2021-china-compiled,unspecified,,,,unspecified,,China,Chongqing,,,,peak_frequency,species_summary,57.1,,,kHz,,,57.1,definition_unstated,China review Table S1 cites Liu et al 2020 (Journal of Zoological Systematics and Evolutionary Research; English). Name in the cited study: Rhinolophus episcopus. Detector: Petterson D980. Recording method: Resting. Sex: Male. Call type: FMu/CF/FMd. Values are a review extraction; this row is not independent corroboration of the cited study.
lopezbosch2021-s1-193,1004681,Rhinolophus episcopus,exact,lopez-bosch-2021-china,"Table S1, spreadsheet row 193, FmaxE column",lopez-bosch-2021-china-compiled,unspecified,,,,unspecified,,China,Chongqing,,,,peak_frequency,species_summary,57.24,,,kHz,,,57.24,definition_unstated,China review Table S1 cites Liu et al 2020 (Journal of Zoological Systematics and Evolutionary Research; English). Name in the cited study: Rhinolophus episcopus. Detector: Petterson D980. Recording method: Resting. Sex: Male. Call type: FMu/CF/FMd. Values are a review extraction; this row is not independent corroboration of the cited study.
lopezbosch2021-s1-194,1004681,Rhinolophus episcopus,exact,lopez-bosch-2021-china,"Table S1, spreadsheet row 194, FmaxE column",lopez-bosch-2021-china-compiled,unspecified,,,,unspecified,,China,Chongqing,,,,peak_frequency,species_summary,57.24,,,kHz,,,57.24,definition_unstated,China review Table S1 cites Liu et al 2020 (Journal of Zoological Systematics and Evolutionary Research; English). Name in the cited study: Rhinolophus episcopus. Detector: Petterson D980. Recording method: Resting. Sex: Female. Call type: FMu/CF/FMd. Values are a review extraction; this row is not independent corroboration of the cited study.
lopezbosch2021-s1-195,1004681,Rhinolophus episcopus,exact,lopez-bosch-2021-china,"Table S1, spreadsheet row 195, FmaxE column",lopez-bosch-2021-china-compiled,unspecified,,,,unspecified,,China,Chongqing,,,,peak_frequency,species_summary,57.31,,,kHz,,,57.31,definition_unstated,China review Table S1 cites Liu et al 2020 (Journal of Zoological Systematics and Evolutionary Research; English). Name in the cited study: Rhinolophus episcopus. Detector: Petterson D980. Recording method: Resting. Sex: Male. Call type: FMu/CF/FMd. Values are a review extraction; this row is not independent corroboration of the cited study.
lopezbosch2021-s1-196,1004681,Rhinolophus episcopus,exact,lopez-bosch-2021-china,"Table S1, spreadsheet row 196, FmaxE column",lopez-bosch-2021-china-compiled,unspecified,,,,unspecified,,China,Chongqing,,,,peak_frequency,species_summary,57.38,,,kHz,,,57.38,definition_unstated,China review Table S1 cites Liu et al 2020 (Journal of Zoological Systematics and Evolutionary Research; English). Name in the cited study: Rhinolophus episcopus. Detector: Petterson D980. Recording method: Resting. Sex: Male. Call type: FMu/CF/FMd. Values are a review extraction; this row is not independent corroboration of the cited study.
lopezbosch2021-s1-197,1004681,Rhinolophus episcopus,exact,lopez-bosch-2021-china,"Table S1, spreadsheet row 197, FmaxE column",lopez-bosch-2021-china-compiled,unspecified,,,,unspecified,,China,Chongqing,,,,peak_frequency,species_summary,57.8,,,kHz,,,57.8,definition_unstated,China review Table S1 cites Liu et al 2020 (Journal of Zoological Systematics and Evolutionary Research; English). Name in the cited study: Rhinolophus episcopus. Detector: Petterson D980. Recording method: Resting. Sex: Male. Call type: FMu/CF/FMd. Values are a review extraction; this row is not independent corroboration of the cited study.
lopezbosch2021-s1-198,1004681,Rhinolophus episcopus,exact,lopez-bosch-2021-china,"Table S1, spreadsheet row 198, FmaxE column",lopez-bosch-2021-china-compiled,unspecified,,,,unspecified,,China,Chongqing,,,,peak_frequency,species_summary,57.8,,,kHz,,,57.8,definition_unstated,China review Table S1 cites Liu et al 2020 (Journal of Zoological Systematics and Evolutionary Research; English). Name in the cited study: Rhinolophus episcopus. Detector: Petterson D980. Recording method: Resting. Sex: Female. Call type: FMu/CF/FMd. Values are a review extraction; this row is not independent corroboration of the cited study.
lopezbosch2021-s1-199,1004681,Rhinolophus episcopus,exact,lopez-bosch-2021-china,"Table S1, spreadsheet row 199, FmaxE column",lopez-bosch-2021-china-compiled,unspecified,,,,unspecified,,China,Chongqing,,,,peak_frequency,species_summary,58.36,,,kHz,,,58.36,definition_unstated,China review Table S1 cites Liu et al 2020 (Journal of Zoological Systematics and Evolutionary Research; English). Name in the cited study: Rhinolophus episcopus. Detector: Petterson D980. Recording method: Resting. Sex: Female. Call type: FMu/CF/FMd. Values are a review extraction; this row is not independent corroboration of the cited study.
lopezbosch2021-s1-20,1005341,Murina leucogaster,exact,lopez-bosch-2021-china,"Table S1, spreadsheet row 20, bandwidth column",lopez-bosch-2021-china-compiled,unspecified,,,,unspecified,,China,"Guangxi, Jiangxi",,,,bandwidth,mean,70.19,,,kHz,sd,8.87,70.19 ±8.87,definition_unstated,China review Table S1 cites Ma et al 2008 (Ecological Research; English). Name in the cited study: Murina leucogaster. Detector: Petterson D980. Recording method: Flying (enclosure). Sex: unstated. Call type: FM Broadband. Values are a review extraction; this row is not independent corroboration of the cited study.
lopezbosch2021-s1-20,1005341,Murina leucogaster,exact,lopez-bosch-2021-china,"Table S1, spreadsheet row 20, duration column",lopez-bosch-2021-china-compiled,unspecified,,,,unspecified,,China,"Guangxi, Jiangxi",,,,duration,mean,4.1,,,ms,sd,0.4,4.1 ±0.4,definition_unstated,China review Table S1 cites Ma et al 2008 (Ecological Research; English). Name in the cited study: Murina leucogaster. Detector: Petterson D980. Recording method: Flying (enclosure). Sex: unstated. Call type: FM Broadband. Values are a review extraction; this row is not independent corroboration of the cited study.
lopezbosch2021-s1-20,1005341,Murina leucogaster,exact,lopez-bosch-2021-china,"Table S1, spreadsheet row 20, end frequency column",lopez-bosch-2021-china-compiled,unspecified,,,,unspecified,,China,"Guangxi, Jiangxi",,,,end_frequency,mean,34.88,,,kHz,sd,8.20,34.88 ±8.20,definition_unstated,China review Table S1 cites Ma et al 2008 (Ecological Research; English). Name in the cited study: Murina leucogaster. Detector: Petterson D980. Recording method: Flying (enclosure). Sex: unstated. Call type: FM Broadband. Values are a review extraction; this row is not independent corroboration of the cited study.
lopezbosch2021-s1-20,1005341,Murina leucogaster,exact,lopez-bosch-2021-china,"Table S1, spreadsheet row 20, FmaxE column",lopez-bosch-2021-china-compiled,unspecified,,,,unspecified,,China,"Guangxi, Jiangxi",,,,peak_frequency,mean,88.8,,,kHz,sd,1.09,88.8 ±1.09,definition_unstated,China review Table S1 cites Ma et al 2008 (Ecological Research; English). Name in the cited study: Murina leucogaster. Detector: Petterson D980. Recording method: Flying (enclosure). Sex: unstated. Call type: FM Broadband. Values are a review extraction; this row is not independent corroboration of the cited study.
lopezbosch2021-s1-20,1005341,Murina leucogaster,exact,lopez-bosch-2021-china,"Table S1, spreadsheet row 20, start frequency column",lopez-bosch-2021-china-compiled,unspecified,,,,unspecified,,China,"Guangxi, Jiangxi",,,,start_frequency,mean,104.10,,,kHz,sd,5.94,104.10 ±5.94,definition_unstated,China review Table S1 cites Ma et al 2008 (Ecological Research; English). Name in the cited study: Murina leucogaster. Detector: Petterson D980. Recording method: Flying (enclosure). Sex: unstated. Call type: FM Broadband. Values are a review extraction; this row is not independent corroboration of the cited study.
lopezbosch2021-s1-200,1004681,Rhinolophus episcopus,exact,lopez-bosch-2021-china,"Table S1, spreadsheet row 200, FmaxE column",lopez-bosch-2021-china-compiled,unspecified,,,,unspecified,,China,Chongqing,,,,peak_frequency,species_summary,58.5,,,kHz,,,58.5,definition_unstated,China review Table S1 cites Liu et al 2020 (Journal of Zoological Systematics and Evolutionary Research; English). Name in the cited study: Rhinolophus episcopus. Detector: Petterson D980. Recording method: Resting. Sex: Male. Call type: FMu/CF/FMd. Values are a review extraction; this row is not independent corroboration of the cited study.
lopezbosch2021-s1-201,1004681,Rhinolophus episcopus,exact,lopez-bosch-2021-china,"Table S1, spreadsheet row 201, FmaxE column",lopez-bosch-2021-china-compiled,unspecified,,,,unspecified,,China,Jiangxi,,,,peak_frequency,species_summary,58.5,,,kHz,,,58.5,definition_unstated,China review Table S1 cites Liu et al 2020 (Journal of Zoological Systematics and Evolutionary Research; English). Name in the cited study: Rhinolophus episcopus. Detector: Petterson D980. Recording method: Resting. Sex: Female. Call type: FMu/CF/FMd. Values are a review extraction; this row is not independent corroboration of the cited study.
lopezbosch2021-s1-202,1004681,Rhinolophus episcopus,exact,lopez-bosch-2021-china,"Table S1, spreadsheet row 202, FmaxE column",lopez-bosch-2021-china-compiled,unspecified,,,,unspecified,,China,Jiangxi,,,,peak_frequency,species_summary,58.59,,,kHz,,,58.59,definition_unstated,China review Table S1 cites Liu et al 2020 (Journal of Zoological Systematics and Evolutionary Research; English). Name in the cited study: Rhinolophus episcopus. Detector: Petterson D980. Recording method: Resting. Sex: Male. Call type: FMu/CF/FMd. Values are a review extraction; this row is not independent corroboration of the cited study.
lopezbosch2021-s1-203,1004681,Rhinolophus episcopus,exact,lopez-bosch-2021-china,"Table S1, spreadsheet row 203, FmaxE column",lopez-bosch-2021-china-compiled,unspecified,,,,unspecified,,China,Jiangxi,,,,peak_frequency,species_summary,59.3,,,kHz,,,59.3,definition_unstated,China review Table S1 cites Liu et al 2020 (Journal of Zoological Systematics and Evolutionary Research; English). Name in the cited study: Rhinolophus episcopus. Detector: Petterson D980. Recording method: Resting. Sex: Female. Call type: FMu/CF/FMd. Values are a review extraction; this row is not independent corroboration of the cited study.
lopezbosch2021-s1-204,1004681,Rhinolophus episcopus,exact,lopez-bosch-2021-china,"Table S1, spreadsheet row 204, FmaxE column",lopez-bosch-2021-china-compiled,unspecified,,,,unspecified,,China,Jiangxi,,,,peak_frequency,species_summary,59.3,,,kHz,,,59.3,definition_unstated,China review Table S1 cites Liu et al 2020 (Journal of Zoological Systematics and Evolutionary Research; English). Name in the cited study: Rhinolophus episcopus. Detector: Petterson D980. Recording method: Resting. Sex: Male. Call type: FMu/CF/FMd. Values are a review extraction; this row is not independent corroboration of the cited study.
lopezbosch2021-s1-205,1004681,Rhinolophus episcopus,exact,lopez-bosch-2021-china,"Table S1, spreadsheet row 205, FmaxE column",lopez-bosch-2021-china-compiled,unspecified,,,,unspecified,,China,Jiangxi,,,,peak_frequency,mean,48.8,,,kHz,sd,0.6,48.8 ±0.6,definition_unstated,China review Table S1 cites Sun et al 2008a (Acta Chiropterologica; English). Name in the cited study: Rhinolophus macrotis. Detector: Petterson D980. Recording method: Flying (enclosure). Sex: unstated. Call type: FMu/CF/FMd. Values are a review extraction; this row is not independent corroboration of the cited study.
lopezbosch2021-s1-206,1004681,Rhinolophus episcopus,exact,lopez-bosch-2021-china,"Table S1, spreadsheet row 206, duration column",lopez-bosch-2021-china-compiled,unspecified,,,,unspecified,,China,Hunan,,,,duration,mean,28.51,,,ms,sd,6.67,28.51 ±6.67,definition_unstated,"China review Table S1 cites Shi 2010 (Master thesis, NE Normal University; Chinese with English abstract). Name in the cited study: Rhinolophus macrotis. Detector: Petterson D980. Recording method: Hand-held. Sex: unstated. Call type: FMu/CF/FMd. Values are a review extraction; this row is not independent corroboration of the cited study."
lopezbosch2021-s1-206,1004681,Rhinolophus episcopus,exact,lopez-bosch-2021-china,"Table S1, spreadsheet row 206, FmaxE column",lopez-bosch-2021-china-compiled,unspecified,,,,unspecified,,China,Hunan,,,,peak_frequency,mean,57.32,,,kHz,sd,0.61,57.32 ±0.61,definition_unstated,"China review Table S1 cites Shi 2010 (Master thesis, NE Normal University; Chinese with English abstract). Name in the cited study: Rhinolophus macrotis. Detector: Petterson D980. Recording method: Hand-held. Sex: unstated. Call type: FMu/CF/FMd. Values are a review extraction; this row is not independent corroboration of the cited study."
lopezbosch2021-s1-207,1004684,Rhinolophus ferrumequinum,exact,lopez-bosch-2021-china,"Table S1, spreadsheet row 207, FmaxE column",lopez-bosch-2021-china-compiled,unspecified,,,,free_flying_wild,,China,Hunan,,,,peak_frequency,species_summary,69,,,kHz,,,69,definition_unstated,China review Table S1 cites Wang et al 2010a (Mammalia; English). Name in the cited study: Rhinolophus ferrumequinum. Detector: Avisoft UltraSoundGate 116. Recording method: Free-flying. Sex: unstated. Call type: FMu/CF/FMd. Values are a review extraction; this row is not independent corroboration of the cited study.
lopezbosch2021-s1-208,1004684,Rhinolophus ferrumequinum,exact,lopez-bosch-2021-china,"Table S1, spreadsheet row 208, FmaxE column",lopez-bosch-2021-china-compiled,unspecified,,,,unspecified,,China,Hunan,,,,peak_frequency,species_summary,76.099999999999895,,,kHz,,,76.099999999999895,definition_unstated,China review Table S1 cites Sun et al 2013 (PLOS ONE; English). Name in the cited study: Rhinolophus ferrumequinum. Detector: Petterson D980. Recording method: Hand-held. Sex: Male. Call type: FMu/CF/FMd. Values are a review extraction; this row is not independent corroboration of the cited study.
lopezbosch2021-s1-209,1004684,Rhinolophus ferrumequinum,exact,lopez-bosch-2021-china,"Table S1, spreadsheet row 209, FmaxE column",lopez-bosch-2021-china-compiled,unspecified,,,,unspecified,,China,Hunan,,,,peak_frequency,species_summary,78,,,kHz,,,78,definition_unstated,China review Table S1 cites Feng et al 2012 (PLOS ONE; English). Name in the cited study: Rhinolophus ferrumequinum nippon. Detector: 1/8'' Brüel & Kjær 4138-A-015. Recording method: Hand-held. Sex: unstated. Call type: FMu/CF/FMd. Values are a review extraction; this row is not independent corroboration of the cited study.
lopezbosch2021-s1-21,1005341,Murina leucogaster,exact,lopez-bosch-2021-china,"Table S1, spreadsheet row 21, bandwidth column",lopez-bosch-2021-china-compiled,unspecified,,,,unspecified,,China,"Guangxi, Jiangxi",,,,bandwidth,mean,45.1,,,kHz,sd,10.7,45.1 ±10.7,definition_unstated,China review Table S1 cites Ma et al 2004 (Acta Theoriologica Sinica; Chinese with English abstract). Name in the cited study: Murina leucogaster. Detector: Petterson D980. Recording method: Flying (enclosure). Sex: unstated. Call type: FM Broadband. Values are a review extraction; this row is not independent corroboration of the cited study.
lopezbosch2021-s1-21,1005341,Murina leucogaster,exact,lopez-bosch-2021-china,"Table S1, spreadsheet row 21, duration column",lopez-bosch-2021-china-compiled,unspecified,,,,unspecified,,China,"Guangxi, Jiangxi",,,,duration,mean,4.01,,,ms,sd,0.24,4.01 ±0.24,definition_unstated,China review Table S1 cites Ma et al 2004 (Acta Theoriologica Sinica; Chinese with English abstract). Name in the cited study: Murina leucogaster. Detector: Petterson D980. Recording method: Flying (enclosure). Sex: unstated. Call type: FM Broadband. Values are a review extraction; this row is not independent corroboration of the cited study.
lopezbosch2021-s1-21,1005341,Murina leucogaster,exact,lopez-bosch-2021-china,"Table S1, spreadsheet row 21, FmaxE column",lopez-bosch-2021-china-compiled,unspecified,,,,unspecified,,China,"Guangxi, Jiangxi",,,,peak_frequency,mean,59.47,,,kHz,sd,1.5,59.47 ±1.5,definition_unstated,China review Table S1 cites Ma et al 2004 (Acta Theoriologica Sinica; Chinese with English abstract). Name in the cited study: Murina leucogaster. Detector: Petterson D980. Recording method: Flying (enclosure). Sex: unstated. Call type: FM Broadband. Values are a review extraction; this row is not independent corroboration of the cited study.
lopezbosch2021-s1-210,1004684,Rhinolophus ferrumequinum,exact,lopez-bosch-2021-china,"Table S1, spreadsheet row 210, duration column",lopez-bosch-2021-china-compiled,unspecified,,,,unspecified,,China,Hunan,,,,duration,mean,33.67,,,ms,sd,7.14,33.67 ±7.14,definition_unstated,China review Table S1 cites He et al 2015 (PLOS ONE; English). Name in the cited study: Rhinolophus ferrumequinum nippon. Detector: MEMS microphone. Recording method: Unknown. Sex: unstated. Call type: FMu/CF/FMd. Values are a review extraction; this row is not independent corroboration of the cited study.
lopezbosch2021-s1-210,1004684,Rhinolophus ferrumequinum,exact,lopez-bosch-2021-china,"Table S1, spreadsheet row 210, FmaxE column",lopez-bosch-2021-china-compiled,unspecified,,,,unspecified,,China,Hunan,,,,peak_frequency,range,,60,78,kHz,,,(60 - 78),definition_unstated,China review Table S1 cites He et al 2015 (PLOS ONE; English). Name in the cited study: Rhinolophus ferrumequinum nippon. Detector: MEMS microphone. Recording method: Unknown. Sex: unstated. Call type: FMu/CF/FMd. Values are a review extraction; this row is not independent corroboration of the cited study.
lopezbosch2021-s1-211,1004684,Rhinolophus ferrumequinum,exact,lopez-bosch-2021-china,"Table S1, spreadsheet row 211, FmaxE column",lopez-bosch-2021-china-compiled,unspecified,,,,unspecified,,China,Hunan,,,,peak_frequency,range,,60,80,kHz,,,(60 - 80),definition_unstated,China review Table S1 cites Gupta et al 2015 (Acoustical Society of America; English). Name in the cited study: Rhinolophus ferrumequinum nippon. Detector: Unknown. Recording method: Unknown. Sex: unstated. Call type: FMu/CF/FMd. Values are a review extraction; this row is not independent corroboration of the cited study.
lopezbosch2021-s1-212,1004684,Rhinolophus ferrumequinum,exact,lopez-bosch-2021-china,"Table S1, spreadsheet row 212, FmaxE column",lopez-bosch-2021-china-compiled,unspecified,,,,unspecified,,China,Hunan,,,,peak_frequency,range,,67.15,69.92,kHz,,,(67.15 - 69.92),definition_unstated,China review Table S1 cites Jiang et al 2017 (Physiology and Behaviour; English). Name in the cited study: Rhinolophus ferrumequinum. Detector: Avisoft UltraSoundGate 116. Recording method: Hand-held. Sex: unstated. Call type: FMu/CF/FMd. Values are a review extraction; this row is not independent corroboration of the cited study.
lopezbosch2021-s1-213,1004684,Rhinolophus ferrumequinum,exact,lopez-bosch-2021-china,"Table S1, spreadsheet row 213, FmaxE column",lopez-bosch-2021-china-compiled,unspecified,,,,unspecified,,China,Hunan,,,,peak_frequency,range,,68.54,69.34,kHz,,,(68.54 - 69.34),definition_unstated,China review Table S1 cites Sun et al 2013 (PLOS ONE; English). Name in the cited study: Rhinolophus ferrumequinum. Detector: Petterson D980. Recording method: Hand-held. Sex: Male. Call type: FMu/CF/FMd. Values are a review extraction; this row is not independent corroboration of the cited study.
lopezbosch2021-s1-214,1004684,Rhinolophus ferrumequinum,exact,lopez-bosch-2021-china,"Table S1, spreadsheet row 214, FmaxE column",lopez-bosch-2021-china-compiled,unspecified,,,,unspecified,,China,Hunan,,,,peak_frequency,range,,68.68,69.78,kHz,,,(68.68 - 69.78),definition_unstated,China review Table S1 cites Sun et al 2013 (PLOS ONE; English). Name in the cited study: Rhinolophus ferrumequinum. Detector: Petterson D980. Recording method: Hand-held. Sex: Female. Call type: FMu/CF/FMd. Values are a review extraction; this row is not independent corroboration of the cited study.
lopezbosch2021-s1-215,1004684,Rhinolophus ferrumequinum,exact,lopez-bosch-2021-china,"Table S1, spreadsheet row 215, FmaxE column",lopez-bosch-2021-china-compiled,unspecified,,,,unspecified,,China,Hunan,,,,peak_frequency,range,,72.0,83.5,kHz,,,(72.0 - 83.5),definition_unstated,China review Table S1 cites Zhang et al 2009 (Acta Chiropterologica; English). Name in the cited study: Rhinolophus ferrumequinum. Detector: Petterson D980. Recording method: Hand-held. Sex: unstated. Call type: FMu/CF/FMd. Values are a review extraction; this row is not independent corroboration of the cited study.
lopezbosch2021-s1-216,1004684,Rhinolophus ferrumequinum,exact,lopez-bosch-2021-china,"Table S1, spreadsheet row 216, FmaxE column",lopez-bosch-2021-china-compiled,unspecified,,,,unspecified,,China,Hunan,,,,peak_frequency,range,,72.38,75.47,kHz,,,(72.38 - 75.47),definition_unstated,China review Table S1 cites Sun et al 2013 (PLOS ONE; English). Name in the cited study: Rhinolophus ferrumequinum. Detector: Petterson D980. Recording method: Hand-held. Sex: Male. Call type: FMu/CF/FMd. Values are a review extraction; this row is not independent corroboration of the cited study.
lopezbosch2021-s1-217,1004684,Rhinolophus ferrumequinum,exact,lopez-bosch-2021-china,"Table S1, spreadsheet row 217, FmaxE column",lopez-bosch-2021-china-compiled,unspecified,,,,unspecified,,China,Hunan,,,,peak_frequency,range,,72.77,72.89,kHz,,,(72.77 - 72.89),definition_unstated,China review Table S1 cites Sun et al 2013 (PLOS ONE; English). Name in the cited study: Rhinolophus ferrumequinum. Detector: Petterson D980. Recording method: Hand-held. Sex: Male. Call type: FMu/CF/FMd. Values are a review extraction; this row is not independent corroboration of the cited study.
lopezbosch2021-s1-218,1004684,Rhinolophus ferrumequinum,exact,lopez-bosch-2021-china,"Table S1, spreadsheet row 218, FmaxE column",lopez-bosch-2021-china-compiled,unspecified,,,,unspecified,,China,Hunan,,,,peak_frequency,range,,73.79,75.67,kHz,,,(73.79 - 75.67),definition_unstated,China review Table S1 cites Sun et al 2013 (PLOS ONE; English). Name in the cited study: Rhinolophus ferrumequinum. Detector: Petterson D980. Recording method: Hand-held. Sex: Female. Call type: FMu/CF/FMd. Values are a review extraction; this row is not independent corroboration of the cited study.
lopezbosch2021-s1-219,1004684,Rhinolophus ferrumequinum,exact,lopez-bosch-2021-china,"Table S1, spreadsheet row 219, duration column",lopez-bosch-2021-china-compiled,unspecified,,,,free_flying_wild,,China,Hunan,,,,duration,mean,67.23,,,ms,sd,7.04,67.23 ±7.04,definition_unstated,China review Table S1 cites Xu et al 2008 (Acta Ecologica Sinica; English). Name in the cited study: Rhinolophus ferrumequinum. Detector: Avisoft UltraSoundGate 116. Recording method: Free-flying. Sex: unstated. Call type: FMu/CF/FMd. Values are a review extraction; this row is not independent corroboration of the cited study.
lopezbosch2021-s1-219,1004684,Rhinolophus ferrumequinum,exact,lopez-bosch-2021-china,"Table S1, spreadsheet row 219, end frequency column",lopez-bosch-2021-china-compiled,unspecified,,,,free_flying_wild,,China,Hunan,,,,end_frequency,mean,61.49,,,kHz,sd,2.49,61.49 ±2.49,definition_unstated,China review Table S1 cites Xu et al 2008 (Acta Ecologica Sinica; English). Name in the cited study: Rhinolophus ferrumequinum. Detector: Avisoft UltraSoundGate 116. Recording method: Free-flying. Sex: unstated. Call type: FMu/CF/FMd. Values are a review extraction; this row is not independent corroboration of the cited study.
lopezbosch2021-s1-219,1004684,Rhinolophus ferrumequinum,exact,lopez-bosch-2021-china,"Table S1, spreadsheet row 219, FmaxE column",lopez-bosch-2021-china-compiled,unspecified,,,,free_flying_wild,,China,Hunan,,,,peak_frequency,mean,66.34,,,kHz,sd,0.92,66.34 ±0.92,definition_unstated,China review Table S1 cites Xu et al 2008 (Acta Ecologica Sinica; English). Name in the cited study: Rhinolophus ferrumequinum. Detector: Avisoft UltraSoundGate 116. Recording method: Free-flying. Sex: unstated. Call type: FMu/CF/FMd. Values are a review extraction; this row is not independent corroboration of the cited study.
lopezbosch2021-s1-219,1004684,Rhinolophus ferrumequinum,exact,lopez-bosch-2021-china,"Table S1, spreadsheet row 219, start frequency column",lopez-bosch-2021-china-compiled,unspecified,,,,free_flying_wild,,China,Hunan,,,,start_frequency,mean,59.49,,,kHz,sd,2.37,59.49 ±2.37,definition_unstated,China review Table S1 cites Xu et al 2008 (Acta Ecologica Sinica; English). Name in the cited study: Rhinolophus ferrumequinum. Detector: Avisoft UltraSoundGate 116. Recording method: Free-flying. Sex: unstated. Call type: FMu/CF/FMd. Values are a review extraction; this row is not independent corroboration of the cited study.
lopezbosch2021-s1-22,1005341,Murina leucogaster,exact,lopez-bosch-2021-china,"Table S1, spreadsheet row 22, duration column",lopez-bosch-2021-china-compiled,unspecified,,,,unspecified,,China,"Guangxi, Jiangxi",,,,duration,mean,2,,,ms,sd,1,2 .1 ±0 .4,definition_unstated,China review Table S1 cites Sun et al 2003 (Journal of Northeast Normal University (Natural Science Edition); Chinese with English abstract). Name in the cited study: Murina leucogaster. Detector: Unknown. Recording method: Flying (enclosure). Sex: unstated. Call type: FM Broadband. Values are a review extraction; this row is not independent corroboration of the cited study.
lopezbosch2021-s1-22,1005341,Murina leucogaster,exact,lopez-bosch-2021-china,"Table S1, spreadsheet row 22, end frequency column",lopez-bosch-2021-china-compiled,unspecified,,,,unspecified,,China,"Guangxi, Jiangxi",,,,end_frequency,mean,46.3,,,kHz,sd,3,46.3 ±3 .1,definition_unstated,China review Table S1 cites Sun et al 2003 (Journal of Northeast Normal University (Natural Science Edition); Chinese with English abstract). Name in the cited study: Murina leucogaster. Detector: Unknown. Recording method: Flying (enclosure). Sex: unstated. Call type: FM Broadband. Values are a review extraction; this row is not independent corroboration of the cited study.
lopezbosch2021-s1-22,1005341,Murina leucogaster,exact,lopez-bosch-2021-china,"Table S1, spreadsheet row 22, FmaxE column",lopez-bosch-2021-china-compiled,unspecified,,,,unspecified,,China,"Guangxi, Jiangxi",,,,peak_frequency,mean,64,,,kHz,sd,3,64 .3 ±3 .1,definition_unstated,China review Table S1 cites Sun et al 2003 (Journal of Northeast Normal University (Natural Science Edition); Chinese with English abstract). Name in the cited study: Murina leucogaster. Detector: Unknown. Recording method: Flying (enclosure). Sex: unstated. Call type: FM Broadband. Values are a review extraction; this row is not independent corroboration of the cited study.
lopezbosch2021-s1-22,1005341,Murina leucogaster,exact,lopez-bosch-2021-china,"Table S1, spreadsheet row 22, start frequency column",lopez-bosch-2021-china-compiled,unspecified,,,,unspecified,,China,"Guangxi, Jiangxi",,,,start_frequency,mean,101.3,,,kHz,sd,13.7,101.3 ±13.7,definition_unstated,China review Table S1 cites Sun et al 2003 (Journal of Northeast Normal University (Natural Science Edition); Chinese with English abstract). Name in the cited study: Murina leucogaster. Detector: Unknown. Recording method: Flying (enclosure). Sex: unstated. Call type: FM Broadband. Values are a review extraction; this row is not independent corroboration of the cited study.
lopezbosch2021-s1-220,1004684,Rhinolophus ferrumequinum,exact,lopez-bosch-2021-china,"Table S1, spreadsheet row 220, duration column",lopez-bosch-2021-china-compiled,unspecified,,,,free_flying_wild,,China,Hunan,,,,duration,mean,66.91,,,ms,sd,9.14,66.91 ±9.14,definition_unstated,China review Table S1 cites Xu et al 2008 (Acta Ecologica Sinica; English). Name in the cited study: Rhinolophus ferrumequinum. Detector: Avisoft UltraSoundGate 116. Recording method: Free-flying. Sex: unstated. Call type: FMu/CF/FMd. Values are a review extraction; this row is not independent corroboration of the cited study.
lopezbosch2021-s1-220,1004684,Rhinolophus ferrumequinum,exact,lopez-bosch-2021-china,"Table S1, spreadsheet row 220, end frequency column",lopez-bosch-2021-china-compiled,unspecified,,,,free_flying_wild,,China,Hunan,,,,end_frequency,mean,61.44,,,kHz,sd,2.62,61.44 ±2.62,definition_unstated,China review Table S1 cites Xu et al 2008 (Acta Ecologica Sinica; English). Name in the cited study: Rhinolophus ferrumequinum. Detector: Avisoft UltraSoundGate 116. Recording method: Free-flying. Sex: unstated. Call type: FMu/CF/FMd. Values are a review extraction; this row is not independent corroboration of the cited study.
lopezbosch2021-s1-220,1004684,Rhinolophus ferrumequinum,exact,lopez-bosch-2021-china,"Table S1, spreadsheet row 220, FmaxE column",lopez-bosch-2021-china-compiled,unspecified,,,,free_flying_wild,,China,Hunan,,,,peak_frequency,mean,67.07,,,kHz,sd,0.33,67.07 ±0.33,definition_unstated,China review Table S1 cites Xu et al 2008 (Acta Ecologica Sinica; English). Name in the cited study: Rhinolophus ferrumequinum. Detector: Avisoft UltraSoundGate 116. Recording method: Free-flying. Sex: unstated. Call type: FMu/CF/FMd. Values are a review extraction; this row is not independent corroboration of the cited study.
lopezbosch2021-s1-220,1004684,Rhinolophus ferrumequinum,exact,lopez-bosch-2021-china,"Table S1, spreadsheet row 220, start frequency column",lopez-bosch-2021-china-compiled,unspecified,,,,free_flying_wild,,China,Hunan,,,,start_frequency,mean,57.59,,,kHz,sd,2.46,57.59 ±2.46,definition_unstated,China review Table S1 cites Xu et al 2008 (Acta Ecologica Sinica; English). Name in the cited study: Rhinolophus ferrumequinum. Detector: Avisoft UltraSoundGate 116. Recording method: Free-flying. Sex: unstated. Call type: FMu/CF/FMd. Values are a review extraction; this row is not independent corroboration of the cited study.
lopezbosch2021-s1-221,1004684,Rhinolophus ferrumequinum,exact,lopez-bosch-2021-china,"Table S1, spreadsheet row 221, duration column",lopez-bosch-2021-china-compiled,unspecified,,,,free_flying_wild,,China,Hunan,,,,duration,mean,66.64,,,ms,sd,6.58,66.64 ±6.58,definition_unstated,China review Table S1 cites Xu et al 2008 (Acta Ecologica Sinica; English). Name in the cited study: Rhinolophus ferrumequinum. Detector: Avisoft UltraSoundGate 116. Recording method: Free-flying. Sex: unstated. Call type: FMu/CF/FMd. Values are a review extraction; this row is not independent corroboration of the cited study.
lopezbosch2021-s1-221,1004684,Rhinolophus ferrumequinum,exact,lopez-bosch-2021-china,"Table S1, spreadsheet row 221, end frequency column",lopez-bosch-2021-china-compiled,unspecified,,,,free_flying_wild,,China,Hunan,,,,end_frequency,mean,61.20,,,kHz,sd,3.55,61.20 ±3.55,definition_unstated,China review Table S1 cites Xu et al 2008 (Acta Ecologica Sinica; English). Name in the cited study: Rhinolophus ferrumequinum. Detector: Avisoft UltraSoundGate 116. Recording method: Free-flying. Sex: unstated. Call type: FMu/CF/FMd. Values are a review extraction; this row is not independent corroboration of the cited study.
lopezbosch2021-s1-221,1004684,Rhinolophus ferrumequinum,exact,lopez-bosch-2021-china,"Table S1, spreadsheet row 221, FmaxE column",lopez-bosch-2021-china-compiled,unspecified,,,,free_flying_wild,,China,Hunan,,,,peak_frequency,mean,67.12,,,kHz,sd,0.73,67.12 ±0.73,definition_unstated,China review Table S1 cites Xu et al 2008 (Acta Ecologica Sinica; English). Name in the cited study: Rhinolophus ferrumequinum. Detector: Avisoft UltraSoundGate 116. Recording method: Free-flying. Sex: unstated. Call type: FMu/CF/FMd. Values are a review extraction; this row is not independent corroboration of the cited study.
lopezbosch2021-s1-221,1004684,Rhinolophus ferrumequinum,exact,lopez-bosch-2021-china,"Table S1, spreadsheet row 221, start frequency column",lopez-bosch-2021-china-compiled,unspecified,,,,free_flying_wild,,China,Hunan,,,,start_frequency,mean,58.25,,,kHz,sd,2.85,58.25 ±2.85,definition_unstated,China review Table S1 cites Xu et al 2008 (Acta Ecologica Sinica; English). Name in the cited study: Rhinolophus ferrumequinum. Detector: Avisoft UltraSoundGate 116. Recording method: Free-flying. Sex: unstated. Call type: FMu/CF/FMd. Values are a review extraction; this row is not independent corroboration of the cited study.
lopezbosch2021-s1-222,1004684,Rhinolophus ferrumequinum,exact,lopez-bosch-2021-china,"Table S1, spreadsheet row 222, duration column",lopez-bosch-2021-china-compiled,unspecified,,,,free_flying_wild,,China,Hunan,,,,duration,mean,57.20,,,ms,sd,11.35,57.20 ±11.35,definition_unstated,China review Table S1 cites Xu et al 2008 (Acta Ecologica Sinica; English). Name in the cited study: Rhinolophus ferrumequinum. Detector: Avisoft UltraSoundGate 116. Recording method: Free-flying. Sex: unstated. Call type: FMu/CF/FMd. Values are a review extraction; this row is not independent corroboration of the cited study.
lopezbosch2021-s1-222,1004684,Rhinolophus ferrumequinum,exact,lopez-bosch-2021-china,"Table S1, spreadsheet row 222, end frequency column",lopez-bosch-2021-china-compiled,unspecified,,,,free_flying_wild,,China,Hunan,,,,end_frequency,mean,58.56,,,kHz,sd,2.71,58.56 ±2.71,definition_unstated,China review Table S1 cites Xu et al 2008 (Acta Ecologica Sinica; English). Name in the cited study: Rhinolophus ferrumequinum. Detector: Avisoft UltraSoundGate 116. Recording method: Free-flying. Sex: unstated. Call type: FMu/CF/FMd. Values are a review extraction; this row is not independent corroboration of the cited study.
lopezbosch2021-s1-222,1004684,Rhinolophus ferrumequinum,exact,lopez-bosch-2021-china,"Table S1, spreadsheet row 222, FmaxE column",lopez-bosch-2021-china-compiled,unspecified,,,,free_flying_wild,,China,Hunan,,,,peak_frequency,mean,67.44,,,kHz,sd,0.73,67.44 ±0.73,definition_unstated,China review Table S1 cites Xu et al 2008 (Acta Ecologica Sinica; English). Name in the cited study: Rhinolophus ferrumequinum. Detector: Avisoft UltraSoundGate 116. Recording method: Free-flying. Sex: unstated. Call type: FMu/CF/FMd. Values are a review extraction; this row is not independent corroboration of the cited study.
lopezbosch2021-s1-222,1004684,Rhinolophus ferrumequinum,exact,lopez-bosch-2021-china,"Table S1, spreadsheet row 222, start frequency column",lopez-bosch-2021-china-compiled,unspecified,,,,free_flying_wild,,China,Hunan,,,,start_frequency,mean,57.33,,,kHz,sd,2.72,57.33 ±2.72,definition_unstated,China review Table S1 cites Xu et al 2008 (Acta Ecologica Sinica; English). Name in the cited study: Rhinolophus ferrumequinum. Detector: Avisoft UltraSoundGate 116. Recording method: Free-flying. Sex: unstated. Call type: FMu/CF/FMd. Values are a review extraction; this row is not independent corroboration of the cited study.
lopezbosch2021-s1-223,1004684,Rhinolophus ferrumequinum,exact,lopez-bosch-2021-china,"Table S1, spreadsheet row 223, duration column",lopez-bosch-2021-china-compiled,unspecified,,,,free_flying_wild,,China,Hunan,,,,duration,mean,58.05,,,ms,sd,11.19,58.05 ±11.19,definition_unstated,China review Table S1 cites Xu et al 2008 (Acta Ecologica Sinica; English). Name in the cited study: Rhinolophus ferrumequinum. Detector: Avisoft UltraSoundGate 116. Recording method: Free-flying. Sex: unstated. Call type: FMu/CF/FMd. Values are a review extraction; this row is not independent corroboration of the cited study.
lopezbosch2021-s1-223,1004684,Rhinolophus ferrumequinum,exact,lopez-bosch-2021-china,"Table S1, spreadsheet row 223, end frequency column",lopez-bosch-2021-china-compiled,unspecified,,,,free_flying_wild,,China,Hunan,,,,end_frequency,mean,59.52,,,kHz,sd,3.95,59.52 ±3.95,definition_unstated,China review Table S1 cites Xu et al 2008 (Acta Ecologica Sinica; English). Name in the cited study: Rhinolophus ferrumequinum. Detector: Avisoft UltraSoundGate 116. Recording method: Free-flying. Sex: unstated. Call type: FMu/CF/FMd. Values are a review extraction; this row is not independent corroboration of the cited study.
lopezbosch2021-s1-223,1004684,Rhinolophus ferrumequinum,exact,lopez-bosch-2021-china,"Table S1, spreadsheet row 223, FmaxE column",lopez-bosch-2021-china-compiled,unspecified,,,,free_flying_wild,,China,Hunan,,,,peak_frequency,mean,67.61,,,kHz,sd,0.92,67.61 ±0.92,definition_unstated,China review Table S1 cites Xu et al 2008 (Acta Ecologica Sinica; English). Name in the cited study: Rhinolophus ferrumequinum. Detector: Avisoft UltraSoundGate 116. Recording method: Free-flying. Sex: unstated. Call type: FMu/CF/FMd. Values are a review extraction; this row is not independent corroboration of the cited study.
lopezbosch2021-s1-223,1004684,Rhinolophus ferrumequinum,exact,lopez-bosch-2021-china,"Table S1, spreadsheet row 223, start frequency column",lopez-bosch-2021-china-compiled,unspecified,,,,free_flying_wild,,China,Hunan,,,,start_frequency,mean,57.45,,,kHz,sd,1.12,57.45 ±1.12,definition_unstated,China review Table S1 cites Xu et al 2008 (Acta Ecologica Sinica; English). Name in the cited study: Rhinolophus ferrumequinum. Detector: Avisoft UltraSoundGate 116. Recording method: Free-flying. Sex: unstated. Call type: FMu/CF/FMd. Values are a review extraction; this row is not independent corroboration of the cited study.
lopezbosch2021-s1-224,1004684,Rhinolophus ferrumequinum,exact,lopez-bosch-2021-china,"Table S1, spreadsheet row 224, duration column",lopez-bosch-2021-china-compiled,unspecified,,,,free_flying_wild,,China,Hunan,,,,duration,mean,53.72,,,ms,sd,12.57,53.72 ±12.57,definition_unstated,China review Table S1 cites Xu et al 2008 (Acta Ecologica Sinica; English). Name in the cited study: Rhinolophus ferrumequinum. Detector: Avisoft UltraSoundGate 116. Recording method: Free-flying. Sex: unstated. Call type: FMu/CF/FMd. Values are a review extraction; this row is not independent corroboration of the cited study.
lopezbosch2021-s1-224,1004684,Rhinolophus ferrumequinum,exact,lopez-bosch-2021-china,"Table S1, spreadsheet row 224, end frequency column",lopez-bosch-2021-china-compiled,unspecified,,,,free_flying_wild,,China,Hunan,,,,end_frequency,mean,58.22,,,kHz,sd,2.66,58.22 ±2.66,definition_unstated,China review Table S1 cites Xu et al 2008 (Acta Ecologica Sinica; English). Name in the cited study: Rhinolophus ferrumequinum. Detector: Avisoft UltraSoundGate 116. Recording method: Free-flying. Sex: unstated. Call type: FMu/CF/FMd. Values are a review extraction; this row is not independent corroboration of the cited study.
lopezbosch2021-s1-224,1004684,Rhinolophus ferrumequinum,exact,lopez-bosch-2021-china,"Table S1, spreadsheet row 224, FmaxE column",lopez-bosch-2021-china-compiled,unspecified,,,,free_flying_wild,,China,Hunan,,,,peak_frequency,mean,67.75,,,kHz,sd,0.32,67.75 ±0.32,definition_unstated,China review Table S1 cites Xu et al 2008 (Acta Ecologica Sinica; English). Name in the cited study: Rhinolophus ferrumequinum. Detector: Avisoft UltraSoundGate 116. Recording method: Free-flying. Sex: unstated. Call type: FMu/CF/FMd. Values are a review extraction; this row is not independent corroboration of the cited study.
lopezbosch2021-s1-224,1004684,Rhinolophus ferrumequinum,exact,lopez-bosch-2021-china,"Table S1, spreadsheet row 224, start frequency column",lopez-bosch-2021-china-compiled,unspecified,,,,free_flying_wild,,China,Hunan,,,,start_frequency,mean,57.21,,,kHz,sd,2.49,57.21 ±2.49,definition_unstated,China review Table S1 cites Xu et al 2008 (Acta Ecologica Sinica; English). Name in the cited study: Rhinolophus ferrumequinum. Detector: Avisoft UltraSoundGate 116. Recording method: Free-flying. Sex: unstated. Call type: FMu/CF/FMd. Values are a review extraction; this row is not independent corroboration of the cited study.
lopezbosch2021-s1-225,1004684,Rhinolophus ferrumequinum,exact,lopez-bosch-2021-china,"Table S1, spreadsheet row 225, duration column",lopez-bosch-2021-china-compiled,unspecified,,,,free_flying_wild,,China,Hunan,,,,duration,mean,53.20,,,ms,sd,6.27,53.20 ±6.27,definition_unstated,China review Table S1 cites Xu et al 2008 (Acta Ecologica Sinica; English). Name in the cited study: Rhinolophus ferrumequinum. Detector: Avisoft UltraSoundGate 116. Recording method: Free-flying. Sex: unstated. Call type: FMu/CF/FMd. Values are a review extraction; this row is not independent corroboration of the cited study.
lopezbosch2021-s1-225,1004684,Rhinolophus ferrumequinum,exact,lopez-bosch-2021-china,"Table S1, spreadsheet row 225, end frequency column",lopez-bosch-2021-china-compiled,unspecified,,,,free_flying_wild,,China,Hunan,,,,end_frequency,mean,57.77,,,kHz,sd,1.74,57.77 ±1.74,definition_unstated,China review Table S1 cites Xu et al 2008 (Acta Ecologica Sinica; English). Name in the cited study: Rhinolophus ferrumequinum. Detector: Avisoft UltraSoundGate 116. Recording method: Free-flying. Sex: unstated. Call type: FMu/CF/FMd. Values are a review extraction; this row is not independent corroboration of the cited study.
lopezbosch2021-s1-225,1004684,Rhinolophus ferrumequinum,exact,lopez-bosch-2021-china,"Table S1, spreadsheet row 225, FmaxE column",lopez-bosch-2021-china-compiled,unspecified,,,,free_flying_wild,,China,Hunan,,,,peak_frequency,mean,68.07,,,kHz,sd,0.72,68.07 ±0.72,definition_unstated,China review Table S1 cites Xu et al 2008 (Acta Ecologica Sinica; English). Name in the cited study: Rhinolophus ferrumequinum. Detector: Avisoft UltraSoundGate 116. Recording method: Free-flying. Sex: unstated. Call type: FMu/CF/FMd. Values are a review extraction; this row is not independent corroboration of the cited study.
lopezbosch2021-s1-225,1004684,Rhinolophus ferrumequinum,exact,lopez-bosch-2021-china,"Table S1, spreadsheet row 225, start frequency column",lopez-bosch-2021-china-compiled,unspecified,,,,free_flying_wild,,China,Hunan,,,,start_frequency,mean,56.08,,,kHz,sd,2.72,56.08 ±2.72,definition_unstated,China review Table S1 cites Xu et al 2008 (Acta Ecologica Sinica; English). Name in the cited study: Rhinolophus ferrumequinum. Detector: Avisoft UltraSoundGate 116. Recording method: Free-flying. Sex: unstated. Call type: FMu/CF/FMd. Values are a review extraction; this row is not independent corroboration of the cited study.
lopezbosch2021-s1-226,1004684,Rhinolophus ferrumequinum,exact,lopez-bosch-2021-china,"Table S1, spreadsheet row 226, FmaxE column",lopez-bosch-2021-china-compiled,unspecified,,,,unspecified,,China,Hunan,,,,peak_frequency,mean,68.2,,,kHz,sd,0.32,68.2 ±0.32,definition_unstated,China review Table S1 cites Zhao et al 2019 (Frontiers in Zoology; English). Name in the cited study: Rhinolophus ferrumequinum nippon. Detector: Avisoft UltraSoundGate CM16/CMPA. Recording method: Resting. Sex: unstated. Call type: FMu/CF/FMd. Values are a review extraction; this row is not independent corroboration of the cited study.
lopezbosch2021-s1-227,1004684,Rhinolophus ferrumequinum,exact,lopez-bosch-2021-china,"Table S1, spreadsheet row 227, FmaxE column",lopez-bosch-2021-china-compiled,unspecified,,,,unspecified,,China,Hunan,,,,peak_frequency,mean,68.78,,,kHz,sd,0.38,68.78 ±0.38,definition_unstated,China review Table S1 cites Lin et al 2016 (Behavioral Ecology and Sociobiology; English). Name in the cited study: Rhinolophus ferrumequinum. Detector: Avisoft Ultrasound-Gate CM16/CMPA. Recording method: Resting. Sex: unstated. Call type: FMu/CF/FMd. Values are a review extraction; this row is not independent corroboration of the cited study.
lopezbosch2021-s1-228,1004684,Rhinolophus ferrumequinum,exact,lopez-bosch-2021-china,"Table S1, spreadsheet row 228, duration column",lopez-bosch-2021-china-compiled,unspecified,,,,unspecified,,China,Hunan,,,,duration,mean,37.37,,,ms,sd,0.72,37.37 ±0.72,definition_unstated,China review Table S1 cites Sun et al 2006 (Chinese Journal of Ecology; Chinese with English abstract). Name in the cited study: Rhinolophus ferrumequinum. Detector: Ultra Sound Advice U30. Recording method: Flying (enclosure). Sex: unstated. Call type: FMu/CF/FMd. Values are a review extraction; this row is not independent corroboration of the cited study.
lopezbosch2021-s1-228,1004684,Rhinolophus ferrumequinum,exact,lopez-bosch-2021-china,"Table S1, spreadsheet row 228, FmaxE column",lopez-bosch-2021-china-compiled,unspecified,,,,unspecified,,China,Hunan,,,,peak_frequency,mean,68.82,,,kHz,sd,0.2,68.82 ±0.2,definition_unstated,China review Table S1 cites Sun et al 2006 (Chinese Journal of Ecology; Chinese with English abstract). Name in the cited study: Rhinolophus ferrumequinum. Detector: Ultra Sound Advice U30. Recording method: Flying (enclosure). Sex: unstated. Call type: FMu/CF/FMd. Values are a review extraction; this row is not independent corroboration of the cited study.
lopezbosch2021-s1-229,1004684,Rhinolophus ferrumequinum,exact,lopez-bosch-2021-china,"Table S1, spreadsheet row 229, FmaxE column",lopez-bosch-2021-china-compiled,unspecified,,,,unspecified,,China,Hunan,,,,peak_frequency,mean,68.96,,,kHz,sd,0.33,68.96 ±0.33,definition_unstated,China review Table S1 cites Lin et al 2016 (Behavioral Ecology and Sociobiology; English). Name in the cited study: Rhinolophus ferrumequinum. Detector: Avisoft Ultrasound-Gate CM16/CMPA. Recording method: Resting. Sex: unstated. Call type: FMu/CF/FMd. Values are a review extraction; this row is not independent corroboration of the cited study.
lopezbosch2021-s1-23,1005341,Murina leucogaster,exact,lopez-bosch-2021-china,"Table S1, spreadsheet row 23, duration column",lopez-bosch-2021-china-compiled,unspecified,,,,unspecified,,China,Guangdong,,,,duration,mean,2.1,,,ms,sd,0.4,2.1 ±0.4,definition_unstated,China review Table S1 cites Sun et al 2008b (Frontiers of Biology in China; English). Name in the cited study: Murina leucogaster. Detector: Petterson D980. Recording method: Flying (enclosure). Sex: unstated. Call type: FM Broadband. Values are a review extraction; this row is not independent corroboration of the cited study.
lopezbosch2021-s1-23,1005341,Murina leucogaster,exact,lopez-bosch-2021-china,"Table S1, spreadsheet row 23, end frequency column",lopez-bosch-2021-china-compiled,unspecified,,,,unspecified,,China,Guangdong,,,,end_frequency,mean,46.3,,,kHz,sd,3.1,46.3 ±3.1,definition_unstated,China review Table S1 cites Sun et al 2008b (Frontiers of Biology in China; English). Name in the cited study: Murina leucogaster. Detector: Petterson D980. Recording method: Flying (enclosure). Sex: unstated. Call type: FM Broadband. Values are a review extraction; this row is not independent corroboration of the cited study.
lopezbosch2021-s1-23,1005341,Murina leucogaster,exact,lopez-bosch-2021-china,"Table S1, spreadsheet row 23, FmaxE column",lopez-bosch-2021-china-compiled,unspecified,,,,unspecified,,China,Guangdong,,,,peak_frequency,mean,64.3,,,kHz,sd,3.1,64.3 ±3.1,definition_unstated,China review Table S1 cites Sun et al 2008b (Frontiers of Biology in China; English). Name in the cited study: Murina leucogaster. Detector: Petterson D980. Recording method: Flying (enclosure). Sex: unstated. Call type: FM Broadband. Values are a review extraction; this row is not independent corroboration of the cited study.
lopezbosch2021-s1-23,1005341,Murina leucogaster,exact,lopez-bosch-2021-china,"Table S1, spreadsheet row 23, start frequency column",lopez-bosch-2021-china-compiled,unspecified,,,,unspecified,,China,Guangdong,,,,start_frequency,mean,101.3,,,kHz,sd,13.7,101.3 ±13.7,definition_unstated,China review Table S1 cites Sun et al 2008b (Frontiers of Biology in China; English). Name in the cited study: Murina leucogaster. Detector: Petterson D980. Recording method: Flying (enclosure). Sex: unstated. Call type: FM Broadband. Values are a review extraction; this row is not independent corroboration of the cited study.
lopezbosch2021-s1-230,1004684,Rhinolophus ferrumequinum,exact,lopez-bosch-2021-china,"Table S1, spreadsheet row 230, duration column",lopez-bosch-2021-china-compiled,unspecified,,,,unspecified,,China,Jiangxi,,,,duration,mean,28.87,,,ms,sd,6.74,28.87 ±6.74,definition_unstated,China review Table S1 cites Liu et al 2007 (Folia Zoologica; English). Name in the cited study: Rhinolophus ferrumequinum. Detector: Petterson D980. Recording method: Resting. Sex: unstated. Call type: FMu/CF/FMd. Values are a review extraction; this row is not independent corroboration of the cited study.
lopezbosch2021-s1-230,1004684,Rhinolophus ferrumequinum,exact,lopez-bosch-2021-china,"Table S1, spreadsheet row 230, FmaxE column",lopez-bosch-2021-china-compiled,unspecified,,,,unspecified,,China,Jiangxi,,,,peak_frequency,mean,69.08,,,kHz,sd,1.45,69.08 ±1.45,definition_unstated,China review Table S1 cites Liu et al 2007 (Folia Zoologica; English). Name in the cited study: Rhinolophus ferrumequinum. Detector: Petterson D980. Recording method: Resting. Sex: unstated. Call type: FMu/CF/FMd. Values are a review extraction; this row is not independent corroboration of the cited study.
lopezbosch2021-s1-231,1004684,Rhinolophus ferrumequinum,exact,lopez-bosch-2021-china,"Table S1, spreadsheet row 231, duration column",lopez-bosch-2021-china-compiled,unspecified,,,,unspecified,,China,Guizhou,,,,duration,mean,48.36,,,ms,sd,0.82,48.36 ±0.82,definition_unstated,China review Table S1 cites Sun et al 2006 (Chinese Journal of Ecology; Chinese with English abstract). Name in the cited study: Rhinolophus ferrumequinum. Detector: Ultra Sound Advice U30. Recording method: Resting. Sex: unstated. Call type: FMu/CF/FMd. Values are a review extraction; this row is not independent corroboration of the cited study.
lopezbosch2021-s1-231,1004684,Rhinolophus ferrumequinum,exact,lopez-bosch-2021-china,"Table S1, spreadsheet row 231, FmaxE column",lopez-bosch-2021-china-compiled,unspecified,,,,unspecified,,China,Guizhou,,,,peak_frequency,mean,69.32,,,kHz,sd,0.26,69.32 ±0.26,definition_unstated,China review Table S1 cites Sun et al 2006 (Chinese Journal of Ecology; Chinese with English abstract). Name in the cited study: Rhinolophus ferrumequinum. Detector: Ultra Sound Advice U30. Recording method: Resting. Sex: unstated. Call type: FMu/CF/FMd. Values are a review extraction; this row is not independent corroboration of the cited study.
lopezbosch2021-s1-232,1004684,Rhinolophus ferrumequinum,exact,lopez-bosch-2021-china,"Table S1, spreadsheet row 232, duration column",lopez-bosch-2021-china-compiled,unspecified,,,,unspecified,,China,Jiangxi,,,,duration,mean,48.36,,,ms,sd,0.82,48.36 ±0.82,definition_unstated,"China review Table S1 cites Hsio 2006 (Master thesis, NE Normal University; Chinese with English abstract). Name in the cited study: Rhinolophus ferrumequinum. Detector: Ultra Sound Advice U30. Recording method: Resting. Sex: unstated. Call type: FMu/CF/FMd. Values are a review extraction; this row is not independent corroboration of the cited study."
lopezbosch2021-s1-232,1004684,Rhinolophus ferrumequinum,exact,lopez-bosch-2021-china,"Table S1, spreadsheet row 232, FmaxE column",lopez-bosch-2021-china-compiled,unspecified,,,,unspecified,,China,Jiangxi,,,,peak_frequency,mean,69.32,,,kHz,sd,0.26,69.32 ±0.26,definition_unstated,"China review Table S1 cites Hsio 2006 (Master thesis, NE Normal University; Chinese with English abstract). Name in the cited study: Rhinolophus ferrumequinum. Detector: Ultra Sound Advice U30. Recording method: Resting. Sex: unstated. Call type: FMu/CF/FMd. Values are a review extraction; this row is not independent corroboration of the cited study."
lopezbosch2021-s1-233,1004684,Rhinolophus ferrumequinum,exact,lopez-bosch-2021-china,"Table S1, spreadsheet row 233, duration column",lopez-bosch-2021-china-compiled,unspecified,,,,free_flying_wild,,China,Guizhou,,,,duration,mean,40.17,,,ms,sd,7.09,40.17 ±7.09,definition_unstated,China review Table S1 cites Xu et al 2008 (Acta Ecologica Sinica; English). Name in the cited study: Rhinolophus ferrumequinum. Detector: Avisoft UltraSoundGate 116. Recording method: Free-flying. Sex: unstated. Call type: FMu/CF/FMd. Values are a review extraction; this row is not independent corroboration of the cited study.
lopezbosch2021-s1-233,1004684,Rhinolophus ferrumequinum,exact,lopez-bosch-2021-china,"Table S1, spreadsheet row 233, end frequency column",lopez-bosch-2021-china-compiled,unspecified,,,,free_flying_wild,,China,Guizhou,,,,end_frequency,mean,57.36,,,kHz,sd,1.10,57.36 ±1.10,definition_unstated,China review Table S1 cites Xu et al 2008 (Acta Ecologica Sinica; English). Name in the cited study: Rhinolophus ferrumequinum. Detector: Avisoft UltraSoundGate 116. Recording method: Free-flying. Sex: unstated. Call type: FMu/CF/FMd. Values are a review extraction; this row is not independent corroboration of the cited study.
lopezbosch2021-s1-233,1004684,Rhinolophus ferrumequinum,exact,lopez-bosch-2021-china,"Table S1, spreadsheet row 233, FmaxE column",lopez-bosch-2021-china-compiled,unspecified,,,,free_flying_wild,,China,Guizhou,,,,peak_frequency,mean,69.38,,,kHz,sd,0.66,69.38 ±0.66,definition_unstated,China review Table S1 cites Xu et al 2008 (Acta Ecologica Sinica; English). Name in the cited study: Rhinolophus ferrumequinum. Detector: Avisoft UltraSoundGate 116. Recording method: Free-flying. Sex: unstated. Call type: FMu/CF/FMd. Values are a review extraction; this row is not independent corroboration of the cited study.
lopezbosch2021-s1-233,1004684,Rhinolophus ferrumequinum,exact,lopez-bosch-2021-china,"Table S1, spreadsheet row 233, start frequency column",lopez-bosch-2021-china-compiled,unspecified,,,,free_flying_wild,,China,Guizhou,,,,start_frequency,mean,55.74,,,kHz,sd,1.12,55.74 ±1.12,definition_unstated,China review Table S1 cites Xu et al 2008 (Acta Ecologica Sinica; English). Name in the cited study: Rhinolophus ferrumequinum. Detector: Avisoft UltraSoundGate 116. Recording method: Free-flying. Sex: unstated. Call type: FMu/CF/FMd. Values are a review extraction; this row is not independent corroboration of the cited study.
lopezbosch2021-s1-234,1004684,Rhinolophus ferrumequinum,exact,lopez-bosch-2021-china,"Table S1, spreadsheet row 234, FmaxE column",lopez-bosch-2021-china-compiled,unspecified,,,,unspecified,,China,Jiangxi,,,,peak_frequency,species_summary,69.599999999999994,,,kHz,,,69.599999999999994,definition_unstated,China review Table S1 cites Jin et al 2005 (Chinese Science Bulletin; English). Name in the cited study: Rhinolophus ferrumequinum. Detector: Unknown. Recording method: Flying (enclosure). Sex: unstated. Call type: FMu/CF/FMd. Values are a review extraction; this row is not independent corroboration of the cited study.
lopezbosch2021-s1-235,1004684,Rhinolophus ferrumequinum,exact,lopez-bosch-2021-china,"Table S1, spreadsheet row 235, duration column",lopez-bosch-2021-china-compiled,unspecified,,,,unspecified,,China,Jiangxi,,,,duration,mean,31.7,,,ms,sd,9.4, 31.7 ±9.4,definition_unstated,China review Table S1 cites Sun et al 2003 (Journal of Northeast Normal University (Natural Science Edition); Chinese with English abstract). Name in the cited study: Rhinolophus ferrumequinum. Detector: Unknown. Recording method: Flying (enclosure). Sex: unstated. Call type: FMu/CF/FMd. Values are a review extraction; this row is not independent corroboration of the cited study.
lopezbosch2021-s1-235,1004684,Rhinolophus ferrumequinum,exact,lopez-bosch-2021-china,"Table S1, spreadsheet row 235, end frequency column",lopez-bosch-2021-china-compiled,unspecified,,,,unspecified,,China,Jiangxi,,,,end_frequency,mean,57.4,,,kHz,sd,3,57.4 ±3,definition_unstated,China review Table S1 cites Sun et al 2003 (Journal of Northeast Normal University (Natural Science Edition); Chinese with English abstract). Name in the cited study: Rhinolophus ferrumequinum. Detector: Unknown. Recording method: Flying (enclosure). Sex: unstated. Call type: FMu/CF/FMd. Values are a review extraction; this row is not independent corroboration of the cited study.
lopezbosch2021-s1-235,1004684,Rhinolophus ferrumequinum,exact,lopez-bosch-2021-china,"Table S1, spreadsheet row 235, FmaxE column",lopez-bosch-2021-china-compiled,unspecified,,,,unspecified,,China,Jiangxi,,,,peak_frequency,mean,69.6,,,kHz,sd,8.3,69.6 ±8.3,definition_unstated,China review Table S1 cites Sun et al 2003 (Journal of Northeast Normal University (Natural Science Edition); Chinese with English abstract). Name in the cited study: Rhinolophus ferrumequinum. Detector: Unknown. Recording method: Flying (enclosure). Sex: unstated. Call type: FMu/CF/FMd. Values are a review extraction; this row is not independent corroboration of the cited study.
lopezbosch2021-s1-235,1004684,Rhinolophus ferrumequinum,exact,lopez-bosch-2021-china,"Table S1, spreadsheet row 235, start frequency column",lopez-bosch-2021-china-compiled,unspecified,,,,unspecified,,China,Jiangxi,,,,start_frequency,mean,61.2,,,kHz,sd,4.3, 61.2 ±4.3,definition_unstated,China review Table S1 cites Sun et al 2003 (Journal of Northeast Normal University (Natural Science Edition); Chinese with English abstract). Name in the cited study: Rhinolophus ferrumequinum. Detector: Unknown. Recording method: Flying (enclosure). Sex: unstated. Call type: FMu/CF/FMd. Values are a review extraction; this row is not independent corroboration of the cited study.
lopezbosch2021-s1-236,1004684,Rhinolophus ferrumequinum,exact,lopez-bosch-2021-china,"Table S1, spreadsheet row 236, duration column",lopez-bosch-2021-china-compiled,unspecified,,,,unspecified,,China,Jiangxi,,,,duration,mean,31.7,,,ms,sd,9.4,31.7 ±9.4,definition_unstated,China review Table S1 cites Sun et al 2008b (Frontiers of Biology in China; English). Name in the cited study: Rhinolophus ferrumequinum. Detector: Petterson D980. Recording method: Flying (enclosure). Sex: unstated. Call type: FMu/CF/FMd. Values are a review extraction; this row is not independent corroboration of the cited study.
lopezbosch2021-s1-236,1004684,Rhinolophus ferrumequinum,exact,lopez-bosch-2021-china,"Table S1, spreadsheet row 236, end frequency column",lopez-bosch-2021-china-compiled,unspecified,,,,unspecified,,China,Jiangxi,,,,end_frequency,mean,57.4,,,kHz,sd,3.5,57.4 ±3.5,definition_unstated,China review Table S1 cites Sun et al 2008b (Frontiers of Biology in China; English). Name in the cited study: Rhinolophus ferrumequinum. Detector: Petterson D980. Recording method: Flying (enclosure). Sex: unstated. Call type: FMu/CF/FMd. Values are a review extraction; this row is not independent corroboration of the cited study.
lopezbosch2021-s1-236,1004684,Rhinolophus ferrumequinum,exact,lopez-bosch-2021-china,"Table S1, spreadsheet row 236, FmaxE column",lopez-bosch-2021-china-compiled,unspecified,,,,unspecified,,China,Jiangxi,,,,peak_frequency,mean,69.6,,,kHz,sd,8.9,69.6 ±8.9,definition_unstated,China review Table S1 cites Sun et al 2008b (Frontiers of Biology in China; English). Name in the cited study: Rhinolophus ferrumequinum. Detector: Petterson D980. Recording method: Flying (enclosure). Sex: unstated. Call type: FMu/CF/FMd. Values are a review extraction; this row is not independent corroboration of the cited study.
lopezbosch2021-s1-236,1004684,Rhinolophus ferrumequinum,exact,lopez-bosch-2021-china,"Table S1, spreadsheet row 236, start frequency column",lopez-bosch-2021-china-compiled,unspecified,,,,unspecified,,China,Jiangxi,,,,start_frequency,mean,61.2,,,kHz,sd,4.3,61.2 ±4.3,definition_unstated,China review Table S1 cites Sun et al 2008b (Frontiers of Biology in China; English). Name in the cited study: Rhinolophus ferrumequinum. Detector: Petterson D980. Recording method: Flying (enclosure). Sex: unstated. Call type: FMu/CF/FMd. Values are a review extraction; this row is not independent corroboration of the cited study.
lopezbosch2021-s1-237,1004684,Rhinolophus ferrumequinum,exact,lopez-bosch-2021-china,"Table S1, spreadsheet row 237, duration column",lopez-bosch-2021-china-compiled,unspecified,,,,unspecified,,China,Guizhou,,,,duration,mean,27.06,,,ms,sd,9.91,27.06 ±9.91,definition_unstated,"China review Table S1 cites Hsio 2006 (Master thesis, NE Normal University; Chinese with English abstract). Name in the cited study: Rhinolophus ferrumequinum. Detector: Ultra Sound Advice U30. Recording method: Flying (enclosure). Sex: unstated. Call type: FMu/CF/FMd. Values are a review extraction; this row is not independent corroboration of the cited study."
lopezbosch2021-s1-237,1004684,Rhinolophus ferrumequinum,exact,lopez-bosch-2021-china,"Table S1, spreadsheet row 237, FmaxE column",lopez-bosch-2021-china-compiled,unspecified,,,,unspecified,,China,Guizhou,,,,peak_frequency,mean,69.91,,,kHz,sd,0.2,69.91 ±0.2,definition_unstated,"China review Table S1 cites Hsio 2006 (Master thesis, NE Normal University; Chinese with English abstract). Name in the cited study: Rhinolophus ferrumequinum. Detector: Ultra Sound Advice U30. Recording method: Flying (enclosure). Sex: unstated. Call type: FMu/CF/FMd. Values are a review extraction; this row is not independent corroboration of the cited study."
lopezbosch2021-s1-238,1004684,Rhinolophus ferrumequinum,exact,lopez-bosch-2021-china,"Table S1, spreadsheet row 238, duration column",lopez-bosch-2021-china-compiled,unspecified,,,,unspecified,,China,Guizhou,,,,duration,mean,45.34,,,ms,sd,3.51,45.34 ±3.51,definition_unstated,"China review Table S1 cites Shi 2010 (Master thesis, NE Normal University; Chinese with English abstract). Name in the cited study: Rhinolophus ferrumequinum. Detector: Petterson D980. Recording method: Hand-held. Sex: unstated. Call type: FMu/CF/FMd. Values are a review extraction; this row is not independent corroboration of the cited study."
lopezbosch2021-s1-238,1004684,Rhinolophus ferrumequinum,exact,lopez-bosch-2021-china,"Table S1, spreadsheet row 238, FmaxE column",lopez-bosch-2021-china-compiled,unspecified,,,,unspecified,,China,Guizhou,,,,peak_frequency,mean,71.12,,,kHz,sd,0.36,71.12 ±0.36,definition_unstated,"China review Table S1 cites Shi 2010 (Master thesis, NE Normal University; Chinese with English abstract). Name in the cited study: Rhinolophus ferrumequinum. Detector: Petterson D980. Recording method: Hand-held. Sex: unstated. Call type: FMu/CF/FMd. Values are a review extraction; this row is not independent corroboration of the cited study."
lopezbosch2021-s1-239,1004684,Rhinolophus ferrumequinum,exact,lopez-bosch-2021-china,"Table S1, spreadsheet row 239, FmaxE column",lopez-bosch-2021-china-compiled,unspecified,,,,unspecified,,China,Jiangxi,,,,peak_frequency,species_summary,72.5,,,kHz,,,72.5,definition_unstated,China review Table S1 cites Feng et al 2008 (Acta Biophysica Sinica; Chinese with English abstract). Name in the cited study: Rhinolophus ferrumequinum. Detector: Unknown. Recording method: Flying (enclosure). Sex: unstated. Call type: FMu/CF/FMd. Values are a review extraction; this row is not independent corroboration of the cited study.
lopezbosch2021-s1-24,1005341,Murina leucogaster,exact,lopez-bosch-2021-china,"Table S1, spreadsheet row 24, FmaxE column",lopez-bosch-2021-china-compiled,unspecified,,,,unspecified,,China,Guangxi,,,,peak_frequency,mean,43.2,,,kHz,sd,5.7,43.2 ±5.7,definition_unstated,China review Table S1 cites Chen et al 2002 (Journal of Northeast Normal University (Natural Science Edition); Chinese). Name in the cited study: Murina leucogaster. Detector: Ultra Sound Advice U30. Recording method: Flying (enclosure). Sex: unstated. Call type: FM Broadband. Values are a review extraction; this row is not independent corroboration of the cited study.
lopezbosch2021-s1-240,1004684,Rhinolophus ferrumequinum,exact,lopez-bosch-2021-china,"Table S1, spreadsheet row 240, FmaxE column",lopez-bosch-2021-china-compiled,unspecified,,,,unspecified,,China,Guangdong,,,,peak_frequency,mean,73.0,,,kHz,sd,0.93,73.0 ±0.93,definition_unstated,China review Table S1 cites Zhao et al 2019 (Frontiers in Zoology; English). Name in the cited study: Rhinolophus ferrumequinum nippon. Detector: Avisoft UltraSoundGate CM16/CMPA. Recording method: Resting. Sex: unstated. Call type: FMu/CF/FMd. Values are a review extraction; this row is not independent corroboration of the cited study.
lopezbosch2021-s1-241,1004684,Rhinolophus ferrumequinum,exact,lopez-bosch-2021-china,"Table S1, spreadsheet row 241, FmaxE column",lopez-bosch-2021-china-compiled,unspecified,,,,unspecified,,China,Guangdong,,,,peak_frequency,mean,73.03,,,kHz,sd,0.79,73.03 ±0.79,definition_unstated,China review Table S1 cites Sun et al 2013 (PLOS ONE; English). Name in the cited study: Rhinolophus ferrumequinum. Detector: Petterson D980. Recording method: Hand-held. Sex: Male. Call type: FMu/CF/FMd. Values are a review extraction; this row is not independent corroboration of the cited study.
lopezbosch2021-s1-242,1004684,Rhinolophus ferrumequinum,exact,lopez-bosch-2021-china,"Table S1, spreadsheet row 242, FmaxE column",lopez-bosch-2021-china-compiled,unspecified,,,,unspecified,,China,Guangdong,,,,peak_frequency,mean,73.52,,,kHz,sd,0.73,73.52 ±0.73,definition_unstated,China review Table S1 cites Lin et al 2016 (Behavioral Ecology and Sociobiology; English). Name in the cited study: Rhinolophus ferrumequinum. Detector: Avisoft Ultrasound-Gate CM16/CMPA. Recording method: Resting. Sex: unstated. Call type: FMu/CF/FMd. Values are a review extraction; this row is not independent corroboration of the cited study.
lopezbosch2021-s1-243,1004684,Rhinolophus ferrumequinum,exact,lopez-bosch-2021-china,"Table S1, spreadsheet row 243, FmaxE column",lopez-bosch-2021-china-compiled,unspecified,,,,unspecified,,China,Guangdong,,,,peak_frequency,mean,73.95,,,kHz,sd,0.34,73.95 ±0.34,definition_unstated,China review Table S1 cites Sun et al 2013 (PLOS ONE; English). Name in the cited study: Rhinolophus ferrumequinum. Detector: Petterson D980. Recording method: Hand-held. Sex: Female. Call type: FMu/CF/FMd. Values are a review extraction; this row is not independent corroboration of the cited study.
lopezbosch2021-s1-244,1004684,Rhinolophus ferrumequinum,exact,lopez-bosch-2021-china,"Table S1, spreadsheet row 244, bandwidth column",lopez-bosch-2021-china-compiled,unspecified,,,,unspecified,,China,Guangdong,,,,bandwidth,mean,64.33,,,kHz,sd,2.21,64.33 ±2.21,definition_unstated,China review Table S1 cites Ma et al 2004 (Acta Theoriologica Sinica; Chinese with English abstract). Name in the cited study: Rhinolophus ferrumequinum. Detector: Petterson D980. Recording method: Flying (enclosure). Sex: unstated. Call type: FMu/CF/FMd. Values are a review extraction; this row is not independent corroboration of the cited study.
lopezbosch2021-s1-244,1004684,Rhinolophus ferrumequinum,exact,lopez-bosch-2021-china,"Table S1, spreadsheet row 244, duration column",lopez-bosch-2021-china-compiled,unspecified,,,,unspecified,,China,Guangdong,,,,duration,mean,31.90,,,ms,sd,5.41,31.90 ±5.41,definition_unstated,China review Table S1 cites Ma et al 2004 (Acta Theoriologica Sinica; Chinese with English abstract). Name in the cited study: Rhinolophus ferrumequinum. Detector: Petterson D980. Recording method: Flying (enclosure). Sex: unstated. Call type: FMu/CF/FMd. Values are a review extraction; this row is not independent corroboration of the cited study.
lopezbosch2021-s1-244,1004684,Rhinolophus ferrumequinum,exact,lopez-bosch-2021-china,"Table S1, spreadsheet row 244, FmaxE column",lopez-bosch-2021-china-compiled,unspecified,,,,unspecified,,China,Guangdong,,,,peak_frequency,mean,74.7,,,kHz,sd,0.13,74.7 ±0.13,definition_unstated,China review Table S1 cites Ma et al 2004 (Acta Theoriologica Sinica; Chinese with English abstract). Name in the cited study: Rhinolophus ferrumequinum. Detector: Petterson D980. Recording method: Flying (enclosure). Sex: unstated. Call type: FMu/CF/FMd. Values are a review extraction; this row is not independent corroboration of the cited study.
lopezbosch2021-s1-245,1004684,Rhinolophus ferrumequinum,exact,lopez-bosch-2021-china,"Table S1, spreadsheet row 245, FmaxE column",lopez-bosch-2021-china-compiled,unspecified,,,,unspecified,,China,Yunnan,,,,peak_frequency,mean,74.77,,,kHz,sd,1.22,74.77 ±1.22,definition_unstated,China review Table S1 cites Wu et al 2015 (Journal of Zoology (Zoological Society of London); English). Name in the cited study: Rhinolophus ferrumequinum. Detector: Avisoft UltraSoundGate 116. Recording method: Hand-held. Sex: unstated. Call type: FMu/CF/FMd. Values are a review extraction; this row is not independent corroboration of the cited study.
lopezbosch2021-s1-246,1004684,Rhinolophus ferrumequinum,exact,lopez-bosch-2021-china,"Table S1, spreadsheet row 246, FmaxE column",lopez-bosch-2021-china-compiled,unspecified,,,,unspecified,,China,Sichuan,,,,peak_frequency,mean,75.1,,,kHz,sd,0.25,75.1 ±0.25,definition_unstated,China review Table S1 cites Zhao et al 2003 (Journal of Zoology (Zoological Society of London); English). Name in the cited study: Rhinolophus ferrumequinum nippon. Detector: Ultra Sound Advice U30. Recording method: Resting. Sex: unstated. Call type: FMu/CF/FMd. Values are a review extraction; this row is not independent corroboration of the cited study.
lopezbosch2021-s1-247,1004684,Rhinolophus ferrumequinum,exact,lopez-bosch-2021-china,"Table S1, spreadsheet row 247, duration column",lopez-bosch-2021-china-compiled,unspecified,,,,unspecified,,China,Sichuan,,,,duration,mean,41.9,,,ms,sd,8.7,41.9 ±8.7,definition_unstated,China review Table S1 cites Ma et al 2008 (Ecological Research; English). Name in the cited study: Rhinolophus ferrumequinum. Detector: Petterson D980. Recording method: Flying (enclosure). Sex: unstated. Call type: FMu/CF/FMd. Values are a review extraction; this row is not independent corroboration of the cited study.
lopezbosch2021-s1-247,1004684,Rhinolophus ferrumequinum,exact,lopez-bosch-2021-china,"Table S1, spreadsheet row 247, FmaxE column",lopez-bosch-2021-china-compiled,unspecified,,,,unspecified,,China,Sichuan,,,,peak_frequency,mean,75.3,,,kHz,sd,0.19,75.3 ±0.19,definition_unstated,China review Table S1 cites Ma et al 2008 (Ecological Research; English). Name in the cited study: Rhinolophus ferrumequinum. Detector: Petterson D980. Recording method: Flying (enclosure). Sex: unstated. Call type: FMu/CF/FMd. Values are a review extraction; this row is not independent corroboration of the cited study.
lopezbosch2021-s1-248,1004684,Rhinolophus ferrumequinum,exact,lopez-bosch-2021-china,"Table S1, spreadsheet row 248, FmaxE column",lopez-bosch-2021-china-compiled,unspecified,,,,unspecified,,China,Sichuan,,,,peak_frequency,mean,75.5,,,kHz,sd,0.36,75.5 ±0.36,definition_unstated,China review Table S1 cites Zhao et al 2019 (Frontiers in Zoology; English). Name in the cited study: Rhinolophus ferrumequinum nippon. Detector: Avisoft UltraSoundGate CM16/CMPA. Recording method: Resting. Sex: unstated. Call type: FMu/CF/FMd. Values are a review extraction; this row is not independent corroboration of the cited study.
lopezbosch2021-s1-249,1004684,Rhinolophus ferrumequinum,exact,lopez-bosch-2021-china,"Table S1, spreadsheet row 249, FmaxE column",lopez-bosch-2021-china-compiled,unspecified,,,,unspecified,,China,Sichuan,,,,peak_frequency,mean,75.57,,,kHz,sd,0.57,75.57 ±0.57,definition_unstated,China review Table S1 cites Sun et al 2013 (PLOS ONE; English). Name in the cited study: Rhinolophus ferrumequinum. Detector: Petterson D980. Recording method: Hand-held. Sex: Male. Call type: FMu/CF/FMd. Values are a review extraction; this row is not independent corroboration of the cited study.
lopezbosch2021-s1-25,1005341,Murina leucogaster,exact,lopez-bosch-2021-china,"Table S1, spreadsheet row 25, end frequency column",lopez-bosch-2021-china-compiled,unspecified,,,,unspecified,,China,Anhui,,,,end_frequency,species_summary,43.76,,,kHz,,,43.76,definition_unstated,China review Table S1 cites Lin et al 2015 (Zoology; English). Name in the cited study: Murina leucogaster. Detector: Avisoft UltraSoundGate 116H. Recording method: Flying (enclosure). Sex: unstated. Call type: FM Broadband. Values are a review extraction; this row is not independent corroboration of the cited study.
lopezbosch2021-s1-25,1005341,Murina leucogaster,exact,lopez-bosch-2021-china,"Table S1, spreadsheet row 25, FmaxE column",lopez-bosch-2021-china-compiled,unspecified,,,,unspecified,,China,Anhui,,,,peak_frequency,range,,63.06,87.32,kHz,,,(63.06 - 87.32),definition_unstated,China review Table S1 cites Lin et al 2015 (Zoology; English). Name in the cited study: Murina leucogaster. Detector: Avisoft UltraSoundGate 116H. Recording method: Flying (enclosure). Sex: unstated. Call type: FM Broadband. Values are a review extraction; this row is not independent corroboration of the cited study.
lopezbosch2021-s1-25,1005341,Murina leucogaster,exact,lopez-bosch-2021-china,"Table S1, spreadsheet row 25, start frequency column",lopez-bosch-2021-china-compiled,unspecified,,,,unspecified,,China,Anhui,,,,start_frequency,species_summary,134.21,,,kHz,,,134.21,definition_unstated,China review Table S1 cites Lin et al 2015 (Zoology; English). Name in the cited study: Murina leucogaster. Detector: Avisoft UltraSoundGate 116H. Recording method: Flying (enclosure). Sex: unstated. Call type: FM Broadband. Values are a review extraction; this row is not independent corroboration of the cited study.
lopezbosch2021-s1-250,1004684,Rhinolophus ferrumequinum,exact,lopez-bosch-2021-china,"Table S1, spreadsheet row 250, FmaxE column",lopez-bosch-2021-china-compiled,unspecified,,,,unspecified,,China,Shaanxi,,,,peak_frequency,mean,76.04,,,kHz,sd,0.65,76.04 ±0.65,definition_unstated,China review Table S1 cites Sun et al 2013 (PLOS ONE; English). Name in the cited study: Rhinolophus ferrumequinum. Detector: Petterson D980. Recording method: Hand-held. Sex: Male. Call type: FMu/CF/FMd. Values are a review extraction; this row is not independent corroboration of the cited study.
lopezbosch2021-s1-251,1004684,Rhinolophus ferrumequinum,exact,lopez-bosch-2021-china,"Table S1, spreadsheet row 251, FmaxE column",lopez-bosch-2021-china-compiled,unspecified,,,,unspecified,,China,Shaanxi,,,,peak_frequency,mean,76.20,,,kHz,sd,0.49,76.20 ±0.49,definition_unstated,China review Table S1 cites Sun et al 2013 (PLOS ONE; English). Name in the cited study: Rhinolophus ferrumequinum. Detector: Petterson D980. Recording method: Hand-held. Sex: Male. Call type: FMu/CF/FMd. Values are a review extraction; this row is not independent corroboration of the cited study.
lopezbosch2021-s1-252,1004684,Rhinolophus ferrumequinum,exact,lopez-bosch-2021-china,"Table S1, spreadsheet row 252, FmaxE column",lopez-bosch-2021-china-compiled,unspecified,,,,unspecified,,China,Shaanxi,,,,peak_frequency,mean,76.23,,,kHz,sd,0.73,76.23 ±0.73,definition_unstated,China review Table S1 cites Sun et al 2013 (PLOS ONE; English). Name in the cited study: Rhinolophus ferrumequinum. Detector: Petterson D980. Recording method: Hand-held. Sex: Male. Call type: FMu/CF/FMd. Values are a review extraction; this row is not independent corroboration of the cited study.
lopezbosch2021-s1-253,1004684,Rhinolophus ferrumequinum,exact,lopez-bosch-2021-china,"Table S1, spreadsheet row 253, FmaxE column",lopez-bosch-2021-china-compiled,unspecified,,,,unspecified,,China,Shaanxi,,,,peak_frequency,mean,76.51,,,kHz,sd,0.51,76.51 ±0.51,definition_unstated,China review Table S1 cites Sun et al 2013 (PLOS ONE; English). Name in the cited study: Rhinolophus ferrumequinum. Detector: Petterson D980. Recording method: Hand-held. Sex: Female. Call type: FMu/CF/FMd. Values are a review extraction; this row is not independent corroboration of the cited study.
lopezbosch2021-s1-254,1004684,Rhinolophus ferrumequinum,exact,lopez-bosch-2021-china,"Table S1, spreadsheet row 254, duration column",lopez-bosch-2021-china-compiled,unspecified,,,,unspecified,,China,Shaanxi,,,,duration,mean,51.7,,,ms,sd,12.81,51.7 ±12.81,definition_unstated,China review Table S1 cites Liu et al 2013a (PLOS ONE; English). Name in the cited study: Rhinolophus ferrumequinum. Detector: Avisoft UltraSoundGate 116. Recording method: Resting. Sex: unstated. Call type: FMu/CF/FMd. Values are a review extraction; this row is not independent corroboration of the cited study.
lopezbosch2021-s1-254,1004684,Rhinolophus ferrumequinum,exact,lopez-bosch-2021-china,"Table S1, spreadsheet row 254, FmaxE column",lopez-bosch-2021-china-compiled,unspecified,,,,unspecified,,China,Shaanxi,,,,peak_frequency,mean,76.67,,,kHz,sd,0.102,76.67 ±0.102,definition_unstated,China review Table S1 cites Liu et al 2013a (PLOS ONE; English). Name in the cited study: Rhinolophus ferrumequinum. Detector: Avisoft UltraSoundGate 116. Recording method: Resting. Sex: unstated. Call type: FMu/CF/FMd. Values are a review extraction; this row is not independent corroboration of the cited study.
lopezbosch2021-s1-255,1004684,Rhinolophus ferrumequinum,exact,lopez-bosch-2021-china,"Table S1, spreadsheet row 255, duration column",lopez-bosch-2021-china-compiled,unspecified,,,,unspecified,,China,Fujian,,,,duration,mean,15.4,,,ms,sd,3.59,15.4 ±3.59,definition_unstated,China review Table S1 cites Liu et al 2013a (PLOS ONE; English). Name in the cited study: Rhinolophus ferrumequinum. Detector: Avisoft UltraSoundGate 116. Recording method: Resting. Sex: unstated. Call type: FMu/CF/FMd. Values are a review extraction; this row is not independent corroboration of the cited study.
lopezbosch2021-s1-255,1004684,Rhinolophus ferrumequinum,exact,lopez-bosch-2021-china,"Table S1, spreadsheet row 255, FmaxE column",lopez-bosch-2021-china-compiled,unspecified,,,,unspecified,,China,Fujian,,,,peak_frequency,mean,76.68,,,kHz,sd,0.053,76.68 ±0.053,definition_unstated,China review Table S1 cites Liu et al 2013a (PLOS ONE; English). Name in the cited study: Rhinolophus ferrumequinum. Detector: Avisoft UltraSoundGate 116. Recording method: Resting. Sex: unstated. Call type: FMu/CF/FMd. Values are a review extraction; this row is not independent corroboration of the cited study.
lopezbosch2021-s1-256,1004684,Rhinolophus ferrumequinum,exact,lopez-bosch-2021-china,"Table S1, spreadsheet row 256, FmaxE column",lopez-bosch-2021-china-compiled,unspecified,,,,unspecified,,China,Fujian,,,,peak_frequency,mean,76.89,,,kHz,sd,0.38,76.89 ±0.38,definition_unstated,China review Table S1 cites Lin et al 2016 (Behavioral Ecology and Sociobiology; English). Name in the cited study: Rhinolophus ferrumequinum. Detector: Avisoft Ultrasound-Gate CM16/CMPA. Recording method: Resting. Sex: unstated. Call type: FMu/CF/FMd. Values are a review extraction; this row is not independent corroboration of the cited study.
lopezbosch2021-s1-257,1004684,Rhinolophus ferrumequinum,exact,lopez-bosch-2021-china,"Table S1, spreadsheet row 257, bandwidth column",lopez-bosch-2021-china-compiled,unspecified,,,,unspecified,,China,Fujian,,,,bandwidth,mean,14.34,,,kHz,sd,4.09,14.34 ±4.09,definition_unstated,China review Table S1 cites Ma et al 2006 (Journal of Comparative Physiology; English). Name in the cited study: Rhinolophus ferrumequinum. Detector: Avisoft UltraSoundGate 116. Recording method: Resting. Sex: unstated. Call type: FMu/CF/FMd. Values are a review extraction; this row is not independent corroboration of the cited study.
lopezbosch2021-s1-257,1004684,Rhinolophus ferrumequinum,exact,lopez-bosch-2021-china,"Table S1, spreadsheet row 257, duration column",lopez-bosch-2021-china-compiled,unspecified,,,,unspecified,,China,Fujian,,,,duration,mean,54.04,,,ms,sd,17.5,54.04 ±17.5,definition_unstated,China review Table S1 cites Ma et al 2006 (Journal of Comparative Physiology; English). Name in the cited study: Rhinolophus ferrumequinum. Detector: Avisoft UltraSoundGate 116. Recording method: Resting. Sex: unstated. Call type: FMu/CF/FMd. Values are a review extraction; this row is not independent corroboration of the cited study.
lopezbosch2021-s1-257,1004684,Rhinolophus ferrumequinum,exact,lopez-bosch-2021-china,"Table S1, spreadsheet row 257, FmaxE column",lopez-bosch-2021-china-compiled,unspecified,,,,unspecified,,China,Fujian,,,,peak_frequency,mean,76.99,,,kHz,sd,0.59,76.99 ±0.59,definition_unstated,China review Table S1 cites Ma et al 2006 (Journal of Comparative Physiology; English). Name in the cited study: Rhinolophus ferrumequinum. Detector: Avisoft UltraSoundGate 116. Recording method: Resting. Sex: unstated. Call type: FMu/CF/FMd. Values are a review extraction; this row is not independent corroboration of the cited study.
lopezbosch2021-s1-258,1004684,Rhinolophus ferrumequinum,exact,lopez-bosch-2021-china,"Table S1, spreadsheet row 258, FmaxE column",lopez-bosch-2021-china-compiled,unspecified,,,,unspecified,,China,Fujian,,,,peak_frequency,mean,77.13,,,kHz,sd,0.5,77.13 ±0.5,definition_unstated,China review Table S1 cites Sun et al 2013 (PLOS ONE; English). Name in the cited study: Rhinolophus ferrumequinum. Detector: Petterson D980. Recording method: Hand-held. Sex: Female. Call type: FMu/CF/FMd. Values are a review extraction; this row is not independent corroboration of the cited study.
lopezbosch2021-s1-259,1004684,Rhinolophus ferrumequinum,exact,lopez-bosch-2021-china,"Table S1, spreadsheet row 259, FmaxE column",lopez-bosch-2021-china-compiled,unspecified,,,,unspecified,,China,Fujian,,,,peak_frequency,mean,77.14,,,kHz,sd,0.36,77.14 ±0.36,definition_unstated,China review Table S1 cites Sun et al 2013 (PLOS ONE; English). Name in the cited study: Rhinolophus ferrumequinum. Detector: Petterson D980. Recording method: Hand-held. Sex: Female. Call type: FMu/CF/FMd. Values are a review extraction; this row is not independent corroboration of the cited study.
lopezbosch2021-s1-26,1005361,Myotis altarium,exact,lopez-bosch-2021-china,"Table S1, spreadsheet row 26, duration column",lopez-bosch-2021-china-compiled,unspecified,,,,unspecified,,China,Guangxi,,,,duration,mean,1.2,,,ms,sd,0.4,1.2 ±0.4,definition_unstated,China review Table S1 cites Zhang et al 2010 (Acta Theoriologica Sinica; Chinese with English abstract). Name in the cited study: Myotis altarium. Detector: Anabat II. Recording method: Hand-held. Sex: unstated. Call type: FM Broadband. Values are a review extraction; this row is not independent corroboration of the cited study.
lopezbosch2021-s1-26,1005361,Myotis altarium,exact,lopez-bosch-2021-china,"Table S1, spreadsheet row 26, max frequency column",lopez-bosch-2021-china-compiled,unspecified,,,,unspecified,,China,Guangxi,,,,max_frequency,mean,68.8,,,kHz,sd,5.3,68.8 ±5.3,definition_unstated,China review Table S1 cites Zhang et al 2010 (Acta Theoriologica Sinica; Chinese with English abstract). Name in the cited study: Myotis altarium. Detector: Anabat II. Recording method: Hand-held. Sex: unstated. Call type: FM Broadband. Values are a review extraction; this row is not independent corroboration of the cited study.
lopezbosch2021-s1-26,1005361,Myotis altarium,exact,lopez-bosch-2021-china,"Table S1, spreadsheet row 26, min frequency column",lopez-bosch-2021-china-compiled,unspecified,,,,unspecified,,China,Guangxi,,,,min_frequency,mean,42.5,,,kHz,sd,5,42.5 ±5.,definition_unstated,China review Table S1 cites Zhang et al 2010 (Acta Theoriologica Sinica; Chinese with English abstract). Name in the cited study: Myotis altarium. Detector: Anabat II. Recording method: Hand-held. Sex: unstated. Call type: FM Broadband. Values are a review extraction; this row is not independent corroboration of the cited study.
lopezbosch2021-s1-260,1004684,Rhinolophus ferrumequinum,exact,lopez-bosch-2021-china,"Table S1, spreadsheet row 260, duration column",lopez-bosch-2021-china-compiled,unspecified,,,,unspecified,,China,Fujian,,,,duration,mean,48.85,,,ms,sd,12.64,48.85 ±12.64,definition_unstated,China review Table S1 cites Liu et al 2013b (Chinese Science Bulletin; English). Name in the cited study: Rhinolophus ferrumequinum nippon. Detector: Avisoft UltraSoundGate 116. Recording method: Resting. Sex: unstated. Call type: FMu/CF/FMd. Values are a review extraction; this row is not independent corroboration of the cited study.
lopezbosch2021-s1-260,1004684,Rhinolophus ferrumequinum,exact,lopez-bosch-2021-china,"Table S1, spreadsheet row 260, FmaxE column",lopez-bosch-2021-china-compiled,unspecified,,,,unspecified,,China,Fujian,,,,peak_frequency,mean,77.33,,,kHz,sd,0.06,77.33 ±0.06,definition_unstated,China review Table S1 cites Liu et al 2013b (Chinese Science Bulletin; English). Name in the cited study: Rhinolophus ferrumequinum nippon. Detector: Avisoft UltraSoundGate 116. Recording method: Resting. Sex: unstated. Call type: FMu/CF/FMd. Values are a review extraction; this row is not independent corroboration of the cited study.
lopezbosch2021-s1-261,1004684,Rhinolophus ferrumequinum,exact,lopez-bosch-2021-china,"Table S1, spreadsheet row 261, duration column",lopez-bosch-2021-china-compiled,unspecified,,,,unspecified,,China,Yunnan,,,,duration,mean,51.45,,,ms,sd,22.54,51.45 ±22.54,definition_unstated,China review Table S1 cites Liu et al 2013b (Chinese Science Bulletin; English). Name in the cited study: Rhinolophus ferrumequinum nippon. Detector: Avisoft UltraSoundGate 116. Recording method: Resting. Sex: unstated. Call type: FMu/CF/FMd. Values are a review extraction; this row is not independent corroboration of the cited study.
lopezbosch2021-s1-261,1004684,Rhinolophus ferrumequinum,exact,lopez-bosch-2021-china,"Table S1, spreadsheet row 261, FmaxE column",lopez-bosch-2021-china-compiled,unspecified,,,,unspecified,,China,Yunnan,,,,peak_frequency,mean,77.34,,,kHz,sd,0.03,77.34 ±0.03,definition_unstated,China review Table S1 cites Liu et al 2013b (Chinese Science Bulletin; English). Name in the cited study: Rhinolophus ferrumequinum nippon. Detector: Avisoft UltraSoundGate 116. Recording method: Resting. Sex: unstated. Call type: FMu/CF/FMd. Values are a review extraction; this row is not independent corroboration of the cited study.
lopezbosch2021-s1-262,1004684,Rhinolophus ferrumequinum,exact,lopez-bosch-2021-china,"Table S1, spreadsheet row 262, duration column",lopez-bosch-2021-china-compiled,unspecified,,,,unspecified,,China,Yunnan,,,,duration,mean,46.44,,,ms,sd,12.33,46.44 ±12.33,definition_unstated,China review Table S1 cites Liu et al 2013b (Chinese Science Bulletin; English). Name in the cited study: Rhinolophus ferrumequinum nippon. Detector: Avisoft UltraSoundGate 116. Recording method: Resting. Sex: unstated. Call type: FMu/CF/FMd. Values are a review extraction; this row is not independent corroboration of the cited study.
lopezbosch2021-s1-262,1004684,Rhinolophus ferrumequinum,exact,lopez-bosch-2021-china,"Table S1, spreadsheet row 262, FmaxE column",lopez-bosch-2021-china-compiled,unspecified,,,,unspecified,,China,Yunnan,,,,peak_frequency,mean,77.43,,,kHz,sd,0.07,77.43 ±0.07,definition_unstated,China review Table S1 cites Liu et al 2013b (Chinese Science Bulletin; English). Name in the cited study: Rhinolophus ferrumequinum nippon. Detector: Avisoft UltraSoundGate 116. Recording method: Resting. Sex: unstated. Call type: FMu/CF/FMd. Values are a review extraction; this row is not independent corroboration of the cited study.
lopezbosch2021-s1-263,1004684,Rhinolophus ferrumequinum,exact,lopez-bosch-2021-china,"Table S1, spreadsheet row 263, duration column",lopez-bosch-2021-china-compiled,unspecified,,,,unspecified,,China,Yunnan,,,,duration,mean,49.27,,,ms,sd,7.49,49.27 ±7.49,definition_unstated,China review Table S1 cites Liu et al 2013b (Chinese Science Bulletin; English). Name in the cited study: Rhinolophus ferrumequinum nippon. Detector: Avisoft UltraSoundGate 116. Recording method: Resting. Sex: unstated. Call type: FMu/CF/FMd. Values are a review extraction; this row is not independent corroboration of the cited study.
lopezbosch2021-s1-263,1004684,Rhinolophus ferrumequinum,exact,lopez-bosch-2021-china,"Table S1, spreadsheet row 263, FmaxE column",lopez-bosch-2021-china-compiled,unspecified,,,,unspecified,,China,Yunnan,,,,peak_frequency,mean,77.45,,,kHz,sd,0.05,77.45 ±0.05,definition_unstated,China review Table S1 cites Liu et al 2013b (Chinese Science Bulletin; English). Name in the cited study: Rhinolophus ferrumequinum nippon. Detector: Avisoft UltraSoundGate 116. Recording method: Resting. Sex: unstated. Call type: FMu/CF/FMd. Values are a review extraction; this row is not independent corroboration of the cited study.
lopezbosch2021-s1-264,1004684,Rhinolophus ferrumequinum,exact,lopez-bosch-2021-china,"Table S1, spreadsheet row 264, duration column",lopez-bosch-2021-china-compiled,unspecified,,,,free_flying_wild,,China,Yunnan,,,,duration,mean,25.28,,,ms,sd,13.36,25.28 ±13.36,definition_unstated,China review Table S1 cites Feng et al 2000 (Acta Zoologica Sinica; Chinese). Name in the cited study: Rhinolophus ferrumequinum nippon. Detector: Ultra Sound Advice U30. Recording method: Free-flying. Sex: unstated. Call type: FMu/CF/FMd. Values are a review extraction; this row is not independent corroboration of the cited study.
lopezbosch2021-s1-264,1004684,Rhinolophus ferrumequinum,exact,lopez-bosch-2021-china,"Table S1, spreadsheet row 264, FmaxE column",lopez-bosch-2021-china-compiled,unspecified,,,,free_flying_wild,,China,Yunnan,,,,peak_frequency,mean,82.8,,,kHz,sd,0.75,82.8 ±0.75,definition_unstated,China review Table S1 cites Feng et al 2000 (Acta Zoologica Sinica; Chinese). Name in the cited study: Rhinolophus ferrumequinum nippon. Detector: Ultra Sound Advice U30. Recording method: Free-flying. Sex: unstated. Call type: FMu/CF/FMd. Values are a review extraction; this row is not independent corroboration of the cited study.
lopezbosch2021-s1-265,1004684,Rhinolophus ferrumequinum,exact,lopez-bosch-2021-china,"Table S1, spreadsheet row 265, duration column",lopez-bosch-2021-china-compiled,unspecified,,,,unspecified,,China,Yunnan,,,,duration,mean,41.86,,,ms,sd,13.74,41.86 ±13.74,definition_unstated,China review Table S1 cites Feng et al 2000 (Acta Zoologica Sinica; Chinese). Name in the cited study: Rhinolophus ferrumequinum nippon. Detector: Ultra Sound Advice U30. Recording method: Resting. Sex: unstated. Call type: FMu/CF/FMd. Values are a review extraction; this row is not independent corroboration of the cited study.
lopezbosch2021-s1-265,1004684,Rhinolophus ferrumequinum,exact,lopez-bosch-2021-china,"Table S1, spreadsheet row 265, FmaxE column",lopez-bosch-2021-china-compiled,unspecified,,,,unspecified,,China,Yunnan,,,,peak_frequency,mean,83.59,,,kHz,sd,0.76,83.59 ±0.76,definition_unstated,China review Table S1 cites Feng et al 2000 (Acta Zoologica Sinica; Chinese). Name in the cited study: Rhinolophus ferrumequinum nippon. Detector: Ultra Sound Advice U30. Recording method: Resting. Sex: unstated. Call type: FMu/CF/FMd. Values are a review extraction; this row is not independent corroboration of the cited study.
lopezbosch2021-s1-266,1004684,Rhinolophus ferrumequinum,exact,lopez-bosch-2021-china,"Table S1, spreadsheet row 266, duration column",lopez-bosch-2021-china-compiled,unspecified,,,,unspecified,,China,Yunnan,,,,duration,mean,25.3,,,ms,sd,13.4,25.3 ±13.4,definition_unstated,China review Table S1 cites Zhang et al 1999 (Acta Zoologica Sinica; Chinese with English abstract). Name in the cited study: Rhinolophus ferrumequinum. Detector: Ultra Sound Advice U30. Recording method: Flying (enclosure). Sex: unstated. Call type: FMu/CF/FMd. Values are a review extraction; this row is not independent corroboration of the cited study.
lopezbosch2021-s1-266,1004684,Rhinolophus ferrumequinum,exact,lopez-bosch-2021-china,"Table S1, spreadsheet row 266, max frequency column",lopez-bosch-2021-china-compiled,unspecified,,,,unspecified,,China,Yunnan,,,,max_frequency,species_summary,35,,,kHz,,,35,definition_unstated,China review Table S1 cites Zhang et al 1999 (Acta Zoologica Sinica; Chinese with English abstract). Name in the cited study: Rhinolophus ferrumequinum. Detector: Ultra Sound Advice U30. Recording method: Flying (enclosure). Sex: unstated. Call type: FMu/CF/FMd. Values are a review extraction; this row is not independent corroboration of the cited study.
lopezbosch2021-s1-266,1004684,Rhinolophus ferrumequinum,exact,lopez-bosch-2021-china,"Table S1, spreadsheet row 266, min frequency column",lopez-bosch-2021-china-compiled,unspecified,,,,unspecified,,China,Yunnan,,,,min_frequency,species_summary,83,,,kHz,,,83,definition_unstated,China review Table S1 cites Zhang et al 1999 (Acta Zoologica Sinica; Chinese with English abstract). Name in the cited study: Rhinolophus ferrumequinum. Detector: Ultra Sound Advice U30. Recording method: Flying (enclosure). Sex: unstated. Call type: FMu/CF/FMd. Values are a review extraction; this row is not independent corroboration of the cited study.
lopezbosch2021-s1-267,1004700,Rhinolophus lepidus,exact,lopez-bosch-2021-china,"Table S1, spreadsheet row 267, FmaxE column",lopez-bosch-2021-china-compiled,unspecified,,,,unspecified,,China,Yunnan,,,,peak_frequency,mean,91.81,,,kHz,sd,0.91,91.81 ±0.91,definition_unstated,China review Table S1 cites Li et al 2014a (Behavioral Ecology and Sociobiology; English). Name in the cited study: Rhinolophus lepidus. Detector: Avisoft UltraSoundGate CM16/CMPA. Recording method: Resting. Sex: unstated. Call type: FMu/CF/FMd. Values are a review extraction; this row is not independent corroboration of the cited study.
lopezbosch2021-s1-268,1004700,Rhinolophus lepidus,exact,lopez-bosch-2021-china,"Table S1, spreadsheet row 268, duration column",lopez-bosch-2021-china-compiled,unspecified,,,,unspecified,,China,Yunnan,,,,duration,mean,35.82,,,ms,sd,11.05,35.82 ±11.05,definition_unstated,China review Table S1 cites Shi et al 2009 (Acta Theriologica; English). Name in the cited study: Rhinolophus lepidus. Detector: Ultra Sound Advice U30. Recording method: Flying (enclosure). Sex: unstated. Call type: FMu/CF/FMd. Values are a review extraction; this row is not independent corroboration of the cited study.
lopezbosch2021-s1-268,1004700,Rhinolophus lepidus,exact,lopez-bosch-2021-china,"Table S1, spreadsheet row 268, FmaxE column",lopez-bosch-2021-china-compiled,unspecified,,,,unspecified,,China,Yunnan,,,,peak_frequency,mean,90.67,,,kHz,sd,0.32,90.67 ±0.32,definition_unstated,China review Table S1 cites Shi et al 2009 (Acta Theriologica; English). Name in the cited study: Rhinolophus lepidus. Detector: Ultra Sound Advice U30. Recording method: Flying (enclosure). Sex: unstated. Call type: FMu/CF/FMd. Values are a review extraction; this row is not independent corroboration of the cited study.
lopezbosch2021-s1-269,1004700,Rhinolophus lepidus,exact,lopez-bosch-2021-china,"Table S1, spreadsheet row 269, FmaxE column",lopez-bosch-2021-china-compiled,unspecified,,,,unspecified,,China,Yunnan,,,,peak_frequency,range,,92.0,95.2,kHz,,,(92.0 - 95.2),definition_unstated,China review Table S1 cites Zhang et al 2009 (Acta Chiropterologica; English). Name in the cited study: Rhinolophus lepidus. Detector: Petterson D980. Recording method: Hand-held. Sex: unstated. Call type: FMu/CF/FMd. Values are a review extraction; this row is not independent corroboration of the cited study.
lopezbosch2021-s1-27,1005361,Myotis altarium,exact,lopez-bosch-2021-china,"Table S1, spreadsheet row 27, duration column",lopez-bosch-2021-china-compiled,unspecified,,,,unspecified,,China,Guizhou,,,,duration,mean,1.0,,,ms,sd,0.3,1.0 ± 0.3,definition_unstated,China review Table S1 cites Zhang et al 2010 (Acta Theoriologica Sinica; Chinese with English abstract). Name in the cited study: Myotis altarium. Detector: Anabat II. Recording method: Flying (enclosure). Sex: unstated. Call type: FM Broadband. Values are a review extraction; this row is not independent corroboration of the cited study.
lopezbosch2021-s1-27,1005361,Myotis altarium,exact,lopez-bosch-2021-china,"Table S1, spreadsheet row 27, max frequency column",lopez-bosch-2021-china-compiled,unspecified,,,,unspecified,,China,Guizhou,,,,max_frequency,mean,63.3,,,kHz,sd,5.3,63.3 ± 5.3,definition_unstated,China review Table S1 cites Zhang et al 2010 (Acta Theoriologica Sinica; Chinese with English abstract). Name in the cited study: Myotis altarium. Detector: Anabat II. Recording method: Flying (enclosure). Sex: unstated. Call type: FM Broadband. Values are a review extraction; this row is not independent corroboration of the cited study.
lopezbosch2021-s1-27,1005361,Myotis altarium,exact,lopez-bosch-2021-china,"Table S1, spreadsheet row 27, min frequency column",lopez-bosch-2021-china-compiled,unspecified,,,,unspecified,,China,Guizhou,,,,min_frequency,mean,42.9,,,kHz,sd,3.5,42.9 ±3.5,definition_unstated,China review Table S1 cites Zhang et al 2010 (Acta Theoriologica Sinica; Chinese with English abstract). Name in the cited study: Myotis altarium. Detector: Anabat II. Recording method: Flying (enclosure). Sex: unstated. Call type: FM Broadband. Values are a review extraction; this row is not independent corroboration of the cited study.
lopezbosch2021-s1-270,1004700,Rhinolophus lepidus,exact,lopez-bosch-2021-china,"Table S1, spreadsheet row 270, FmaxE column",lopez-bosch-2021-china-compiled,unspecified,,,,unspecified,,China,Yunnan,,,,peak_frequency,species_summary,91.4,,,kHz,,,91.4,definition_unstated,China review Table S1 cites Feng et al 2008 (Acta Biophysica Sinica; Chinese with English abstract). Name in the cited study: Rhinolophus lepidus. Detector: Unknown. Recording method: Flying (enclosure). Sex: unstated. Call type: FMu/CF/FMd. Values are a review extraction; this row is not independent corroboration of the cited study.
lopezbosch2021-s1-271,1004700,Rhinolophus lepidus,exact,lopez-bosch-2021-china,"Table S1, spreadsheet row 271, FmaxE column",lopez-bosch-2021-china-compiled,unspecified,,,,unspecified,,China,Yunnan,,,,peak_frequency,mean,75.4,,,kHz,sd,0.4,75.4 ±0.4,definition_unstated,China review Table S1 cites Feng et al 2002 (Acta Theoriologica Sinica; Chinese with English abstract). Name in the cited study: Rhinolophus blythii. Detector: Ultra Sound Advice U30. Recording method: Unknown. Sex: unstated. Call type: FMu/CF/FMd. Values are a review extraction; this row is not independent corroboration of the cited study.
lopezbosch2021-s1-272,1004700,Rhinolophus lepidus,exact,lopez-bosch-2021-china,"Table S1, spreadsheet row 272, duration column",lopez-bosch-2021-china-compiled,unspecified,,,,unspecified,,China,Yunnan,,,,duration,mean,39.93,,,ms,sd,6.72,39.93 ±6.72,definition_unstated,"China review Table S1 cites Shi 2010 (Master thesis, NE Normal University; Chinese with English abstract). Name in the cited study: Rhinolophus lepidus. Detector: Petterson D980. Recording method: Hand-held. Sex: unstated. Call type: FMu/CF/FMd. Values are a review extraction; this row is not independent corroboration of the cited study."
lopezbosch2021-s1-272,1004700,Rhinolophus lepidus,exact,lopez-bosch-2021-china,"Table S1, spreadsheet row 272, FmaxE column",lopez-bosch-2021-china-compiled,unspecified,,,,unspecified,,China,Yunnan,,,,peak_frequency,mean,91.41,,,kHz,sd,0.89,91.41 ±0.89,definition_unstated,"China review Table S1 cites Shi 2010 (Master thesis, NE Normal University; Chinese with English abstract). Name in the cited study: Rhinolophus lepidus. Detector: Petterson D980. Recording method: Hand-held. Sex: unstated. Call type: FMu/CF/FMd. Values are a review extraction; this row is not independent corroboration of the cited study."
lopezbosch2021-s1-273,1004700,Rhinolophus lepidus,exact,lopez-bosch-2021-china,"Table S1, spreadsheet row 273, FmaxE column",lopez-bosch-2021-china-compiled,unspecified,,,,unspecified,,China,Yunnan,,,,peak_frequency,mean,88.71,,,kHz,sd,3.56,88.71 ±3.56,definition_unstated,China review Table S1 cites Wu et al 2015 (Journal of Zoology (Zoological Society of London); English). Name in the cited study: Rhinolophus lepidus. Detector: Avisoft UltraSoundGate 116. Recording method: Hand-held. Sex: unstated. Call type: FMu/CF/FMd. Values are a review extraction; this row is not independent corroboration of the cited study.
lopezbosch2021-s1-28,1005388,Myotis chinensis,exact,lopez-bosch-2021-china,"Table S1, spreadsheet row 28, duration column",lopez-bosch-2021-china-compiled,unspecified,,,,unspecified,,China,Guizhou,,,,duration,mean,2.3,,,ms,sd,1.1,2.3 ±1.1,definition_unstated,"China review Table S1 cites Liu 2003 (Master thesis, NE Normal University; Chinese with English abstract). Name in the cited study: Myotis myotis. Detector: Petterson D980. Recording method: Flying (enclosure). Sex: unstated. Call type: FM Broadband. Values are a review extraction; this row is not independent corroboration of the cited study."
lopezbosch2021-s1-28,1005388,Myotis chinensis,exact,lopez-bosch-2021-china,"Table S1, spreadsheet row 28, max frequency column",lopez-bosch-2021-china-compiled,unspecified,,,,unspecified,,China,Guizhou,,,,max_frequency,mean,98.7,,,kHz,sd,11.2,98.7 ±11.2,definition_unstated,"China review Table S1 cites Liu 2003 (Master thesis, NE Normal University; Chinese with English abstract). Name in the cited study: Myotis myotis. Detector: Petterson D980. Recording method: Flying (enclosure). Sex: unstated. Call type: FM Broadband. Values are a review extraction; this row is not independent corroboration of the cited study."
lopezbosch2021-s1-28,1005388,Myotis chinensis,exact,lopez-bosch-2021-china,"Table S1, spreadsheet row 28, min frequency column",lopez-bosch-2021-china-compiled,unspecified,,,,unspecified,,China,Guizhou,,,,min_frequency,mean,30.3,,,kHz,sd,2.5,30.3 ±2.5,definition_unstated,"China review Table S1 cites Liu 2003 (Master thesis, NE Normal University; Chinese with English abstract). Name in the cited study: Myotis myotis. Detector: Petterson D980. Recording method: Flying (enclosure). Sex: unstated. Call type: FM Broadband. Values are a review extraction; this row is not independent corroboration of the cited study."
lopezbosch2021-s1-28,1005388,Myotis chinensis,exact,lopez-bosch-2021-china,"Table S1, spreadsheet row 28, FmaxE column",lopez-bosch-2021-china-compiled,unspecified,,,,unspecified,,China,Guizhou,,,,peak_frequency,mean,47.1,,,kHz,sd,6.6,47.1 ±6.6,definition_unstated,"China review Table S1 cites Liu 2003 (Master thesis, NE Normal University; Chinese with English abstract). Name in the cited study: Myotis myotis. Detector: Petterson D980. Recording method: Flying (enclosure). Sex: unstated. Call type: FM Broadband. Values are a review extraction; this row is not independent corroboration of the cited study."
lopezbosch2021-s1-286,1004709,Rhinolophus malayanus,exact,lopez-bosch-2021-china,"Table S1, spreadsheet row 286, duration column",lopez-bosch-2021-china-compiled,unspecified,,,,unspecified,,China,Jilin,,,,duration,species_summary,14.9,14.1,15.8,ms,,,14.9 (14.1 - 15.8),definition_unstated,China review Table S1 cites Liang et al 2019 (Mammalia; English). Name in the cited study: Rhinolophus malayanus. Detector: Avisoft UltraSoundGate 116 Hnb. Recording method: Unknown. Sex: unstated. Call type: FMu/CF/FMd. Values are a review extraction; this row is not independent corroboration of the cited study.
lopezbosch2021-s1-286,1004709,Rhinolophus malayanus,exact,lopez-bosch-2021-china,"Table S1, spreadsheet row 286, FmaxE column",lopez-bosch-2021-china-compiled,unspecified,,,,unspecified,,China,Jilin,,,,peak_frequency,species_summary,78.3,,,kHz,,,78.3,definition_unstated,China review Table S1 cites Liang et al 2019 (Mammalia; English). Name in the cited study: Rhinolophus malayanus. Detector: Avisoft UltraSoundGate 116 Hnb. Recording method: Unknown. Sex: unstated. Call type: FMu/CF/FMd. Values are a review extraction; this row is not independent corroboration of the cited study.
lopezbosch2021-s1-287,1004709,Rhinolophus malayanus,exact,lopez-bosch-2021-china,"Table S1, spreadsheet row 287, duration column",lopez-bosch-2021-china-compiled,unspecified,,,,unspecified,,China,Jilin,,,,duration,species_summary,14.9,14.1,15.8,ms,,,14.9 (14.1 - 15.8),definition_unstated,China review Table S1 cites Liang et al 2019 (Mammalia; English). Name in the cited study: Rhinolophus malayanus. Detector: Avisoft UltraSoundGate 116 Hnb. Recording method: Unknown. Sex: unstated. Call type: FMu/CF/FMd. Values are a review extraction; this row is not independent corroboration of the cited study.
lopezbosch2021-s1-287,1004709,Rhinolophus malayanus,exact,lopez-bosch-2021-china,"Table S1, spreadsheet row 287, FmaxE column",lopez-bosch-2021-china-compiled,unspecified,,,,unspecified,,China,Jilin,,,,peak_frequency,species_summary,77.900000000000006,,,kHz,,,77.900000000000006,definition_unstated,China review Table S1 cites Liang et al 2019 (Mammalia; English). Name in the cited study: Rhinolophus malayanus. Detector: Avisoft UltraSoundGate 116 Hnb. Recording method: Unknown. Sex: unstated. Call type: FMu/CF/FMd. Values are a review extraction; this row is not independent corroboration of the cited study.
lopezbosch2021-s1-288,1004710,Rhinolophus marshalli,exact,lopez-bosch-2021-china,"Table S1, spreadsheet row 288, FmaxE column",lopez-bosch-2021-china-compiled,unspecified,,,,unspecified,,China,Jilin,,,,peak_frequency,mean,43.09,,,kHz,sd,1.08,43.09 ±1.08,definition_unstated,China review Table S1 cites Zhang et al 2018b (Zoologica Scripta; English). Name in the cited study: Rhinolophus marshalli. Detector: Unknown. Recording method: Resting. Sex: unstated. Call type: FMu/CF/FMd. Values are a review extraction; this row is not independent corroboration of the cited study.
lopezbosch2021-s1-289,1004710,Rhinolophus marshalli,exact,lopez-bosch-2021-china,"Table S1, spreadsheet row 289, FmaxE column",lopez-bosch-2021-china-compiled,unspecified,,,,unspecified,,China,"Beijing, Guangxi, Henan, Hubei, Jiangxi, Jilin, Shandong, Shanxi, Sichuan, Tianjin, Yunnan",,,,peak_frequency,range,,41.8,44.5,kHz,,,(41.8 - 44.5),definition_unstated,China review Table S1 cites Zhang et al 2009 (Acta Chiropterologica; English). Name in the cited study: Rhinolophus marshalli. Detector: Petterson D980. Recording method: Hand-held. Sex: unstated. Call type: FMu/CF/FMd. Values are a review extraction; this row is not independent corroboration of the cited study.
lopezbosch2021-s1-29,1005388,Myotis chinensis,exact,lopez-bosch-2021-china,"Table S1, spreadsheet row 29, bandwidth column",lopez-bosch-2021-china-compiled,unspecified,,,,unspecified,,China,Guizhou,,,,bandwidth,range,,27.8,107.3,kHz,,,(27.8 - 107.3),definition_unstated,China review Table S1 cites Feng et al 2001 (11) (Acta Theoriologica Sinica; Chinese). Name in the cited study: Myotis myotis. Detector: Ultra Sound Advice U30. Recording method: Flying (enclosure). Sex: unstated. Call type: FM Broadband. Values are a review extraction; this row is not independent corroboration of the cited study.
lopezbosch2021-s1-29,1005388,Myotis chinensis,exact,lopez-bosch-2021-china,"Table S1, spreadsheet row 29, duration column",lopez-bosch-2021-china-compiled,unspecified,,,,unspecified,,China,Guizhou,,,,duration,mean,1.6,,,ms,sd,0.3,1.6 ±0.3,definition_unstated,China review Table S1 cites Feng et al 2001 (11) (Acta Theoriologica Sinica; Chinese). Name in the cited study: Myotis myotis. Detector: Ultra Sound Advice U30. Recording method: Flying (enclosure). Sex: unstated. Call type: FM Broadband. Values are a review extraction; this row is not independent corroboration of the cited study.
lopezbosch2021-s1-29,1005388,Myotis chinensis,exact,lopez-bosch-2021-china,"Table S1, spreadsheet row 29, FmaxE column",lopez-bosch-2021-china-compiled,unspecified,,,,unspecified,,China,Guizhou,,,,peak_frequency,mean,44.6,,,kHz,sd,4.3,44.6 ±4.3,definition_unstated,China review Table S1 cites Feng et al 2001 (11) (Acta Theoriologica Sinica; Chinese). Name in the cited study: Myotis myotis. Detector: Ultra Sound Advice U30. Recording method: Flying (enclosure). Sex: unstated. Call type: FM Broadband. Values are a review extraction; this row is not independent corroboration of the cited study.
lopezbosch2021-s1-290,1004710,Rhinolophus marshalli,exact,lopez-bosch-2021-china,"Table S1, spreadsheet row 290, FmaxE column",lopez-bosch-2021-china-compiled,unspecified,,,,unspecified,,China,Shaanxi,,,,peak_frequency,mean,44.0,,,kHz,sd,0.10,44.0 ±0.10,definition_unstated,China review Table S1 cites Wu et al 2015 (Journal of Zoology (Zoological Society of London); English). Name in the cited study: Rhinolophus marshalli. Detector: Avisoft UltraSoundGate 116. Recording method: Hand-held. Sex: unstated. Call type: FMu/CF/FMd. Values are a review extraction; this row is not independent corroboration of the cited study.
lopezbosch2021-s1-291,1004710,Rhinolophus marshalli,exact,lopez-bosch-2021-china,"Table S1, spreadsheet row 291, duration column",lopez-bosch-2021-china-compiled,unspecified,,,,free_flying_wild,,China,Yunnan,,,,duration,mean,54.04,,,ms,sd,9.35,54.04 ±9.35,definition_unstated,China review Table S1 cites Liu et al 2009 (Mammalia; English). Name in the cited study: Rhinolophus marshalli. Detector: Petterson D980. Recording method: Free-flying. Sex: Female. Call type: FMu/CF/FMd. Values are a review extraction; this row is not independent corroboration of the cited study.
lopezbosch2021-s1-291,1004710,Rhinolophus marshalli,exact,lopez-bosch-2021-china,"Table S1, spreadsheet row 291, FmaxE column",lopez-bosch-2021-china-compiled,unspecified,,,,free_flying_wild,,China,Yunnan,,,,peak_frequency,mean,44.34,,,kHz,sd,1.10,44.34 ±1.10,definition_unstated,China review Table S1 cites Liu et al 2009 (Mammalia; English). Name in the cited study: Rhinolophus marshalli. Detector: Petterson D980. Recording method: Free-flying. Sex: Female. Call type: FMu/CF/FMd. Values are a review extraction; this row is not independent corroboration of the cited study.
lopezbosch2021-s1-292,1004710,Rhinolophus marshalli,exact,lopez-bosch-2021-china,"Table S1, spreadsheet row 292, duration column",lopez-bosch-2021-china-compiled,unspecified,,,,unspecified,,China,Shaanxi,,,,duration,mean,54.10,,,ms,sd,6.45,54.10 ±6.45,definition_unstated,China review Table S1 cites Liu et al 2009 (Mammalia; English). Name in the cited study: Rhinolophus marshalli. Detector: Petterson D980. Recording method: Resting. Sex: Female. Call type: FMu/CF/FMd. Values are a review extraction; this row is not independent corroboration of the cited study.
lopezbosch2021-s1-292,1004710,Rhinolophus marshalli,exact,lopez-bosch-2021-china,"Table S1, spreadsheet row 292, FmaxE column",lopez-bosch-2021-china-compiled,unspecified,,,,unspecified,,China,Shaanxi,,,,peak_frequency,mean,44.47,,,kHz,sd,0.63,44.47 ±0.63,definition_unstated,China review Table S1 cites Liu et al 2009 (Mammalia; English). Name in the cited study: Rhinolophus marshalli. Detector: Petterson D980. Recording method: Resting. Sex: Female. Call type: FMu/CF/FMd. Values are a review extraction; this row is not independent corroboration of the cited study.
lopezbosch2021-s1-293,1004710,Rhinolophus marshalli,exact,lopez-bosch-2021-china,"Table S1, spreadsheet row 293, duration column",lopez-bosch-2021-china-compiled,unspecified,,,,free_flying_wild,,China,Jilin,,,,duration,mean,52.83,,,ms,sd,8.76,52.83 ±8.76,definition_unstated,China review Table S1 cites Liu et al 2009 (Mammalia; English). Name in the cited study: Rhinolophus marshalli. Detector: Petterson D980. Recording method: Free-flying. Sex: Male. Call type: FMu/CF/FMd. Values are a review extraction; this row is not independent corroboration of the cited study.
lopezbosch2021-s1-293,1004710,Rhinolophus marshalli,exact,lopez-bosch-2021-china,"Table S1, spreadsheet row 293, FmaxE column",lopez-bosch-2021-china-compiled,unspecified,,,,free_flying_wild,,China,Jilin,,,,peak_frequency,mean,43.68,,,kHz,sd,1.05,43.68 ±1.05,definition_unstated,China review Table S1 cites Liu et al 2009 (Mammalia; English). Name in the cited study: Rhinolophus marshalli. Detector: Petterson D980. Recording method: Free-flying. Sex: Male. Call type: FMu/CF/FMd. Values are a review extraction; this row is not independent corroboration of the cited study.
lopezbosch2021-s1-294,1004710,Rhinolophus marshalli,exact,lopez-bosch-2021-china,"Table S1, spreadsheet row 294, duration column",lopez-bosch-2021-china-compiled,unspecified,,,,unspecified,,China,Jilin,,,,duration,mean,53.97,,,ms,sd,7.86,53.97 ±7.86,definition_unstated,China review Table S1 cites Liu et al 2009 (Mammalia; English). Name in the cited study: Rhinolophus marshalli. Detector: Petterson D980. Recording method: Resting. Sex: Male. Call type: FMu/CF/FMd. Values are a review extraction; this row is not independent corroboration of the cited study.
lopezbosch2021-s1-294,1004710,Rhinolophus marshalli,exact,lopez-bosch-2021-china,"Table S1, spreadsheet row 294, FmaxE column",lopez-bosch-2021-china-compiled,unspecified,,,,unspecified,,China,Jilin,,,,peak_frequency,mean,43.30,,,kHz,sd,0.55,43.30 ±0.55,definition_unstated,China review Table S1 cites Liu et al 2009 (Mammalia; English). Name in the cited study: Rhinolophus marshalli. Detector: Petterson D980. Recording method: Resting. Sex: Male. Call type: FMu/CF/FMd. Values are a review extraction; this row is not independent corroboration of the cited study.
lopezbosch2021-s1-295,1004714,Rhinolophus microglobosus,exact,lopez-bosch-2021-china,"Table S1, spreadsheet row 295, FmaxE column",lopez-bosch-2021-china-compiled,unspecified,,,,unspecified,,China,Jilin,,,,peak_frequency,mean,87.2,,,kHz,sd,0.56,87.2 ±0.56,definition_unstated,China review Table S1 cites Zhang et al 2009 (Acta Chiropterologica; English). Name in the cited study: Rhinolophus stheno. Detector: Petterson D980. Recording method: Hand-held. Sex: unstated. Call type: FMu/CF/FMd. Values are a review extraction; this row is not independent corroboration of the cited study.
lopezbosch2021-s1-296,1004723,Rhinolophus osgoodi,exact,lopez-bosch-2021-china,"Table S1, spreadsheet row 296, bandwidth column",lopez-bosch-2021-china-compiled,unspecified,,,,free_flying_wild,,China,Jilin,,,,bandwidth,mean,7.59,,,kHz,sd,1.28,7.59 ±1.28,definition_unstated,"China review Table S1 cites Chen 2003 (Master thesis, NE Normal University; Chinese with English abstract). Name in the cited study: Rhinolophus macrotis. Detector: Petterson D980. Recording method: Free-flying. Sex: unstated. Call type: FMu/CF/FMd. Values are a review extraction; this row is not independent corroboration of the cited study."
lopezbosch2021-s1-296,1004723,Rhinolophus osgoodi,exact,lopez-bosch-2021-china,"Table S1, spreadsheet row 296, duration column",lopez-bosch-2021-china-compiled,unspecified,,,,free_flying_wild,,China,Jilin,,,,duration,mean,21.5,,,ms,sd,5.94,21.5 ±5.94,definition_unstated,"China review Table S1 cites Chen 2003 (Master thesis, NE Normal University; Chinese with English abstract). Name in the cited study: Rhinolophus macrotis. Detector: Petterson D980. Recording method: Free-flying. Sex: unstated. Call type: FMu/CF/FMd. Values are a review extraction; this row is not independent corroboration of the cited study."
lopezbosch2021-s1-296,1004723,Rhinolophus osgoodi,exact,lopez-bosch-2021-china,"Table S1, spreadsheet row 296, FmaxE column",lopez-bosch-2021-china-compiled,unspecified,,,,free_flying_wild,,China,Jilin,,,,peak_frequency,mean,47.11,,,kHz,sd,0.32,47.11 ±0.32,definition_unstated,"China review Table S1 cites Chen 2003 (Master thesis, NE Normal University; Chinese with English abstract). Name in the cited study: Rhinolophus macrotis. Detector: Petterson D980. Recording method: Free-flying. Sex: unstated. Call type: FMu/CF/FMd. Values are a review extraction; this row is not independent corroboration of the cited study."
lopezbosch2021-s1-297,1004723,Rhinolophus osgoodi,exact,lopez-bosch-2021-china,"Table S1, spreadsheet row 297, FmaxE column",lopez-bosch-2021-china-compiled,unspecified,,,,unspecified,,China,Jilin,,,,peak_frequency,mean,69.05,,,kHz,sd,0.44,69.05 ±0.44,definition_unstated,China review Table S1 cites Wu et al 2015 (Journal of Zoology (Zoological Society of London); English). Name in the cited study: Rhinolophus huananus. Detector: Avisoft UltraSoundGate 116. Recording method: Hand-held. Sex: unstated. Call type: FMu/CF/FMd. Values are a review extraction; this row is not independent corroboration of the cited study.
lopezbosch2021-s1-298,1004732,Rhinolophus paradoxolophus,manual,lopez-bosch-2021-china,"Table S1, spreadsheet row 298, FmaxE column",lopez-bosch-2021-china-compiled,unspecified,,,,unspecified,,China,Jilin,,,,peak_frequency,mean,43.7,,,kHz,sd,0.03,43.7 ±0.03,definition_unstated,China review Table S1 cites Zhao et al 2003 (Journal of Zoology (Zoological Society of London); English). Name in the cited study: Rhinolophus paradoxolophus. Detector: Ultra Sound Advice U30. Recording method: Resting. Sex: unstated. Call type: FMu/CF/FMd. Values are a review extraction; this row is not independent corroboration of the cited study.
lopezbosch2021-s1-299,1004732,Rhinolophus paradoxolophus,manual,lopez-bosch-2021-china,"Table S1, spreadsheet row 299, FmaxE column",lopez-bosch-2021-china-compiled,unspecified,,,,unspecified,,China,Jilin,,,,peak_frequency,mean,31.02,,,kHz,sd,0.51,31.02 ±0.51,definition_unstated,China review Table S1 cites Zhang et al 2018b (Zoologica Scripta; English). Name in the cited study: Rhinolophus paradoxolophus. Detector: Unknown. Recording method: Resting. Sex: unstated. Call type: FMu/CF/FMd. Values are a review extraction; this row is not independent corroboration of the cited study.
lopezbosch2021-s1-3,1005650,Barbastella beijingensis,exact,lopez-bosch-2021-china,"Table S1, spreadsheet row 3, duration column",lopez-bosch-2021-china-compiled,unspecified,,,,hand_release,,China,Yunnan,,,,duration,mean,5.1,,,ms,sd,0.8,5.1 ±0.8,definition_unstated,China review Table S1 cites Zhang et al 2007 (Journal of Mammalogy; English). Name in the cited study: Barbastella beijingensis. Detector: Petterson D980. Recording method: Hand-released. Sex: unstated. Call type: Alternated concave/convex QCF. Values are a review extraction; this row is not independent corroboration of the cited study.
lopezbosch2021-s1-3,1005650,Barbastella beijingensis,exact,lopez-bosch-2021-china,"Table S1, spreadsheet row 3, end frequency column",lopez-bosch-2021-china-compiled,unspecified,,,,hand_release,,China,Yunnan,,,,end_frequency,mean,26.8,,,kHz,sd,0.5,26.8 ±0.5,definition_unstated,China review Table S1 cites Zhang et al 2007 (Journal of Mammalogy; English). Name in the cited study: Barbastella beijingensis. Detector: Petterson D980. Recording method: Hand-released. Sex: unstated. Call type: Alternated concave/convex QCF. Values are a review extraction; this row is not independent corroboration of the cited study.
lopezbosch2021-s1-3,1005650,Barbastella beijingensis,exact,lopez-bosch-2021-china,"Table S1, spreadsheet row 3, FmaxE column",lopez-bosch-2021-china-compiled,unspecified,,,,hand_release,,China,Yunnan,,,,peak_frequency,mean,32.1,,,kHz,sd,1.9,32.1 ±1.9,definition_unstated,China review Table S1 cites Zhang et al 2007 (Journal of Mammalogy; English). Name in the cited study: Barbastella beijingensis. Detector: Petterson D980. Recording method: Hand-released. Sex: unstated. Call type: Alternated concave/convex QCF. Values are a review extraction; this row is not independent corroboration of the cited study.
lopezbosch2021-s1-3,1005650,Barbastella beijingensis,exact,lopez-bosch-2021-china,"Table S1, spreadsheet row 3, start frequency column",lopez-bosch-2021-china-compiled,unspecified,,,,hand_release,,China,Yunnan,,,,start_frequency,mean,39.2,,,kHz,sd,1.6,39.2 ±1.6,definition_unstated,China review Table S1 cites Zhang et al 2007 (Journal of Mammalogy; English). Name in the cited study: Barbastella beijingensis. Detector: Petterson D980. Recording method: Hand-released. Sex: unstated. Call type: Alternated concave/convex QCF. Values are a review extraction; this row is not independent corroboration of the cited study.
lopezbosch2021-s1-30,1005388,Myotis chinensis,exact,lopez-bosch-2021-china,"Table S1, spreadsheet row 30, bandwidth column",lopez-bosch-2021-china-compiled,unspecified,,,,unspecified,,China,Anhui,,,,bandwidth,mean,45.49,,,kHz,sd,13.03,45.49 ±13.03,definition_unstated,China review Table S1 cites Ma et al 2008 (Ecological Research; English). Name in the cited study: Myotis chinensis. Detector: Petterson D980. Recording method: Flying (enclosure). Sex: unstated. Call type: FM Broadband. Values are a review extraction; this row is not independent corroboration of the cited study.
lopezbosch2021-s1-30,1005388,Myotis chinensis,exact,lopez-bosch-2021-china,"Table S1, spreadsheet row 30, duration column",lopez-bosch-2021-china-compiled,unspecified,,,,unspecified,,China,Anhui,,,,duration,mean,6.3,,,ms,sd,1.0,6.3 ±1.0,definition_unstated,China review Table S1 cites Ma et al 2008 (Ecological Research; English). Name in the cited study: Myotis chinensis. Detector: Petterson D980. Recording method: Flying (enclosure). Sex: unstated. Call type: FM Broadband. Values are a review extraction; this row is not independent corroboration of the cited study.
lopezbosch2021-s1-30,1005388,Myotis chinensis,exact,lopez-bosch-2021-china,"Table S1, spreadsheet row 30, end frequency column",lopez-bosch-2021-china-compiled,unspecified,,,,unspecified,,China,Anhui,,,,end_frequency,mean,37.51,,,kHz,sd,8.13,37.51 ±8.13,definition_unstated,China review Table S1 cites Ma et al 2008 (Ecological Research; English). Name in the cited study: Myotis chinensis. Detector: Petterson D980. Recording method: Flying (enclosure). Sex: unstated. Call type: FM Broadband. Values are a review extraction; this row is not independent corroboration of the cited study.
lopezbosch2021-s1-30,1005388,Myotis chinensis,exact,lopez-bosch-2021-china,"Table S1, spreadsheet row 30, FmaxE column",lopez-bosch-2021-china-compiled,unspecified,,,,unspecified,,China,Anhui,,,,peak_frequency,mean,54.2,,,kHz,sd,4.8,54.2 ±4.8,definition_unstated,China review Table S1 cites Ma et al 2008 (Ecological Research; English). Name in the cited study: Myotis chinensis. Detector: Petterson D980. Recording method: Flying (enclosure). Sex: unstated. Call type: FM Broadband. Values are a review extraction; this row is not independent corroboration of the cited study.
lopezbosch2021-s1-30,1005388,Myotis chinensis,exact,lopez-bosch-2021-china,"Table S1, spreadsheet row 30, start frequency column",lopez-bosch-2021-china-compiled,unspecified,,,,unspecified,,China,Anhui,,,,start_frequency,mean,83.59,,,kHz,sd,13.96,83.59 ±13.96,definition_unstated,China review Table S1 cites Ma et al 2008 (Ecological Research; English). Name in the cited study: Myotis chinensis. Detector: Petterson D980. Recording method: Flying (enclosure). Sex: unstated. Call type: FM Broadband. Values are a review extraction; this row is not independent corroboration of the cited study.
lopezbosch2021-s1-300,1004732,Rhinolophus paradoxolophus,manual,lopez-bosch-2021-china,"Table S1, spreadsheet row 300, FmaxE column",lopez-bosch-2021-china-compiled,unspecified,,,,unspecified,,China,Jilin,,,,peak_frequency,range,,24,30,kHz,,,(24 - 30),definition_unstated,China review Table S1 cites Zhang et al 2015 (Journal of Nanjing University (Natural Sciences); Chinese with English abstract). Name in the cited study: Rhinolophus paradoxolophus. Detector: Unknown. Recording method: Unknown. Sex: unstated. Call type: FMu/CF/FMd. Values are a review extraction; this row is not independent corroboration of the cited study.
lopezbosch2021-s1-301,1004732,Rhinolophus paradoxolophus,manual,lopez-bosch-2021-china,"Table S1, spreadsheet row 301, FmaxE column",lopez-bosch-2021-china-compiled,unspecified,,,,unspecified,,China,Jilin,,,,peak_frequency,range,,51,57,kHz,,,(51 - 57),definition_unstated,China review Table S1 cites Zhang et al 2015 (Journal of Nanjing University (Natural Sciences); Chinese with English abstract). Name in the cited study: Rhinolophus paradoxolophus. Detector: Unknown. Recording method: Unknown. Sex: unstated. Call type: FMu/CF/FMd. Values are a review extraction; this row is not independent corroboration of the cited study.
lopezbosch2021-s1-302,1004732,Rhinolophus paradoxolophus,manual,lopez-bosch-2021-china,"Table S1, spreadsheet row 302, FmaxE column",lopez-bosch-2021-china-compiled,unspecified,,,,unspecified,,China,Jilin,,,,peak_frequency,range,,78,84,kHz,,,(78 - 84),definition_unstated,China review Table S1 cites Zhang et al 2015 (Journal of Nanjing University (Natural Sciences); Chinese with English abstract). Name in the cited study: Rhinolophus paradoxolophus. Detector: Unknown. Recording method: Unknown. Sex: unstated. Call type: FMu/CF/FMd. Values are a review extraction; this row is not independent corroboration of the cited study.
lopezbosch2021-s1-303,1004724,Rhinolophus pearsonii,exact,lopez-bosch-2021-china,"Table S1, spreadsheet row 303, FmaxE column",lopez-bosch-2021-china-compiled,unspecified,,,,unspecified,,China,Jilin,,,,peak_frequency,range,,57.6,70.0,kHz,,,(57.6 - 70.0),definition_unstated,China review Table S1 cites Zhang et al 2009 (Acta Chiropterologica; English). Name in the cited study: Rhinolophus pearsonii. Detector: Petterson D980. Recording method: Hand-held. Sex: unstated. Call type: FMu/CF/FMd. Values are a review extraction; this row is not independent corroboration of the cited study.
lopezbosch2021-s1-304,1004724,Rhinolophus pearsonii,exact,lopez-bosch-2021-china,"Table S1, spreadsheet row 304, duration column",lopez-bosch-2021-china-compiled,unspecified,,,,unspecified,,China,Jilin,,,,duration,mean,34.62,,,ms,sd,8.25,34.62 ±8.25,definition_unstated,China review Table S1 cites Guo et al 2010 (Journal of Jianxi Normal Univeristy (Nature Science); Chinese with English abstract). Name in the cited study: Rhinolophus personi. Detector: Unknown. Recording method: Flying (enclosure). Sex: unstated. Call type: FMu/CF/FMd. Values are a review extraction; this row is not independent corroboration of the cited study.
lopezbosch2021-s1-304,1004724,Rhinolophus pearsonii,exact,lopez-bosch-2021-china,"Table S1, spreadsheet row 304, FmaxE column",lopez-bosch-2021-china-compiled,unspecified,,,,unspecified,,China,Jilin,,,,peak_frequency,mean,64.3,,,kHz,sd,0.16,64.3 ±0.16,definition_unstated,China review Table S1 cites Guo et al 2010 (Journal of Jianxi Normal Univeristy (Nature Science); Chinese with English abstract). Name in the cited study: Rhinolophus personi. Detector: Unknown. Recording method: Flying (enclosure). Sex: unstated. Call type: FMu/CF/FMd. Values are a review extraction; this row is not independent corroboration of the cited study.
lopezbosch2021-s1-305,1004724,Rhinolophus pearsonii,exact,lopez-bosch-2021-china,"Table S1, spreadsheet row 305, FmaxE column",lopez-bosch-2021-china-compiled,unspecified,,,,free_flying_wild,,China,Jilin,,,,peak_frequency,mean,63.80,,,kHz,sd,0.55,63.80 ±0.55,definition_unstated,China review Table S1 cites Jiang et al 2013b (Acta Theriologica; English). Name in the cited study: Rhinolophus pearsonii. Detector: Avisoft UltraSoundGate 116 Hnb. Recording method: Emergence. Sex: unstated. Call type: FMu/CF/FMd. Values are a review extraction; this row is not independent corroboration of the cited study.
lopezbosch2021-s1-306,1004724,Rhinolophus pearsonii,exact,lopez-bosch-2021-china,"Table S1, spreadsheet row 306, bandwidth column",lopez-bosch-2021-china-compiled,unspecified,,,,unspecified,,China,Jilin,,,,bandwidth,mean,17.32,,,kHz,sd,1.8,17.32 ±1.8,definition_unstated,China review Table S1 cites Jiang et al 2008 (Progress in Natural Science; English). Name in the cited study: Rhinolophus pearsonii. Detector: Ultra Sound Advice U30. Recording method: Flying (enclosure). Sex: unstated. Call type: FMu/CF/FMd. Values are a review extraction; this row is not independent corroboration of the cited study.
lopezbosch2021-s1-306,1004724,Rhinolophus pearsonii,exact,lopez-bosch-2021-china,"Table S1, spreadsheet row 306, FmaxE column",lopez-bosch-2021-china-compiled,unspecified,,,,unspecified,,China,Jilin,,,,peak_frequency,species_summary,63.8,,,kHz,,,63.8,definition_unstated,China review Table S1 cites Jiang et al 2008 (Progress in Natural Science; English). Name in the cited study: Rhinolophus pearsonii. Detector: Ultra Sound Advice U30. Recording method: Flying (enclosure). Sex: unstated. Call type: FMu/CF/FMd. Values are a review extraction; this row is not independent corroboration of the cited study.
lopezbosch2021-s1-307,1004724,Rhinolophus pearsonii,exact,lopez-bosch-2021-china,"Table S1, spreadsheet row 307, FmaxE column",lopez-bosch-2021-china-compiled,unspecified,,,,unspecified,,China,Jilin,,,,peak_frequency,mean,56.2,,,kHz,sd,0.27,56.2 ±0.27,definition_unstated,China review Table S1 cites Zhao et al 2003 (Journal of Zoology (Zoological Society of London); English). Name in the cited study: Rhinolophus pearsonii. Detector: Ultra Sound Advice U30. Recording method: Resting. Sex: unstated. Call type: FMu/CF/FMd. Values are a review extraction; this row is not independent corroboration of the cited study.
lopezbosch2021-s1-308,1004724,Rhinolophus pearsonii,exact,lopez-bosch-2021-china,"Table S1, spreadsheet row 308, FmaxE column",lopez-bosch-2021-china-compiled,unspecified,,,,unspecified,,China,Jiangxi,,,,peak_frequency,mean,61.08,,,kHz,sd,0.019,61.08 ±0.019,definition_unstated,China review Table S1 cites Jiang et al 2002b (Zoological Research; Chinese with English abstract). Name in the cited study: Rhinolophus pearsonii. Detector: Ultra Sound Advice U30. Recording method: Unknown. Sex: unstated. Call type: FMu/CF/FMd. Values are a review extraction; this row is not independent corroboration of the cited study.
lopezbosch2021-s1-309,1004724,Rhinolophus pearsonii,exact,lopez-bosch-2021-china,"Table S1, spreadsheet row 309, duration column",lopez-bosch-2021-china-compiled,unspecified,,,,free_flying_wild,,China,Jilin,,,,duration,mean,34.62,,,ms,sd,5.29,34.62 ±5.29,definition_unstated,China review Table S1 cites Chen et al 2004 (Zoological Research; Chinese with English abstract). Name in the cited study: Rhinolophus pearsonii. Detector: Petterson D980. Recording method: Free-flying. Sex: unstated. Call type: FMu/CF/FMd. Values are a review extraction; this row is not independent corroboration of the cited study.
lopezbosch2021-s1-309,1004724,Rhinolophus pearsonii,exact,lopez-bosch-2021-china,"Table S1, spreadsheet row 309, FmaxE column",lopez-bosch-2021-china-compiled,unspecified,,,,free_flying_wild,,China,Jilin,,,,peak_frequency,mean,56.8,,,kHz,sd,0.62,56.8 ±0.62,definition_unstated,China review Table S1 cites Chen et al 2004 (Zoological Research; Chinese with English abstract). Name in the cited study: Rhinolophus pearsonii. Detector: Petterson D980. Recording method: Free-flying. Sex: unstated. Call type: FMu/CF/FMd. Values are a review extraction; this row is not independent corroboration of the cited study.
lopezbosch2021-s1-31,1005388,Myotis chinensis,exact,lopez-bosch-2021-china,"Table S1, spreadsheet row 31, bandwidth column",lopez-bosch-2021-china-compiled,unspecified,,,,unspecified,,China,Guangdong,,,,bandwidth,range,,30.4,86.6,kHz,,,(30.4 - 86.6),definition_unstated,China review Table S1 cites Ma et al 2004 (Acta Theoriologica Sinica; Chinese with English abstract). Name in the cited study: Myotis chinensis. Detector: Petterson D980. Recording method: Flying (enclosure). Sex: unstated. Call type: FM Broadband. Values are a review extraction; this row is not independent corroboration of the cited study.
lopezbosch2021-s1-31,1005388,Myotis chinensis,exact,lopez-bosch-2021-china,"Table S1, spreadsheet row 31, duration column",lopez-bosch-2021-china-compiled,unspecified,,,,unspecified,,China,Guangdong,,,,duration,mean,4.85,,,ms,sd,0.48,4.85 ±0.48,definition_unstated,China review Table S1 cites Ma et al 2004 (Acta Theoriologica Sinica; Chinese with English abstract). Name in the cited study: Myotis chinensis. Detector: Petterson D980. Recording method: Flying (enclosure). Sex: unstated. Call type: FM Broadband. Values are a review extraction; this row is not independent corroboration of the cited study.
lopezbosch2021-s1-31,1005388,Myotis chinensis,exact,lopez-bosch-2021-china,"Table S1, spreadsheet row 31, FmaxE column",lopez-bosch-2021-china-compiled,unspecified,,,,unspecified,,China,Guangdong,,,,peak_frequency,mean,35.73,,,kHz,sd,0.92,35.73 ±0.92,definition_unstated,China review Table S1 cites Ma et al 2004 (Acta Theoriologica Sinica; Chinese with English abstract). Name in the cited study: Myotis chinensis. Detector: Petterson D980. Recording method: Flying (enclosure). Sex: unstated. Call type: FM Broadband. Values are a review extraction; this row is not independent corroboration of the cited study.
lopezbosch2021-s1-310,1004724,Rhinolophus pearsonii,exact,lopez-bosch-2021-china,"Table S1, spreadsheet row 310, duration column",lopez-bosch-2021-china-compiled,unspecified,,,,unspecified,,China,Jiangxi,,,,duration,mean,41.08,,,ms,sd,5.87,41.08 ±5.87,definition_unstated,China review Table S1 cites Chen et al 2004 (Zoological Research; Chinese with English abstract). Name in the cited study: Rhinolophus pearsonii. Detector: Petterson D980. Recording method: Resting. Sex: unstated. Call type: FMu/CF/FMd. Values are a review extraction; this row is not independent corroboration of the cited study.
lopezbosch2021-s1-310,1004724,Rhinolophus pearsonii,exact,lopez-bosch-2021-china,"Table S1, spreadsheet row 310, FmaxE column",lopez-bosch-2021-china-compiled,unspecified,,,,unspecified,,China,Jiangxi,,,,peak_frequency,mean,58.05,,,kHz,sd,0.24,58.05 ±0.24,definition_unstated,China review Table S1 cites Chen et al 2004 (Zoological Research; Chinese with English abstract). Name in the cited study: Rhinolophus pearsonii. Detector: Petterson D980. Recording method: Resting. Sex: unstated. Call type: FMu/CF/FMd. Values are a review extraction; this row is not independent corroboration of the cited study.
lopezbosch2021-s1-311,1004724,Rhinolophus pearsonii,exact,lopez-bosch-2021-china,"Table S1, spreadsheet row 311, duration column",lopez-bosch-2021-china-compiled,unspecified,,,,free_flying_wild,,China,Jilin,,,,duration,mean,34.62,,,ms,sd,5.29,34.62 ±5.29,definition_unstated,China review Table S1 cites Chen et al 2004 (Zoological Research; Chinese with English abstract). Name in the cited study: Rhinolophus pearsonii. Detector: Petterson D980. Recording method: Free-flying. Sex: unstated. Call type: FMu/CF/FMd. Values are a review extraction; this row is not independent corroboration of the cited study.
lopezbosch2021-s1-311,1004724,Rhinolophus pearsonii,exact,lopez-bosch-2021-china,"Table S1, spreadsheet row 311, FmaxE column",lopez-bosch-2021-china-compiled,unspecified,,,,free_flying_wild,,China,Jilin,,,,peak_frequency,mean,56.80,,,kHz,sd,0.62,56.80 ±0.62,definition_unstated,China review Table S1 cites Chen et al 2004 (Zoological Research; Chinese with English abstract). Name in the cited study: Rhinolophus pearsonii. Detector: Petterson D980. Recording method: Free-flying. Sex: unstated. Call type: FMu/CF/FMd. Values are a review extraction; this row is not independent corroboration of the cited study.
lopezbosch2021-s1-312,1004724,Rhinolophus pearsonii,exact,lopez-bosch-2021-china,"Table S1, spreadsheet row 312, FmaxE column",lopez-bosch-2021-china-compiled,unspecified,,,,unspecified,,China,Yunnan,,,,peak_frequency,mean,61.1,,,kHz,sd,0.2,61.1 ±0.2,definition_unstated,China review Table S1 cites Feng et al 2002 (Acta Theoriologica Sinica; Chinese with English abstract). Name in the cited study: Rhinolophus personi. Detector: Ultra Sound Advice U30. Recording method: Unknown. Sex: unstated. Call type: FMu/CF/FMd. Values are a review extraction; this row is not independent corroboration of the cited study.
lopezbosch2021-s1-313,1004724,Rhinolophus pearsonii,exact,lopez-bosch-2021-china,"Table S1, spreadsheet row 313, FmaxE column",lopez-bosch-2021-china-compiled,unspecified,,,,unspecified,,China,Yunnan,,,,peak_frequency,mean,67.70,,,kHz,sd,3.08,67.70 ±3.08,definition_unstated,China review Table S1 cites Wu et al 2015 (Journal of Zoology (Zoological Society of London); English). Name in the cited study: Rhinolophus pearsonii. Detector: Avisoft UltraSoundGate 116. Recording method: Hand-held. Sex: unstated. Call type: FMu/CF/FMd. Values are a review extraction; this row is not independent corroboration of the cited study.
lopezbosch2021-s1-314,1004726,Rhinolophus perniger,exact,lopez-bosch-2021-china,"Table S1, spreadsheet row 314, FmaxE column",lopez-bosch-2021-china-compiled,unspecified,,,,unspecified,,China,Yunnan,,,,peak_frequency,range,,32.6,34.9,kHz,,,(32.6 - 34.9),definition_unstated,China review Table S1 cites Zhang et al 2009 (Acta Chiropterologica; English). Name in the cited study: Rhinolophus luctus. Detector: Petterson D980. Recording method: Hand-held. Sex: unstated. Call type: FMu/CF/FMd. Values are a review extraction; this row is not independent corroboration of the cited study.
lopezbosch2021-s1-315,1004726,Rhinolophus perniger,exact,lopez-bosch-2021-china,"Table S1, spreadsheet row 315, FmaxE column",lopez-bosch-2021-china-compiled,unspecified,,,,unspecified,,China,Gansu,,,,peak_frequency,mean,33.85,,,kHz,sd,0.35,33.85 ±0.35,definition_unstated,China review Table S1 cites Wu et al 2015 (Journal of Zoology (Zoological Society of London); English). Name in the cited study: Rhinolophus luctus. Detector: Avisoft UltraSoundGate 116. Recording method: Hand-held. Sex: unstated. Call type: FMu/CF/FMd. Values are a review extraction; this row is not independent corroboration of the cited study.
lopezbosch2021-s1-316,1004730,Rhinolophus pusillus,exact,lopez-bosch-2021-china,"Table S1, spreadsheet row 316, duration column",lopez-bosch-2021-china-compiled,unspecified,,,,unspecified,,China,Gansu,,,,duration,mean,19.74,,,ms,sd,5.69,19.74 ±5.69,definition_unstated,China review Table S1 cites Wei et al 2006 (Zoological Research; Chinese with English abstract). Name in the cited study: Rhinolophus pusillus. Detector: Petterson D240X. Recording method: Unknown. Sex: unstated. Call type: FMu/CF/FMd. Values are a review extraction; this row is not independent corroboration of the cited study.
lopezbosch2021-s1-316,1004730,Rhinolophus pusillus,exact,lopez-bosch-2021-china,"Table S1, spreadsheet row 316, end frequency column",lopez-bosch-2021-china-compiled,unspecified,,,,unspecified,,China,Gansu,,,,end_frequency,mean,89.78,,,kHz,sd,1.86,89.78 ±1.86,definition_unstated,China review Table S1 cites Wei et al 2006 (Zoological Research; Chinese with English abstract). Name in the cited study: Rhinolophus pusillus. Detector: Petterson D240X. Recording method: Unknown. Sex: unstated. Call type: FMu/CF/FMd. Values are a review extraction; this row is not independent corroboration of the cited study.
lopezbosch2021-s1-316,1004730,Rhinolophus pusillus,exact,lopez-bosch-2021-china,"Table S1, spreadsheet row 316, FmaxE column",lopez-bosch-2021-china-compiled,unspecified,,,,unspecified,,China,Gansu,,,,peak_frequency,mean,110.78,,,kHz,sd,1.65,110.78 ±1.65,definition_unstated,China review Table S1 cites Wei et al 2006 (Zoological Research; Chinese with English abstract). Name in the cited study: Rhinolophus pusillus. Detector: Petterson D240X. Recording method: Unknown. Sex: unstated. Call type: FMu/CF/FMd. Values are a review extraction; this row is not independent corroboration of the cited study.
lopezbosch2021-s1-316,1004730,Rhinolophus pusillus,exact,lopez-bosch-2021-china,"Table S1, spreadsheet row 316, start frequency column",lopez-bosch-2021-china-compiled,unspecified,,,,unspecified,,China,Gansu,,,,start_frequency,mean,100.43,,,kHz,sd,2.99,100.43 ±2.99,definition_unstated,China review Table S1 cites Wei et al 2006 (Zoological Research; Chinese with English abstract). Name in the cited study: Rhinolophus pusillus. Detector: Petterson D240X. Recording method: Unknown. Sex: unstated. Call type: FMu/CF/FMd. Values are a review extraction; this row is not independent corroboration of the cited study.
lopezbosch2021-s1-317,1004730,Rhinolophus pusillus,exact,lopez-bosch-2021-china,"Table S1, spreadsheet row 317, FmaxE column",lopez-bosch-2021-china-compiled,unspecified,,,,unspecified,,China,Gansu,,,,peak_frequency,mean,105.1,,,kHz,sd,0.40,105.1 ±0.40,definition_unstated,China review Table S1 cites Zhao et al 2003 (Journal of Zoology (Zoological Society of London); English). Name in the cited study: Rhinolophus cornutus. Detector: Ultra Sound Advice U30. Recording method: Resting. Sex: unstated. Call type: FMu/CF/FMd. Values are a review extraction; this row is not independent corroboration of the cited study.
lopezbosch2021-s1-318,1004730,Rhinolophus pusillus,exact,lopez-bosch-2021-china,"Table S1, spreadsheet row 318, duration column",lopez-bosch-2021-china-compiled,unspecified,,,,free_flying_wild,,China,Beijing,,,,duration,mean,28.86,,,ms,sd,7.91,28.86 ±7.91,definition_unstated,"China review Table S1 cites Chen 2003 (Master thesis, NE Normal University; Chinese with English abstract). Name in the cited study: Rhinolophus cornutus. Detector: Petterson D980. Recording method: Free-flying. Sex: Female. Call type: FMu/CF/FMd. Values are a review extraction; this row is not independent corroboration of the cited study."
lopezbosch2021-s1-318,1004730,Rhinolophus pusillus,exact,lopez-bosch-2021-china,"Table S1, spreadsheet row 318, FmaxE column",lopez-bosch-2021-china-compiled,unspecified,,,,free_flying_wild,,China,Beijing,,,,peak_frequency,mean,106.71,,,kHz,sd,2.3,106.71 ±2.3,definition_unstated,"China review Table S1 cites Chen 2003 (Master thesis, NE Normal University; Chinese with English abstract). Name in the cited study: Rhinolophus cornutus. Detector: Petterson D980. Recording method: Free-flying. Sex: Female. Call type: FMu/CF/FMd. Values are a review extraction; this row is not independent corroboration of the cited study."
lopezbosch2021-s1-319,1004730,Rhinolophus pusillus,exact,lopez-bosch-2021-china,"Table S1, spreadsheet row 319, duration column",lopez-bosch-2021-china-compiled,unspecified,,,,free_flying_wild,,China,Unknown,,,,duration,mean,24.0,,,ms,sd,13.43,24.0 ±13.43,definition_unstated,"China review Table S1 cites Chen 2003 (Master thesis, NE Normal University; Chinese with English abstract). Name in the cited study: Rhinolophus cornutus. Detector: Petterson D980. Recording method: Free-flying. Sex: Male. Call type: FMu/CF/FMd. Values are a review extraction; this row is not independent corroboration of the cited study."
lopezbosch2021-s1-319,1004730,Rhinolophus pusillus,exact,lopez-bosch-2021-china,"Table S1, spreadsheet row 319, FmaxE column",lopez-bosch-2021-china-compiled,unspecified,,,,free_flying_wild,,China,Unknown,,,,peak_frequency,mean,103.13,,,kHz,sd,1.95,103.13 ±1.95,definition_unstated,"China review Table S1 cites Chen 2003 (Master thesis, NE Normal University; Chinese with English abstract). Name in the cited study: Rhinolophus cornutus. Detector: Petterson D980. Recording method: Free-flying. Sex: Male. Call type: FMu/CF/FMd. Values are a review extraction; this row is not independent corroboration of the cited study."
lopezbosch2021-s1-32,1005388,Myotis chinensis,exact,lopez-bosch-2021-china,"Table S1, spreadsheet row 32, FmaxE column",lopez-bosch-2021-china-compiled,unspecified,,,,unspecified,,China,Guangdong,,,,peak_frequency,mean,47.1,,,kHz,sd,6.6,47.1 ±6.6,definition_unstated,China review Table S1 cites Chen et al 2002 (Journal of Northeast Normal University (Natural Science Edition); Chinese). Name in the cited study: Myotis myotis. Detector: Ultra Sound Advice U30. Recording method: Flying (enclosure). Sex: unstated. Call type: FM Broadband. Values are a review extraction; this row is not independent corroboration of the cited study.
lopezbosch2021-s1-320,1004730,Rhinolophus pusillus,exact,lopez-bosch-2021-china,"Table S1, spreadsheet row 320, bandwidth column",lopez-bosch-2021-china-compiled,unspecified,,,,unspecified,,China,Beijing,,,,bandwidth,mean,21.81,,,kHz,sd,0.41,21.81 ±0.41,definition_unstated,China review Table S1 cites Shen et al 2015 (Chinese Journal of Zoology; Chinese with English abstract). Name in the cited study: Rhinolophus pusillus. Detector: Avisoft UltraSoundGate 116e. Recording method: Hand-held. Sex: Female. Call type: FMu/CF/FMd. Values are a review extraction; this row is not independent corroboration of the cited study.
lopezbosch2021-s1-320,1004730,Rhinolophus pusillus,exact,lopez-bosch-2021-china,"Table S1, spreadsheet row 320, duration column",lopez-bosch-2021-china-compiled,unspecified,,,,unspecified,,China,Beijing,,,,duration,mean,17.64,,,ms,sd,0.70,17.64 ±0.70,definition_unstated,China review Table S1 cites Shen et al 2015 (Chinese Journal of Zoology; Chinese with English abstract). Name in the cited study: Rhinolophus pusillus. Detector: Avisoft UltraSoundGate 116e. Recording method: Hand-held. Sex: Female. Call type: FMu/CF/FMd. Values are a review extraction; this row is not independent corroboration of the cited study.
lopezbosch2021-s1-320,1004730,Rhinolophus pusillus,exact,lopez-bosch-2021-china,"Table S1, spreadsheet row 320, FmaxE column",lopez-bosch-2021-china-compiled,unspecified,,,,unspecified,,China,Beijing,,,,peak_frequency,mean,109.90,,,kHz,sd,0.31,109.90 ±0.31,definition_unstated,China review Table S1 cites Shen et al 2015 (Chinese Journal of Zoology; Chinese with English abstract). Name in the cited study: Rhinolophus pusillus. Detector: Avisoft UltraSoundGate 116e. Recording method: Hand-held. Sex: Female. Call type: FMu/CF/FMd. Values are a review extraction; this row is not independent corroboration of the cited study.
lopezbosch2021-s1-321,1004730,Rhinolophus pusillus,exact,lopez-bosch-2021-china,"Table S1, spreadsheet row 321, bandwidth column",lopez-bosch-2021-china-compiled,unspecified,,,,unspecified,,China,Beijing,,,,bandwidth,mean,19.95,,,kHz,sd,0.65,19.95 ±0.65,definition_unstated,China review Table S1 cites Shen et al 2015 (Chinese Journal of Zoology; Chinese with English abstract). Name in the cited study: Rhinolophus pusillus. Detector: Avisoft UltraSoundGate 116e. Recording method: Hand-held. Sex: Female. Call type: FMu/CF/FMd. Values are a review extraction; this row is not independent corroboration of the cited study.
lopezbosch2021-s1-321,1004730,Rhinolophus pusillus,exact,lopez-bosch-2021-china,"Table S1, spreadsheet row 321, duration column",lopez-bosch-2021-china-compiled,unspecified,,,,unspecified,,China,Beijing,,,,duration,mean,17.10,,,ms,sd,0.96,17.10 ±0.96,definition_unstated,China review Table S1 cites Shen et al 2015 (Chinese Journal of Zoology; Chinese with English abstract). Name in the cited study: Rhinolophus pusillus. Detector: Avisoft UltraSoundGate 116e. Recording method: Hand-held. Sex: Female. Call type: FMu/CF/FMd. Values are a review extraction; this row is not independent corroboration of the cited study.
lopezbosch2021-s1-321,1004730,Rhinolophus pusillus,exact,lopez-bosch-2021-china,"Table S1, spreadsheet row 321, FmaxE column",lopez-bosch-2021-china-compiled,unspecified,,,,unspecified,,China,Beijing,,,,peak_frequency,mean,112.46,,,kHz,sd,0.24,112.46 ±0.24,definition_unstated,China review Table S1 cites Shen et al 2015 (Chinese Journal of Zoology; Chinese with English abstract). Name in the cited study: Rhinolophus pusillus. Detector: Avisoft UltraSoundGate 116e. Recording method: Hand-held. Sex: Female. Call type: FMu/CF/FMd. Values are a review extraction; this row is not independent corroboration of the cited study.
lopezbosch2021-s1-322,1004730,Rhinolophus pusillus,exact,lopez-bosch-2021-china,"Table S1, spreadsheet row 322, bandwidth column",lopez-bosch-2021-china-compiled,unspecified,,,,unspecified,,China,Henan,,,,bandwidth,mean,16.2,,,kHz,sd,0.18,16.2 ±0.18,definition_unstated,China review Table S1 cites Shen et al 2015 (Chinese Journal of Zoology; Chinese with English abstract). Name in the cited study: Rhinolophus pusillus. Detector: Avisoft UltraSoundGate 116e. Recording method: Hand-held. Sex: Female. Call type: FMu/CF/FMd. Values are a review extraction; this row is not independent corroboration of the cited study.
lopezbosch2021-s1-322,1004730,Rhinolophus pusillus,exact,lopez-bosch-2021-china,"Table S1, spreadsheet row 322, duration column",lopez-bosch-2021-china-compiled,unspecified,,,,unspecified,,China,Henan,,,,duration,mean,16.56,,,ms,sd,1.31,16.56 ±1.31,definition_unstated,China review Table S1 cites Shen et al 2015 (Chinese Journal of Zoology; Chinese with English abstract). Name in the cited study: Rhinolophus pusillus. Detector: Avisoft UltraSoundGate 116e. Recording method: Hand-held. Sex: Female. Call type: FMu/CF/FMd. Values are a review extraction; this row is not independent corroboration of the cited study.
lopezbosch2021-s1-322,1004730,Rhinolophus pusillus,exact,lopez-bosch-2021-china,"Table S1, spreadsheet row 322, FmaxE column",lopez-bosch-2021-china-compiled,unspecified,,,,unspecified,,China,Henan,,,,peak_frequency,mean,104.44,,,kHz,sd,1.25,104.44 ±1.25,definition_unstated,China review Table S1 cites Shen et al 2015 (Chinese Journal of Zoology; Chinese with English abstract). Name in the cited study: Rhinolophus pusillus. Detector: Avisoft UltraSoundGate 116e. Recording method: Hand-held. Sex: Female. Call type: FMu/CF/FMd. Values are a review extraction; this row is not independent corroboration of the cited study.
lopezbosch2021-s1-323,1004730,Rhinolophus pusillus,exact,lopez-bosch-2021-china,"Table S1, spreadsheet row 323, bandwidth column",lopez-bosch-2021-china-compiled,unspecified,,,,unspecified,,China,Zhejiang,,,,bandwidth,mean,24.15,,,kHz,sd,0.98,24.15 ±0.98,definition_unstated,China review Table S1 cites Shen et al 2015 (Chinese Journal of Zoology; Chinese with English abstract). Name in the cited study: Rhinolophus pusillus. Detector: Avisoft UltraSoundGate 116e. Recording method: Hand-held. Sex: Female. Call type: FMu/CF/FMd. Values are a review extraction; this row is not independent corroboration of the cited study.
lopezbosch2021-s1-323,1004730,Rhinolophus pusillus,exact,lopez-bosch-2021-china,"Table S1, spreadsheet row 323, duration column",lopez-bosch-2021-china-compiled,unspecified,,,,unspecified,,China,Zhejiang,,,,duration,mean,17.68,,,ms,sd,1.71,17.68 ±1.71,definition_unstated,China review Table S1 cites Shen et al 2015 (Chinese Journal of Zoology; Chinese with English abstract). Name in the cited study: Rhinolophus pusillus. Detector: Avisoft UltraSoundGate 116e. Recording method: Hand-held. Sex: Female. Call type: FMu/CF/FMd. Values are a review extraction; this row is not independent corroboration of the cited study.
lopezbosch2021-s1-323,1004730,Rhinolophus pusillus,exact,lopez-bosch-2021-china,"Table S1, spreadsheet row 323, FmaxE column",lopez-bosch-2021-china-compiled,unspecified,,,,unspecified,,China,Zhejiang,,,,peak_frequency,mean,110.54,,,kHz,sd,0.5,110.54 ±0.5,definition_unstated,China review Table S1 cites Shen et al 2015 (Chinese Journal of Zoology; Chinese with English abstract). Name in the cited study: Rhinolophus pusillus. Detector: Avisoft UltraSoundGate 116e. Recording method: Hand-held. Sex: Female. Call type: FMu/CF/FMd. Values are a review extraction; this row is not independent corroboration of the cited study.
lopezbosch2021-s1-324,1004730,Rhinolophus pusillus,exact,lopez-bosch-2021-china,"Table S1, spreadsheet row 324, bandwidth column",lopez-bosch-2021-china-compiled,unspecified,,,,unspecified,,China,"Anhui, Fujian, Guangdong, Guangxi, Guizhou, Hunan, Jiangxi, Sichuan, Yunnan",,,,bandwidth,mean,22.08,,,kHz,sd,0.66,22.08 ±0.66,definition_unstated,China review Table S1 cites Shen et al 2015 (Chinese Journal of Zoology; Chinese with English abstract). Name in the cited study: Rhinolophus pusillus. Detector: Avisoft UltraSoundGate 116e. Recording method: Hand-held. Sex: Female. Call type: FMu/CF/FMd. Values are a review extraction; this row is not independent corroboration of the cited study.
lopezbosch2021-s1-324,1004730,Rhinolophus pusillus,exact,lopez-bosch-2021-china,"Table S1, spreadsheet row 324, duration column",lopez-bosch-2021-china-compiled,unspecified,,,,unspecified,,China,"Anhui, Fujian, Guangdong, Guangxi, Guizhou, Hunan, Jiangxi, Sichuan, Yunnan",,,,duration,mean,15.38,,,ms,sd,0.91,15.38 ±0.91,definition_unstated,China review Table S1 cites Shen et al 2015 (Chinese Journal of Zoology; Chinese with English abstract). Name in the cited study: Rhinolophus pusillus. Detector: Avisoft UltraSoundGate 116e. Recording method: Hand-held. Sex: Female. Call type: FMu/CF/FMd. Values are a review extraction; this row is not independent corroboration of the cited study.
lopezbosch2021-s1-324,1004730,Rhinolophus pusillus,exact,lopez-bosch-2021-china,"Table S1, spreadsheet row 324, FmaxE column",lopez-bosch-2021-china-compiled,unspecified,,,,unspecified,,China,"Anhui, Fujian, Guangdong, Guangxi, Guizhou, Hunan, Jiangxi, Sichuan, Yunnan",,,,peak_frequency,mean,108.69,,,kHz,sd,0.43,108.69 ±0.43,definition_unstated,China review Table S1 cites Shen et al 2015 (Chinese Journal of Zoology; Chinese with English abstract). Name in the cited study: Rhinolophus pusillus. Detector: Avisoft UltraSoundGate 116e. Recording method: Hand-held. Sex: Female. Call type: FMu/CF/FMd. Values are a review extraction; this row is not independent corroboration of the cited study.
lopezbosch2021-s1-325,1004730,Rhinolophus pusillus,exact,lopez-bosch-2021-china,"Table S1, spreadsheet row 325, bandwidth column",lopez-bosch-2021-china-compiled,unspecified,,,,unspecified,,China,Anhui,,,,bandwidth,mean,23.01,,,kHz,sd,0.83,23.01 ±0.83,definition_unstated,China review Table S1 cites Shen et al 2015 (Chinese Journal of Zoology; Chinese with English abstract). Name in the cited study: Rhinolophus pusillus. Detector: Avisoft UltraSoundGate 116e. Recording method: Hand-held. Sex: Female. Call type: FMu/CF/FMd. Values are a review extraction; this row is not independent corroboration of the cited study.
lopezbosch2021-s1-325,1004730,Rhinolophus pusillus,exact,lopez-bosch-2021-china,"Table S1, spreadsheet row 325, duration column",lopez-bosch-2021-china-compiled,unspecified,,,,unspecified,,China,Anhui,,,,duration,mean,22.24,,,ms,sd,2.74,22.24 ±2.74,definition_unstated,China review Table S1 cites Shen et al 2015 (Chinese Journal of Zoology; Chinese with English abstract). Name in the cited study: Rhinolophus pusillus. Detector: Avisoft UltraSoundGate 116e. Recording method: Hand-held. Sex: Female. Call type: FMu/CF/FMd. Values are a review extraction; this row is not independent corroboration of the cited study.
lopezbosch2021-s1-325,1004730,Rhinolophus pusillus,exact,lopez-bosch-2021-china,"Table S1, spreadsheet row 325, FmaxE column",lopez-bosch-2021-china-compiled,unspecified,,,,unspecified,,China,Anhui,,,,peak_frequency,mean,109.38,,,kHz,sd,0.67,109.38 ±0.67,definition_unstated,China review Table S1 cites Shen et al 2015 (Chinese Journal of Zoology; Chinese with English abstract). Name in the cited study: Rhinolophus pusillus. Detector: Avisoft UltraSoundGate 116e. Recording method: Hand-held. Sex: Female. Call type: FMu/CF/FMd. Values are a review extraction; this row is not independent corroboration of the cited study.
lopezbosch2021-s1-326,1004730,Rhinolophus pusillus,exact,lopez-bosch-2021-china,"Table S1, spreadsheet row 326, bandwidth column",lopez-bosch-2021-china-compiled,unspecified,,,,unspecified,,China,Shandong,,,,bandwidth,mean,21.63,,,kHz,sd,0.1,21.63 ±0.1,definition_unstated,China review Table S1 cites Shen et al 2015 (Chinese Journal of Zoology; Chinese with English abstract). Name in the cited study: Rhinolophus pusillus. Detector: Avisoft UltraSoundGate 116e. Recording method: Hand-held. Sex: Female. Call type: FMu/CF/FMd. Values are a review extraction; this row is not independent corroboration of the cited study.
lopezbosch2021-s1-326,1004730,Rhinolophus pusillus,exact,lopez-bosch-2021-china,"Table S1, spreadsheet row 326, duration column",lopez-bosch-2021-china-compiled,unspecified,,,,unspecified,,China,Shandong,,,,duration,mean,17.76,,,ms,sd,1.03,17.76 ±1.03,definition_unstated,China review Table S1 cites Shen et al 2015 (Chinese Journal of Zoology; Chinese with English abstract). Name in the cited study: Rhinolophus pusillus. Detector: Avisoft UltraSoundGate 116e. Recording method: Hand-held. Sex: Female. Call type: FMu/CF/FMd. Values are a review extraction; this row is not independent corroboration of the cited study.
lopezbosch2021-s1-326,1004730,Rhinolophus pusillus,exact,lopez-bosch-2021-china,"Table S1, spreadsheet row 326, FmaxE column",lopez-bosch-2021-china-compiled,unspecified,,,,unspecified,,China,Shandong,,,,peak_frequency,mean,110.31,,,kHz,sd,0.15,110.31 ±0.15,definition_unstated,China review Table S1 cites Shen et al 2015 (Chinese Journal of Zoology; Chinese with English abstract). Name in the cited study: Rhinolophus pusillus. Detector: Avisoft UltraSoundGate 116e. Recording method: Hand-held. Sex: Female. Call type: FMu/CF/FMd. Values are a review extraction; this row is not independent corroboration of the cited study.
lopezbosch2021-s1-327,1004730,Rhinolophus pusillus,exact,lopez-bosch-2021-china,"Table S1, spreadsheet row 327, bandwidth column",lopez-bosch-2021-china-compiled,unspecified,,,,unspecified,,China,Henan,,,,bandwidth,mean,21.81,,,kHz,sd,0.51,21.81 ±0.51,definition_unstated,China review Table S1 cites Shen et al 2015 (Chinese Journal of Zoology; Chinese with English abstract). Name in the cited study: Rhinolophus pusillus. Detector: Avisoft UltraSoundGate 116e. Recording method: Hand-held. Sex: Female. Call type: FMu/CF/FMd. Values are a review extraction; this row is not independent corroboration of the cited study.
lopezbosch2021-s1-327,1004730,Rhinolophus pusillus,exact,lopez-bosch-2021-china,"Table S1, spreadsheet row 327, duration column",lopez-bosch-2021-china-compiled,unspecified,,,,unspecified,,China,Henan,,,,duration,mean,16.08,,,ms,sd,0.57,16.08 ±0.57,definition_unstated,China review Table S1 cites Shen et al 2015 (Chinese Journal of Zoology; Chinese with English abstract). Name in the cited study: Rhinolophus pusillus. Detector: Avisoft UltraSoundGate 116e. Recording method: Hand-held. Sex: Female. Call type: FMu/CF/FMd. Values are a review extraction; this row is not independent corroboration of the cited study.
lopezbosch2021-s1-327,1004730,Rhinolophus pusillus,exact,lopez-bosch-2021-china,"Table S1, spreadsheet row 327, FmaxE column",lopez-bosch-2021-china-compiled,unspecified,,,,unspecified,,China,Henan,,,,peak_frequency,mean,110.48,,,kHz,sd,0.59,110.48 ±0.59,definition_unstated,China review Table S1 cites Shen et al 2015 (Chinese Journal of Zoology; Chinese with English abstract). Name in the cited study: Rhinolophus pusillus. Detector: Avisoft UltraSoundGate 116e. Recording method: Hand-held. Sex: Female. Call type: FMu/CF/FMd. Values are a review extraction; this row is not independent corroboration of the cited study.
lopezbosch2021-s1-328,1004730,Rhinolophus pusillus,exact,lopez-bosch-2021-china,"Table S1, spreadsheet row 328, bandwidth column",lopez-bosch-2021-china-compiled,unspecified,,,,unspecified,,China,Beijing,,,,bandwidth,mean,21.39,,,kHz,sd,0.48,21.39 ±0.48,definition_unstated,China review Table S1 cites Shen et al 2015 (Chinese Journal of Zoology; Chinese with English abstract). Name in the cited study: Rhinolophus pusillus. Detector: Avisoft UltraSoundGate 116e. Recording method: Hand-held. Sex: Male. Call type: FMu/CF/FMd. Values are a review extraction; this row is not independent corroboration of the cited study.
lopezbosch2021-s1-328,1004730,Rhinolophus pusillus,exact,lopez-bosch-2021-china,"Table S1, spreadsheet row 328, duration column",lopez-bosch-2021-china-compiled,unspecified,,,,unspecified,,China,Beijing,,,,duration,mean,18.25,,,ms,sd,0.50,18.25 ±0.50,definition_unstated,China review Table S1 cites Shen et al 2015 (Chinese Journal of Zoology; Chinese with English abstract). Name in the cited study: Rhinolophus pusillus. Detector: Avisoft UltraSoundGate 116e. Recording method: Hand-held. Sex: Male. Call type: FMu/CF/FMd. Values are a review extraction; this row is not independent corroboration of the cited study.
lopezbosch2021-s1-328,1004730,Rhinolophus pusillus,exact,lopez-bosch-2021-china,"Table S1, spreadsheet row 328, FmaxE column",lopez-bosch-2021-china-compiled,unspecified,,,,unspecified,,China,Beijing,,,,peak_frequency,mean,108.47,,,kHz,sd,0.15,108.47 ±0.15,definition_unstated,China review Table S1 cites Shen et al 2015 (Chinese Journal of Zoology; Chinese with English abstract). Name in the cited study: Rhinolophus pusillus. Detector: Avisoft UltraSoundGate 116e. Recording method: Hand-held. Sex: Male. Call type: FMu/CF/FMd. Values are a review extraction; this row is not independent corroboration of the cited study.
lopezbosch2021-s1-329,1004730,Rhinolophus pusillus,exact,lopez-bosch-2021-china,"Table S1, spreadsheet row 329, bandwidth column",lopez-bosch-2021-china-compiled,unspecified,,,,unspecified,,China,Unknown,,,,bandwidth,mean,24.04,,,kHz,sd,1.03,24.04 ±1.03,definition_unstated,China review Table S1 cites Shen et al 2015 (Chinese Journal of Zoology; Chinese with English abstract). Name in the cited study: Rhinolophus pusillus. Detector: Avisoft UltraSoundGate 116e. Recording method: Hand-held. Sex: Male. Call type: FMu/CF/FMd. Values are a review extraction; this row is not independent corroboration of the cited study.
lopezbosch2021-s1-329,1004730,Rhinolophus pusillus,exact,lopez-bosch-2021-china,"Table S1, spreadsheet row 329, duration column",lopez-bosch-2021-china-compiled,unspecified,,,,unspecified,,China,Unknown,,,,duration,mean,16.05,,,ms,sd,0.44,16.05 ±0.44,definition_unstated,China review Table S1 cites Shen et al 2015 (Chinese Journal of Zoology; Chinese with English abstract). Name in the cited study: Rhinolophus pusillus. Detector: Avisoft UltraSoundGate 116e. Recording method: Hand-held. Sex: Male. Call type: FMu/CF/FMd. Values are a review extraction; this row is not independent corroboration of the cited study.
lopezbosch2021-s1-329,1004730,Rhinolophus pusillus,exact,lopez-bosch-2021-china,"Table S1, spreadsheet row 329, FmaxE column",lopez-bosch-2021-china-compiled,unspecified,,,,unspecified,,China,Unknown,,,,peak_frequency,mean,109.42,,,kHz,sd,0.32,109.42 ±0.32,definition_unstated,China review Table S1 cites Shen et al 2015 (Chinese Journal of Zoology; Chinese with English abstract). Name in the cited study: Rhinolophus pusillus. Detector: Avisoft UltraSoundGate 116e. Recording method: Hand-held. Sex: Male. Call type: FMu/CF/FMd. Values are a review extraction; this row is not independent corroboration of the cited study.
lopezbosch2021-s1-33,1005388,Myotis chinensis,exact,lopez-bosch-2021-china,"Table S1, spreadsheet row 33, duration column",lopez-bosch-2021-china-compiled,unspecified,,,,unspecified,,China,Guangdong,,,,duration,mean,6.14,,,ms,sd,3.92,6.14 ±3.92,definition_unstated,China review Table S1 cites Jiang et al 2003b (Acta Zoologica Sinica; Chinese with English abstract). Name in the cited study: Myotis myotis. Detector: Petterson D980. Recording method: Flying (enclosure). Sex: Female. Call type: FM Broadband. Values are a review extraction; this row is not independent corroboration of the cited study.
lopezbosch2021-s1-33,1005388,Myotis chinensis,exact,lopez-bosch-2021-china,"Table S1, spreadsheet row 33, FmaxE column",lopez-bosch-2021-china-compiled,unspecified,,,,unspecified,,China,Guangdong,,,,peak_frequency,mean,45.04,,,kHz,sd,7.48,45.04 ±7.48,definition_unstated,China review Table S1 cites Jiang et al 2003b (Acta Zoologica Sinica; Chinese with English abstract). Name in the cited study: Myotis myotis. Detector: Petterson D980. Recording method: Flying (enclosure). Sex: Female. Call type: FM Broadband. Values are a review extraction; this row is not independent corroboration of the cited study.
lopezbosch2021-s1-330,1004730,Rhinolophus pusillus,exact,lopez-bosch-2021-china,"Table S1, spreadsheet row 330, bandwidth column",lopez-bosch-2021-china-compiled,unspecified,,,,unspecified,,China,Unknown,,,,bandwidth,mean,21.39,,,kHz,sd,0.69,21.39 ±0.69,definition_unstated,China review Table S1 cites Shen et al 2015 (Chinese Journal of Zoology; Chinese with English abstract). Name in the cited study: Rhinolophus pusillus. Detector: Avisoft UltraSoundGate 116e. Recording method: Hand-held. Sex: Male. Call type: FMu/CF/FMd. Values are a review extraction; this row is not independent corroboration of the cited study.
lopezbosch2021-s1-330,1004730,Rhinolophus pusillus,exact,lopez-bosch-2021-china,"Table S1, spreadsheet row 330, duration column",lopez-bosch-2021-china-compiled,unspecified,,,,unspecified,,China,Unknown,,,,duration,mean,16.87,,,ms,sd,0.76,16.87 ±0.76,definition_unstated,China review Table S1 cites Shen et al 2015 (Chinese Journal of Zoology; Chinese with English abstract). Name in the cited study: Rhinolophus pusillus. Detector: Avisoft UltraSoundGate 116e. Recording method: Hand-held. Sex: Male. Call type: FMu/CF/FMd. Values are a review extraction; this row is not independent corroboration of the cited study.
lopezbosch2021-s1-330,1004730,Rhinolophus pusillus,exact,lopez-bosch-2021-china,"Table S1, spreadsheet row 330, FmaxE column",lopez-bosch-2021-china-compiled,unspecified,,,,unspecified,,China,Unknown,,,,peak_frequency,mean,108.3,,,kHz,sd,0.3,108.3 ±0.3,definition_unstated,China review Table S1 cites Shen et al 2015 (Chinese Journal of Zoology; Chinese with English abstract). Name in the cited study: Rhinolophus pusillus. Detector: Avisoft UltraSoundGate 116e. Recording method: Hand-held. Sex: Male. Call type: FMu/CF/FMd. Values are a review extraction; this row is not independent corroboration of the cited study.
lopezbosch2021-s1-331,1004730,Rhinolophus pusillus,exact,lopez-bosch-2021-china,"Table S1, spreadsheet row 331, bandwidth column",lopez-bosch-2021-china-compiled,unspecified,,,,unspecified,,China,Shandong,,,,bandwidth,mean,22.36,,,kHz,sd,0.69,22.36 ±0.69,definition_unstated,China review Table S1 cites Shen et al 2015 (Chinese Journal of Zoology; Chinese with English abstract). Name in the cited study: Rhinolophus pusillus. Detector: Avisoft UltraSoundGate 116e. Recording method: Hand-held. Sex: Male. Call type: FMu/CF/FMd. Values are a review extraction; this row is not independent corroboration of the cited study.
lopezbosch2021-s1-331,1004730,Rhinolophus pusillus,exact,lopez-bosch-2021-china,"Table S1, spreadsheet row 331, duration column",lopez-bosch-2021-china-compiled,unspecified,,,,unspecified,,China,Shandong,,,,duration,mean,21.35,,,ms,sd,1.81,21.35 ±1.81,definition_unstated,China review Table S1 cites Shen et al 2015 (Chinese Journal of Zoology; Chinese with English abstract). Name in the cited study: Rhinolophus pusillus. Detector: Avisoft UltraSoundGate 116e. Recording method: Hand-held. Sex: Male. Call type: FMu/CF/FMd. Values are a review extraction; this row is not independent corroboration of the cited study.
lopezbosch2021-s1-331,1004730,Rhinolophus pusillus,exact,lopez-bosch-2021-china,"Table S1, spreadsheet row 331, FmaxE column",lopez-bosch-2021-china-compiled,unspecified,,,,unspecified,,China,Shandong,,,,peak_frequency,mean,108.7,,,kHz,sd,0.26,108.7 ±0.26,definition_unstated,China review Table S1 cites Shen et al 2015 (Chinese Journal of Zoology; Chinese with English abstract). Name in the cited study: Rhinolophus pusillus. Detector: Avisoft UltraSoundGate 116e. Recording method: Hand-held. Sex: Male. Call type: FMu/CF/FMd. Values are a review extraction; this row is not independent corroboration of the cited study.
lopezbosch2021-s1-332,1004730,Rhinolophus pusillus,exact,lopez-bosch-2021-china,"Table S1, spreadsheet row 332, bandwidth column",lopez-bosch-2021-china-compiled,unspecified,,,,unspecified,,China,Beijing,,,,bandwidth,mean,21.38,,,kHz,sd,0.62,21.38 ±0.62,definition_unstated,China review Table S1 cites Shen et al 2015 (Chinese Journal of Zoology; Chinese with English abstract). Name in the cited study: Rhinolophus pusillus. Detector: Avisoft UltraSoundGate 116e. Recording method: Hand-held. Sex: Male. Call type: FMu/CF/FMd. Values are a review extraction; this row is not independent corroboration of the cited study.
lopezbosch2021-s1-332,1004730,Rhinolophus pusillus,exact,lopez-bosch-2021-china,"Table S1, spreadsheet row 332, duration column",lopez-bosch-2021-china-compiled,unspecified,,,,unspecified,,China,Beijing,,,,duration,mean,17.92,,,ms,sd,0.95,17.92 ±0.95,definition_unstated,China review Table S1 cites Shen et al 2015 (Chinese Journal of Zoology; Chinese with English abstract). Name in the cited study: Rhinolophus pusillus. Detector: Avisoft UltraSoundGate 116e. Recording method: Hand-held. Sex: Male. Call type: FMu/CF/FMd. Values are a review extraction; this row is not independent corroboration of the cited study.
lopezbosch2021-s1-332,1004730,Rhinolophus pusillus,exact,lopez-bosch-2021-china,"Table S1, spreadsheet row 332, FmaxE column",lopez-bosch-2021-china-compiled,unspecified,,,,unspecified,,China,Beijing,,,,peak_frequency,mean,107.72,,,kHz,sd,0.24,107.72 ±0.24,definition_unstated,China review Table S1 cites Shen et al 2015 (Chinese Journal of Zoology; Chinese with English abstract). Name in the cited study: Rhinolophus pusillus. Detector: Avisoft UltraSoundGate 116e. Recording method: Hand-held. Sex: Male. Call type: FMu/CF/FMd. Values are a review extraction; this row is not independent corroboration of the cited study.
lopezbosch2021-s1-333,1004730,Rhinolophus pusillus,exact,lopez-bosch-2021-china,"Table S1, spreadsheet row 333, bandwidth column",lopez-bosch-2021-china-compiled,unspecified,,,,unspecified,,China,Henan,,,,bandwidth,mean,21.03,,,kHz,sd,0.57,21.03 ±0.57,definition_unstated,China review Table S1 cites Shen et al 2015 (Chinese Journal of Zoology; Chinese with English abstract). Name in the cited study: Rhinolophus pusillus. Detector: Avisoft UltraSoundGate 116e. Recording method: Hand-held. Sex: Male. Call type: FMu/CF/FMd. Values are a review extraction; this row is not independent corroboration of the cited study.
lopezbosch2021-s1-333,1004730,Rhinolophus pusillus,exact,lopez-bosch-2021-china,"Table S1, spreadsheet row 333, duration column",lopez-bosch-2021-china-compiled,unspecified,,,,unspecified,,China,Henan,,,,duration,mean,15.98,,,ms,sd,0.66,15.98 ±0.66,definition_unstated,China review Table S1 cites Shen et al 2015 (Chinese Journal of Zoology; Chinese with English abstract). Name in the cited study: Rhinolophus pusillus. Detector: Avisoft UltraSoundGate 116e. Recording method: Hand-held. Sex: Male. Call type: FMu/CF/FMd. Values are a review extraction; this row is not independent corroboration of the cited study.
lopezbosch2021-s1-333,1004730,Rhinolophus pusillus,exact,lopez-bosch-2021-china,"Table S1, spreadsheet row 333, FmaxE column",lopez-bosch-2021-china-compiled,unspecified,,,,unspecified,,China,Henan,,,,peak_frequency,mean,109.22,,,kHz,sd,0.24,109.22 ±0.24,definition_unstated,China review Table S1 cites Shen et al 2015 (Chinese Journal of Zoology; Chinese with English abstract). Name in the cited study: Rhinolophus pusillus. Detector: Avisoft UltraSoundGate 116e. Recording method: Hand-held. Sex: Male. Call type: FMu/CF/FMd. Values are a review extraction; this row is not independent corroboration of the cited study.
lopezbosch2021-s1-334,1004730,Rhinolophus pusillus,exact,lopez-bosch-2021-china,"Table S1, spreadsheet row 334, bandwidth column",lopez-bosch-2021-china-compiled,unspecified,,,,unspecified,,China,Shandong,,,,bandwidth,mean,6.84,,,kHz,sd,1.4,6.84 ±1.4,definition_unstated,China review Table S1 cites Shen et al 2015 (Chinese Journal of Zoology; Chinese with English abstract). Name in the cited study: Rhinolophus pusillus. Detector: Avisoft UltraSoundGate 116e. Recording method: Hand-held. Sex: Male. Call type: FMu/CF/FMd. Values are a review extraction; this row is not independent corroboration of the cited study.
lopezbosch2021-s1-334,1004730,Rhinolophus pusillus,exact,lopez-bosch-2021-china,"Table S1, spreadsheet row 334, duration column",lopez-bosch-2021-china-compiled,unspecified,,,,unspecified,,China,Shandong,,,,duration,mean,14.74,,,ms,sd,0.28,14.74 ±0.28,definition_unstated,China review Table S1 cites Shen et al 2015 (Chinese Journal of Zoology; Chinese with English abstract). Name in the cited study: Rhinolophus pusillus. Detector: Avisoft UltraSoundGate 116e. Recording method: Hand-held. Sex: Male. Call type: FMu/CF/FMd. Values are a review extraction; this row is not independent corroboration of the cited study.
lopezbosch2021-s1-334,1004730,Rhinolophus pusillus,exact,lopez-bosch-2021-china,"Table S1, spreadsheet row 334, FmaxE column",lopez-bosch-2021-china-compiled,unspecified,,,,unspecified,,China,Shandong,,,,peak_frequency,mean,107.32,,,kHz,sd,0.63,107.32 ±0.63,definition_unstated,China review Table S1 cites Shen et al 2015 (Chinese Journal of Zoology; Chinese with English abstract). Name in the cited study: Rhinolophus pusillus. Detector: Avisoft UltraSoundGate 116e. Recording method: Hand-held. Sex: Male. Call type: FMu/CF/FMd. Values are a review extraction; this row is not independent corroboration of the cited study.
lopezbosch2021-s1-335,1004730,Rhinolophus pusillus,exact,lopez-bosch-2021-china,"Table S1, spreadsheet row 335, FmaxE column",lopez-bosch-2021-china-compiled,unspecified,,,,unspecified,,China,Beijing,,,,peak_frequency,species_summary,110,,,kHz,,,110,definition_unstated,China review Table S1 cites Wong et al 2013 (Acta Theoriologica Sinica; Chinese with English abstract). Name in the cited study: Rhinolophus cornutus. Detector: Unknown. Recording method: Unknown. Sex: unstated. Call type: FMu/CF/FMd. Values are a review extraction; this row is not independent corroboration of the cited study.
lopezbosch2021-s1-336,1004730,Rhinolophus pusillus,exact,lopez-bosch-2021-china,"Table S1, spreadsheet row 336, FmaxE column",lopez-bosch-2021-china-compiled,unspecified,,,,unspecified,,China,Beijing,,,,peak_frequency,mean,106.71,102,111,kHz,sd,2.47,106.71 ±2.47 (102 - 111),definition_unstated,China review Table S1 cites Li et al 2006 (Journal of Mammalogy; English). Name in the cited study: Rhinolophus pusillus. Detector: Petterson D980. Recording method: Unknown. Sex: unstated. Call type: FMu/CF/FMd. Values are a review extraction; this row is not independent corroboration of the cited study.
lopezbosch2021-s1-337,1004730,Rhinolophus pusillus,exact,lopez-bosch-2021-china,"Table S1, spreadsheet row 337, FmaxE column",lopez-bosch-2021-china-compiled,unspecified,,,,unspecified,,China,Beijing,,,,peak_frequency,mean,108.48,,,kHz,sd,2.57,108.48 ±2.57,definition_unstated,China review Table S1 cites Li et al 2006 (Journal of Mammalogy; English). Name in the cited study: Rhinolophus pusillus. Detector: Petterson D980. Recording method: Unknown. Sex: Female. Call type: FMu/CF/FMd. Values are a review extraction; this row is not independent corroboration of the cited study.
lopezbosch2021-s1-338,1004730,Rhinolophus pusillus,exact,lopez-bosch-2021-china,"Table S1, spreadsheet row 338, FmaxE column",lopez-bosch-2021-china-compiled,unspecified,,,,unspecified,,China,Beijing,,,,peak_frequency,mean,105.95,,,kHz,sd,2.72,105.95 ±2.72,definition_unstated,China review Table S1 cites Li et al 2006 (Journal of Mammalogy; English). Name in the cited study: Rhinolophus pusillus. Detector: Petterson D980. Recording method: Unknown. Sex: Male. Call type: FMu/CF/FMd. Values are a review extraction; this row is not independent corroboration of the cited study.
lopezbosch2021-s1-339,1004730,Rhinolophus pusillus,exact,lopez-bosch-2021-china,"Table S1, spreadsheet row 339, duration column",lopez-bosch-2021-china-compiled,unspecified,,,,unspecified,,China,Unknown,,,,duration,mean,44.95,24.80,74.10,ms,sd,12.83,44.95 ±12.83 (24.80 - 74.10),definition_unstated,China review Table S1 cites Wei et al 2009 (Zoological Research; Chinese with English abstract). Name in the cited study: Rhinolophus pusillus. Detector: Petterson D980. Recording method: Unknown. Sex: unstated. Call type: FMu/CF/FMd. Values are a review extraction; this row is not independent corroboration of the cited study.
lopezbosch2021-s1-339,1004730,Rhinolophus pusillus,exact,lopez-bosch-2021-china,"Table S1, spreadsheet row 339, FmaxE column",lopez-bosch-2021-china-compiled,unspecified,,,,unspecified,,China,Unknown,,,,peak_frequency,mean,110.27,107.70,111.99,kHz,sd,1.30,110.27 ±1.30 (107.70 - 111.99),definition_unstated,China review Table S1 cites Wei et al 2009 (Zoological Research; Chinese with English abstract). Name in the cited study: Rhinolophus pusillus. Detector: Petterson D980. Recording method: Unknown. Sex: unstated. Call type: FMu/CF/FMd. Values are a review extraction; this row is not independent corroboration of the cited study.
lopezbosch2021-s1-34,1005388,Myotis chinensis,exact,lopez-bosch-2021-china,"Table S1, spreadsheet row 34, duration column",lopez-bosch-2021-china-compiled,unspecified,,,,unspecified,,China,Guangdong,,,,duration,mean,6.25,,,ms,sd,3.74,6.25 ±3.74,definition_unstated,China review Table S1 cites Jiang et al 2003b (Acta Zoologica Sinica; Chinese with English abstract). Name in the cited study: Myotis myotis. Detector: Petterson D980. Recording method: Flying (enclosure). Sex: Male. Call type: FM Broadband. Values are a review extraction; this row is not independent corroboration of the cited study.
lopezbosch2021-s1-34,1005388,Myotis chinensis,exact,lopez-bosch-2021-china,"Table S1, spreadsheet row 34, FmaxE column",lopez-bosch-2021-china-compiled,unspecified,,,,unspecified,,China,Guangdong,,,,peak_frequency,mean,48.39,,,kHz,sd,6.10,48.39 ±6.10,definition_unstated,China review Table S1 cites Jiang et al 2003b (Acta Zoologica Sinica; Chinese with English abstract). Name in the cited study: Myotis myotis. Detector: Petterson D980. Recording method: Flying (enclosure). Sex: Male. Call type: FM Broadband. Values are a review extraction; this row is not independent corroboration of the cited study.
lopezbosch2021-s1-340,1004730,Rhinolophus pusillus,exact,lopez-bosch-2021-china,"Table S1, spreadsheet row 340, FmaxE column",lopez-bosch-2021-china-compiled,unspecified,,,,unspecified,,China,Unknown,,,,peak_frequency,range,,100.3,111.2,kHz,,,(100.3 - 111.2),definition_unstated,China review Table S1 cites Zhang et al 2009 (Acta Chiropterologica; English). Name in the cited study: Rhinolophus pusillus. Detector: Petterson D980. Recording method: Hand-held. Sex: unstated. Call type: FMu/CF/FMd. Values are a review extraction; this row is not independent corroboration of the cited study.
lopezbosch2021-s1-341,1004730,Rhinolophus pusillus,exact,lopez-bosch-2021-china,"Table S1, spreadsheet row 341, FmaxE column",lopez-bosch-2021-china-compiled,unspecified,,,,unspecified,,China,Beijing,,,,peak_frequency,mean,118.5,,,kHz,sd,0.5,118.5 ±0.5,definition_unstated,China review Table S1 cites Feng et al 2002 (Acta Theoriologica Sinica; Chinese with English abstract). Name in the cited study: Rhinolophus cornutus. Detector: Ultra Sound Advice U30. Recording method: Unknown. Sex: unstated. Call type: FMu/CF/FMd. Values are a review extraction; this row is not independent corroboration of the cited study.
lopezbosch2021-s1-342,1004730,Rhinolophus pusillus,exact,lopez-bosch-2021-china,"Table S1, spreadsheet row 342, duration column",lopez-bosch-2021-china-compiled,unspecified,,,,unspecified,,China,Yunnan,,,,duration,mean,30.25,,,ms,sd,2.57,30.25 ±2.57,definition_unstated,"China review Table S1 cites Shi 2010 (Master thesis, NE Normal University; Chinese with English abstract). Name in the cited study: Rhinolophus pusillus. Detector: Petterson D980. Recording method: Hand-held. Sex: unstated. Call type: FMu/CF/FMd. Values are a review extraction; this row is not independent corroboration of the cited study."
lopezbosch2021-s1-342,1004730,Rhinolophus pusillus,exact,lopez-bosch-2021-china,"Table S1, spreadsheet row 342, FmaxE column",lopez-bosch-2021-china-compiled,unspecified,,,,unspecified,,China,Yunnan,,,,peak_frequency,mean,102.15,,,kHz,sd,0.97,102.15 ±0.97,definition_unstated,"China review Table S1 cites Shi 2010 (Master thesis, NE Normal University; Chinese with English abstract). Name in the cited study: Rhinolophus pusillus. Detector: Petterson D980. Recording method: Hand-held. Sex: unstated. Call type: FMu/CF/FMd. Values are a review extraction; this row is not independent corroboration of the cited study."
lopezbosch2021-s1-343,1004730,Rhinolophus pusillus,exact,lopez-bosch-2021-china,"Table S1, spreadsheet row 343, duration column",lopez-bosch-2021-china-compiled,unspecified,,,,unspecified,,China,Yunnan,,,,duration,mean,28.86,,,ms,sd,7.91,28.86 ±7.91,definition_unstated,China review Table S1 cites Jiang et al 2003b (Acta Zoologica Sinica; Chinese with English abstract). Name in the cited study: Rhinolophus cornutus. Detector: Petterson D980. Recording method: Flying (enclosure). Sex: Female. Call type: FMu/CF/FMd. Values are a review extraction; this row is not independent corroboration of the cited study.
lopezbosch2021-s1-343,1004730,Rhinolophus pusillus,exact,lopez-bosch-2021-china,"Table S1, spreadsheet row 343, FmaxE column",lopez-bosch-2021-china-compiled,unspecified,,,,unspecified,,China,Yunnan,,,,peak_frequency,mean,106.71,,,kHz,sd,2.30,106.71 ±2.30),definition_unstated,China review Table S1 cites Jiang et al 2003b (Acta Zoologica Sinica; Chinese with English abstract). Name in the cited study: Rhinolophus cornutus. Detector: Petterson D980. Recording method: Flying (enclosure). Sex: Female. Call type: FMu/CF/FMd. Values are a review extraction; this row is not independent corroboration of the cited study.
lopezbosch2021-s1-344,1004730,Rhinolophus pusillus,exact,lopez-bosch-2021-china,"Table S1, spreadsheet row 344, duration column",lopez-bosch-2021-china-compiled,unspecified,,,,unspecified,,China,Yunnan,,,,duration,mean,24.0,,,ms,sd,13.43,24.0 ±13.43,definition_unstated,China review Table S1 cites Jiang et al 2003b (Acta Zoologica Sinica; Chinese with English abstract). Name in the cited study: Rhinolophus cornutus. Detector: Petterson D980. Recording method: Flying (enclosure). Sex: Male. Call type: FMu/CF/FMd. Values are a review extraction; this row is not independent corroboration of the cited study.
lopezbosch2021-s1-344,1004730,Rhinolophus pusillus,exact,lopez-bosch-2021-china,"Table S1, spreadsheet row 344, FmaxE column",lopez-bosch-2021-china-compiled,unspecified,,,,unspecified,,China,Yunnan,,,,peak_frequency,mean,103.13,,,kHz,sd,1.95,103.13 ±1.95,definition_unstated,China review Table S1 cites Jiang et al 2003b (Acta Zoologica Sinica; Chinese with English abstract). Name in the cited study: Rhinolophus cornutus. Detector: Petterson D980. Recording method: Flying (enclosure). Sex: Male. Call type: FMu/CF/FMd. Values are a review extraction; this row is not independent corroboration of the cited study.
lopezbosch2021-s1-345,1004730,Rhinolophus pusillus,exact,lopez-bosch-2021-china,"Table S1, spreadsheet row 345, bandwidth column",lopez-bosch-2021-china-compiled,unspecified,,,,unspecified,,China,Yunnan,,,,bandwidth,range,,10,15,kHz,,,(10 - 15),definition_unstated,China review Table S1 cites Feng et al 2006 (Acta Zoologica Sinica; Chinese with English abstract). Name in the cited study: Rhinolophus cornutus. Detector: Unknown. Recording method: Unknown. Sex: unstated. Call type: FMu/CF/FMd. Values are a review extraction; this row is not independent corroboration of the cited study.
lopezbosch2021-s1-345,1004730,Rhinolophus pusillus,exact,lopez-bosch-2021-china,"Table S1, spreadsheet row 345, duration column",lopez-bosch-2021-china-compiled,unspecified,,,,unspecified,,China,Yunnan,,,,duration,mean,39.5,,,ms,sd,9.6,39.5 ±9.6,definition_unstated,China review Table S1 cites Feng et al 2006 (Acta Zoologica Sinica; Chinese with English abstract). Name in the cited study: Rhinolophus cornutus. Detector: Unknown. Recording method: Unknown. Sex: unstated. Call type: FMu/CF/FMd. Values are a review extraction; this row is not independent corroboration of the cited study.
lopezbosch2021-s1-345,1004730,Rhinolophus pusillus,exact,lopez-bosch-2021-china,"Table S1, spreadsheet row 345, FmaxE column",lopez-bosch-2021-china-compiled,unspecified,,,,unspecified,,China,Yunnan,,,,peak_frequency,mean,105.3,,,kHz,sd,1.7,105.3 ±1.7,definition_unstated,China review Table S1 cites Feng et al 2006 (Acta Zoologica Sinica; Chinese with English abstract). Name in the cited study: Rhinolophus cornutus. Detector: Unknown. Recording method: Unknown. Sex: unstated. Call type: FMu/CF/FMd. Values are a review extraction; this row is not independent corroboration of the cited study.
lopezbosch2021-s1-346,1004730,Rhinolophus pusillus,exact,lopez-bosch-2021-china,"Table S1, spreadsheet row 346, FmaxE column",lopez-bosch-2021-china-compiled,unspecified,,,,unspecified,,China,Guizhou,,,,peak_frequency,species_summary,110,,,kHz,,,110,definition_unstated,China review Table S1 cites Ma et al 2016 (Acoustical Society of America; English). Name in the cited study: Rhinolophus pusillus. Detector: Unknown. Recording method: Unknown. Sex: unstated. Call type: FMu/CF/FMd. Values are a review extraction; this row is not independent corroboration of the cited study.
lopezbosch2021-s1-347,1004730,Rhinolophus pusillus,exact,lopez-bosch-2021-china,"Table S1, spreadsheet row 347, FmaxE column",lopez-bosch-2021-china-compiled,unspecified,,,,unspecified,,China,Yunnan,,,,peak_frequency,mean,107.52,,,kHz,sd,1.63,107.52 ±1.63,definition_unstated,China review Table S1 cites Wu et al 2015 (Journal of Zoology (Zoological Society of London); English). Name in the cited study: Rhinolophus pusillus. Detector: Avisoft UltraSoundGate 116. Recording method: Hand-held. Sex: unstated. Call type: FMu/CF/FMd. Values are a review extraction; this row is not independent corroboration of the cited study.
lopezbosch2021-s1-348,1004730,Rhinolophus pusillus,exact,lopez-bosch-2021-china,"Table S1, spreadsheet row 348, duration column",lopez-bosch-2021-china-compiled,unspecified,,,,unspecified,,China,Unknown,,,,duration,mean,32.9,,,ms,sd,6.6,32.9 ±6.6,definition_unstated,China review Table S1 cites Jiang et al 2002a (Acta Ecologica Sinica; Chinese with English abstract). Name in the cited study: Rhinolophus cornutus. Detector: Ultra Sound Advice U30. Recording method: Various. Sex: unstated. Call type: FMu/CF/FMd. Values are a review extraction; this row is not independent corroboration of the cited study.
lopezbosch2021-s1-348,1004730,Rhinolophus pusillus,exact,lopez-bosch-2021-china,"Table S1, spreadsheet row 348, FmaxE column",lopez-bosch-2021-china-compiled,unspecified,,,,unspecified,,China,Unknown,,,,peak_frequency,mean,116.6,,,kHz,sd,0.4,116.6 ±0.4,definition_unstated,China review Table S1 cites Jiang et al 2002a (Acta Ecologica Sinica; Chinese with English abstract). Name in the cited study: Rhinolophus cornutus. Detector: Ultra Sound Advice U30. Recording method: Various. Sex: unstated. Call type: FMu/CF/FMd. Values are a review extraction; this row is not independent corroboration of the cited study.
lopezbosch2021-s1-349,1004730,Rhinolophus pusillus,exact,lopez-bosch-2021-china,"Table S1, spreadsheet row 349, FmaxE column",lopez-bosch-2021-china-compiled,unspecified,,,,unspecified,,China,Yunnan,,,,peak_frequency,range,,104.12,113.84,kHz,,,(104.12 - 113.84),definition_unstated,China review Table S1 cites Jiang et al 2010b (The Journal of the Acoustical Society of North America; English). Name in the cited study: Rhinolophus pusillus. Detector: Avisoft UltraSoundGate 116. Recording method: Hand-held. Sex: Female. Call type: FMu/CF/FMd. Values are a review extraction; this row is not independent corroboration of the cited study.
lopezbosch2021-s1-35,1005388,Myotis chinensis,exact,lopez-bosch-2021-china,"Table S1, spreadsheet row 35, duration column",lopez-bosch-2021-china-compiled,unspecified,,,,unspecified,,China,Guangdong,,,,duration,mean,2.3,,,ms,sd,1.1,2.3 ±1.1,definition_unstated,China review Table S1 cites Jiang et al 2002a (Acta Ecologica Sinica; Chinese with English abstract). Name in the cited study: Myotis myotis. Detector: Ultra Sound Advice U30. Recording method: Various. Sex: unstated. Call type: FM Broadband. Values are a review extraction; this row is not independent corroboration of the cited study.
lopezbosch2021-s1-35,1005388,Myotis chinensis,exact,lopez-bosch-2021-china,"Table S1, spreadsheet row 35, FmaxE column",lopez-bosch-2021-china-compiled,unspecified,,,,unspecified,,China,Guangdong,,,,peak_frequency,mean,47.1,,,kHz,sd,6.6,47.1 ±6.6,definition_unstated,China review Table S1 cites Jiang et al 2002a (Acta Ecologica Sinica; Chinese with English abstract). Name in the cited study: Myotis myotis. Detector: Ultra Sound Advice U30. Recording method: Various. Sex: unstated. Call type: FM Broadband. Values are a review extraction; this row is not independent corroboration of the cited study.
lopezbosch2021-s1-350,1004730,Rhinolophus pusillus,exact,lopez-bosch-2021-china,"Table S1, spreadsheet row 350, FmaxE column",lopez-bosch-2021-china-compiled,unspecified,,,,unspecified,,China,Yunnan,,,,peak_frequency,range,,103.95,110.54,kHz,,,(103.95 - 110.54),definition_unstated,China review Table S1 cites Jiang et al 2010b (The Journal of the Acoustical Society of North America; English). Name in the cited study: Rhinolophus pusillus. Detector: Avisoft UltraSoundGate 116. Recording method: Hand-held. Sex: Male. Call type: FMu/CF/FMd. Values are a review extraction; this row is not independent corroboration of the cited study.
lopezbosch2021-s1-351,1004732,Rhinolophus rex,exact,lopez-bosch-2021-china,"Table S1, spreadsheet row 351, FmaxE column",lopez-bosch-2021-china-compiled,unspecified,,,,unspecified,,China,Jiangxi,,,,peak_frequency,species_summary,23.7,,,kHz,,,23.7,definition_unstated,China review Table S1 cites Zhao et al 2003 (Journal of Zoology (Zoological Society of London); English). Name in the cited study: Rhinolophus rex. Detector: Ultra Sound Advice U30. Recording method: Resting. Sex: unstated. Call type: FMu/CF/FMd. Values are a review extraction; this row is not independent corroboration of the cited study.
lopezbosch2021-s1-352,1004732,Rhinolophus rex,exact,lopez-bosch-2021-china,"Table S1, spreadsheet row 352, FmaxE column",lopez-bosch-2021-china-compiled,unspecified,,,,unspecified,,China,Yunnan,,,,peak_frequency,mean,24.83,,,kHz,sd,0.51,24.83 ±0.51,definition_unstated,China review Table S1 cites Zhang et al 2018b (Zoologica Scripta; English). Name in the cited study: Rhinolophus rex. Detector: Unknown. Recording method: Resting. Sex: unstated. Call type: FMu/CF/FMd. Values are a review extraction; this row is not independent corroboration of the cited study.
lopezbosch2021-s1-353,1004732,Rhinolophus rex,exact,lopez-bosch-2021-china,"Table S1, spreadsheet row 353, FmaxE column",lopez-bosch-2021-china-compiled,unspecified,,,,unspecified,,China,"Guizhou, Yunnan",,,,peak_frequency,range,,23.7,26.4,kHz,,,(23.7 - 26.4),definition_unstated,China review Table S1 cites Zhang et al 2009 (Acta Chiropterologica; English). Name in the cited study: Rhinolophus rex. Detector: Petterson D980. Recording method: Hand-held. Sex: unstated. Call type: FMu/CF/FMd. Values are a review extraction; this row is not independent corroboration of the cited study.
lopezbosch2021-s1-354,1004732,Rhinolophus rex,exact,lopez-bosch-2021-china,"Table S1, spreadsheet row 354, FmaxE column",lopez-bosch-2021-china-compiled,unspecified,,,,unspecified,,China,"Chongqing, Guangdong, Guizhou, Henan, Hunan, Jiangxi, Shaanxi, Sichuan",,,,peak_frequency,mean,26.8,,,kHz,sd,0.2,26.8 ±0.2,definition_unstated,China review Table S1 cites Feng et al 2002 (Acta Theoriologica Sinica; Chinese with English abstract). Name in the cited study: Rhinolophus rex. Detector: Ultra Sound Advice U30. Recording method: Unknown. Sex: unstated. Call type: FMu/CF/FMd. Values are a review extraction; this row is not independent corroboration of the cited study.
lopezbosch2021-s1-355,1004735,Rhinolophus rouxi,manual,lopez-bosch-2021-china,"Table S1, spreadsheet row 355, FmaxE column",lopez-bosch-2021-china-compiled,unspecified,,,,unspecified,,China,"Beijing, Guangxi, Sichuan",,,,peak_frequency,species_summary,74.900000000000006,,,kHz,,,74.900000000000006,definition_unstated,China review Table S1 cites Feng et al 2008 (Acta Biophysica Sinica; Chinese with English abstract). Name in the cited study: Rhinolophus rouxi. Detector: Unknown. Recording method: Flying (enclosure). Sex: unstated. Call type: FMu/CF/FMd. Values are a review extraction; this row is not independent corroboration of the cited study.
lopezbosch2021-s1-356,1004735,Rhinolophus rouxi,manual,lopez-bosch-2021-china,"Table S1, spreadsheet row 356, FmaxE column",lopez-bosch-2021-china-compiled,unspecified,,,,unspecified,,China,Unknown,,,,peak_frequency,mean,87.2,,,kHz,sd,0.5,87.2 ±0.5,definition_unstated,China review Table S1 cites Feng et al 2002 (Acta Theoriologica Sinica; Chinese with English abstract). Name in the cited study: Rhinolophus rouxi. Detector: Ultra Sound Advice U30. Recording method: Unknown. Sex: unstated. Call type: FMu/CF/FMd. Values are a review extraction; this row is not independent corroboration of the cited study.
lopezbosch2021-s1-357,1004735,Rhinolophus rouxi,manual,lopez-bosch-2021-china,"Table S1, spreadsheet row 357, FmaxE column",lopez-bosch-2021-china-compiled,unspecified,,,,unspecified,,China,"Guangdong, Guangxi, Hunan, Jiangxi, Yunnan, Chongqing, Guizhou, Sichuan, Shanxi, Henan",,,,peak_frequency,range,,36,42,kHz,,,(36 - 42),definition_unstated,China review Table S1 cites Zhang et al 2015 (Journal of Nanjing University (Natural Sciences); Chinese with English abstract). Name in the cited study: Rhinolophus rouxi. Detector: Unknown. Recording method: Unknown. Sex: unstated. Call type: FMu/CF/FMd. Values are a review extraction; this row is not independent corroboration of the cited study.
lopezbosch2021-s1-358,1004735,Rhinolophus rouxi,manual,lopez-bosch-2021-china,"Table S1, spreadsheet row 358, FmaxE column",lopez-bosch-2021-china-compiled,unspecified,,,,unspecified,,China,"Guangdong, Guangxi, Hunan, Jiangxi, Yunnan, Chongqing, Guizhou, Sichuan, Shanxi, Henan",,,,peak_frequency,range,,73,79,kHz,,,(73 - 79),definition_unstated,China review Table S1 cites Zhang et al 2015 (Journal of Nanjing University (Natural Sciences); Chinese with English abstract). Name in the cited study: Rhinolophus rouxi. Detector: Unknown. Recording method: Unknown. Sex: unstated. Call type: FMu/CF/FMd. Values are a review extraction; this row is not independent corroboration of the cited study.
lopezbosch2021-s1-359,1004735,Rhinolophus rouxi,manual,lopez-bosch-2021-china,"Table S1, spreadsheet row 359, FmaxE column",lopez-bosch-2021-china-compiled,unspecified,,,,unspecified,,China,"Guangdong, Guangxi, Hunan, Jiangxi, Yunnan, Chongqing, Guizhou, Sichuan, Shanxi, Henan",,,,peak_frequency,range,,114,120,kHz,,,(114 - 120),definition_unstated,China review Table S1 cites Zhang et al 2015 (Journal of Nanjing University (Natural Sciences); Chinese with English abstract). Name in the cited study: Rhinolophus rouxi. Detector: Unknown. Recording method: Unknown. Sex: unstated. Call type: FMu/CF/FMd. Values are a review extraction; this row is not independent corroboration of the cited study.
lopezbosch2021-s1-36,1005396,Myotis davidii,exact,lopez-bosch-2021-china,"Table S1, spreadsheet row 36, FmaxE column",lopez-bosch-2021-china-compiled,unspecified,,,,unspecified,,China,"Anhui, Jiangsu, Zhejiang, Jiangxi, Chongqing, Hunan, Guangdong",,,,peak_frequency,species_summary,72,67,84.5,kHz,,,72 (67 - 84.5),definition_unstated,China review Table S1 cites Jiang et al 2013a (Ethology: International journal of behavioural biology; English). Name in the cited study: Myotis davidii. Detector: Avisoft UltraSoundGate 116. Recording method: Flying (enclosure). Sex: unstated. Call type: FM Broadband. Values are a review extraction; this row is not independent corroboration of the cited study.
lopezbosch2021-s1-360,1004732,Rhinolophus schnitzleri,manual,lopez-bosch-2021-china,"Table S1, spreadsheet row 360, bandwidth column",lopez-bosch-2021-china-compiled,unspecified,,,,unspecified,,China,"Guangdong, Guangxi, Hunan, Jiangxi, Yunnan, Chongqing, Guizhou, Sichuan, Shanxi, Henan",,,,bandwidth,mean,3.35,,,kHz,sd,1.3,3.35 ±1.3,definition_unstated,China review Table S1 cites Zhang et al 2016 (Journal of Neijiang Normal University; Chinese with English abstract). Name in the cited study: Rhinolophus sinitzleri. Detector: Unknown. Recording method: Flying (enclosure). Sex: unstated. Call type: FMu/CF/FMd. Values are a review extraction; this row is not independent corroboration of the cited study.
lopezbosch2021-s1-360,1004732,Rhinolophus schnitzleri,manual,lopez-bosch-2021-china,"Table S1, spreadsheet row 360, duration column",lopez-bosch-2021-china-compiled,unspecified,,,,unspecified,,China,"Guangdong, Guangxi, Hunan, Jiangxi, Yunnan, Chongqing, Guizhou, Sichuan, Shanxi, Henan",,,,duration,mean,50.32,,,ms,sd,10.18,50.32 ±10.18,definition_unstated,China review Table S1 cites Zhang et al 2016 (Journal of Neijiang Normal University; Chinese with English abstract). Name in the cited study: Rhinolophus sinitzleri. Detector: Unknown. Recording method: Flying (enclosure). Sex: unstated. Call type: FMu/CF/FMd. Values are a review extraction; this row is not independent corroboration of the cited study.
lopezbosch2021-s1-360,1004732,Rhinolophus schnitzleri,manual,lopez-bosch-2021-china,"Table S1, spreadsheet row 360, FmaxE column",lopez-bosch-2021-china-compiled,unspecified,,,,unspecified,,China,"Guangdong, Guangxi, Hunan, Jiangxi, Yunnan, Chongqing, Guizhou, Sichuan, Shanxi, Henan",,,,peak_frequency,mean,23.87,,,kHz,sd,0.51,23.87 ±0.51,definition_unstated,China review Table S1 cites Zhang et al 2016 (Journal of Neijiang Normal University; Chinese with English abstract). Name in the cited study: Rhinolophus sinitzleri. Detector: Unknown. Recording method: Flying (enclosure). Sex: unstated. Call type: FMu/CF/FMd. Values are a review extraction; this row is not independent corroboration of the cited study.
lopezbosch2021-s1-361,1004732,Rhinolophus schnitzleri,manual,lopez-bosch-2021-china,"Table S1, spreadsheet row 361, bandwidth column",lopez-bosch-2021-china-compiled,unspecified,,,,unspecified,,China,Yunnan,,,,bandwidth,mean,3.82,,,kHz,sd,1.01,3.82 ±1.01,definition_unstated,China review Table S1 cites Yu et al 2016 (Journal of Neijiang Normal University; Chinese with English abstract). Name in the cited study: Rhinolophus sinitzleri. Detector: Unknown. Recording method: Resting. Sex: unstated. Call type: FMu/CF/FMd. Values are a review extraction; this row is not independent corroboration of the cited study.
lopezbosch2021-s1-361,1004732,Rhinolophus schnitzleri,manual,lopez-bosch-2021-china,"Table S1, spreadsheet row 361, duration column",lopez-bosch-2021-china-compiled,unspecified,,,,unspecified,,China,Yunnan,,,,duration,mean,51.18,,,ms,sd,7.19,51.18 ±7.19,definition_unstated,China review Table S1 cites Yu et al 2016 (Journal of Neijiang Normal University; Chinese with English abstract). Name in the cited study: Rhinolophus sinitzleri. Detector: Unknown. Recording method: Resting. Sex: unstated. Call type: FMu/CF/FMd. Values are a review extraction; this row is not independent corroboration of the cited study.
lopezbosch2021-s1-361,1004732,Rhinolophus schnitzleri,manual,lopez-bosch-2021-china,"Table S1, spreadsheet row 361, FmaxE column",lopez-bosch-2021-china-compiled,unspecified,,,,unspecified,,China,Yunnan,,,,peak_frequency,mean,24.10,,,kHz,sd,0.36,24.10 ±0.36,definition_unstated,China review Table S1 cites Yu et al 2016 (Journal of Neijiang Normal University; Chinese with English abstract). Name in the cited study: Rhinolophus sinitzleri. Detector: Unknown. Recording method: Resting. Sex: unstated. Call type: FMu/CF/FMd. Values are a review extraction; this row is not independent corroboration of the cited study.
lopezbosch2021-s1-362,1004743,Rhinolophus siamensis,exact,lopez-bosch-2021-china,"Table S1, spreadsheet row 362, FmaxE column",lopez-bosch-2021-china-compiled,unspecified,,,,unspecified,,China,Yunnan,,,,peak_frequency,mean,64.7,,,kHz,sd,0.3,64.7 ±0.3,definition_unstated,China review Table S1 cites Sun et al 2008a (Acta Chiropterologica; English). Name in the cited study: Rhinolophus macrotis. Detector: Petterson D980. Recording method: Flying (enclosure). Sex: unstated. Call type: FMu/CF/FMd. Values are a review extraction; this row is not independent corroboration of the cited study.
lopezbosch2021-s1-363,1004743,Rhinolophus siamensis,exact,lopez-bosch-2021-china,"Table S1, spreadsheet row 363, FmaxE column",lopez-bosch-2021-china-compiled,unspecified,,,,unspecified,,China,"Guangxi, Yunnan",,,,peak_frequency,mean,66.7,,,kHz,sd,0.6,66.7 ±0.6,definition_unstated,China review Table S1 cites Sun et al 2008a (Acta Chiropterologica; English). Name in the cited study: Rhinolophus macrotis. Detector: Petterson D980. Recording method: Flying (enclosure). Sex: unstated. Call type: FMu/CF/FMd. Values are a review extraction; this row is not independent corroboration of the cited study.
lopezbosch2021-s1-364,1004743,Rhinolophus siamensis,exact,lopez-bosch-2021-china,"Table S1, spreadsheet row 364, bandwidth column",lopez-bosch-2021-china-compiled,unspecified,,,,unspecified,,China,Yunnan,,,,bandwidth,mean,10.83,,,kHz,sd,1.19,10.83 ±1.19,definition_unstated,China review Table S1 cites Guo et al 2016 (Sichuan Journal of Zoology; Chinese with English abstract). Name in the cited study: Rhinolophus huananus. Detector: Petterson D500X. Recording method: Flying (enclosure). Sex: unstated. Call type: FMu/CF/FMd. Values are a review extraction; this row is not independent corroboration of the cited study.
lopezbosch2021-s1-364,1004743,Rhinolophus siamensis,exact,lopez-bosch-2021-china,"Table S1, spreadsheet row 364, duration column",lopez-bosch-2021-china-compiled,unspecified,,,,unspecified,,China,Yunnan,,,,duration,mean,28.72,,,ms,sd,5.02,28.72 ±5.02,definition_unstated,China review Table S1 cites Guo et al 2016 (Sichuan Journal of Zoology; Chinese with English abstract). Name in the cited study: Rhinolophus huananus. Detector: Petterson D500X. Recording method: Flying (enclosure). Sex: unstated. Call type: FMu/CF/FMd. Values are a review extraction; this row is not independent corroboration of the cited study.
lopezbosch2021-s1-364,1004743,Rhinolophus siamensis,exact,lopez-bosch-2021-china,"Table S1, spreadsheet row 364, FmaxE column",lopez-bosch-2021-china-compiled,unspecified,,,,unspecified,,China,Yunnan,,,,peak_frequency,mean,67.55,,,kHz,sd,0.29,67.55 ±0.29,definition_unstated,China review Table S1 cites Guo et al 2016 (Sichuan Journal of Zoology; Chinese with English abstract). Name in the cited study: Rhinolophus huananus. Detector: Petterson D500X. Recording method: Flying (enclosure). Sex: unstated. Call type: FMu/CF/FMd. Values are a review extraction; this row is not independent corroboration of the cited study.
lopezbosch2021-s1-365,1004743,Rhinolophus siamensis,exact,lopez-bosch-2021-china,"Table S1, spreadsheet row 365, bandwidth column",lopez-bosch-2021-china-compiled,unspecified,,,,unspecified,,China,Unknown,,,,bandwidth,mean,11.35,,,kHz,sd,1.6,11.35 ±1.6,definition_unstated,China review Table S1 cites Guo et al 2016 (Sichuan Journal of Zoology; Chinese with English abstract). Name in the cited study: Rhinolophus huananus. Detector: Petterson D500X. Recording method: Resting. Sex: unstated. Call type: FMu/CF/FMd. Values are a review extraction; this row is not independent corroboration of the cited study.
lopezbosch2021-s1-365,1004743,Rhinolophus siamensis,exact,lopez-bosch-2021-china,"Table S1, spreadsheet row 365, duration column",lopez-bosch-2021-china-compiled,unspecified,,,,unspecified,,China,Unknown,,,,duration,mean,32.89,,,ms,sd,6.81,32.89 ±6.81,definition_unstated,China review Table S1 cites Guo et al 2016 (Sichuan Journal of Zoology; Chinese with English abstract). Name in the cited study: Rhinolophus huananus. Detector: Petterson D500X. Recording method: Resting. Sex: unstated. Call type: FMu/CF/FMd. Values are a review extraction; this row is not independent corroboration of the cited study.
lopezbosch2021-s1-365,1004743,Rhinolophus siamensis,exact,lopez-bosch-2021-china,"Table S1, spreadsheet row 365, FmaxE column",lopez-bosch-2021-china-compiled,unspecified,,,,unspecified,,China,Unknown,,,,peak_frequency,mean,68.25,,,kHz,sd,0.19,68.25 ±0.19,definition_unstated,China review Table S1 cites Guo et al 2016 (Sichuan Journal of Zoology; Chinese with English abstract). Name in the cited study: Rhinolophus huananus. Detector: Petterson D500X. Recording method: Resting. Sex: unstated. Call type: FMu/CF/FMd. Values are a review extraction; this row is not independent corroboration of the cited study.
lopezbosch2021-s1-366,1004743,Rhinolophus siamensis,exact,lopez-bosch-2021-china,"Table S1, spreadsheet row 366, duration column",lopez-bosch-2021-china-compiled,unspecified,,,,unspecified,,China,Guangxi,,,,duration,mean,39.92,,,ms,sd,7.86,39.92 ±7.86,definition_unstated,China review Table S1 cites Guo et al 2010 (Journal of Jianxi Normal Univeristy (Nature Science); Chinese with English abstract). Name in the cited study: Rhinolophus macrotis. Detector: Unknown. Recording method: Flying (enclosure). Sex: unstated. Call type: FMu/CF/FMd. Values are a review extraction; this row is not independent corroboration of the cited study.
lopezbosch2021-s1-366,1004743,Rhinolophus siamensis,exact,lopez-bosch-2021-china,"Table S1, spreadsheet row 366, FmaxE column",lopez-bosch-2021-china-compiled,unspecified,,,,unspecified,,China,Guangxi,,,,peak_frequency,mean,48.36,,,kHz,sd,0.43,48.36 ±0.43,definition_unstated,China review Table S1 cites Guo et al 2010 (Journal of Jianxi Normal Univeristy (Nature Science); Chinese with English abstract). Name in the cited study: Rhinolophus macrotis. Detector: Unknown. Recording method: Flying (enclosure). Sex: unstated. Call type: FMu/CF/FMd. Values are a review extraction; this row is not independent corroboration of the cited study.
lopezbosch2021-s1-367,1004743,Rhinolophus siamensis,exact,lopez-bosch-2021-china,"Table S1, spreadsheet row 367, FmaxE column",lopez-bosch-2021-china-compiled,unspecified,,,,unspecified,,China,Guangxi,,,,peak_frequency,mean,65.51,,,kHz,sd,4.94,65.51 ±4.94,definition_unstated,China review Table S1 cites Zhang et al 2018b (Zoologica Scripta; English). Name in the cited study: Rhinolophus siamensis. Detector: Unknown. Recording method: Resting. Sex: unstated. Call type: FMu/CF/FMd. Values are a review extraction; this row is not independent corroboration of the cited study.
lopezbosch2021-s1-368,1004743,Rhinolophus siamensis,exact,lopez-bosch-2021-china,"Table S1, spreadsheet row 368, FmaxE column",lopez-bosch-2021-china-compiled,unspecified,,,,unspecified,,China,Guangxi,,,,peak_frequency,species_summary,68,,,kHz,,,68,definition_unstated,China review Table S1 cites Zhang et al 2018b (Zoologica Scripta; English). Name in the cited study: Rhinolophus huananus. Detector: Unknown. Recording method: Resting. Sex: unstated. Call type: FMu/CF/FMd. Values are a review extraction; this row is not independent corroboration of the cited study.
lopezbosch2021-s1-369,1004743,Rhinolophus siamensis,exact,lopez-bosch-2021-china,"Table S1, spreadsheet row 369, FmaxE column",lopez-bosch-2021-china-compiled,unspecified,,,,unspecified,,China,Guangxi,,,,peak_frequency,range,,60.0,69.3,kHz,,,(60.0 - 69.3),definition_unstated,China review Table S1 cites Zhang et al 2009 (Acta Chiropterologica; English). Name in the cited study: Rhinolophus siamensis. Detector: Petterson D980. Recording method: Hand-held. Sex: unstated. Call type: FMu/CF/FMd. Values are a review extraction; this row is not independent corroboration of the cited study.
lopezbosch2021-s1-37,1005396,Myotis davidii,exact,lopez-bosch-2021-china,"Table S1, spreadsheet row 37, duration column",lopez-bosch-2021-china-compiled,unspecified,,,,unspecified,,China,Guizhou,,,,duration,mean,4.6,,,ms,sd,1.24,4.6 ±1.24,definition_unstated,China review Table S1 cites Guo et al 2010 (Journal of Jianxi Normal Univeristy (Nature Science); Chinese with English abstract). Name in the cited study: Myotis davidii. Detector: Unknown. Recording method: Flying (enclosure). Sex: unstated. Call type: FM Broadband. Values are a review extraction; this row is not independent corroboration of the cited study.
lopezbosch2021-s1-37,1005396,Myotis davidii,exact,lopez-bosch-2021-china,"Table S1, spreadsheet row 37, FmaxE column",lopez-bosch-2021-china-compiled,unspecified,,,,unspecified,,China,Guizhou,,,,peak_frequency,mean,70.98,,,kHz,sd,5.32,70.98 ±5.32,definition_unstated,China review Table S1 cites Guo et al 2010 (Journal of Jianxi Normal Univeristy (Nature Science); Chinese with English abstract). Name in the cited study: Myotis davidii. Detector: Unknown. Recording method: Flying (enclosure). Sex: unstated. Call type: FM Broadband. Values are a review extraction; this row is not independent corroboration of the cited study.
lopezbosch2021-s1-370,1004746,Rhinolophus sinicus,exact,lopez-bosch-2021-china,"Table S1, spreadsheet row 370, FmaxE column",lopez-bosch-2021-china-compiled,unspecified,,,,unspecified,,China,Yunnan,,,,peak_frequency,mean,86.81,,,kHz,sd,0.59,86.81 ±0.59,definition_unstated,China review Table S1 cites Xie et al 2017 (Ethology: International journal of behavioural biology; English). Name in the cited study: Rhinolophus sinicus. Detector: Petterson D980. Recording method: Hand-held. Sex: Female. Call type: FMu/CF/FMd. Values are a review extraction; this row is not independent corroboration of the cited study.
lopezbosch2021-s1-371,1004746,Rhinolophus sinicus,exact,lopez-bosch-2021-china,"Table S1, spreadsheet row 371, FmaxE column",lopez-bosch-2021-china-compiled,unspecified,,,,unspecified,,China,Guizhou,,,,peak_frequency,mean,83.25,,,kHz,sd,0.48,83.25 ±0.48,definition_unstated,China review Table S1 cites Xie et al 2017 (Ethology: International journal of behavioural biology; English). Name in the cited study: Rhinolophus sinicus. Detector: Petterson D980. Recording method: Hand-held. Sex: Male. Call type: FMu/CF/FMd. Values are a review extraction; this row is not independent corroboration of the cited study.
lopezbosch2021-s1-372,1004746,Rhinolophus sinicus,exact,lopez-bosch-2021-china,"Table S1, spreadsheet row 372, FmaxE column",lopez-bosch-2021-china-compiled,unspecified,,,,unspecified,,China,Unknown,,,,peak_frequency,mean,81.91,,,kHz,sd,1.38,81.91 ±1.38,definition_unstated,China review Table S1 cites Li et al 2014a (Behavioral Ecology and Sociobiology; English). Name in the cited study: Rhinolophus sinicus. Detector: Avisoft UltraSoundGate CM16/CMPA. Recording method: Resting. Sex: unstated. Call type: FMu/CF/FMd. Values are a review extraction; this row is not independent corroboration of the cited study.
lopezbosch2021-s1-373,1004746,Rhinolophus sinicus,exact,lopez-bosch-2021-china,"Table S1, spreadsheet row 373, FmaxE column",lopez-bosch-2021-china-compiled,unspecified,,,,free_flying_wild,,China,Guangxi,,,,peak_frequency,species_summary,83.15,,,kHz,,,83.15,definition_unstated,China review Table S1 cites Wang et al 2018 (Scientific Reports; English). Name in the cited study: Rhinolophus sinicus. Detector: Avisoft UltraSoundGate 116. Recording method: Free-flying. Sex: unstated. Call type: FMu/CF/FMd. Values are a review extraction; this row is not independent corroboration of the cited study.
lopezbosch2021-s1-374,1004746,Rhinolophus sinicus,exact,lopez-bosch-2021-china,"Table S1, spreadsheet row 374, FmaxE column",lopez-bosch-2021-china-compiled,unspecified,,,,unspecified,,China,Guangxi,,,,peak_frequency,range,,78.9,88.5,kHz,,,(78.9 - 88.5),definition_unstated,China review Table S1 cites Zhang et al 2009 (Acta Chiropterologica; English). Name in the cited study: Rhinolophus sinicus. Detector: Petterson D980. Recording method: Hand-held. Sex: unstated. Call type: FMu/CF/FMd. Values are a review extraction; this row is not independent corroboration of the cited study.
lopezbosch2021-s1-375,1004746,Rhinolophus sinicus,exact,lopez-bosch-2021-china,"Table S1, spreadsheet row 375, duration column",lopez-bosch-2021-china-compiled,unspecified,,,,unspecified,,China,Unknown,,,,duration,mean,44.55,,,ms,sd,2.25,44.55 ±2.25,definition_unstated,"China review Table S1 cites Shi 2010 (Master thesis, NE Normal University; Chinese with English abstract). Name in the cited study: Rhinolophus sinicus. Detector: Petterson D980. Recording method: Hand-held. Sex: unstated. Call type: FMu/CF/FMd. Values are a review extraction; this row is not independent corroboration of the cited study."
lopezbosch2021-s1-375,1004746,Rhinolophus sinicus,exact,lopez-bosch-2021-china,"Table S1, spreadsheet row 375, FmaxE column",lopez-bosch-2021-china-compiled,unspecified,,,,unspecified,,China,Unknown,,,,peak_frequency,mean,82.07,,,kHz,sd,0.17,82.07 ±0.17,definition_unstated,"China review Table S1 cites Shi 2010 (Master thesis, NE Normal University; Chinese with English abstract). Name in the cited study: Rhinolophus sinicus. Detector: Petterson D980. Recording method: Hand-held. Sex: unstated. Call type: FMu/CF/FMd. Values are a review extraction; this row is not independent corroboration of the cited study."
lopezbosch2021-s1-376,1004746,Rhinolophus sinicus,exact,lopez-bosch-2021-china,"Table S1, spreadsheet row 376, FmaxE column",lopez-bosch-2021-china-compiled,unspecified,,,,unspecified,,China,Unknown,,,,peak_frequency,mean,84.54,,,kHz,sd,2.13,84.54 ±2.13,definition_unstated,China review Table S1 cites Wu et al 2015 (Journal of Zoology (Zoological Society of London); English). Name in the cited study: Rhinolophus sinicus. Detector: Avisoft UltraSoundGate 116. Recording method: Hand-held. Sex: unstated. Call type: FMu/CF/FMd. Values are a review extraction; this row is not independent corroboration of the cited study.
lopezbosch2021-s1-377,1004746,Rhinolophus sinicus,exact,lopez-bosch-2021-china,"Table S1, spreadsheet row 377, FmaxE column",lopez-bosch-2021-china-compiled,unspecified,,,,unspecified,,China,Unknown,,,,peak_frequency,mean,83.08,,,kHz,sd,0.37,83.08 ±0.37,definition_unstated,China review Table S1 cites Xie et al 2017 (Ethology: International journal of behavioural biology; English). Name in the cited study: Rhinolophus sinicus. Detector: Petterson D980. Recording method: Hand-held. Sex: Female. Call type: FMu/CF/FMd. Values are a review extraction; this row is not independent corroboration of the cited study.
lopezbosch2021-s1-378,1004746,Rhinolophus sinicus,exact,lopez-bosch-2021-china,"Table S1, spreadsheet row 378, FmaxE column",lopez-bosch-2021-china-compiled,unspecified,,,,unspecified,,China,Guangxi,,,,peak_frequency,mean,87.57,,,kHz,sd,0.25,87.57 ±0.25,definition_unstated,China review Table S1 cites Xie et al 2017 (Ethology: International journal of behavioural biology; English). Name in the cited study: Rhinolophus sinicus. Detector: Petterson D980. Recording method: Hand-held. Sex: Female. Call type: FMu/CF/FMd. Values are a review extraction; this row is not independent corroboration of the cited study.
lopezbosch2021-s1-379,1004746,Rhinolophus sinicus,exact,lopez-bosch-2021-china,"Table S1, spreadsheet row 379, FmaxE column",lopez-bosch-2021-china-compiled,unspecified,,,,unspecified,,China,Jiangxi,,,,peak_frequency,mean,85.49,,,kHz,sd,1.42,85.49 ±1.42,definition_unstated,China review Table S1 cites Xie et al 2017 (Ethology: International journal of behavioural biology; English). Name in the cited study: Rhinolophus sinicus. Detector: Petterson D980. Recording method: Hand-held. Sex: Female. Call type: FMu/CF/FMd. Values are a review extraction; this row is not independent corroboration of the cited study.
lopezbosch2021-s1-38,1005406,Myotis fimbriatus,exact,lopez-bosch-2021-china,"Table S1, spreadsheet row 38, FmaxE column",lopez-bosch-2021-china-compiled,unspecified,,,,unspecified,,China,Guizhou,,,,peak_frequency,mean,53.1,,,kHz,sd,7.8,53.1 ±7.8,definition_unstated,China review Table S1 cites Chen et al 2002 (Journal of Northeast Normal University (Natural Science Edition); Chinese). Name in the cited study: Myotis fimbriatus. Detector: Ultra Sound Advice U30. Recording method: Flying (enclosure). Sex: unstated. Call type: FM Broadband. Values are a review extraction; this row is not independent corroboration of the cited study.
lopezbosch2021-s1-380,1004746,Rhinolophus sinicus,exact,lopez-bosch-2021-china,"Table S1, spreadsheet row 380, FmaxE column",lopez-bosch-2021-china-compiled,unspecified,,,,unspecified,,China,Jiangxi,,,,peak_frequency,mean,86.14,,,kHz,sd,0.54,86.14 ±0.54,definition_unstated,China review Table S1 cites Xie et al 2017 (Ethology: International journal of behavioural biology; English). Name in the cited study: Rhinolophus sinicus. Detector: Petterson D980. Recording method: Hand-held. Sex: Female. Call type: FMu/CF/FMd. Values are a review extraction; this row is not independent corroboration of the cited study.
lopezbosch2021-s1-381,1004746,Rhinolophus sinicus,exact,lopez-bosch-2021-china,"Table S1, spreadsheet row 381, FmaxE column",lopez-bosch-2021-china-compiled,unspecified,,,,unspecified,,China,Guizhou,,,,peak_frequency,mean,86.44,,,kHz,sd,1.82,86.44 ±1.82,definition_unstated,China review Table S1 cites Xie et al 2017 (Ethology: International journal of behavioural biology; English). Name in the cited study: Rhinolophus sinicus. Detector: Petterson D980. Recording method: Hand-held. Sex: Female. Call type: FMu/CF/FMd. Values are a review extraction; this row is not independent corroboration of the cited study.
lopezbosch2021-s1-382,1004746,Rhinolophus sinicus,exact,lopez-bosch-2021-china,"Table S1, spreadsheet row 382, FmaxE column",lopez-bosch-2021-china-compiled,unspecified,,,,unspecified,,China,Guizhou,,,,peak_frequency,mean,84.29,,,kHz,sd,0.02,84.29 ±0.02,definition_unstated,China review Table S1 cites Xie et al 2017 (Ethology: International journal of behavioural biology; English). Name in the cited study: Rhinolophus sinicus. Detector: Petterson D980. Recording method: Hand-held. Sex: Female. Call type: FMu/CF/FMd. Values are a review extraction; this row is not independent corroboration of the cited study.
lopezbosch2021-s1-383,1004746,Rhinolophus sinicus,exact,lopez-bosch-2021-china,"Table S1, spreadsheet row 383, FmaxE column",lopez-bosch-2021-china-compiled,unspecified,,,,unspecified,,China,Anhui,,,,peak_frequency,mean,85.13,,,kHz,sd,1.87,85.13 ±1.87,definition_unstated,China review Table S1 cites Xie et al 2017 (Ethology: International journal of behavioural biology; English). Name in the cited study: Rhinolophus sinicus. Detector: Petterson D980. Recording method: Hand-held. Sex: Female. Call type: FMu/CF/FMd. Values are a review extraction; this row is not independent corroboration of the cited study.
lopezbosch2021-s1-384,1004746,Rhinolophus sinicus,exact,lopez-bosch-2021-china,"Table S1, spreadsheet row 384, FmaxE column",lopez-bosch-2021-china-compiled,unspecified,,,,unspecified,,China,Guizhou,,,,peak_frequency,mean,85.12,,,kHz,sd,1.17,85.12 ±1.17,definition_unstated,China review Table S1 cites Xie et al 2017 (Ethology: International journal of behavioural biology; English). Name in the cited study: Rhinolophus sinicus. Detector: Petterson D980. Recording method: Hand-held. Sex: Female. Call type: FMu/CF/FMd. Values are a review extraction; this row is not independent corroboration of the cited study.
lopezbosch2021-s1-385,1004746,Rhinolophus sinicus,exact,lopez-bosch-2021-china,"Table S1, spreadsheet row 385, FmaxE column",lopez-bosch-2021-china-compiled,unspecified,,,,unspecified,,China,Guizhou,,,,peak_frequency,mean,85.30,,,kHz,sd,2.77,85.30 ±2.77,definition_unstated,China review Table S1 cites Xie et al 2017 (Ethology: International journal of behavioural biology; English). Name in the cited study: Rhinolophus sinicus. Detector: Petterson D980. Recording method: Hand-held. Sex: Female. Call type: FMu/CF/FMd. Values are a review extraction; this row is not independent corroboration of the cited study.
lopezbosch2021-s1-386,1004746,Rhinolophus sinicus,exact,lopez-bosch-2021-china,"Table S1, spreadsheet row 386, FmaxE column",lopez-bosch-2021-china-compiled,unspecified,,,,unspecified,,China,Guizhou,,,,peak_frequency,mean,87.42,,,kHz,sd,0.63,87.42 ±0.63,definition_unstated,China review Table S1 cites Xie et al 2017 (Ethology: International journal of behavioural biology; English). Name in the cited study: Rhinolophus sinicus. Detector: Petterson D980. Recording method: Hand-held. Sex: Female. Call type: FMu/CF/FMd. Values are a review extraction; this row is not independent corroboration of the cited study.
lopezbosch2021-s1-387,1004746,Rhinolophus sinicus,exact,lopez-bosch-2021-china,"Table S1, spreadsheet row 387, FmaxE column",lopez-bosch-2021-china-compiled,unspecified,,,,unspecified,,China,Guizhou,,,,peak_frequency,mean,87.48,,,kHz,sd,0.43,87.48 ±0.43,definition_unstated,China review Table S1 cites Xie et al 2017 (Ethology: International journal of behavioural biology; English). Name in the cited study: Rhinolophus sinicus. Detector: Petterson D980. Recording method: Hand-held. Sex: Female. Call type: FMu/CF/FMd. Values are a review extraction; this row is not independent corroboration of the cited study.
lopezbosch2021-s1-388,1004746,Rhinolophus sinicus,exact,lopez-bosch-2021-china,"Table S1, spreadsheet row 388, FmaxE column",lopez-bosch-2021-china-compiled,unspecified,,,,unspecified,,China,Unknown,,,,peak_frequency,mean,88.19,,,kHz,sd,0.32,88.19 ±0.32,definition_unstated,China review Table S1 cites Xie et al 2017 (Ethology: International journal of behavioural biology; English). Name in the cited study: Rhinolophus sinicus. Detector: Petterson D980. Recording method: Hand-held. Sex: Female. Call type: FMu/CF/FMd. Values are a review extraction; this row is not independent corroboration of the cited study.
lopezbosch2021-s1-389,1004746,Rhinolophus sinicus,exact,lopez-bosch-2021-china,"Table S1, spreadsheet row 389, FmaxE column",lopez-bosch-2021-china-compiled,unspecified,,,,unspecified,,China,"Fujian, Hunan, Jiangxi",,,,peak_frequency,mean,80.81,,,kHz,sd,0.39,80.81 ±0.39,definition_unstated,China review Table S1 cites Xie et al 2017 (Ethology: International journal of behavioural biology; English). Name in the cited study: Rhinolophus sinicus. Detector: Petterson D980. Recording method: Hand-held. Sex: Male. Call type: FMu/CF/FMd. Values are a review extraction; this row is not independent corroboration of the cited study.
lopezbosch2021-s1-39,1005406,Myotis fimbriatus,exact,lopez-bosch-2021-china,"Table S1, spreadsheet row 39, duration column",lopez-bosch-2021-china-compiled,unspecified,,,,unspecified,,China,Guizhou,,,,duration,species_summary,10.6,,,ms,,,10.6,definition_unstated,China review Table S1 cites Ying et al 2003 (Journal of Northeast Normal University (Natural Science Edition); Chinese with English abstract). Name in the cited study: Myotis fimbriatus. Detector: Unknown. Recording method: Various. Sex: unstated. Call type: FM Broadband. Values are a review extraction; this row is not independent corroboration of the cited study.
lopezbosch2021-s1-39,1005406,Myotis fimbriatus,exact,lopez-bosch-2021-china,"Table S1, spreadsheet row 39, max frequency column",lopez-bosch-2021-china-compiled,unspecified,,,,unspecified,,China,Guizhou,,,,max_frequency,species_summary,93,,,kHz,,,93,definition_unstated,China review Table S1 cites Ying et al 2003 (Journal of Northeast Normal University (Natural Science Edition); Chinese with English abstract). Name in the cited study: Myotis fimbriatus. Detector: Unknown. Recording method: Various. Sex: unstated. Call type: FM Broadband. Values are a review extraction; this row is not independent corroboration of the cited study.
lopezbosch2021-s1-39,1005406,Myotis fimbriatus,exact,lopez-bosch-2021-china,"Table S1, spreadsheet row 39, min frequency column",lopez-bosch-2021-china-compiled,unspecified,,,,unspecified,,China,Guizhou,,,,min_frequency,species_summary,39,,,kHz,,,39,definition_unstated,China review Table S1 cites Ying et al 2003 (Journal of Northeast Normal University (Natural Science Edition); Chinese with English abstract). Name in the cited study: Myotis fimbriatus. Detector: Unknown. Recording method: Various. Sex: unstated. Call type: FM Broadband. Values are a review extraction; this row is not independent corroboration of the cited study.
lopezbosch2021-s1-390,1004746,Rhinolophus sinicus,exact,lopez-bosch-2021-china,"Table S1, spreadsheet row 390, FmaxE column",lopez-bosch-2021-china-compiled,unspecified,,,,unspecified,,China,Unknown,,,,peak_frequency,mean,82.81,,,kHz,sd,0.59,82.81 ±0.59,definition_unstated,China review Table S1 cites Xie et al 2017 (Ethology: International journal of behavioural biology; English). Name in the cited study: Rhinolophus sinicus. Detector: Petterson D980. Recording method: Hand-held. Sex: Male. Call type: FMu/CF/FMd. Values are a review extraction; this row is not independent corroboration of the cited study.
lopezbosch2021-s1-391,1004746,Rhinolophus sinicus,exact,lopez-bosch-2021-china,"Table S1, spreadsheet row 391, FmaxE column",lopez-bosch-2021-china-compiled,unspecified,,,,unspecified,,China,Guangxi,,,,peak_frequency,mean,83.14,,,kHz,sd,1.30,83.14 ±1.30,definition_unstated,China review Table S1 cites Xie et al 2017 (Ethology: International journal of behavioural biology; English). Name in the cited study: Rhinolophus sinicus. Detector: Petterson D980. Recording method: Hand-held. Sex: Male. Call type: FMu/CF/FMd. Values are a review extraction; this row is not independent corroboration of the cited study.
lopezbosch2021-s1-392,1004746,Rhinolophus sinicus,exact,lopez-bosch-2021-china,"Table S1, spreadsheet row 392, FmaxE column",lopez-bosch-2021-china-compiled,unspecified,,,,unspecified,,China,Guizhou,,,,peak_frequency,mean,81.02,,,kHz,sd,0.66,81.02 ±0.66,definition_unstated,China review Table S1 cites Xie et al 2017 (Ethology: International journal of behavioural biology; English). Name in the cited study: Rhinolophus sinicus. Detector: Petterson D980. Recording method: Hand-held. Sex: Male. Call type: FMu/CF/FMd. Values are a review extraction; this row is not independent corroboration of the cited study.
lopezbosch2021-s1-393,1004746,Rhinolophus sinicus,exact,lopez-bosch-2021-china,"Table S1, spreadsheet row 393, FmaxE column",lopez-bosch-2021-china-compiled,unspecified,,,,unspecified,,China,Guizhou,,,,peak_frequency,mean,82.18,,,kHz,sd,0.94,82.18 ±0.94,definition_unstated,China review Table S1 cites Xie et al 2017 (Ethology: International journal of behavioural biology; English). Name in the cited study: Rhinolophus sinicus. Detector: Petterson D980. Recording method: Hand-held. Sex: Male. Call type: FMu/CF/FMd. Values are a review extraction; this row is not independent corroboration of the cited study.
lopezbosch2021-s1-394,1004746,Rhinolophus sinicus,exact,lopez-bosch-2021-china,"Table S1, spreadsheet row 394, FmaxE column",lopez-bosch-2021-china-compiled,unspecified,,,,unspecified,,China,Guizhou,,,,peak_frequency,mean,82.81,,,kHz,sd,0.69,82.81 ±0.69,definition_unstated,China review Table S1 cites Xie et al 2017 (Ethology: International journal of behavioural biology; English). Name in the cited study: Rhinolophus sinicus. Detector: Petterson D980. Recording method: Hand-held. Sex: Male. Call type: FMu/CF/FMd. Values are a review extraction; this row is not independent corroboration of the cited study.
lopezbosch2021-s1-395,1004746,Rhinolophus sinicus,exact,lopez-bosch-2021-china,"Table S1, spreadsheet row 395, FmaxE column",lopez-bosch-2021-china-compiled,unspecified,,,,unspecified,,China,"Hebei, Shandong, Guangxi, Guangdong, Hainan",,,,peak_frequency,mean,83.63,,,kHz,sd,0.00,83.63 ±0.00,definition_unstated,China review Table S1 cites Xie et al 2017 (Ethology: International journal of behavioural biology; English). Name in the cited study: Rhinolophus sinicus. Detector: Petterson D980. Recording method: Hand-held. Sex: Male. Call type: FMu/CF/FMd. Values are a review extraction; this row is not independent corroboration of the cited study.
lopezbosch2021-s1-396,1004746,Rhinolophus sinicus,exact,lopez-bosch-2021-china,"Table S1, spreadsheet row 396, FmaxE column",lopez-bosch-2021-china-compiled,unspecified,,,,unspecified,,China,Guangxi,,,,peak_frequency,mean,81.10,,,kHz,sd,1.22,81.10 ±1.22,definition_unstated,China review Table S1 cites Xie et al 2017 (Ethology: International journal of behavioural biology; English). Name in the cited study: Rhinolophus sinicus. Detector: Petterson D980. Recording method: Hand-held. Sex: Male. Call type: FMu/CF/FMd. Values are a review extraction; this row is not independent corroboration of the cited study.
lopezbosch2021-s1-397,1004746,Rhinolophus sinicus,exact,lopez-bosch-2021-china,"Table S1, spreadsheet row 397, FmaxE column",lopez-bosch-2021-china-compiled,unspecified,,,,unspecified,,China,Hebei,,,,peak_frequency,mean,82.84,,,kHz,sd,1.11,82.84 ±1.11,definition_unstated,China review Table S1 cites Xie et al 2017 (Ethology: International journal of behavioural biology; English). Name in the cited study: Rhinolophus sinicus. Detector: Petterson D980. Recording method: Hand-held. Sex: Male. Call type: FMu/CF/FMd. Values are a review extraction; this row is not independent corroboration of the cited study.
lopezbosch2021-s1-398,1004746,Rhinolophus sinicus,exact,lopez-bosch-2021-china,"Table S1, spreadsheet row 398, FmaxE column",lopez-bosch-2021-china-compiled,unspecified,,,,unspecified,,China,Guangdong,,,,peak_frequency,mean,83.08,,,kHz,sd,0.37,83.08 ±0.37,definition_unstated,China review Table S1 cites Xie et al 2017 (Ethology: International journal of behavioural biology; English). Name in the cited study: Rhinolophus sinicus. Detector: Petterson D980. Recording method: Hand-held. Sex: Male. Call type: FMu/CF/FMd. Values are a review extraction; this row is not independent corroboration of the cited study.
lopezbosch2021-s1-399,1004746,Rhinolophus sinicus,exact,lopez-bosch-2021-china,"Table S1, spreadsheet row 399, FmaxE column",lopez-bosch-2021-china-compiled,unspecified,,,,unspecified,,China,Shandong,,,,peak_frequency,mean,81.67,,,kHz,sd,0.30,81.67 ±0.30,definition_unstated,China review Table S1 cites Xie et al 2017 (Ethology: International journal of behavioural biology; English). Name in the cited study: Rhinolophus sinicus. Detector: Petterson D980. Recording method: Hand-held. Sex: Male. Call type: FMu/CF/FMd. Values are a review extraction; this row is not independent corroboration of the cited study.
lopezbosch2021-s1-4,1005650,Barbastella beijingensis,exact,lopez-bosch-2021-china,"Table S1, spreadsheet row 4, duration column",lopez-bosch-2021-china-compiled,unspecified,,,,hand_release,,China,Yunnan,,,,duration,mean,8.2,,,ms,sd,1.7,8.2 ±1.7,definition_unstated,China review Table S1 cites Zhang et al 2007 (Journal of Mammalogy; English). Name in the cited study: Barbastella beijingensis. Detector: Petterson D980. Recording method: Hand-released. Sex: unstated. Call type: Alternated concave/convex QCF. Values are a review extraction; this row is not independent corroboration of the cited study.
lopezbosch2021-s1-4,1005650,Barbastella beijingensis,exact,lopez-bosch-2021-china,"Table S1, spreadsheet row 4, end frequency column",lopez-bosch-2021-china-compiled,unspecified,,,,hand_release,,China,Yunnan,,,,end_frequency,mean,25.1,,,kHz,sd,1.4,25.1 ±1.4,definition_unstated,China review Table S1 cites Zhang et al 2007 (Journal of Mammalogy; English). Name in the cited study: Barbastella beijingensis. Detector: Petterson D980. Recording method: Hand-released. Sex: unstated. Call type: Alternated concave/convex QCF. Values are a review extraction; this row is not independent corroboration of the cited study.
lopezbosch2021-s1-4,1005650,Barbastella beijingensis,exact,lopez-bosch-2021-china,"Table S1, spreadsheet row 4, FmaxE column",lopez-bosch-2021-china-compiled,unspecified,,,,hand_release,,China,Yunnan,,,,peak_frequency,mean,39.4,,,kHz,sd,0.7,39.4 ±0.7,definition_unstated,China review Table S1 cites Zhang et al 2007 (Journal of Mammalogy; English). Name in the cited study: Barbastella beijingensis. Detector: Petterson D980. Recording method: Hand-released. Sex: unstated. Call type: Alternated concave/convex QCF. Values are a review extraction; this row is not independent corroboration of the cited study.
lopezbosch2021-s1-4,1005650,Barbastella beijingensis,exact,lopez-bosch-2021-china,"Table S1, spreadsheet row 4, start frequency column",lopez-bosch-2021-china-compiled,unspecified,,,,hand_release,,China,Yunnan,,,,start_frequency,mean,42.7,,,kHz,sd,1.6,42.7 ±1.6,definition_unstated,China review Table S1 cites Zhang et al 2007 (Journal of Mammalogy; English). Name in the cited study: Barbastella beijingensis. Detector: Petterson D980. Recording method: Hand-released. Sex: unstated. Call type: Alternated concave/convex QCF. Values are a review extraction; this row is not independent corroboration of the cited study.
lopezbosch2021-s1-40,1005408,Myotis formosus,exact,lopez-bosch-2021-china,"Table S1, spreadsheet row 40, FmaxE column",lopez-bosch-2021-china-compiled,unspecified,,,,unspecified,,China,Unknown,,,,peak_frequency,species_summary,43.91,41,46.2,kHz,,,43.91 (41 - 46.2),definition_unstated,China review Table S1 cites Jiang et al 2010c (Zootaxa; English). Name in the cited study: Myotis flavus. Detector: Ultra Sound Advice U30. Recording method: Flying (enclosure). Sex: unstated. Call type: FM Broadband. Values are a review extraction; this row is not independent corroboration of the cited study.
lopezbosch2021-s1-400,1004746,Rhinolophus sinicus,exact,lopez-bosch-2021-china,"Table S1, spreadsheet row 400, FmaxE column",lopez-bosch-2021-china-compiled,unspecified,,,,unspecified,,China,Guangdong,,,,peak_frequency,mean,81.08,,,kHz,sd,0.00,81.08 ±0.00,definition_unstated,China review Table S1 cites Xie et al 2017 (Ethology: International journal of behavioural biology; English). Name in the cited study: Rhinolophus sinicus. Detector: Petterson D980. Recording method: Hand-held. Sex: Male. Call type: FMu/CF/FMd. Values are a review extraction; this row is not independent corroboration of the cited study.
lopezbosch2021-s1-401,1004746,Rhinolophus sinicus,exact,lopez-bosch-2021-china,"Table S1, spreadsheet row 401, FmaxE column",lopez-bosch-2021-china-compiled,unspecified,,,,unspecified,,China,Guangdong,,,,peak_frequency,mean,83.86,,,kHz,sd,0.86,83.86 ±0.86,definition_unstated,China review Table S1 cites Xie et al 2017 (Ethology: International journal of behavioural biology; English). Name in the cited study: Rhinolophus sinicus. Detector: Petterson D980. Recording method: Hand-held. Sex: Male. Call type: FMu/CF/FMd. Values are a review extraction; this row is not independent corroboration of the cited study.
lopezbosch2021-s1-402,1004746,Rhinolophus sinicus,exact,lopez-bosch-2021-china,"Table S1, spreadsheet row 402, FmaxE column",lopez-bosch-2021-china-compiled,unspecified,,,,unspecified,,China,Guangdong,,,,peak_frequency,mean,81.75,,,kHz,sd,0.50,81.75 ±0.50,definition_unstated,China review Table S1 cites Xie et al 2017 (Ethology: International journal of behavioural biology; English). Name in the cited study: Rhinolophus sinicus. Detector: Petterson D980. Recording method: Hand-held. Sex: Male. Call type: FMu/CF/FMd. Values are a review extraction; this row is not independent corroboration of the cited study.
lopezbosch2021-s1-403,1004746,Rhinolophus sinicus,exact,lopez-bosch-2021-china,"Table S1, spreadsheet row 403, FmaxE column",lopez-bosch-2021-china-compiled,unspecified,,,,unspecified,,China,"Shandong, Jiangsu, Guangdong, Hainan",,,,peak_frequency,mean,80.37,,,kHz,sd,0.69,80.37 ±0.69,definition_unstated,China review Table S1 cites Xie et al 2017 (Ethology: International journal of behavioural biology; English). Name in the cited study: Rhinolophus sinicus. Detector: Petterson D980. Recording method: Hand-held. Sex: Male. Call type: FMu/CF/FMd. Values are a review extraction; this row is not independent corroboration of the cited study.
lopezbosch2021-s1-404,1004746,Rhinolophus sinicus,exact,lopez-bosch-2021-china,"Table S1, spreadsheet row 404, FmaxE column",lopez-bosch-2021-china-compiled,unspecified,,,,unspecified,,China,Guangdong,,,,peak_frequency,mean,80.61,,,kHz,sd,0.32,80.61 ±0.32,definition_unstated,China review Table S1 cites Xie et al 2017 (Ethology: International journal of behavioural biology; English). Name in the cited study: Rhinolophus sinicus. Detector: Petterson D980. Recording method: Hand-held. Sex: Male. Call type: FMu/CF/FMd. Values are a review extraction; this row is not independent corroboration of the cited study.
lopezbosch2021-s1-405,1004748,Rhinolophus stheno,exact,lopez-bosch-2021-china,"Table S1, spreadsheet row 405, FmaxE column",lopez-bosch-2021-china-compiled,unspecified,,,,unspecified,,China,Shandong,,,,peak_frequency,species_summary,87,,,kHz,,,87,definition_unstated,China review Table S1 cites Zhang et al 2005 (Chinese Journal of Zoology; Chinese). Name in the cited study: Rhinolophus stheno. Detector: Unknown. Recording method: Unknown. Sex: unstated. Call type: FMu/CF/FMd. Values are a review extraction; this row is not independent corroboration of the cited study.
lopezbosch2021-s1-406,1004754,Rhinolophus thomasi,exact,lopez-bosch-2021-china,"Table S1, spreadsheet row 406, FmaxE column",lopez-bosch-2021-china-compiled,unspecified,,,,unspecified,,China,Guangdong,,,,peak_frequency,mean,80.0,,,kHz,sd,0.70,80.0 ±0.70,definition_unstated,China review Table S1 cites Zhao et al 2003 (Journal of Zoology (Zoological Society of London); English). Name in the cited study: Rhinolophus thomasi. Detector: Ultra Sound Advice U30. Recording method: Resting. Sex: unstated. Call type: FMu/CF/FMd. Values are a review extraction; this row is not independent corroboration of the cited study.
lopezbosch2021-s1-407,1004754,Rhinolophus thomasi,exact,lopez-bosch-2021-china,"Table S1, spreadsheet row 407, FmaxE column",lopez-bosch-2021-china-compiled,unspecified,,,,unspecified,,China,Guangdong,,,,peak_frequency,mean,89.7,,,kHz,sd,0.7,89.7 ±0.7,definition_unstated,China review Table S1 cites Feng et al 2002 (Acta Theoriologica Sinica; Chinese with English abstract). Name in the cited study: Rhinolophus thomasi. Detector: Ultra Sound Advice U30. Recording method: Unknown. Sex: unstated. Call type: FMu/CF/FMd. Values are a review extraction; this row is not independent corroboration of the cited study.
lopezbosch2021-s1-408,1004754,Rhinolophus thomasi,exact,lopez-bosch-2021-china,"Table S1, spreadsheet row 408, FmaxE column",lopez-bosch-2021-china-compiled,unspecified,,,,unspecified,,China,Guangdong,,,,peak_frequency,mean,85.12,,,kHz,sd,3.25,85.12 ±3.25,definition_unstated,China review Table S1 cites Wu et al 2015 (Journal of Zoology (Zoological Society of London); English). Name in the cited study: Rhinolophus thomasi. Detector: Avisoft UltraSoundGate 116. Recording method: Hand-held. Sex: unstated. Call type: FMu/CF/FMd. Values are a review extraction; this row is not independent corroboration of the cited study.
lopezbosch2021-s1-409,1004759,Rhinolophus yunanensis,exact,lopez-bosch-2021-china,"Table S1, spreadsheet row 409, bandwidth column",lopez-bosch-2021-china-compiled,unspecified,,,,free_flying_wild,,China,Jiangsu,,,,bandwidth,mean,12.0,,,kHz,sd,2.02,12.0 ±2.02,definition_unstated,"China review Table S1 cites Chen 2003 (Master thesis, NE Normal University; Chinese with English abstract). Name in the cited study: Rhinolophus yunanensis. Detector: Petterson D980. Recording method: Free-flying. Sex: unstated. Call type: FMu/CF/FMd. Values are a review extraction; this row is not independent corroboration of the cited study."
lopezbosch2021-s1-409,1004759,Rhinolophus yunanensis,exact,lopez-bosch-2021-china,"Table S1, spreadsheet row 409, duration column",lopez-bosch-2021-china-compiled,unspecified,,,,free_flying_wild,,China,Jiangsu,,,,duration,mean,35.62,,,ms,sd,5.29,35.62 ±5.29,definition_unstated,"China review Table S1 cites Chen 2003 (Master thesis, NE Normal University; Chinese with English abstract). Name in the cited study: Rhinolophus yunanensis. Detector: Petterson D980. Recording method: Free-flying. Sex: unstated. Call type: FMu/CF/FMd. Values are a review extraction; this row is not independent corroboration of the cited study."
lopezbosch2021-s1-409,1004759,Rhinolophus yunanensis,exact,lopez-bosch-2021-china,"Table S1, spreadsheet row 409, FmaxE column",lopez-bosch-2021-china-compiled,unspecified,,,,free_flying_wild,,China,Jiangsu,,,,peak_frequency,mean,55.88,,,kHz,sd,0.78,55.88 ±0.78,definition_unstated,"China review Table S1 cites Chen 2003 (Master thesis, NE Normal University; Chinese with English abstract). Name in the cited study: Rhinolophus yunanensis. Detector: Petterson D980. Recording method: Free-flying. Sex: unstated. Call type: FMu/CF/FMd. Values are a review extraction; this row is not independent corroboration of the cited study."
lopezbosch2021-s1-41,1005408,Myotis formosus,exact,lopez-bosch-2021-china,"Table S1, spreadsheet row 41, duration column",lopez-bosch-2021-china-compiled,unspecified,,,,unspecified,,China,Unknown,,,,duration,mean,2.1,,,ms,sd,0.5,2.1 ±0.5,definition_unstated,China review Table S1 cites Sun et al 2008b (Frontiers of Biology in China; English). Name in the cited study: Myotis formosus. Detector: Petterson D980. Recording method: Flying (enclosure). Sex: unstated. Call type: FM Broadband. Values are a review extraction; this row is not independent corroboration of the cited study.
lopezbosch2021-s1-41,1005408,Myotis formosus,exact,lopez-bosch-2021-china,"Table S1, spreadsheet row 41, end frequency column",lopez-bosch-2021-china-compiled,unspecified,,,,unspecified,,China,Unknown,,,,end_frequency,mean,44.4,,,kHz,sd,3.7,44.4 ±3.7,definition_unstated,China review Table S1 cites Sun et al 2008b (Frontiers of Biology in China; English). Name in the cited study: Myotis formosus. Detector: Petterson D980. Recording method: Flying (enclosure). Sex: unstated. Call type: FM Broadband. Values are a review extraction; this row is not independent corroboration of the cited study.
lopezbosch2021-s1-41,1005408,Myotis formosus,exact,lopez-bosch-2021-china,"Table S1, spreadsheet row 41, FmaxE column",lopez-bosch-2021-china-compiled,unspecified,,,,unspecified,,China,Unknown,,,,peak_frequency,mean,56.3,,,kHz,sd,5,56.3 ±5,definition_unstated,China review Table S1 cites Sun et al 2008b (Frontiers of Biology in China; English). Name in the cited study: Myotis formosus. Detector: Petterson D980. Recording method: Flying (enclosure). Sex: unstated. Call type: FM Broadband. Values are a review extraction; this row is not independent corroboration of the cited study.
lopezbosch2021-s1-41,1005408,Myotis formosus,exact,lopez-bosch-2021-china,"Table S1, spreadsheet row 41, start frequency column",lopez-bosch-2021-china-compiled,unspecified,,,,unspecified,,China,Unknown,,,,start_frequency,mean,94.8,,,kHz,sd,5,94.8 ±5,definition_unstated,China review Table S1 cites Sun et al 2008b (Frontiers of Biology in China; English). Name in the cited study: Myotis formosus. Detector: Petterson D980. Recording method: Flying (enclosure). Sex: unstated. Call type: FM Broadband. Values are a review extraction; this row is not independent corroboration of the cited study.
lopezbosch2021-s1-410,1004759,Rhinolophus yunanensis,exact,lopez-bosch-2021-china,"Table S1, spreadsheet row 410, bandwidth column",lopez-bosch-2021-china-compiled,unspecified,,,,unspecified,,China,Macao,,,,bandwidth,mean,9.96,,,kHz,sd,2.75,9.96 ±2.75,definition_unstated,"China review Table S1 cites Chen 2003 (Master thesis, NE Normal University; Chinese with English abstract). Name in the cited study: Rhinolophus yunanensis. Detector: Petterson D980. Recording method: Resting. Sex: unstated. Call type: FMu/CF/FMd. Values are a review extraction; this row is not independent corroboration of the cited study."
lopezbosch2021-s1-410,1004759,Rhinolophus yunanensis,exact,lopez-bosch-2021-china,"Table S1, spreadsheet row 410, duration column",lopez-bosch-2021-china-compiled,unspecified,,,,unspecified,,China,Macao,,,,duration,mean,41.08,,,ms,sd,5.87,41.08 ±5.87,definition_unstated,"China review Table S1 cites Chen 2003 (Master thesis, NE Normal University; Chinese with English abstract). Name in the cited study: Rhinolophus yunanensis. Detector: Petterson D980. Recording method: Resting. Sex: unstated. Call type: FMu/CF/FMd. Values are a review extraction; this row is not independent corroboration of the cited study."
lopezbosch2021-s1-410,1004759,Rhinolophus yunanensis,exact,lopez-bosch-2021-china,"Table S1, spreadsheet row 410, FmaxE column",lopez-bosch-2021-china-compiled,unspecified,,,,unspecified,,China,Macao,,,,peak_frequency,species_summary,57,,,kHz,,,57,definition_unstated,"China review Table S1 cites Chen 2003 (Master thesis, NE Normal University; Chinese with English abstract). Name in the cited study: Rhinolophus yunanensis. Detector: Petterson D980. Recording method: Resting. Sex: unstated. Call type: FMu/CF/FMd. Values are a review extraction; this row is not independent corroboration of the cited study."
lopezbosch2021-s1-411,1005264,Tadarida insignis,exact,lopez-bosch-2021-china,"Table S1, spreadsheet row 411, duration column",lopez-bosch-2021-china-compiled,unspecified,,,,unspecified,,China,"Yunnan, Guangdong, Hubei",,,,duration,mean,6.7,,,ms,sd,0.7,6.7  ±0.7,definition_unstated,China review Table S1 cites Zhao et al 2015 (Sichuan Journal of Zoology; Chinese with English abstract). Name in the cited study: Tadarida insignis. Detector: Avisoft UltraSoundGate 116 Hnb. Recording method: Hand-held. Sex: unstated. Call type: Narrowband QCF. Values are a review extraction; this row is not independent corroboration of the cited study.
lopezbosch2021-s1-411,1005264,Tadarida insignis,exact,lopez-bosch-2021-china,"Table S1, spreadsheet row 411, end frequency column",lopez-bosch-2021-china-compiled,unspecified,,,,unspecified,,China,"Yunnan, Guangdong, Hubei",,,,end_frequency,mean,9.4,,,kHz,sd,0.9,9.4 ±0.9,definition_unstated,China review Table S1 cites Zhao et al 2015 (Sichuan Journal of Zoology; Chinese with English abstract). Name in the cited study: Tadarida insignis. Detector: Avisoft UltraSoundGate 116 Hnb. Recording method: Hand-held. Sex: unstated. Call type: Narrowband QCF. Values are a review extraction; this row is not independent corroboration of the cited study.
lopezbosch2021-s1-411,1005264,Tadarida insignis,exact,lopez-bosch-2021-china,"Table S1, spreadsheet row 411, FmaxE column",lopez-bosch-2021-china-compiled,unspecified,,,,unspecified,,China,"Yunnan, Guangdong, Hubei",,,,peak_frequency,mean,13.8,,,kHz,sd,0.6,13.8 ±0.6,definition_unstated,China review Table S1 cites Zhao et al 2015 (Sichuan Journal of Zoology; Chinese with English abstract). Name in the cited study: Tadarida insignis. Detector: Avisoft UltraSoundGate 116 Hnb. Recording method: Hand-held. Sex: unstated. Call type: Narrowband QCF. Values are a review extraction; this row is not independent corroboration of the cited study.
lopezbosch2021-s1-411,1005264,Tadarida insignis,exact,lopez-bosch-2021-china,"Table S1, spreadsheet row 411, start frequency column",lopez-bosch-2021-china-compiled,unspecified,,,,unspecified,,China,"Yunnan, Guangdong, Hubei",,,,start_frequency,mean,17.3,,,kHz,sd,1.4,17.3 ±1.4,definition_unstated,China review Table S1 cites Zhao et al 2015 (Sichuan Journal of Zoology; Chinese with English abstract). Name in the cited study: Tadarida insignis. Detector: Avisoft UltraSoundGate 116 Hnb. Recording method: Hand-held. Sex: unstated. Call type: Narrowband QCF. Values are a review extraction; this row is not independent corroboration of the cited study.
lopezbosch2021-s1-412,1005265,Tadarida latouchei,exact,lopez-bosch-2021-china,"Table S1, spreadsheet row 412, bandwidth column",lopez-bosch-2021-china-compiled,unspecified,,,,unspecified,,China,"Yunnan, Guangdong, Hubei",,,,bandwidth,mean,12.13,,,kHz,sd,0.26,12.13 ±0.26,definition_unstated,China review Table S1 cites You et al 2009 (Chinese Journal of Zoology; Chinese with English abstract). Name in the cited study: Tadarida teniotis. Detector: Avisoft UltraSoundGate 116 Hnb. Recording method: Flying (enclosure). Sex: unstated. Call type: Narrowband QCF. Values are a review extraction; this row is not independent corroboration of the cited study.
lopezbosch2021-s1-412,1005265,Tadarida latouchei,exact,lopez-bosch-2021-china,"Table S1, spreadsheet row 412, duration column",lopez-bosch-2021-china-compiled,unspecified,,,,unspecified,,China,"Yunnan, Guangdong, Hubei",,,,duration,mean,5.85,,,ms,sd,2.18,5.85 ±2.18,definition_unstated,China review Table S1 cites You et al 2009 (Chinese Journal of Zoology; Chinese with English abstract). Name in the cited study: Tadarida teniotis. Detector: Avisoft UltraSoundGate 116 Hnb. Recording method: Flying (enclosure). Sex: unstated. Call type: Narrowband QCF. Values are a review extraction; this row is not independent corroboration of the cited study.
lopezbosch2021-s1-412,1005265,Tadarida latouchei,exact,lopez-bosch-2021-china,"Table S1, spreadsheet row 412, end frequency column",lopez-bosch-2021-china-compiled,unspecified,,,,unspecified,,China,"Yunnan, Guangdong, Hubei",,,,end_frequency,mean,9.05,,,kHz,sd,0.85,9.05 ±0.85,definition_unstated,China review Table S1 cites You et al 2009 (Chinese Journal of Zoology; Chinese with English abstract). Name in the cited study: Tadarida teniotis. Detector: Avisoft UltraSoundGate 116 Hnb. Recording method: Flying (enclosure). Sex: unstated. Call type: Narrowband QCF. Values are a review extraction; this row is not independent corroboration of the cited study.
lopezbosch2021-s1-412,1005265,Tadarida latouchei,exact,lopez-bosch-2021-china,"Table S1, spreadsheet row 412, FmaxE column",lopez-bosch-2021-china-compiled,unspecified,,,,unspecified,,China,"Yunnan, Guangdong, Hubei",,,,peak_frequency,mean,15.43,,,kHz,sd,1.4,15.43 ±1.4,definition_unstated,China review Table S1 cites You et al 2009 (Chinese Journal of Zoology; Chinese with English abstract). Name in the cited study: Tadarida teniotis. Detector: Avisoft UltraSoundGate 116 Hnb. Recording method: Flying (enclosure). Sex: unstated. Call type: Narrowband QCF. Values are a review extraction; this row is not independent corroboration of the cited study.
lopezbosch2021-s1-412,1005265,Tadarida latouchei,exact,lopez-bosch-2021-china,"Table S1, spreadsheet row 412, start frequency column",lopez-bosch-2021-china-compiled,unspecified,,,,unspecified,,China,"Yunnan, Guangdong, Hubei",,,,start_frequency,mean,21.19,,,kHz,sd,2.07,21.19 ±2.07,definition_unstated,China review Table S1 cites You et al 2009 (Chinese Journal of Zoology; Chinese with English abstract). Name in the cited study: Tadarida teniotis. Detector: Avisoft UltraSoundGate 116 Hnb. Recording method: Flying (enclosure). Sex: unstated. Call type: Narrowband QCF. Values are a review extraction; this row is not independent corroboration of the cited study.
lopezbosch2021-s1-413,1005111,Miniopterus fuliginosus,exact,lopez-bosch-2021-china,"Table S1, spreadsheet row 413, duration column",lopez-bosch-2021-china-compiled,unspecified,,,,unspecified,,China,"Yunnan, Guangdong, Hubei",,,,duration,mean,3.43,2.37,5.76,ms,sd,0.76,3.43 ±0.76 (2.37 - 5.76),definition_unstated,China review Table S1 cites Wu et al 2020 (Mammalia; English). Name in the cited study: Miniopterus fuliginosus. Detector: Avisoft UltraSoundGate 116. Recording method: Flying (enclosure). Sex: unstated. Call type: FM-QCF. Values are a review extraction; this row is not independent corroboration of the cited study.
lopezbosch2021-s1-413,1005111,Miniopterus fuliginosus,exact,lopez-bosch-2021-china,"Table S1, spreadsheet row 413, end frequency column",lopez-bosch-2021-china-compiled,unspecified,,,,unspecified,,China,"Yunnan, Guangdong, Hubei",,,,end_frequency,mean,46.14,42.50,49.00,kHz,sd,1.60,46.14 ±1.60 (42.50 - 49.00),definition_unstated,China review Table S1 cites Wu et al 2020 (Mammalia; English). Name in the cited study: Miniopterus fuliginosus. Detector: Avisoft UltraSoundGate 116. Recording method: Flying (enclosure). Sex: unstated. Call type: FM-QCF. Values are a review extraction; this row is not independent corroboration of the cited study.
lopezbosch2021-s1-413,1005111,Miniopterus fuliginosus,exact,lopez-bosch-2021-china,"Table S1, spreadsheet row 413, FmaxE column",lopez-bosch-2021-china-compiled,unspecified,,,,unspecified,,China,"Yunnan, Guangdong, Hubei",,,,peak_frequency,mean,54.73,52.72,57.68,kHz,sd,1.38,54.73 ±1.38 (52.72 - 57.68),definition_unstated,China review Table S1 cites Wu et al 2020 (Mammalia; English). Name in the cited study: Miniopterus fuliginosus. Detector: Avisoft UltraSoundGate 116. Recording method: Flying (enclosure). Sex: unstated. Call type: FM-QCF. Values are a review extraction; this row is not independent corroboration of the cited study.
lopezbosch2021-s1-413,1005111,Miniopterus fuliginosus,exact,lopez-bosch-2021-china,"Table S1, spreadsheet row 413, start frequency column",lopez-bosch-2021-china-compiled,unspecified,,,,unspecified,,China,"Yunnan, Guangdong, Hubei",,,,start_frequency,mean,82.29,73.19,93.31,kHz,sd,4.48,82.29 ±4.48 (73.19 - 93.31),definition_unstated,China review Table S1 cites Wu et al 2020 (Mammalia; English). Name in the cited study: Miniopterus fuliginosus. Detector: Avisoft UltraSoundGate 116. Recording method: Flying (enclosure). Sex: unstated. Call type: FM-QCF. Values are a review extraction; this row is not independent corroboration of the cited study.
lopezbosch2021-s1-414,1005111,Miniopterus fuliginosus,exact,lopez-bosch-2021-china,"Table S1, spreadsheet row 414, duration column",lopez-bosch-2021-china-compiled,unspecified,,,,unspecified,,China,Guangxi,,,,duration,mean,3.46,,,ms,sd,1.63,3.46 ±1.63,definition_unstated,China review Table S1 cites Ying et al 2004 (Acta Theoriologica Sinica; Chinese with English abstract). Name in the cited study: Miniopterus schreibersii parvipes. Detector: Petterson D980. Recording method: Various. Sex: unstated. Call type: FM-QCF. Values are a review extraction; this row is not independent corroboration of the cited study.
lopezbosch2021-s1-414,1005111,Miniopterus fuliginosus,exact,lopez-bosch-2021-china,"Table S1, spreadsheet row 414, max frequency column",lopez-bosch-2021-china-compiled,unspecified,,,,unspecified,,China,Guangxi,,,,max_frequency,mean,53.71,,,kHz,sd,4.96,53.71±4.96,definition_unstated,China review Table S1 cites Ying et al 2004 (Acta Theoriologica Sinica; Chinese with English abstract). Name in the cited study: Miniopterus schreibersii parvipes. Detector: Petterson D980. Recording method: Various. Sex: unstated. Call type: FM-QCF. Values are a review extraction; this row is not independent corroboration of the cited study.
lopezbosch2021-s1-414,1005111,Miniopterus fuliginosus,exact,lopez-bosch-2021-china,"Table S1, spreadsheet row 414, min frequency column",lopez-bosch-2021-china-compiled,unspecified,,,,unspecified,,China,Guangxi,,,,min_frequency,mean,42.33,,,kHz,sd,1.97,42.33±1.97,definition_unstated,China review Table S1 cites Ying et al 2004 (Acta Theoriologica Sinica; Chinese with English abstract). Name in the cited study: Miniopterus schreibersii parvipes. Detector: Petterson D980. Recording method: Various. Sex: unstated. Call type: FM-QCF. Values are a review extraction; this row is not independent corroboration of the cited study.
lopezbosch2021-s1-414,1005111,Miniopterus fuliginosus,exact,lopez-bosch-2021-china,"Table S1, spreadsheet row 414, FmaxE column",lopez-bosch-2021-china-compiled,unspecified,,,,unspecified,,China,Guangxi,,,,peak_frequency,mean,49.35,,,kHz,sd,4.24,49.35 ±4.24,definition_unstated,China review Table S1 cites Ying et al 2004 (Acta Theoriologica Sinica; Chinese with English abstract). Name in the cited study: Miniopterus schreibersii parvipes. Detector: Petterson D980. Recording method: Various. Sex: unstated. Call type: FM-QCF. Values are a review extraction; this row is not independent corroboration of the cited study.
lopezbosch2021-s1-415,1005111,Miniopterus fuliginosus,exact,lopez-bosch-2021-china,"Table S1, spreadsheet row 415, FmaxE column",lopez-bosch-2021-china-compiled,unspecified,,,,hand_release,,China,"Beijing, Fujian, Guangdong, Guangxi, Guizhou, Hubei, Jiangxi, Shandong, Sichuan, Yunnan",,,,peak_frequency,mean,54.7,,,kHz,sd,1.38,54.7 ±1.38,definition_unstated,China review Table S1 cites Zhang et al 2018a (Zoology; English). Name in the cited study: Miniopterus fuliginosus. Detector: UltraSoundGate 116. Recording method: Hand-released. Sex: unstated. Call type: FM-QCF. Values are a review extraction; this row is not independent corroboration of the cited study.
lopezbosch2021-s1-416,1005111,Miniopterus fuliginosus,exact,lopez-bosch-2021-china,"Table S1, spreadsheet row 416, FmaxE column",lopez-bosch-2021-china-compiled,unspecified,,,,hand_release,,China,Guizhou,,,,peak_frequency,mean,53.49,,,kHz,sd,2.23,53.49 ±2.23,definition_unstated,China review Table S1 cites Zhang et al 2018a (Zoology; English). Name in the cited study: Miniopterus fuliginosus. Detector: UltraSoundGate 116. Recording method: Hand-released. Sex: unstated. Call type: FM-QCF. Values are a review extraction; this row is not independent corroboration of the cited study.
lopezbosch2021-s1-417,1005111,Miniopterus fuliginosus,exact,lopez-bosch-2021-china,"Table S1, spreadsheet row 417, FmaxE column",lopez-bosch-2021-china-compiled,unspecified,,,,hand_release,,China,Yunnan,,,,peak_frequency,mean,54.63,,,kHz,sd,1.58,54.63 ±1.58,definition_unstated,China review Table S1 cites Zhang et al 2018a (Zoology; English). Name in the cited study: Miniopterus fuliginosus. Detector: UltraSoundGate 116. Recording method: Hand-released. Sex: unstated. Call type: FM QCF tail. Values are a review extraction; this row is not independent corroboration of the cited study.
lopezbosch2021-s1-418,1005111,Miniopterus fuliginosus,exact,lopez-bosch-2021-china,"Table S1, spreadsheet row 418, FmaxE column",lopez-bosch-2021-china-compiled,unspecified,,,,hand_release,,China,Guizhou,,,,peak_frequency,mean,55.0,,,kHz,sd,2.47,55.0 ±2.47,definition_unstated,China review Table S1 cites Zhang et al 2018a (Zoology; English). Name in the cited study: Miniopterus fuliginosus. Detector: UltraSoundGate 116. Recording method: Hand-released. Sex: unstated. Call type: FM QCF tail. Values are a review extraction; this row is not independent corroboration of the cited study.
lopezbosch2021-s1-419,1005111,Miniopterus fuliginosus,exact,lopez-bosch-2021-china,"Table S1, spreadsheet row 419, FmaxE column",lopez-bosch-2021-china-compiled,unspecified,,,,hand_release,,China,Guizhou,,,,peak_frequency,mean,53.58,,,kHz,sd,2.0,53.58 ±2.0,definition_unstated,China review Table S1 cites Zhang et al 2018a (Zoology; English). Name in the cited study: Miniopterus fuliginosus. Detector: UltraSoundGate 116. Recording method: Hand-released. Sex: unstated. Call type: FM QCF tail. Values are a review extraction; this row is not independent corroboration of the cited study.
lopezbosch2021-s1-42,1005410,Myotis frater,exact,lopez-bosch-2021-china,"Table S1, spreadsheet row 42, duration column",lopez-bosch-2021-china-compiled,unspecified,,,,unspecified,,China,Unknown,,,,duration,mean,3.5,,,ms,sd,0.4,3.5 ±0.4,definition_unstated,China review Table S1 cites Zhang et al 2000a (Chinese Science Bulletin; English). Name in the cited study: Myotis frater. Detector: Ultra Sound Advice U30. Recording method: Flying (enclosure). Sex: unstated. Call type: FM Broadband. Values are a review extraction; this row is not independent corroboration of the cited study.
lopezbosch2021-s1-42,1005410,Myotis frater,exact,lopez-bosch-2021-china,"Table S1, spreadsheet row 42, end frequency column",lopez-bosch-2021-china-compiled,unspecified,,,,unspecified,,China,Unknown,,,,end_frequency,mean,50.2,,,kHz,sd,1.2,50.2 ±1.2,definition_unstated,China review Table S1 cites Zhang et al 2000a (Chinese Science Bulletin; English). Name in the cited study: Myotis frater. Detector: Ultra Sound Advice U30. Recording method: Flying (enclosure). Sex: unstated. Call type: FM Broadband. Values are a review extraction; this row is not independent corroboration of the cited study.
lopezbosch2021-s1-42,1005410,Myotis frater,exact,lopez-bosch-2021-china,"Table S1, spreadsheet row 42, FmaxE column",lopez-bosch-2021-china-compiled,unspecified,,,,unspecified,,China,Unknown,,,,peak_frequency,mean,60.0,,,kHz,sd,2.6,60.0 ±2.6,definition_unstated,China review Table S1 cites Zhang et al 2000a (Chinese Science Bulletin; English). Name in the cited study: Myotis frater. Detector: Ultra Sound Advice U30. Recording method: Flying (enclosure). Sex: unstated. Call type: FM Broadband. Values are a review extraction; this row is not independent corroboration of the cited study.
lopezbosch2021-s1-42,1005410,Myotis frater,exact,lopez-bosch-2021-china,"Table S1, spreadsheet row 42, start frequency column",lopez-bosch-2021-china-compiled,unspecified,,,,unspecified,,China,Unknown,,,,start_frequency,mean,110.8,,,kHz,sd,8.6,110.8 ±8.6,definition_unstated,China review Table S1 cites Zhang et al 2000a (Chinese Science Bulletin; English). Name in the cited study: Myotis frater. Detector: Ultra Sound Advice U30. Recording method: Flying (enclosure). Sex: unstated. Call type: FM Broadband. Values are a review extraction; this row is not independent corroboration of the cited study.
lopezbosch2021-s1-420,1005111,Miniopterus fuliginosus,exact,lopez-bosch-2021-china,"Table S1, spreadsheet row 420, FmaxE column",lopez-bosch-2021-china-compiled,unspecified,,,,hand_release,,China,Unknown,,,,peak_frequency,mean,57.5,,,kHz,sd,2.68,57.5 ±2.68,definition_unstated,China review Table S1 cites Zhang et al 2018a (Zoology; English). Name in the cited study: Miniopterus fuliginosus. Detector: UltraSoundGate 116. Recording method: Hand-released. Sex: unstated. Call type: FM QCF tail. Values are a review extraction; this row is not independent corroboration of the cited study.
lopezbosch2021-s1-421,1005111,Miniopterus fuliginosus,exact,lopez-bosch-2021-china,"Table S1, spreadsheet row 421, FmaxE column",lopez-bosch-2021-china-compiled,unspecified,,,,hand_release,,China,Shandong,,,,peak_frequency,mean,56.27,,,kHz,sd,2.54,56.27 ±2.54,definition_unstated,China review Table S1 cites Zhang et al 2018a (Zoology; English). Name in the cited study: Miniopterus fuliginosus. Detector: UltraSoundGate 116. Recording method: Hand-released. Sex: unstated. Call type: FM QCF tail. Values are a review extraction; this row is not independent corroboration of the cited study.
lopezbosch2021-s1-422,1005111,Miniopterus fuliginosus,exact,lopez-bosch-2021-china,"Table S1, spreadsheet row 422, FmaxE column",lopez-bosch-2021-china-compiled,unspecified,,,,unspecified,,China,Unknown,,,,peak_frequency,range,,40.6,46.3,kHz,,,(40.6 - 46.3),definition_unstated,China review Table S1 cites Wong et al 2013 (Acta Theoriologica Sinica; Chinese with English abstract). Name in the cited study: Miniopterus schreibersii. Detector: Unknown. Recording method: Unknown. Sex: unstated. Call type: FM-QCF. Values are a review extraction; this row is not independent corroboration of the cited study.
lopezbosch2021-s1-423,1005111,Miniopterus fuliginosus,exact,lopez-bosch-2021-china,"Table S1, spreadsheet row 423, FmaxE column",lopez-bosch-2021-china-compiled,unspecified,,,,hand_release,,China,Guizhou,,,,peak_frequency,mean,53.91,,,kHz,sd,1.39,53.91 ±1.39,definition_unstated,China review Table S1 cites Zhang et al 2018a (Zoology; English). Name in the cited study: Miniopterus fuliginosus. Detector: UltraSoundGate 116. Recording method: Hand-released. Sex: unstated. Call type: FM QCF tail. Values are a review extraction; this row is not independent corroboration of the cited study.
lopezbosch2021-s1-424,1005133,Miniopterus pusillus,exact,lopez-bosch-2021-china,"Table S1, spreadsheet row 424, FmaxE column",lopez-bosch-2021-china-compiled,unspecified,,,,unspecified,,China,Anhui,,,,peak_frequency,species_summary,57.8,,,kHz,,,57.8,definition_unstated,China review Table S1 cites Wong et al 2013 (Acta Theoriologica Sinica; Chinese with English abstract). Name in the cited study: Miniopterus pusillus. Detector: Unknown. Recording method: Unknown. Sex: unstated. Call type: FM-QCF. Values are a review extraction; this row is not independent corroboration of the cited study.
lopezbosch2021-s1-425,1004561,Aselliscus stoliczkanus,exact,lopez-bosch-2021-china,"Table S1, spreadsheet row 425, FmaxE column",lopez-bosch-2021-china-compiled,unspecified,,,,unspecified,,China,Anhui,,,,peak_frequency,mean,125.9,,,kHz,sd,3.03,125.9 ± 3.03,definition_unstated,China review Table S1 cites Li et al 2014a (Behavioral Ecology and Sociobiology; English). Name in the cited study: Aselliscus stoliczkanus. Detector: Avisoft UltraSoundGate CM16/CMPA. Recording method: Resting. Sex: unstated. Call type: CF/FMd. Values are a review extraction; this row is not independent corroboration of the cited study.
lopezbosch2021-s1-426,1004561,Aselliscus stoliczkanus,exact,lopez-bosch-2021-china,"Table S1, spreadsheet row 426, FmaxE column",lopez-bosch-2021-china-compiled,unspecified,,,,free_flying_wild,,China,Guizhou,,,,peak_frequency,species_summary,117.87,,,kHz,,,117.87,definition_unstated,China review Table S1 cites Wang et al 2018 (Scientific Reports; English). Name in the cited study: Aselliscus wheeleri. Detector: Avisoft UltraSoundGate 116. Recording method: Free-flying. Sex: unstated. Call type: CF/FMd. Values are a review extraction; this row is not independent corroboration of the cited study.
lopezbosch2021-s1-427,1004561,Aselliscus stoliczkanus,exact,lopez-bosch-2021-china,"Table S1, spreadsheet row 427, FmaxE column",lopez-bosch-2021-china-compiled,unspecified,,,,unspecified,,China,"Chongqing, Guangxi, Guizhou, Hunan, Yunnan",,,,peak_frequency,mean,127.0,,,kHz,sd,2.18,127.0 ±2.18,definition_unstated,China review Table S1 cites Zhao et al 2003 (Journal of Zoology (Zoological Society of London); English). Name in the cited study: Aselliscus stoliczkanus. Detector: Ultra Sound Advice U30. Recording method: Resting. Sex: unstated. Call type: CF/FMd. Values are a review extraction; this row is not independent corroboration of the cited study.
lopezbosch2021-s1-428,1004561,Aselliscus stoliczkanus,exact,lopez-bosch-2021-china,"Table S1, spreadsheet row 428, duration column",lopez-bosch-2021-china-compiled,unspecified,,,,unspecified,,China,"Guangxi, Guizhou, Yunnan",,,,duration,mean,5.4,,,ms,sd,0.3,5.4 ±0.3,definition_unstated,China review Table S1 cites Li et al 2007 (Journal of Mammalogy; English). Name in the cited study: Aselliscus stoliczkanus. Detector: Petterson D980. Recording method: Hand-held. Sex: unstated. Call type: CF/FMd. Values are a review extraction; this row is not independent corroboration of the cited study.
lopezbosch2021-s1-428,1004561,Aselliscus stoliczkanus,exact,lopez-bosch-2021-china,"Table S1, spreadsheet row 428, end frequency column",lopez-bosch-2021-china-compiled,unspecified,,,,unspecified,,China,"Guangxi, Guizhou, Yunnan",,,,end_frequency,mean,104.5,,,kHz,sd,2.1,104.5 ±2.1,definition_unstated,China review Table S1 cites Li et al 2007 (Journal of Mammalogy; English). Name in the cited study: Aselliscus stoliczkanus. Detector: Petterson D980. Recording method: Hand-held. Sex: unstated. Call type: CF/FMd. Values are a review extraction; this row is not independent corroboration of the cited study.
lopezbosch2021-s1-428,1004561,Aselliscus stoliczkanus,exact,lopez-bosch-2021-china,"Table S1, spreadsheet row 428, FmaxE column",lopez-bosch-2021-china-compiled,unspecified,,,,unspecified,,China,"Guangxi, Guizhou, Yunnan",,,,peak_frequency,mean,120.3,,,kHz,sd,0.3,120.3 ±0.3,definition_unstated,China review Table S1 cites Li et al 2007 (Journal of Mammalogy; English). Name in the cited study: Aselliscus stoliczkanus. Detector: Petterson D980. Recording method: Hand-held. Sex: unstated. Call type: CF/FMd. Values are a review extraction; this row is not independent corroboration of the cited study.
lopezbosch2021-s1-429,1004561,Aselliscus stoliczkanus,exact,lopez-bosch-2021-china,"Table S1, spreadsheet row 429, FmaxE column",lopez-bosch-2021-china-compiled,unspecified,,,,unspecified,,China,Guizhou,,,,peak_frequency,range,,118.4,119.3,kHz,,,(118.4 - 119.3),definition_unstated,China review Table S1 cites Li et al 2007 (Journal of Mammalogy; English). Name in the cited study: Aselliscus stoliczkanus. Detector: Petterson D980. Recording method: Hand-held. Sex: unstated. Call type: CF/FMd. Values are a review extraction; this row is not independent corroboration of the cited study.
lopezbosch2021-s1-43,1005410,Myotis frater,exact,lopez-bosch-2021-china,"Table S1, spreadsheet row 43, FmaxE column",lopez-bosch-2021-china-compiled,unspecified,,,,unspecified,,China,Macao,,,,peak_frequency,mean,60,,,kHz,sd,2.6,60 ±2.6,definition_unstated,China review Table S1 cites Chen et al 2002 (Journal of Northeast Normal University (Natural Science Edition); Chinese). Name in the cited study: Myotis frater. Detector: Ultra Sound Advice U30. Recording method: Flying (enclosure). Sex: unstated. Call type: FM-QCF. Values are a review extraction; this row is not independent corroboration of the cited study.
lopezbosch2021-s1-430,1004561,Aselliscus stoliczkanus,exact,lopez-bosch-2021-china,"Table S1, spreadsheet row 430, FmaxE column",lopez-bosch-2021-china-compiled,unspecified,,,,unspecified,,China,Yunnan,,,,peak_frequency,range,,118.4,130,kHz,,,(118.4 - 130),definition_unstated,China review Table S1 cites Zhang et al 2009 (Acta Chiropterologica; English). Name in the cited study: Aselliscus stoliczkanus. Detector: Petterson D980. Recording method: Hand-held. Sex: unstated. Call type: CF/FMd. Values are a review extraction; this row is not independent corroboration of the cited study.
lopezbosch2021-s1-431,1004561,Aselliscus stoliczkanus,exact,lopez-bosch-2021-china,"Table S1, spreadsheet row 431, duration column",lopez-bosch-2021-china-compiled,unspecified,,,,unspecified,,China,Guizhou,,,,duration,mean,6.52,,,ms,sd,1.09,6.52 ±1.09,definition_unstated,China review Table S1 cites Jiang et al 2003b (Acta Zoologica Sinica; Chinese with English abstract). Name in the cited study: Aselliscus wheeleri. Detector: Petterson D980. Recording method: Flying (enclosure). Sex: Female. Call type: CF/FMd. Values are a review extraction; this row is not independent corroboration of the cited study.
lopezbosch2021-s1-431,1004561,Aselliscus stoliczkanus,exact,lopez-bosch-2021-china,"Table S1, spreadsheet row 431, FmaxE column",lopez-bosch-2021-china-compiled,unspecified,,,,unspecified,,China,Guizhou,,,,peak_frequency,mean,123.33,,,kHz,sd,1.59,123.33 ±1.59,definition_unstated,China review Table S1 cites Jiang et al 2003b (Acta Zoologica Sinica; Chinese with English abstract). Name in the cited study: Aselliscus wheeleri. Detector: Petterson D980. Recording method: Flying (enclosure). Sex: Female. Call type: CF/FMd. Values are a review extraction; this row is not independent corroboration of the cited study.
lopezbosch2021-s1-432,1004561,Aselliscus stoliczkanus,exact,lopez-bosch-2021-china,"Table S1, spreadsheet row 432, duration column",lopez-bosch-2021-china-compiled,unspecified,,,,unspecified,,China,Unknown,,,,duration,mean,5.31,,,ms,sd,0.40,5.31 ±0.40,definition_unstated,China review Table S1 cites Jiang et al 2003b (Acta Zoologica Sinica; Chinese with English abstract). Name in the cited study: Aselliscus wheeleri. Detector: Petterson D980. Recording method: Flying (enclosure). Sex: Male. Call type: CF/FMd. Values are a review extraction; this row is not independent corroboration of the cited study.
lopezbosch2021-s1-432,1004561,Aselliscus stoliczkanus,exact,lopez-bosch-2021-china,"Table S1, spreadsheet row 432, FmaxE column",lopez-bosch-2021-china-compiled,unspecified,,,,unspecified,,China,Unknown,,,,peak_frequency,mean,125.53,,,kHz,sd,0.22,125.53 ±0.22,definition_unstated,China review Table S1 cites Jiang et al 2003b (Acta Zoologica Sinica; Chinese with English abstract). Name in the cited study: Aselliscus wheeleri. Detector: Petterson D980. Recording method: Flying (enclosure). Sex: Male. Call type: CF/FMd. Values are a review extraction; this row is not independent corroboration of the cited study.
lopezbosch2021-s1-433,1004561,Aselliscus stoliczkanus,exact,lopez-bosch-2021-china,"Table S1, spreadsheet row 433, duration column",lopez-bosch-2021-china-compiled,unspecified,,,,unspecified,,China,Unknown,,,,duration,mean,7.8,,,ms,sd,6.6,7.8 ±6.6,definition_unstated,China review Table S1 cites Jiang et al 2002a (Acta Ecologica Sinica; Chinese with English abstract). Name in the cited study: Aselliscus wheeleri. Detector: Ultra Sound Advice U30. Recording method: Various. Sex: unstated. Call type: CF/FMd. Values are a review extraction; this row is not independent corroboration of the cited study.
lopezbosch2021-s1-433,1004561,Aselliscus stoliczkanus,exact,lopez-bosch-2021-china,"Table S1, spreadsheet row 433, FmaxE column",lopez-bosch-2021-china-compiled,unspecified,,,,unspecified,,China,Unknown,,,,peak_frequency,mean,132.4,,,kHz,sd,8.7,132.4 ±8.7,definition_unstated,China review Table S1 cites Jiang et al 2002a (Acta Ecologica Sinica; Chinese with English abstract). Name in the cited study: Aselliscus wheeleri. Detector: Ultra Sound Advice U30. Recording method: Various. Sex: unstated. Call type: CF/FMd. Values are a review extraction; this row is not independent corroboration of the cited study.
lopezbosch2021-s1-434,1004561,Aselliscus wheeleri,manual,lopez-bosch-2021-china,"Table S1, spreadsheet row 434, duration column",lopez-bosch-2021-china-compiled,unspecified,,,,free_flying_wild,,China,Unknown,,,,duration,mean,6.52,,,ms,sd,1.09,6.52 ±1.09,definition_unstated,"China review Table S1 cites Chen 2003 (Master thesis, NE Normal University; Chinese with English abstract). Name in the cited study: Aselliscus wheeleri. Detector: Petterson D980. Recording method: Free-flying. Sex: Female. Call type: CF/FMd. Values are a review extraction; this row is not independent corroboration of the cited study."
lopezbosch2021-s1-434,1004561,Aselliscus wheeleri,manual,lopez-bosch-2021-china,"Table S1, spreadsheet row 434, FmaxE column",lopez-bosch-2021-china-compiled,unspecified,,,,free_flying_wild,,China,Unknown,,,,peak_frequency,mean,123.33,,,kHz,sd,1.59,123.33 ±1.59,definition_unstated,"China review Table S1 cites Chen 2003 (Master thesis, NE Normal University; Chinese with English abstract). Name in the cited study: Aselliscus wheeleri. Detector: Petterson D980. Recording method: Free-flying. Sex: Female. Call type: CF/FMd. Values are a review extraction; this row is not independent corroboration of the cited study."
lopezbosch2021-s1-435,1004561,Aselliscus wheeleri,manual,lopez-bosch-2021-china,"Table S1, spreadsheet row 435, duration column",lopez-bosch-2021-china-compiled,unspecified,,,,free_flying_wild,,China,Yunnan,,,,duration,mean,5.31,,,ms,sd,0.4,5.31 ±0.4,definition_unstated,"China review Table S1 cites Chen 2003 (Master thesis, NE Normal University; Chinese with English abstract). Name in the cited study: Aselliscus wheeleri. Detector: Petterson D980. Recording method: Free-flying. Sex: Male. Call type: CF/FMd. Values are a review extraction; this row is not independent corroboration of the cited study."
lopezbosch2021-s1-435,1004561,Aselliscus wheeleri,manual,lopez-bosch-2021-china,"Table S1, spreadsheet row 435, FmaxE column",lopez-bosch-2021-china-compiled,unspecified,,,,free_flying_wild,,China,Yunnan,,,,peak_frequency,mean,125.53,,,kHz,sd,0.22,125.53 ±0.22,definition_unstated,"China review Table S1 cites Chen 2003 (Master thesis, NE Normal University; Chinese with English abstract). Name in the cited study: Aselliscus wheeleri. Detector: Petterson D980. Recording method: Free-flying. Sex: Male. Call type: CF/FMd. Values are a review extraction; this row is not independent corroboration of the cited study."
lopezbosch2021-s1-436,1004563,Coelops frithii,exact,lopez-bosch-2021-china,"Table S1, spreadsheet row 436, bandwidth column",lopez-bosch-2021-china-compiled,unspecified,,,,free_flying_wild,,China,Yunnan,,,,bandwidth,mean,62.6,,,kHz,sd,9.2,62.6 ±9.2,definition_unstated,China review Table S1 cites Liu et al 2008 (Zoological Research; Chinese with English abstract). Name in the cited study: Coelops frithii. Detector: Ultra Sound Advice U30. Recording method: Free-flying. Sex: unstated. Call type: FM Broadband. Values are a review extraction; this row is not independent corroboration of the cited study.
lopezbosch2021-s1-436,1004563,Coelops frithii,exact,lopez-bosch-2021-china,"Table S1, spreadsheet row 436, duration column",lopez-bosch-2021-china-compiled,unspecified,,,,free_flying_wild,,China,Yunnan,,,,duration,mean,1.67,,,ms,sd,0.4,1.67 ±0.4,definition_unstated,China review Table S1 cites Liu et al 2008 (Zoological Research; Chinese with English abstract). Name in the cited study: Coelops frithii. Detector: Ultra Sound Advice U30. Recording method: Free-flying. Sex: unstated. Call type: FM Broadband. Values are a review extraction; this row is not independent corroboration of the cited study.
lopezbosch2021-s1-436,1004563,Coelops frithii,exact,lopez-bosch-2021-china,"Table S1, spreadsheet row 436, end frequency column",lopez-bosch-2021-china-compiled,unspecified,,,,free_flying_wild,,China,Yunnan,,,,end_frequency,mean,117.2,,,kHz,sd,5.9,117.2 ±5.9,definition_unstated,China review Table S1 cites Liu et al 2008 (Zoological Research; Chinese with English abstract). Name in the cited study: Coelops frithii. Detector: Ultra Sound Advice U30. Recording method: Free-flying. Sex: unstated. Call type: FM Broadband. Values are a review extraction; this row is not independent corroboration of the cited study.
lopezbosch2021-s1-436,1004563,Coelops frithii,exact,lopez-bosch-2021-china,"Table S1, spreadsheet row 436, FmaxE column",lopez-bosch-2021-china-compiled,unspecified,,,,free_flying_wild,,China,Yunnan,,,,peak_frequency,mean,145.4,,,kHz,sd,10.9,145.4 ±10.9,definition_unstated,China review Table S1 cites Liu et al 2008 (Zoological Research; Chinese with English abstract). Name in the cited study: Coelops frithii. Detector: Ultra Sound Advice U30. Recording method: Free-flying. Sex: unstated. Call type: FM Broadband. Values are a review extraction; this row is not independent corroboration of the cited study.
lopezbosch2021-s1-436,1004563,Coelops frithii,exact,lopez-bosch-2021-china,"Table S1, spreadsheet row 436, start frequency column",lopez-bosch-2021-china-compiled,unspecified,,,,free_flying_wild,,China,Yunnan,,,,start_frequency,mean,178.8,,,kHz,sd,7.2,178.8 ±7.2,definition_unstated,China review Table S1 cites Liu et al 2008 (Zoological Research; Chinese with English abstract). Name in the cited study: Coelops frithii. Detector: Ultra Sound Advice U30. Recording method: Free-flying. Sex: unstated. Call type: FM Broadband. Values are a review extraction; this row is not independent corroboration of the cited study.
lopezbosch2021-s1-437,1004563,Coelops frithii,exact,lopez-bosch-2021-china,"Table S1, spreadsheet row 437, FmaxE column",lopez-bosch-2021-china-compiled,unspecified,,,,unspecified,,China,Jiangxi,,,,peak_frequency,species_summary,141,,,kHz,,,141,definition_unstated,China review Table S1 cites Zhang et al 2009 (Acta Chiropterologica; English). Name in the cited study: Coelops frithii. Detector: Petterson D980. Recording method: Hand-held. Sex: unstated. Call type: FM Broadband. Values are a review extraction; this row is not independent corroboration of the cited study.
lopezbosch2021-s1-438,1004577,Hipposideros armiger,exact,lopez-bosch-2021-china,"Table S1, spreadsheet row 438, duration column",lopez-bosch-2021-china-compiled,unspecified,,,,unspecified,,China,Guangxi,,,,duration,mean,10.32,,,ms,sd,1.53,10.32 ±1.53,definition_unstated,China review Table S1 cites Guo et al 2010 (Journal of Jianxi Normal Univeristy (Nature Science); Chinese with English abstract). Name in the cited study: Hipposideros armiger. Detector: Unknown. Recording method: Flying (enclosure). Sex: unstated. Call type: CF/FMd. Values are a review extraction; this row is not independent corroboration of the cited study.
lopezbosch2021-s1-438,1004577,Hipposideros armiger,exact,lopez-bosch-2021-china,"Table S1, spreadsheet row 438, FmaxE column",lopez-bosch-2021-china-compiled,unspecified,,,,unspecified,,China,Guangxi,,,,peak_frequency,mean,69.23,,,kHz,sd,0.53,69.23 ±0.53,definition_unstated,China review Table S1 cites Guo et al 2010 (Journal of Jianxi Normal Univeristy (Nature Science); Chinese with English abstract). Name in the cited study: Hipposideros armiger. Detector: Unknown. Recording method: Flying (enclosure). Sex: unstated. Call type: CF/FMd. Values are a review extraction; this row is not independent corroboration of the cited study.
lopezbosch2021-s1-439,1004577,Hipposideros armiger,exact,lopez-bosch-2021-china,"Table S1, spreadsheet row 439, FmaxE column",lopez-bosch-2021-china-compiled,unspecified,,,,unspecified,,China,Guangdong,,,,peak_frequency,mean,69.54,,,kHz,sd,0.42,69.54 ±0.42,definition_unstated,China review Table S1 cites Wang et al 2010b (Zoological Research; Chinese with English abstract). Name in the cited study: Hipposideros armiger. Detector: Unknown. Recording method: Resting. Sex: unstated. Call type: CF/FMd. Values are a review extraction; this row is not independent corroboration of the cited study.
lopezbosch2021-s1-44,1005420,Myotis ikonnikovi,exact,lopez-bosch-2021-china,"Table S1, spreadsheet row 44, duration column",lopez-bosch-2021-china-compiled,unspecified,,,,unspecified,,China,Guangdong,,,,duration,mean,2,,,ms,sd,3,2 .3 ±0 .4,definition_unstated,China review Table S1 cites Sun et al 2003 (Journal of Northeast Normal University (Natural Science Edition); Chinese with English abstract). Name in the cited study: Myotis ikonnikovi. Detector: Unknown. Recording method: Flying (enclosure). Sex: unstated. Call type: FM Broadband. Values are a review extraction; this row is not independent corroboration of the cited study.
lopezbosch2021-s1-44,1005420,Myotis ikonnikovi,exact,lopez-bosch-2021-china,"Table S1, spreadsheet row 44, end frequency column",lopez-bosch-2021-china-compiled,unspecified,,,,unspecified,,China,Guangdong,,,,end_frequency,mean,38,,,kHz,sd,0,38 .0 ±2 .8,definition_unstated,China review Table S1 cites Sun et al 2003 (Journal of Northeast Normal University (Natural Science Edition); Chinese with English abstract). Name in the cited study: Myotis ikonnikovi. Detector: Unknown. Recording method: Flying (enclosure). Sex: unstated. Call type: FM Broadband. Values are a review extraction; this row is not independent corroboration of the cited study.
lopezbosch2021-s1-44,1005420,Myotis ikonnikovi,exact,lopez-bosch-2021-china,"Table S1, spreadsheet row 44, FmaxE column",lopez-bosch-2021-china-compiled,unspecified,,,,unspecified,,China,Guangdong,,,,peak_frequency,mean,45,,,kHz,sd,3,45 .3 ±3 .6,definition_unstated,China review Table S1 cites Sun et al 2003 (Journal of Northeast Normal University (Natural Science Edition); Chinese with English abstract). Name in the cited study: Myotis ikonnikovi. Detector: Unknown. Recording method: Flying (enclosure). Sex: unstated. Call type: FM Broadband. Values are a review extraction; this row is not independent corroboration of the cited study.
lopezbosch2021-s1-44,1005420,Myotis ikonnikovi,exact,lopez-bosch-2021-china,"Table S1, spreadsheet row 44, start frequency column",lopez-bosch-2021-china-compiled,unspecified,,,,unspecified,,China,Guangdong,,,,start_frequency,mean,79,,,kHz,sd,0,79 .0 ±13 .6,definition_unstated,China review Table S1 cites Sun et al 2003 (Journal of Northeast Normal University (Natural Science Edition); Chinese with English abstract). Name in the cited study: Myotis ikonnikovi. Detector: Unknown. Recording method: Flying (enclosure). Sex: unstated. Call type: FM Broadband. Values are a review extraction; this row is not independent corroboration of the cited study.
lopezbosch2021-s1-440,1004577,Hipposideros armiger,exact,lopez-bosch-2021-china,"Table S1, spreadsheet row 440, duration column",lopez-bosch-2021-china-compiled,unspecified,,,,unspecified,,China,Guangdong,,,,duration,mean,11.2,,,ms,sd,2.0,11.2 ±2.0,definition_unstated,China review Table S1 cites Wei et al 2011 (Acta Theoriologica Sinica; Chinese with English abstract). Name in the cited study: Hipposideros armiger. Detector: Unknown. Recording method: Unknown. Sex: unstated. Call type: CF/FMd. Values are a review extraction; this row is not independent corroboration of the cited study.
lopezbosch2021-s1-440,1004577,Hipposideros armiger,exact,lopez-bosch-2021-china,"Table S1, spreadsheet row 440, FmaxE column",lopez-bosch-2021-china-compiled,unspecified,,,,unspecified,,China,Guangdong,,,,peak_frequency,mean,68.6,,,kHz,sd,0.7,68.6 ±0.7,definition_unstated,China review Table S1 cites Wei et al 2011 (Acta Theoriologica Sinica; Chinese with English abstract). Name in the cited study: Hipposideros armiger. Detector: Unknown. Recording method: Unknown. Sex: unstated. Call type: CF/FMd. Values are a review extraction; this row is not independent corroboration of the cited study.
lopezbosch2021-s1-441,1004577,Hipposideros armiger,exact,lopez-bosch-2021-china,"Table S1, spreadsheet row 441, FmaxE column",lopez-bosch-2021-china-compiled,unspecified,,,,unspecified,,China,Guangxi,,,,peak_frequency,mean,71.2,,,kHz,sd,0.32,71.2 ±0.32,definition_unstated,China review Table S1 cites Zhao et al 2003 (Journal of Zoology (Zoological Society of London); English). Name in the cited study: Hipposideros armiger. Detector: Ultra Sound Advice U30. Recording method: Resting. Sex: unstated. Call type: CF/FMd. Values are a review extraction; this row is not independent corroboration of the cited study.
lopezbosch2021-s1-442,1004577,Hipposideros armiger,exact,lopez-bosch-2021-china,"Table S1, spreadsheet row 442, duration column",lopez-bosch-2021-china-compiled,unspecified,,,,unspecified,,China,Yunnan,,,,duration,mean,10,,,ms,sd,2.78,10 ±2.78,definition_unstated,"China review Table S1 cites Chen 2003 (Master thesis, NE Normal University; Chinese with English abstract). Name in the cited study: Hipposideros armiger. Detector: Petterson D980. Recording method: Unknown. Sex: Female. Call type: CF/FMd. Values are a review extraction; this row is not independent corroboration of the cited study."
lopezbosch2021-s1-442,1004577,Hipposideros armiger,exact,lopez-bosch-2021-china,"Table S1, spreadsheet row 442, FmaxE column",lopez-bosch-2021-china-compiled,unspecified,,,,unspecified,,China,Yunnan,,,,peak_frequency,mean,76.27,,,kHz,sd,0.78,76.27 ±0.78,definition_unstated,"China review Table S1 cites Chen 2003 (Master thesis, NE Normal University; Chinese with English abstract). Name in the cited study: Hipposideros armiger. Detector: Petterson D980. Recording method: Unknown. Sex: Female. Call type: CF/FMd. Values are a review extraction; this row is not independent corroboration of the cited study."
lopezbosch2021-s1-443,1004577,Hipposideros armiger,exact,lopez-bosch-2021-china,"Table S1, spreadsheet row 443, duration column",lopez-bosch-2021-china-compiled,unspecified,,,,unspecified,,China,Guangdong,,,,duration,mean,10.16,,,ms,sd,1.68,10.16 ±1.68,definition_unstated,"China review Table S1 cites Chen 2003 (Master thesis, NE Normal University; Chinese with English abstract). Name in the cited study: Hipposideros armiger. Detector: Petterson D980. Recording method: Unknown. Sex: Male. Call type: CF/FMd. Values are a review extraction; this row is not independent corroboration of the cited study."
lopezbosch2021-s1-443,1004577,Hipposideros armiger,exact,lopez-bosch-2021-china,"Table S1, spreadsheet row 443, FmaxE column",lopez-bosch-2021-china-compiled,unspecified,,,,unspecified,,China,Guangdong,,,,peak_frequency,mean,77.52,,,kHz,sd,0.11,77.52 ±0.11,definition_unstated,"China review Table S1 cites Chen 2003 (Master thesis, NE Normal University; Chinese with English abstract). Name in the cited study: Hipposideros armiger. Detector: Petterson D980. Recording method: Unknown. Sex: Male. Call type: CF/FMd. Values are a review extraction; this row is not independent corroboration of the cited study."
lopezbosch2021-s1-444,1004577,Hipposideros armiger,exact,lopez-bosch-2021-china,"Table S1, spreadsheet row 444, bandwidth column",lopez-bosch-2021-china-compiled,unspecified,,,,unspecified,,China,"Beijing, Guangxi, Sichuan",,,,bandwidth,mean,9.99,,,kHz,sd,0.22,9.99 ±0.22,definition_unstated,China review Table S1 cites Li et al 2014b (Acta Theoriologica Sinica; Chinese with English abstract). Name in the cited study: Hipposideros armiger. Detector: Petterson D980. Recording method: Flying (enclosure). Sex: unstated. Call type: CF/FMd. Values are a review extraction; this row is not independent corroboration of the cited study.
lopezbosch2021-s1-444,1004577,Hipposideros armiger,exact,lopez-bosch-2021-china,"Table S1, spreadsheet row 444, duration column",lopez-bosch-2021-china-compiled,unspecified,,,,unspecified,,China,"Beijing, Guangxi, Sichuan",,,,duration,mean,10.23,,,ms,sd,0.42,10.23 ±0.42,definition_unstated,China review Table S1 cites Li et al 2014b (Acta Theoriologica Sinica; Chinese with English abstract). Name in the cited study: Hipposideros armiger. Detector: Petterson D980. Recording method: Flying (enclosure). Sex: unstated. Call type: CF/FMd. Values are a review extraction; this row is not independent corroboration of the cited study.
lopezbosch2021-s1-444,1004577,Hipposideros armiger,exact,lopez-bosch-2021-china,"Table S1, spreadsheet row 444, max frequency column",lopez-bosch-2021-china-compiled,unspecified,,,,unspecified,,China,"Beijing, Guangxi, Sichuan",,,,max_frequency,mean,69.18,,,kHz,sd,0.18,69.18 ±0.18,definition_unstated,China review Table S1 cites Li et al 2014b (Acta Theoriologica Sinica; Chinese with English abstract). Name in the cited study: Hipposideros armiger. Detector: Petterson D980. Recording method: Flying (enclosure). Sex: unstated. Call type: CF/FMd. Values are a review extraction; this row is not independent corroboration of the cited study.
lopezbosch2021-s1-444,1004577,Hipposideros armiger,exact,lopez-bosch-2021-china,"Table S1, spreadsheet row 444, min frequency column",lopez-bosch-2021-china-compiled,unspecified,,,,unspecified,,China,"Beijing, Guangxi, Sichuan",,,,min_frequency,mean,59.18,,,kHz,sd,0.33,59.18 ±0.33,definition_unstated,China review Table S1 cites Li et al 2014b (Acta Theoriologica Sinica; Chinese with English abstract). Name in the cited study: Hipposideros armiger. Detector: Petterson D980. Recording method: Flying (enclosure). Sex: unstated. Call type: CF/FMd. Values are a review extraction; this row is not independent corroboration of the cited study.
lopezbosch2021-s1-444,1004577,Hipposideros armiger,exact,lopez-bosch-2021-china,"Table S1, spreadsheet row 444, FmaxE column",lopez-bosch-2021-china-compiled,unspecified,,,,unspecified,,China,"Beijing, Guangxi, Sichuan",,,,peak_frequency,mean,68.52,,,kHz,sd,0.27,68.52 ±0.27,definition_unstated,China review Table S1 cites Li et al 2014b (Acta Theoriologica Sinica; Chinese with English abstract). Name in the cited study: Hipposideros armiger. Detector: Petterson D980. Recording method: Flying (enclosure). Sex: unstated. Call type: CF/FMd. Values are a review extraction; this row is not independent corroboration of the cited study.
lopezbosch2021-s1-445,1004577,Hipposideros armiger,exact,lopez-bosch-2021-china,"Table S1, spreadsheet row 445, bandwidth column",lopez-bosch-2021-china-compiled,unspecified,,,,unspecified,,China,Yunnan,,,,bandwidth,mean,9.21,,,kHz,sd,0.7,9.21 ±0.7,definition_unstated,China review Table S1 cites Li et al 2014b (Acta Theoriologica Sinica; Chinese with English abstract). Name in the cited study: Hipposideros armiger. Detector: Petterson D980. Recording method: Resting. Sex: unstated. Call type: CF/FMd. Values are a review extraction; this row is not independent corroboration of the cited study.
lopezbosch2021-s1-445,1004577,Hipposideros armiger,exact,lopez-bosch-2021-china,"Table S1, spreadsheet row 445, duration column",lopez-bosch-2021-china-compiled,unspecified,,,,unspecified,,China,Yunnan,,,,duration,mean,10.15,,,ms,sd,0.62,10.15 ±0.62,definition_unstated,China review Table S1 cites Li et al 2014b (Acta Theoriologica Sinica; Chinese with English abstract). Name in the cited study: Hipposideros armiger. Detector: Petterson D980. Recording method: Resting. Sex: unstated. Call type: CF/FMd. Values are a review extraction; this row is not independent corroboration of the cited study.
lopezbosch2021-s1-445,1004577,Hipposideros armiger,exact,lopez-bosch-2021-china,"Table S1, spreadsheet row 445, max frequency column",lopez-bosch-2021-china-compiled,unspecified,,,,unspecified,,China,Yunnan,,,,max_frequency,mean,69.78,,,kHz,sd,0.23,69.78 ±0.23,definition_unstated,China review Table S1 cites Li et al 2014b (Acta Theoriologica Sinica; Chinese with English abstract). Name in the cited study: Hipposideros armiger. Detector: Petterson D980. Recording method: Resting. Sex: unstated. Call type: CF/FMd. Values are a review extraction; this row is not independent corroboration of the cited study.
lopezbosch2021-s1-445,1004577,Hipposideros armiger,exact,lopez-bosch-2021-china,"Table S1, spreadsheet row 445, min frequency column",lopez-bosch-2021-china-compiled,unspecified,,,,unspecified,,China,Yunnan,,,,min_frequency,mean,60.57,,,kHz,sd,0.75,60.57 ±0.75,definition_unstated,China review Table S1 cites Li et al 2014b (Acta Theoriologica Sinica; Chinese with English abstract). Name in the cited study: Hipposideros armiger. Detector: Petterson D980. Recording method: Resting. Sex: unstated. Call type: CF/FMd. Values are a review extraction; this row is not independent corroboration of the cited study.
lopezbosch2021-s1-445,1004577,Hipposideros armiger,exact,lopez-bosch-2021-china,"Table S1, spreadsheet row 445, FmaxE column",lopez-bosch-2021-china-compiled,unspecified,,,,unspecified,,China,Yunnan,,,,peak_frequency,mean,69.25,,,kHz,sd,0.2,69.25 ±0.2,definition_unstated,China review Table S1 cites Li et al 2014b (Acta Theoriologica Sinica; Chinese with English abstract). Name in the cited study: Hipposideros armiger. Detector: Petterson D980. Recording method: Resting. Sex: unstated. Call type: CF/FMd. Values are a review extraction; this row is not independent corroboration of the cited study.
lopezbosch2021-s1-446,1004577,Hipposideros armiger,exact,lopez-bosch-2021-china,"Table S1, spreadsheet row 446, bandwidth column",lopez-bosch-2021-china-compiled,unspecified,,,,unspecified,,China,Yunnan,,,,bandwidth,mean,10.49,,,kHz,sd,0.32,10.49 ±0.32,definition_unstated,China review Table S1 cites Li et al 2014b (Acta Theoriologica Sinica; Chinese with English abstract). Name in the cited study: Hipposideros armiger. Detector: Petterson D980. Recording method: Hand-held. Sex: unstated. Call type: CF/FMd. Values are a review extraction; this row is not independent corroboration of the cited study.
lopezbosch2021-s1-446,1004577,Hipposideros armiger,exact,lopez-bosch-2021-china,"Table S1, spreadsheet row 446, duration column",lopez-bosch-2021-china-compiled,unspecified,,,,unspecified,,China,Yunnan,,,,duration,mean,10.89,,,ms,sd,0.33,10.89 ±0.33,definition_unstated,China review Table S1 cites Li et al 2014b (Acta Theoriologica Sinica; Chinese with English abstract). Name in the cited study: Hipposideros armiger. Detector: Petterson D980. Recording method: Hand-held. Sex: unstated. Call type: CF/FMd. Values are a review extraction; this row is not independent corroboration of the cited study.
lopezbosch2021-s1-446,1004577,Hipposideros armiger,exact,lopez-bosch-2021-china,"Table S1, spreadsheet row 446, max frequency column",lopez-bosch-2021-china-compiled,unspecified,,,,unspecified,,China,Yunnan,,,,max_frequency,mean,69.57,,,kHz,sd,0.2,69.57 ±0.2,definition_unstated,China review Table S1 cites Li et al 2014b (Acta Theoriologica Sinica; Chinese with English abstract). Name in the cited study: Hipposideros armiger. Detector: Petterson D980. Recording method: Hand-held. Sex: unstated. Call type: CF/FMd. Values are a review extraction; this row is not independent corroboration of the cited study.
lopezbosch2021-s1-446,1004577,Hipposideros armiger,exact,lopez-bosch-2021-china,"Table S1, spreadsheet row 446, min frequency column",lopez-bosch-2021-china-compiled,unspecified,,,,unspecified,,China,Yunnan,,,,min_frequency,mean,59.07,,,kHz,sd,0.33,59.07 ±0.33,definition_unstated,China review Table S1 cites Li et al 2014b (Acta Theoriologica Sinica; Chinese with English abstract). Name in the cited study: Hipposideros armiger. Detector: Petterson D980. Recording method: Hand-held. Sex: unstated. Call type: CF/FMd. Values are a review extraction; this row is not independent corroboration of the cited study.
lopezbosch2021-s1-446,1004577,Hipposideros armiger,exact,lopez-bosch-2021-china,"Table S1, spreadsheet row 446, FmaxE column",lopez-bosch-2021-china-compiled,unspecified,,,,unspecified,,China,Yunnan,,,,peak_frequency,mean,69.02,,,kHz,sd,0.2,69.02 ±0.2,definition_unstated,China review Table S1 cites Li et al 2014b (Acta Theoriologica Sinica; Chinese with English abstract). Name in the cited study: Hipposideros armiger. Detector: Petterson D980. Recording method: Hand-held. Sex: unstated. Call type: CF/FMd. Values are a review extraction; this row is not independent corroboration of the cited study.
lopezbosch2021-s1-447,1004577,Hipposideros armiger,exact,lopez-bosch-2021-china,"Table S1, spreadsheet row 447, bandwidth column",lopez-bosch-2021-china-compiled,unspecified,,,,unspecified,,China,"Fujian, Guangdong, Guangxi, Guizhou, Hubei, Jiangxi, Sichuan, Yunnan",,,,bandwidth,mean,11.02,,,kHz,sd,0.19,11.02 ±0.19,definition_unstated,China review Table S1 cites Li et al 2014b (Acta Theoriologica Sinica; Chinese with English abstract). Name in the cited study: Hipposideros armiger. Detector: Petterson D980. Recording method: Hand-held. Sex: unstated. Call type: CF/FMd. Values are a review extraction; this row is not independent corroboration of the cited study.
lopezbosch2021-s1-447,1004577,Hipposideros armiger,exact,lopez-bosch-2021-china,"Table S1, spreadsheet row 447, duration column",lopez-bosch-2021-china-compiled,unspecified,,,,unspecified,,China,"Fujian, Guangdong, Guangxi, Guizhou, Hubei, Jiangxi, Sichuan, Yunnan",,,,duration,mean,12.06,,,ms,sd,0.41,12.06 ±0.41,definition_unstated,China review Table S1 cites Li et al 2014b (Acta Theoriologica Sinica; Chinese with English abstract). Name in the cited study: Hipposideros armiger. Detector: Petterson D980. Recording method: Hand-held. Sex: unstated. Call type: CF/FMd. Values are a review extraction; this row is not independent corroboration of the cited study.
lopezbosch2021-s1-447,1004577,Hipposideros armiger,exact,lopez-bosch-2021-china,"Table S1, spreadsheet row 447, max frequency column",lopez-bosch-2021-china-compiled,unspecified,,,,unspecified,,China,"Fujian, Guangdong, Guangxi, Guizhou, Hubei, Jiangxi, Sichuan, Yunnan",,,,max_frequency,mean,69.63,,,kHz,sd,0.2,69.63 ±0.2,definition_unstated,China review Table S1 cites Li et al 2014b (Acta Theoriologica Sinica; Chinese with English abstract). Name in the cited study: Hipposideros armiger. Detector: Petterson D980. Recording method: Hand-held. Sex: unstated. Call type: CF/FMd. Values are a review extraction; this row is not independent corroboration of the cited study.
lopezbosch2021-s1-447,1004577,Hipposideros armiger,exact,lopez-bosch-2021-china,"Table S1, spreadsheet row 447, min frequency column",lopez-bosch-2021-china-compiled,unspecified,,,,unspecified,,China,"Fujian, Guangdong, Guangxi, Guizhou, Hubei, Jiangxi, Sichuan, Yunnan",,,,min_frequency,mean,58.61,,,kHz,sd,0.33,58.61 ±0.33,definition_unstated,China review Table S1 cites Li et al 2014b (Acta Theoriologica Sinica; Chinese with English abstract). Name in the cited study: Hipposideros armiger. Detector: Petterson D980. Recording method: Hand-held. Sex: unstated. Call type: CF/FMd. Values are a review extraction; this row is not independent corroboration of the cited study.
lopezbosch2021-s1-447,1004577,Hipposideros armiger,exact,lopez-bosch-2021-china,"Table S1, spreadsheet row 447, FmaxE column",lopez-bosch-2021-china-compiled,unspecified,,,,unspecified,,China,"Fujian, Guangdong, Guangxi, Guizhou, Hubei, Jiangxi, Sichuan, Yunnan",,,,peak_frequency,mean,69.98,,,kHz,sd,0.2,69.98 ±0.2,definition_unstated,China review Table S1 cites Li et al 2014b (Acta Theoriologica Sinica; Chinese with English abstract). Name in the cited study: Hipposideros armiger. Detector: Petterson D980. Recording method: Hand-held. Sex: unstated. Call type: CF/FMd. Values are a review extraction; this row is not independent corroboration of the cited study.
lopezbosch2021-s1-448,1004577,Hipposideros armiger,exact,lopez-bosch-2021-china,"Table S1, spreadsheet row 448, bandwidth column",lopez-bosch-2021-china-compiled,unspecified,,,,hand_release,,China,Yunnan,,,,bandwidth,mean,4.94,,,kHz,sd,0.78,4.94 ±0.78,definition_unstated,China review Table S1 cites Li et al 2014b (Acta Theoriologica Sinica; Chinese with English abstract). Name in the cited study: Hipposideros armiger. Detector: Petterson D980. Recording method: Hand-released. Sex: unstated. Call type: CF/FMd. Values are a review extraction; this row is not independent corroboration of the cited study.
lopezbosch2021-s1-448,1004577,Hipposideros armiger,exact,lopez-bosch-2021-china,"Table S1, spreadsheet row 448, duration column",lopez-bosch-2021-china-compiled,unspecified,,,,hand_release,,China,Yunnan,,,,duration,mean,12.13,,,ms,sd,0.33,12.13 ±0.33,definition_unstated,China review Table S1 cites Li et al 2014b (Acta Theoriologica Sinica; Chinese with English abstract). Name in the cited study: Hipposideros armiger. Detector: Petterson D980. Recording method: Hand-released. Sex: unstated. Call type: CF/FMd. Values are a review extraction; this row is not independent corroboration of the cited study.
lopezbosch2021-s1-448,1004577,Hipposideros armiger,exact,lopez-bosch-2021-china,"Table S1, spreadsheet row 448, max frequency column",lopez-bosch-2021-china-compiled,unspecified,,,,hand_release,,China,Yunnan,,,,max_frequency,mean,69.14,,,kHz,sd,1.4,69.14 ±1.4,definition_unstated,China review Table S1 cites Li et al 2014b (Acta Theoriologica Sinica; Chinese with English abstract). Name in the cited study: Hipposideros armiger. Detector: Petterson D980. Recording method: Hand-released. Sex: unstated. Call type: CF/FMd. Values are a review extraction; this row is not independent corroboration of the cited study.
lopezbosch2021-s1-448,1004577,Hipposideros armiger,exact,lopez-bosch-2021-china,"Table S1, spreadsheet row 448, min frequency column",lopez-bosch-2021-china-compiled,unspecified,,,,hand_release,,China,Yunnan,,,,min_frequency,mean,63.18,,,kHz,sd,0.76,63.18 ±0.76,definition_unstated,China review Table S1 cites Li et al 2014b (Acta Theoriologica Sinica; Chinese with English abstract). Name in the cited study: Hipposideros armiger. Detector: Petterson D980. Recording method: Hand-released. Sex: unstated. Call type: CF/FMd. Values are a review extraction; this row is not independent corroboration of the cited study.
lopezbosch2021-s1-448,1004577,Hipposideros armiger,exact,lopez-bosch-2021-china,"Table S1, spreadsheet row 448, FmaxE column",lopez-bosch-2021-china-compiled,unspecified,,,,hand_release,,China,Yunnan,,,,peak_frequency,mean,67.85,,,kHz,sd,0.25,67.85 ±0.25,definition_unstated,China review Table S1 cites Li et al 2014b (Acta Theoriologica Sinica; Chinese with English abstract). Name in the cited study: Hipposideros armiger. Detector: Petterson D980. Recording method: Hand-released. Sex: unstated. Call type: CF/FMd. Values are a review extraction; this row is not independent corroboration of the cited study.
lopezbosch2021-s1-449,1004577,Hipposideros armiger,exact,lopez-bosch-2021-china,"Table S1, spreadsheet row 449, bandwidth column",lopez-bosch-2021-china-compiled,unspecified,,,,unspecified,,China,Unknown,,,,bandwidth,mean,12.1,,,kHz,sd,1.0,12.1 ±1.0,definition_unstated,China review Table S1 cites Zhang et al 2000b (Chinese Science Bulletin; English). Name in the cited study: Hipposideros armiger. Detector: Ultra Sound Advice U30. Recording method: Flying (enclosure). Sex: unstated. Call type: CF/FMd. Values are a review extraction; this row is not independent corroboration of the cited study.
lopezbosch2021-s1-449,1004577,Hipposideros armiger,exact,lopez-bosch-2021-china,"Table S1, spreadsheet row 449, FmaxE column",lopez-bosch-2021-china-compiled,unspecified,,,,unspecified,,China,Unknown,,,,peak_frequency,mean,74.1,,,kHz,sd,0.8,74.1 ±0.8,definition_unstated,China review Table S1 cites Zhang et al 2000b (Chinese Science Bulletin; English). Name in the cited study: Hipposideros armiger. Detector: Ultra Sound Advice U30. Recording method: Flying (enclosure). Sex: unstated. Call type: CF/FMd. Values are a review extraction; this row is not independent corroboration of the cited study.
lopezbosch2021-s1-45,1005420,Myotis ikonnikovi,exact,lopez-bosch-2021-china,"Table S1, spreadsheet row 45, duration column",lopez-bosch-2021-china-compiled,unspecified,,,,unspecified,,China,Guangdong,,,,duration,mean,2.3,,,ms,sd,0.4,2.3 ±0.4,definition_unstated,China review Table S1 cites Sun et al 2008b (Frontiers of Biology in China; English). Name in the cited study: Myotis ikonnikovi. Detector: Petterson D980. Recording method: Flying (enclosure). Sex: unstated. Call type: FM Broadband. Values are a review extraction; this row is not independent corroboration of the cited study.
lopezbosch2021-s1-45,1005420,Myotis ikonnikovi,exact,lopez-bosch-2021-china,"Table S1, spreadsheet row 45, end frequency column",lopez-bosch-2021-china-compiled,unspecified,,,,unspecified,,China,Guangdong,,,,end_frequency,mean,38,,,kHz,sd,2.8,38 ±2.8,definition_unstated,China review Table S1 cites Sun et al 2008b (Frontiers of Biology in China; English). Name in the cited study: Myotis ikonnikovi. Detector: Petterson D980. Recording method: Flying (enclosure). Sex: unstated. Call type: FM Broadband. Values are a review extraction; this row is not independent corroboration of the cited study.
lopezbosch2021-s1-45,1005420,Myotis ikonnikovi,exact,lopez-bosch-2021-china,"Table S1, spreadsheet row 45, FmaxE column",lopez-bosch-2021-china-compiled,unspecified,,,,unspecified,,China,Guangdong,,,,peak_frequency,mean,45.3,,,kHz,sd,3.6,45.3 ±3.6,definition_unstated,China review Table S1 cites Sun et al 2008b (Frontiers of Biology in China; English). Name in the cited study: Myotis ikonnikovi. Detector: Petterson D980. Recording method: Flying (enclosure). Sex: unstated. Call type: FM Broadband. Values are a review extraction; this row is not independent corroboration of the cited study.
lopezbosch2021-s1-45,1005420,Myotis ikonnikovi,exact,lopez-bosch-2021-china,"Table S1, spreadsheet row 45, start frequency column",lopez-bosch-2021-china-compiled,unspecified,,,,unspecified,,China,Guangdong,,,,start_frequency,mean,79,,,kHz,sd,13.6,79 ±13.6,definition_unstated,China review Table S1 cites Sun et al 2008b (Frontiers of Biology in China; English). Name in the cited study: Myotis ikonnikovi. Detector: Petterson D980. Recording method: Flying (enclosure). Sex: unstated. Call type: FM Broadband. Values are a review extraction; this row is not independent corroboration of the cited study.
lopezbosch2021-s1-450,1004577,Hipposideros armiger,exact,lopez-bosch-2021-china,"Table S1, spreadsheet row 450, duration column",lopez-bosch-2021-china-compiled,unspecified,,,,unspecified,,China,Yunnan,,,,duration,mean,10.00,,,ms,sd,2.78,10.00 ±2.78,definition_unstated,China review Table S1 cites Jiang et al 2003b (Acta Zoologica Sinica; Chinese with English abstract). Name in the cited study: Hipposideros armiger. Detector: Petterson D980. Recording method: Flying (enclosure). Sex: Female. Call type: CF/FMd. Values are a review extraction; this row is not independent corroboration of the cited study.
lopezbosch2021-s1-450,1004577,Hipposideros armiger,exact,lopez-bosch-2021-china,"Table S1, spreadsheet row 450, FmaxE column",lopez-bosch-2021-china-compiled,unspecified,,,,unspecified,,China,Yunnan,,,,peak_frequency,mean,76.27,,,kHz,sd,0.78,76.27 ±0.78,definition_unstated,China review Table S1 cites Jiang et al 2003b (Acta Zoologica Sinica; Chinese with English abstract). Name in the cited study: Hipposideros armiger. Detector: Petterson D980. Recording method: Flying (enclosure). Sex: Female. Call type: CF/FMd. Values are a review extraction; this row is not independent corroboration of the cited study.
lopezbosch2021-s1-451,1004577,Hipposideros armiger,exact,lopez-bosch-2021-china,"Table S1, spreadsheet row 451, duration column",lopez-bosch-2021-china-compiled,unspecified,,,,unspecified,,China,Sichuan,,,,duration,mean,10.16,,,ms,sd,1.68,10.16 ±1.68,definition_unstated,China review Table S1 cites Jiang et al 2003b (Acta Zoologica Sinica; Chinese with English abstract). Name in the cited study: Hipposideros armiger. Detector: Petterson D980. Recording method: Flying (enclosure). Sex: Male. Call type: CF/FMd. Values are a review extraction; this row is not independent corroboration of the cited study.
lopezbosch2021-s1-451,1004577,Hipposideros armiger,exact,lopez-bosch-2021-china,"Table S1, spreadsheet row 451, FmaxE column",lopez-bosch-2021-china-compiled,unspecified,,,,unspecified,,China,Sichuan,,,,peak_frequency,mean,77.52,,,kHz,sd,0.11,77.52 ±0.11,definition_unstated,China review Table S1 cites Jiang et al 2003b (Acta Zoologica Sinica; Chinese with English abstract). Name in the cited study: Hipposideros armiger. Detector: Petterson D980. Recording method: Flying (enclosure). Sex: Male. Call type: CF/FMd. Values are a review extraction; this row is not independent corroboration of the cited study.
lopezbosch2021-s1-452,1004577,Hipposideros armiger,exact,lopez-bosch-2021-china,"Table S1, spreadsheet row 452, FmaxE column",lopez-bosch-2021-china-compiled,unspecified,,,,free_flying_wild,,China,Chongqing,,,,peak_frequency,species_summary,33.4,,,kHz,,,33.4,definition_unstated,China review Table S1 cites Tang et al 2010 (Acta Physiologica Sinica; Chinese with English abstract). Name in the cited study: Hipposideros armiger. Detector: Unknown. Recording method: Free-flying. Sex: unstated. Call type: CF/FMd. Values are a review extraction; this row is not independent corroboration of the cited study.
lopezbosch2021-s1-453,1004577,Hipposideros armiger,exact,lopez-bosch-2021-china,"Table S1, spreadsheet row 453, FmaxE column",lopez-bosch-2021-china-compiled,unspecified,,,,free_flying_wild,,China,Guizhou,,,,peak_frequency,species_summary,66.8,,,kHz,,,66.8,definition_unstated,China review Table S1 cites Tang et al 2010 (Acta Physiologica Sinica; Chinese with English abstract). Name in the cited study: Hipposideros armiger. Detector: Unknown. Recording method: Free-flying. Sex: unstated. Call type: CF/FMd. Values are a review extraction; this row is not independent corroboration of the cited study.
lopezbosch2021-s1-454,1004577,Hipposideros armiger,exact,lopez-bosch-2021-china,"Table S1, spreadsheet row 454, FmaxE column",lopez-bosch-2021-china-compiled,unspecified,,,,free_flying_wild,,China,Hunan,,,,peak_frequency,species_summary,100.2,,,kHz,,,100.2,definition_unstated,China review Table S1 cites Tang et al 2010 (Acta Physiologica Sinica; Chinese with English abstract). Name in the cited study: Hipposideros armiger. Detector: Unknown. Recording method: Free-flying. Sex: unstated. Call type: CF/FMd. Values are a review extraction; this row is not independent corroboration of the cited study.
lopezbosch2021-s1-455,1004577,Hipposideros armiger,exact,lopez-bosch-2021-china,"Table S1, spreadsheet row 455, FmaxE column",lopez-bosch-2021-china-compiled,unspecified,,,,unspecified,,China,Hunan,,,,peak_frequency,range,,70.9,72.1,kHz,,,(70.9 - 72.1),definition_unstated,China review Table S1 cites Wong et al 2013 (Acta Theoriologica Sinica; Chinese with English abstract). Name in the cited study: Hipposideros armiger. Detector: Unknown. Recording method: Unknown. Sex: unstated. Call type: CF/FMd. Values are a review extraction; this row is not independent corroboration of the cited study.
lopezbosch2021-s1-456,1004577,Hipposideros armiger,exact,lopez-bosch-2021-china,"Table S1, spreadsheet row 456, duration column",lopez-bosch-2021-china-compiled,unspecified,,,,unspecified,,China,Hubei,,,,duration,range,,8.57,10.68,ms,,,(8.57 - 10.68),definition_unstated,"China review Table S1 cites Chen 2014 (Master thesis, Central South University of Forestry and Technology; Chinese with English abstract). Name in the cited study: Hipposideros armiger. Detector: Avisoft UltraSoundGate 116. Recording method: Unknown. Sex: unstated. Call type: CF/FMd. Values are a review extraction; this row is not independent corroboration of the cited study."
lopezbosch2021-s1-456,1004577,Hipposideros armiger,exact,lopez-bosch-2021-china,"Table S1, spreadsheet row 456, FmaxE column",lopez-bosch-2021-china-compiled,unspecified,,,,unspecified,,China,Hubei,,,,peak_frequency,range,,69.73,73.35,kHz,,,(69.73 - 73.35),definition_unstated,"China review Table S1 cites Chen 2014 (Master thesis, Central South University of Forestry and Technology; Chinese with English abstract). Name in the cited study: Hipposideros armiger. Detector: Avisoft UltraSoundGate 116. Recording method: Unknown. Sex: unstated. Call type: CF/FMd. Values are a review extraction; this row is not independent corroboration of the cited study."
lopezbosch2021-s1-457,1004577,Hipposideros armiger,exact,lopez-bosch-2021-china,"Table S1, spreadsheet row 457, FmaxE column",lopez-bosch-2021-china-compiled,unspecified,,,,free_flying_wild,,China,Guangdong,,,,peak_frequency,mean,69.7,,,kHz,sd,0.7,69.7 ±0.7,definition_unstated,China review Table S1 cites Chen et al 2015b (Behaviour; English). Name in the cited study: Hipposideros terasensis. Detector: Avisoft UltraSoundGate 116e. Recording method: Emergence. Sex: unstated. Call type: CF/FMd. Values are a review extraction; this row is not independent corroboration of the cited study.
lopezbosch2021-s1-458,1004577,Hipposideros armiger,exact,lopez-bosch-2021-china,"Table S1, spreadsheet row 458, FmaxE column",lopez-bosch-2021-china-compiled,unspecified,,,,unspecified,,China,Jiangxi,,,,peak_frequency,mean,70.0,,,kHz,sd,0.3,70.0 ±0.3,definition_unstated,China review Table S1 cites Chen et al 2015b (Behaviour; English). Name in the cited study: Hipposideros terasensis. Detector: Avisoft UltraSoundGate 116e. Recording method: Flying (enclosure). Sex: unstated. Call type: CF/FMd. Values are a review extraction; this row is not independent corroboration of the cited study.
lopezbosch2021-s1-459,1004577,Hipposideros armiger,exact,lopez-bosch-2021-china,"Table S1, spreadsheet row 459, FmaxE column",lopez-bosch-2021-china-compiled,unspecified,,,,unspecified,,China,Jiangxi,,,,peak_frequency,range,,66.80,72.51,kHz,,,(66.80 - 72.51),definition_unstated,China review Table S1 cites Lin et al 2014 (Oikos; English). Name in the cited study: Hipposideros armiger. Detector: Unknown. Recording method: Resting. Sex: unstated. Call type: CF/FMd. Values are a review extraction; this row is not independent corroboration of the cited study.
lopezbosch2021-s1-46,1005431,Myotis longipes,exact,lopez-bosch-2021-china,"Table S1, spreadsheet row 46, duration column",lopez-bosch-2021-china-compiled,unspecified,,,,unspecified,,China,Guangdong,,,,duration,species_summary,4.0,3.5,5.6,ms,,,4.0(3.5 - 5.6),definition_unstated,China review Table S1 cites Zhang et al 2017 (Chinese Journal of Zoology; Chinese with English abstract). Name in the cited study: Myotis longipes. Detector: Unknown. Recording method: Hand-held. Sex: unstated. Call type: FM Broadband. Values are a review extraction; this row is not independent corroboration of the cited study.
lopezbosch2021-s1-46,1005431,Myotis longipes,exact,lopez-bosch-2021-china,"Table S1, spreadsheet row 46, max frequency column",lopez-bosch-2021-china-compiled,unspecified,,,,unspecified,,China,Guangdong,,,,max_frequency,species_summary,90.7,83.6,98.4,kHz,,,90.7 (83.6 - 98.4),definition_unstated,China review Table S1 cites Zhang et al 2017 (Chinese Journal of Zoology; Chinese with English abstract). Name in the cited study: Myotis longipes. Detector: Unknown. Recording method: Hand-held. Sex: unstated. Call type: FM Broadband. Values are a review extraction; this row is not independent corroboration of the cited study.
lopezbosch2021-s1-46,1005431,Myotis longipes,exact,lopez-bosch-2021-china,"Table S1, spreadsheet row 46, min frequency column",lopez-bosch-2021-china-compiled,unspecified,,,,unspecified,,China,Guangdong,,,,min_frequency,species_summary,62.9,61.0,66.5,kHz,,,62.9 (61.0 - 66.5),definition_unstated,China review Table S1 cites Zhang et al 2017 (Chinese Journal of Zoology; Chinese with English abstract). Name in the cited study: Myotis longipes. Detector: Unknown. Recording method: Hand-held. Sex: unstated. Call type: FM Broadband. Values are a review extraction; this row is not independent corroboration of the cited study.
lopezbosch2021-s1-46,1005431,Myotis longipes,exact,lopez-bosch-2021-china,"Table S1, spreadsheet row 46, FmaxE column",lopez-bosch-2021-china-compiled,unspecified,,,,unspecified,,China,Guangdong,,,,peak_frequency,species_summary,68.2,61.3,73.4,kHz,,,68.2 (61.3 - 73.4),definition_unstated,China review Table S1 cites Zhang et al 2017 (Chinese Journal of Zoology; Chinese with English abstract). Name in the cited study: Myotis longipes. Detector: Unknown. Recording method: Hand-held. Sex: unstated. Call type: FM Broadband. Values are a review extraction; this row is not independent corroboration of the cited study.
lopezbosch2021-s1-460,1004577,Hipposideros armiger,exact,lopez-bosch-2021-china,"Table S1, spreadsheet row 460, FmaxE column",lopez-bosch-2021-china-compiled,unspecified,,,,unspecified,,China,"Henan, Anhui, Jiangsu, Zhejiang, Guangdong, Guangxi, Yunnan, Guizhou, Chongqing",,,,peak_frequency,range,,65.1,72.7,kHz,,,(65.1 - 72.7),definition_unstated,China review Table S1 cites Zhang et al 2009 (Acta Chiropterologica; English). Name in the cited study: Hipposideros armiger. Detector: Petterson D980. Recording method: Hand-held. Sex: unstated. Call type: CF/FMd. Values are a review extraction; this row is not independent corroboration of the cited study.
lopezbosch2021-s1-461,1004577,Hipposideros armiger,exact,lopez-bosch-2021-china,"Table S1, spreadsheet row 461, FmaxE column",lopez-bosch-2021-china-compiled,unspecified,,,,unspecified,,China,Jiangsu,,,,peak_frequency,species_summary,66.8,,,kHz,,,66.8,definition_unstated,China review Table S1 cites Fu et al 2010 (Brain research; English). Name in the cited study: Hipposideros armiger. Detector: Unknown. Recording method: Unknown. Sex: unstated. Call type: CF/FMd. Values are a review extraction; this row is not independent corroboration of the cited study.
lopezbosch2021-s1-462,1004586,Hipposideros cineraceus,exact,lopez-bosch-2021-china,"Table S1, spreadsheet row 462, FmaxE column",lopez-bosch-2021-china-compiled,unspecified,,,,unspecified,,China,Zhejiang,,,,peak_frequency,range,,155.5,163.5,kHz,,,(155.5 - 163.5),definition_unstated,China review Table S1 cites Zhang et al 2009 (Acta Chiropterologica; English). Name in the cited study: Hipposideros cineraceus. Detector: Petterson D980. Recording method: Hand-held. Sex: unstated. Call type: CF/FMd. Values are a review extraction; this row is not independent corroboration of the cited study.
lopezbosch2021-s1-463,1004601,Hipposideros gentilis,exact,lopez-bosch-2021-china,"Table S1, spreadsheet row 463, duration column",lopez-bosch-2021-china-compiled,unspecified,,,,unspecified,,China,Guangdong,,,,duration,mean,4.6,,,ms,sd,1.4,4.6 ±1.4,definition_unstated,China review Table S1 cites Jin et al 2015 (Animal Behaviour; English). Name in the cited study: Hipposideros pomona. Detector: Avisoft UltraSoundGate CM16/CMPA. Recording method: Resting. Sex: unstated. Call type: CF/FMd. Values are a review extraction; this row is not independent corroboration of the cited study.
lopezbosch2021-s1-463,1004601,Hipposideros gentilis,exact,lopez-bosch-2021-china,"Table S1, spreadsheet row 463, FmaxE column",lopez-bosch-2021-china-compiled,unspecified,,,,unspecified,,China,Guangdong,,,,peak_frequency,mean,127.3,,,kHz,sd,2.8,127.3 ±2.8,definition_unstated,China review Table S1 cites Jin et al 2015 (Animal Behaviour; English). Name in the cited study: Hipposideros pomona. Detector: Avisoft UltraSoundGate CM16/CMPA. Recording method: Resting. Sex: unstated. Call type: CF/FMd. Values are a review extraction; this row is not independent corroboration of the cited study.
lopezbosch2021-s1-464,1004601,Hipposideros gentilis,exact,lopez-bosch-2021-china,"Table S1, spreadsheet row 464, FmaxE column",lopez-bosch-2021-china-compiled,unspecified,,,,unspecified,,China,Jiangxi,,,,peak_frequency,mean,126.6,,,kHz,sd,0.68,126.6 ±0.68,definition_unstated,China review Table S1 cites Jin et al 2011 (Acta Theriologica; English). Name in the cited study: Hipposideros pomona. Detector: Avisoft Ultrasound CM16. Recording method: Hand-held. Sex: unstated. Call type: CF/FMd. Values are a review extraction; this row is not independent corroboration of the cited study.
lopezbosch2021-s1-465,1004601,Hipposideros gentilis,exact,lopez-bosch-2021-china,"Table S1, spreadsheet row 465, FmaxE column",lopez-bosch-2021-china-compiled,unspecified,,,,unspecified,,China,Jiangxi,,,,peak_frequency,range,,120.8,129,kHz,,,(120.8 - 129),definition_unstated,China review Table S1 cites Zhang et al 2009 (Acta Chiropterologica; English). Name in the cited study: Hipposideros pomona. Detector: Petterson D980. Recording method: Hand-held. Sex: unstated. Call type: CF/FMd. Values are a review extraction; this row is not independent corroboration of the cited study.
lopezbosch2021-s1-466,1004613,Hipposideros larvatus,exact,lopez-bosch-2021-china,"Table S1, spreadsheet row 466, FmaxE column",lopez-bosch-2021-china-compiled,unspecified,,,,unspecified,,China,Fujian,,,,peak_frequency,mean,86.43,,,kHz,sd,0.25,86.43 ±0.25,definition_unstated,China review Table S1 cites Chen et al 2016 (PLOS ONE; English). Name in the cited study: Hipposideros larvatus. Detector: Avisoft UltraSoundGate 116 Hnb. Recording method: Resting. Sex: unstated. Call type: CF/FMd. Values are a review extraction; this row is not independent corroboration of the cited study.
lopezbosch2021-s1-467,1004613,Hipposideros larvatus,exact,lopez-bosch-2021-china,"Table S1, spreadsheet row 467, FmaxE column",lopez-bosch-2021-china-compiled,unspecified,,,,unspecified,,China,Fujian,,,,peak_frequency,mean,82.84,,,kHz,sd,0.31,82.84 ±0.31,definition_unstated,China review Table S1 cites Chen et al 2016 (PLOS ONE; English). Name in the cited study: Hipposideros larvatus. Detector: Avisoft UltraSoundGate 116 Hnb. Recording method: Resting. Sex: unstated. Call type: CF/FMd. Values are a review extraction; this row is not independent corroboration of the cited study.
lopezbosch2021-s1-468,1004613,Hipposideros larvatus,exact,lopez-bosch-2021-china,"Table S1, spreadsheet row 468, duration column",lopez-bosch-2021-china-compiled,unspecified,,,,unspecified,,China,"Henan, Anhui, Jiangsu, Zhejiang, Guangdong, Guangxi, Yunnan, Guizhou, Chongqing",,,,duration,mean,7.8,,,ms,sd,0.9,7.8 ±0.9,definition_unstated,China review Table S1 cites Wei et al 2011 (Acta Theoriologica Sinica; Chinese with English abstract). Name in the cited study: Hipposideros larvatus. Detector: Unknown. Recording method: Unknown. Sex: unstated. Call type: CF/FMd. Values are a review extraction; this row is not independent corroboration of the cited study.
lopezbosch2021-s1-468,1004613,Hipposideros larvatus,exact,lopez-bosch-2021-china,"Table S1, spreadsheet row 468, FmaxE column",lopez-bosch-2021-china-compiled,unspecified,,,,unspecified,,China,"Henan, Anhui, Jiangsu, Zhejiang, Guangdong, Guangxi, Yunnan, Guizhou, Chongqing",,,,peak_frequency,mean,85.2,,,kHz,sd,0.5,85.2 ±0.5,definition_unstated,China review Table S1 cites Wei et al 2011 (Acta Theoriologica Sinica; Chinese with English abstract). Name in the cited study: Hipposideros larvatus. Detector: Unknown. Recording method: Unknown. Sex: unstated. Call type: CF/FMd. Values are a review extraction; this row is not independent corroboration of the cited study.
lopezbosch2021-s1-469,1004613,Hipposideros larvatus,exact,lopez-bosch-2021-china,"Table S1, spreadsheet row 469, FmaxE column",lopez-bosch-2021-china-compiled,unspecified,,,,unspecified,,China,Jiangsu,,,,peak_frequency,mean,84.8,,,kHz,sd,0.45,84.8 ±0.45,definition_unstated,China review Table S1 cites Zhao et al 2003 (Journal of Zoology (Zoological Society of London); English). Name in the cited study: Hipposideros larvatus. Detector: Ultra Sound Advice U30. Recording method: Resting. Sex: unstated. Call type: CF/FMd. Values are a review extraction; this row is not independent corroboration of the cited study.
lopezbosch2021-s1-47,1005433,Myotis macrodactylus,exact,lopez-bosch-2021-china,"Table S1, spreadsheet row 47, duration column",lopez-bosch-2021-china-compiled,unspecified,,,,free_flying_wild,,China,"Guangxi, Yunnan",,,,duration,mean,3.01,,,ms,sd,0.60,3.01 ±0.60,definition_unstated,China review Table S1 cites Luo et al 2009 (Chinese Journal of Zoology; Chinese with English abstract). Name in the cited study: Myotis macrodactylus. Detector: Avisoft UltraSoundGate 116. Recording method: Emergence. Sex: unstated. Call type: FM Broadband. Values are a review extraction; this row is not independent corroboration of the cited study.
lopezbosch2021-s1-47,1005433,Myotis macrodactylus,exact,lopez-bosch-2021-china,"Table S1, spreadsheet row 47, FmaxE column",lopez-bosch-2021-china-compiled,unspecified,,,,free_flying_wild,,China,"Guangxi, Yunnan",,,,peak_frequency,mean,54.14,,,kHz,sd,3.29,54.14 ±3.29,definition_unstated,China review Table S1 cites Luo et al 2009 (Chinese Journal of Zoology; Chinese with English abstract). Name in the cited study: Myotis macrodactylus. Detector: Avisoft UltraSoundGate 116. Recording method: Emergence. Sex: unstated. Call type: FM Broadband. Values are a review extraction; this row is not independent corroboration of the cited study.
lopezbosch2021-s1-470,1004613,Hipposideros larvatus,exact,lopez-bosch-2021-china,"Table S1, spreadsheet row 470, FmaxE column",lopez-bosch-2021-china-compiled,unspecified,,,,unspecified,,China,Zhejiang,,,,peak_frequency,mean,82.32,,,kHz,sd,1.71,82.32 ±1.71,definition_unstated,China review Table S1 cites Thabah et al 2006 (Biological Journal of the Linnean Society; English). Name in the cited study: Hipposideros larvatus. Detector: Ultra Sound Device S-25. Recording method: Hand-held. Sex: Female. Call type: CF/FMd. Values are a review extraction; this row is not independent corroboration of the cited study.
lopezbosch2021-s1-471,1004613,Hipposideros larvatus,exact,lopez-bosch-2021-china,"Table S1, spreadsheet row 471, FmaxE column",lopez-bosch-2021-china-compiled,unspecified,,,,unspecified,,China,Yunnan,,,,peak_frequency,mean,82.64,,,kHz,sd,2.62,82.64 ±2.62,definition_unstated,China review Table S1 cites Thabah et al 2006 (Biological Journal of the Linnean Society; English). Name in the cited study: Hipposideros larvatus. Detector: Ultra Sound Device S-25. Recording method: Hand-held. Sex: Male. Call type: CF/FMd. Values are a review extraction; this row is not independent corroboration of the cited study.
lopezbosch2021-s1-472,1004613,Hipposideros larvatus,exact,lopez-bosch-2021-china,"Table S1, spreadsheet row 472, FmaxE column",lopez-bosch-2021-china-compiled,unspecified,,,,unspecified,,China,Sichuan,,,,peak_frequency,range,,89.07,97.78,kHz,,,(89.07 - 97.78),definition_unstated,China review Table S1 cites Jiang et al 2010a (Ethology: International journal of behavioural biology; English). Name in the cited study: Hipposideros larvatus. Detector: Avisoft UltraSoundGate 116. Recording method: Hand-held. Sex: Female. Call type: CF/FMd. Values are a review extraction; this row is not independent corroboration of the cited study.
lopezbosch2021-s1-473,1004613,Hipposideros larvatus,exact,lopez-bosch-2021-china,"Table S1, spreadsheet row 473, FmaxE column",lopez-bosch-2021-china-compiled,unspecified,,,,unspecified,,China,Sichuan,,,,peak_frequency,range,,88.70,90.01,kHz,,,(88.70 - 90.01),definition_unstated,China review Table S1 cites Jiang et al 2010a (Ethology: International journal of behavioural biology; English). Name in the cited study: Hipposideros larvatus. Detector: Avisoft UltraSoundGate 116. Recording method: Hand-held. Sex: Male. Call type: CF/FMd. Values are a review extraction; this row is not independent corroboration of the cited study.
lopezbosch2021-s1-474,1004613,Hipposideros larvatus,exact,lopez-bosch-2021-china,"Table S1, spreadsheet row 474, FmaxE column",lopez-bosch-2021-china-compiled,unspecified,,,,unspecified,,China,Chongqing,,,,peak_frequency,mean,87.03,,,kHz,sd,1.5,87.03 ±1.5,definition_unstated,China review Table S1 cites Jiang et al 2010a (Ethology: International journal of behavioural biology; English). Name in the cited study: Hipposideros larvatus. Detector: Avisoft UltraSoundGate 116. Recording method: Hand-held. Sex: Female. Call type: CF/FMd. Values are a review extraction; this row is not independent corroboration of the cited study.
lopezbosch2021-s1-475,1004613,Hipposideros larvatus,exact,lopez-bosch-2021-china,"Table S1, spreadsheet row 475, FmaxE column",lopez-bosch-2021-china-compiled,unspecified,,,,unspecified,,China,Guizhou,,,,peak_frequency,mean,83.58,,,kHz,sd,0.35,83.58 ±0.35,definition_unstated,China review Table S1 cites Jiang et al 2010a (Ethology: International journal of behavioural biology; English). Name in the cited study: Hipposideros larvatus. Detector: Avisoft UltraSoundGate 116. Recording method: Hand-held. Sex: Male. Call type: CF/FMd. Values are a review extraction; this row is not independent corroboration of the cited study.
lopezbosch2021-s1-476,1004613,Hipposideros larvatus,exact,lopez-bosch-2021-china,"Table S1, spreadsheet row 476, FmaxE column",lopez-bosch-2021-china-compiled,unspecified,,,,unspecified,,China,Hunan,,,,peak_frequency,mean,87.68,,,kHz,sd,2.08,87.68 ±2.08,definition_unstated,China review Table S1 cites Jiang et al 2010a (Ethology: International journal of behavioural biology; English). Name in the cited study: Hipposideros larvatus. Detector: Avisoft UltraSoundGate 116. Recording method: Hand-held. Sex: Female. Call type: CF/FMd. Values are a review extraction; this row is not independent corroboration of the cited study.
lopezbosch2021-s1-477,1004613,Hipposideros larvatus,exact,lopez-bosch-2021-china,"Table S1, spreadsheet row 477, FmaxE column",lopez-bosch-2021-china-compiled,unspecified,,,,unspecified,,China,Shaanxi,,,,peak_frequency,mean,87.84,,,kHz,sd,0.97,87.84 ±0.97,definition_unstated,China review Table S1 cites Jiang et al 2010a (Ethology: International journal of behavioural biology; English). Name in the cited study: Hipposideros larvatus. Detector: Avisoft UltraSoundGate 116. Recording method: Hand-held. Sex: Male. Call type: CF/FMd. Values are a review extraction; this row is not independent corroboration of the cited study.
lopezbosch2021-s1-478,1004613,Hipposideros larvatus,exact,lopez-bosch-2021-china,"Table S1, spreadsheet row 478, FmaxE column",lopez-bosch-2021-china-compiled,unspecified,,,,unspecified,,China,Hunan,,,,peak_frequency,mean,85.59,,,kHz,sd,2.04,85.59 ±2.04,definition_unstated,China review Table S1 cites Jiang et al 2010a (Ethology: International journal of behavioural biology; English). Name in the cited study: Hipposideros larvatus. Detector: Avisoft UltraSoundGate 116. Recording method: Hand-held. Sex: Female. Call type: CF/FMd. Values are a review extraction; this row is not independent corroboration of the cited study.
lopezbosch2021-s1-479,1004613,Hipposideros larvatus,exact,lopez-bosch-2021-china,"Table S1, spreadsheet row 479, FmaxE column",lopez-bosch-2021-china-compiled,unspecified,,,,unspecified,,China,Hubei,,,,peak_frequency,mean,84.53,,,kHz,sd,2.28,84.53 ±2.28,definition_unstated,China review Table S1 cites Jiang et al 2010a (Ethology: International journal of behavioural biology; English). Name in the cited study: Hipposideros larvatus. Detector: Avisoft UltraSoundGate 116. Recording method: Hand-held. Sex: Male. Call type: CF/FMd. Values are a review extraction; this row is not independent corroboration of the cited study.
lopezbosch2021-s1-48,1005433,Myotis macrodactylus,exact,lopez-bosch-2021-china,"Table S1, spreadsheet row 48, duration column",lopez-bosch-2021-china-compiled,unspecified,,,,free_flying_wild,,China,Yunnan,,,,duration,mean,6.6,,,ms,sd,1.4,6.6 ±1.4,definition_unstated,China review Table S1 cites Wang et al 2014a (The Journal of the Acoustical Society of North America; English). Name in the cited study: Myotis macrodactylus. Detector: Avisoft UltraSoundGate 116. Recording method: Free-flying. Sex: unstated. Call type: FM Broadband. Values are a review extraction; this row is not independent corroboration of the cited study.
lopezbosch2021-s1-48,1005433,Myotis macrodactylus,exact,lopez-bosch-2021-china,"Table S1, spreadsheet row 48, end frequency column",lopez-bosch-2021-china-compiled,unspecified,,,,free_flying_wild,,China,Yunnan,,,,end_frequency,mean,31.1,,,kHz,sd,2.4,31.1 ±2.4,definition_unstated,China review Table S1 cites Wang et al 2014a (The Journal of the Acoustical Society of North America; English). Name in the cited study: Myotis macrodactylus. Detector: Avisoft UltraSoundGate 116. Recording method: Free-flying. Sex: unstated. Call type: FM Broadband. Values are a review extraction; this row is not independent corroboration of the cited study.
lopezbosch2021-s1-48,1005433,Myotis macrodactylus,exact,lopez-bosch-2021-china,"Table S1, spreadsheet row 48, FmaxE column",lopez-bosch-2021-china-compiled,unspecified,,,,free_flying_wild,,China,Yunnan,,,,peak_frequency,mean,46.7,,,kHz,sd,3.1,46.7 ±3.1,definition_unstated,China review Table S1 cites Wang et al 2014a (The Journal of the Acoustical Society of North America; English). Name in the cited study: Myotis macrodactylus. Detector: Avisoft UltraSoundGate 116. Recording method: Free-flying. Sex: unstated. Call type: FM Broadband. Values are a review extraction; this row is not independent corroboration of the cited study.
lopezbosch2021-s1-48,1005433,Myotis macrodactylus,exact,lopez-bosch-2021-china,"Table S1, spreadsheet row 48, start frequency column",lopez-bosch-2021-china-compiled,unspecified,,,,free_flying_wild,,China,Yunnan,,,,start_frequency,mean,81.1,,,kHz,sd,6.6,81.1 ±6.6,definition_unstated,China review Table S1 cites Wang et al 2014a (The Journal of the Acoustical Society of North America; English). Name in the cited study: Myotis macrodactylus. Detector: Avisoft UltraSoundGate 116. Recording method: Free-flying. Sex: unstated. Call type: FM Broadband. Values are a review extraction; this row is not independent corroboration of the cited study.
lopezbosch2021-s1-480,1004613,Hipposideros larvatus,exact,lopez-bosch-2021-china,"Table S1, spreadsheet row 480, FmaxE column",lopez-bosch-2021-china-compiled,unspecified,,,,unspecified,,China,Yunnan,,,,peak_frequency,range,,79.2,88.0,kHz,,,(79.2 - 88.0),definition_unstated,China review Table S1 cites Zhang et al 2009 (Acta Chiropterologica; English). Name in the cited study: Hipposideros larvatus. Detector: Petterson D980. Recording method: Hand-held. Sex: unstated. Call type: CF/FMd. Values are a review extraction; this row is not independent corroboration of the cited study.
lopezbosch2021-s1-481,1004613,Hipposideros larvatus,exact,lopez-bosch-2021-china,"Table S1, spreadsheet row 481, bandwidth column",lopez-bosch-2021-china-compiled,unspecified,,,,unspecified,,China,Guizhou,,,,bandwidth,mean,15.5,,,kHz,sd,2.2,15.5 ±2.2,definition_unstated,China review Table S1 cites Zhang et al 2000b (Chinese Science Bulletin; English). Name in the cited study: Hipposideros larvatus. Detector: Ultra Sound Advice U30. Recording method: Flying (enclosure). Sex: unstated. Call type: CF/FMd. Values are a review extraction; this row is not independent corroboration of the cited study.
lopezbosch2021-s1-481,1004613,Hipposideros larvatus,exact,lopez-bosch-2021-china,"Table S1, spreadsheet row 481, FmaxE column",lopez-bosch-2021-china-compiled,unspecified,,,,unspecified,,China,Guizhou,,,,peak_frequency,mean,92.1,,,kHz,sd,0.43,92.1 ±0.43,definition_unstated,China review Table S1 cites Zhang et al 2000b (Chinese Science Bulletin; English). Name in the cited study: Hipposideros larvatus. Detector: Ultra Sound Advice U30. Recording method: Flying (enclosure). Sex: unstated. Call type: CF/FMd. Values are a review extraction; this row is not independent corroboration of the cited study.
lopezbosch2021-s1-482,1004613,Hipposideros larvatus,exact,lopez-bosch-2021-china,"Table S1, spreadsheet row 482, FmaxE column",lopez-bosch-2021-china-compiled,unspecified,,,,unspecified,,China,Guizhou,,,,peak_frequency,range,,82.8,85.6,kHz,,,(82.8 - 85.6),definition_unstated,"China review Table S1 cites Chen 2014 (Master thesis, Central South University of Forestry and Technology; Chinese with English abstract). Name in the cited study: Hipposideros larvatus. Detector: Avisoft UltraSoundGate 116. Recording method: Unknown. Sex: unstated. Call type: CF/FMd. Values are a review extraction; this row is not independent corroboration of the cited study."
lopezbosch2021-s1-483,1004637,Hipposideros pratti,synonym_via_mdd,lopez-bosch-2021-china,"Table S1, spreadsheet row 483, end frequency column",lopez-bosch-2021-china-compiled,unspecified,,,,unspecified,,China,Unknown,,,,end_frequency,mean,45.4,42.7,48.8,kHz,sd,1.4,45.4 ±1.4 (42.7 - 48.8),definition_unstated,China review Table S1 cites Fu et al 2019b (PLOS ONE; English). Name in the cited study: Hipposideros pratti. Detector: Unknown. Recording method: Unknown. Sex: unstated. Call type: CF/FMd. Values are a review extraction; this row is not independent corroboration of the cited study.
lopezbosch2021-s1-483,1004637,Hipposideros pratti,synonym_via_mdd,lopez-bosch-2021-china,"Table S1, spreadsheet row 483, FmaxE column",lopez-bosch-2021-china-compiled,unspecified,,,,unspecified,,China,Unknown,,,,peak_frequency,species_summary,58.9,,,kHz,,,58.9,definition_unstated,China review Table S1 cites Fu et al 2019b (PLOS ONE; English). Name in the cited study: Hipposideros pratti. Detector: Unknown. Recording method: Unknown. Sex: unstated. Call type: CF/FMd. Values are a review extraction; this row is not independent corroboration of the cited study.
lopezbosch2021-s1-484,1004637,Hipposideros pratti,synonym_via_mdd,lopez-bosch-2021-china,"Table S1, spreadsheet row 484, duration column",lopez-bosch-2021-china-compiled,unspecified,,,,unspecified,,China,Guizhou,,,,duration,mean,12.7,,,ms,sd,12.9,12.7 ±12.9,definition_unstated,China review Table S1 cites Wei et al 2011 (Acta Theoriologica Sinica; Chinese with English abstract). Name in the cited study: Hipposideros pratti. Detector: Unknown. Recording method: Unknown. Sex: unstated. Call type: CF/FMd. Values are a review extraction; this row is not independent corroboration of the cited study.
lopezbosch2021-s1-484,1004637,Hipposideros pratti,synonym_via_mdd,lopez-bosch-2021-china,"Table S1, spreadsheet row 484, FmaxE column",lopez-bosch-2021-china-compiled,unspecified,,,,unspecified,,China,Guizhou,,,,peak_frequency,mean,61.2,,,kHz,sd,0.8,61.2 ±0.8,definition_unstated,China review Table S1 cites Wei et al 2011 (Acta Theoriologica Sinica; Chinese with English abstract). Name in the cited study: Hipposideros pratti. Detector: Unknown. Recording method: Unknown. Sex: unstated. Call type: CF/FMd. Values are a review extraction; this row is not independent corroboration of the cited study.
lopezbosch2021-s1-485,1004637,Hipposideros pratti,synonym_via_mdd,lopez-bosch-2021-china,"Table S1, spreadsheet row 485, FmaxE column",lopez-bosch-2021-china-compiled,unspecified,,,,unspecified,,China,Guizhou,,,,peak_frequency,mean,63.2,,,kHz,sd,0.20,63.2 ±0.20,definition_unstated,China review Table S1 cites Zhao et al 2003 (Journal of Zoology (Zoological Society of London); English). Name in the cited study: Hipposideros pratti. Detector: Ultra Sound Advice U30. Recording method: Resting. Sex: unstated. Call type: CF/FMd. Values are a review extraction; this row is not independent corroboration of the cited study.
lopezbosch2021-s1-486,1004637,Hipposideros pratti,synonym_via_mdd,lopez-bosch-2021-china,"Table S1, spreadsheet row 486, end frequency column",lopez-bosch-2021-china-compiled,unspecified,,,,unspecified,,China,Guangdong,,,,end_frequency,species_summary,52,,,kHz,,,52,definition_unstated,China review Table S1 cites Feng et al 2013 (Physiology and Behaviour; English). Name in the cited study: Hipposideros pratti. Detector: 1/8'' Brüel & Kjær 4138-A-015. Recording method: Hand-held. Sex: unstated. Call type: CF/FMd. Values are a review extraction; this row is not independent corroboration of the cited study.
lopezbosch2021-s1-486,1004637,Hipposideros pratti,synonym_via_mdd,lopez-bosch-2021-china,"Table S1, spreadsheet row 486, FmaxE column",lopez-bosch-2021-china-compiled,unspecified,,,,unspecified,,China,Guangdong,,,,peak_frequency,species_summary,61,,,kHz,,,61,definition_unstated,China review Table S1 cites Feng et al 2013 (Physiology and Behaviour; English). Name in the cited study: Hipposideros pratti. Detector: 1/8'' Brüel & Kjær 4138-A-015. Recording method: Hand-held. Sex: unstated. Call type: CF/FMd. Values are a review extraction; this row is not independent corroboration of the cited study.
lopezbosch2021-s1-487,1004637,Hipposideros pratti,synonym_via_mdd,lopez-bosch-2021-china,"Table S1, spreadsheet row 487, duration column",lopez-bosch-2021-china-compiled,unspecified,,,,free_flying_wild,,China,Shandong,,,,duration,mean,6.12,,,ms,sd,0.96,6.12 ±0.96,definition_unstated,"China review Table S1 cites Chen 2003 (Master thesis, NE Normal University; Chinese with English abstract). Name in the cited study: Hipposideros pratti. Detector: Petterson D980. Recording method: Free-flying. Sex: unstated. Call type: CF/FMd. Values are a review extraction; this row is not independent corroboration of the cited study."
lopezbosch2021-s1-487,1004637,Hipposideros pratti,synonym_via_mdd,lopez-bosch-2021-china,"Table S1, spreadsheet row 487, FmaxE column",lopez-bosch-2021-china-compiled,unspecified,,,,free_flying_wild,,China,Shandong,,,,peak_frequency,mean,76.43,,,kHz,sd,0.46,76.43 ±0.46,definition_unstated,"China review Table S1 cites Chen 2003 (Master thesis, NE Normal University; Chinese with English abstract). Name in the cited study: Hipposideros pratti. Detector: Petterson D980. Recording method: Free-flying. Sex: unstated. Call type: CF/FMd. Values are a review extraction; this row is not independent corroboration of the cited study."
lopezbosch2021-s1-488,1004637,Hipposideros pratti,synonym_via_mdd,lopez-bosch-2021-china,"Table S1, spreadsheet row 488, duration column",lopez-bosch-2021-china-compiled,unspecified,,,,unspecified,,China,Guangxi,,,,duration,mean,6.93,,,ms,sd,1.36,6.93 ±1.36,definition_unstated,"China review Table S1 cites Chen 2003 (Master thesis, NE Normal University; Chinese with English abstract). Name in the cited study: Hipposideros pratti. Detector: Petterson D980. Recording method: Resting. Sex: unstated. Call type: CF/FMd. Values are a review extraction; this row is not independent corroboration of the cited study."
lopezbosch2021-s1-488,1004637,Hipposideros pratti,synonym_via_mdd,lopez-bosch-2021-china,"Table S1, spreadsheet row 488, FmaxE column",lopez-bosch-2021-china-compiled,unspecified,,,,unspecified,,China,Guangxi,,,,peak_frequency,mean,76.58,,,kHz,sd,0.31,76.58 ±0.31,definition_unstated,"China review Table S1 cites Chen 2003 (Master thesis, NE Normal University; Chinese with English abstract). Name in the cited study: Hipposideros pratti. Detector: Petterson D980. Recording method: Resting. Sex: unstated. Call type: CF/FMd. Values are a review extraction; this row is not independent corroboration of the cited study."
lopezbosch2021-s1-489,1004637,Hipposideros pratti,synonym_via_mdd,lopez-bosch-2021-china,"Table S1, spreadsheet row 489, bandwidth column",lopez-bosch-2021-china-compiled,unspecified,,,,unspecified,,China,Yunnan,,,,bandwidth,mean,10.2,3.1,15.3,kHz,sd,2.9,10.2 ±2.9 (3.1 - 15.3),definition_unstated,China review Table S1 cites Fu et al 2019a (Journal of Comparative Physiology; English). Name in the cited study: Hipposideros pratti. Detector: Petterson D1000X. Recording method: Resting. Sex: unstated. Call type: CF/FMd. Values are a review extraction; this row is not independent corroboration of the cited study.
lopezbosch2021-s1-489,1004637,Hipposideros pratti,synonym_via_mdd,lopez-bosch-2021-china,"Table S1, spreadsheet row 489, duration column",lopez-bosch-2021-china-compiled,unspecified,,,,unspecified,,China,Yunnan,,,,duration,mean,7.7,3.3,17.1,ms,sd,2.3,7.7 ±2.3 (3.3 - 17.1),definition_unstated,China review Table S1 cites Fu et al 2019a (Journal of Comparative Physiology; English). Name in the cited study: Hipposideros pratti. Detector: Petterson D1000X. Recording method: Resting. Sex: unstated. Call type: CF/FMd. Values are a review extraction; this row is not independent corroboration of the cited study.
lopezbosch2021-s1-489,1004637,Hipposideros pratti,synonym_via_mdd,lopez-bosch-2021-china,"Table S1, spreadsheet row 489, FmaxE column",lopez-bosch-2021-china-compiled,unspecified,,,,unspecified,,China,Yunnan,,,,peak_frequency,mean,60.6,59.2,60.9,kHz,sd,0.6,60.6 ±0.6 (59.2 - 60.9),definition_unstated,China review Table S1 cites Fu et al 2019a (Journal of Comparative Physiology; English). Name in the cited study: Hipposideros pratti. Detector: Petterson D1000X. Recording method: Resting. Sex: unstated. Call type: CF/FMd. Values are a review extraction; this row is not independent corroboration of the cited study.
lopezbosch2021-s1-49,1005433,Myotis macrodactylus,exact,lopez-bosch-2021-china,"Table S1, spreadsheet row 49, duration column",lopez-bosch-2021-china-compiled,unspecified,,,,free_flying_wild,,China,Yunnan,,,,duration,mean,5.4,,,ms,sd,0.8,5.4 ±0.8,definition_unstated,China review Table S1 cites Wang et al 2014a (The Journal of the Acoustical Society of North America; English). Name in the cited study: Myotis macrodactylus. Detector: Avisoft UltraSoundGate 116. Recording method: Free-flying. Sex: unstated. Call type: FM Broadband. Values are a review extraction; this row is not independent corroboration of the cited study.
lopezbosch2021-s1-49,1005433,Myotis macrodactylus,exact,lopez-bosch-2021-china,"Table S1, spreadsheet row 49, end frequency column",lopez-bosch-2021-china-compiled,unspecified,,,,free_flying_wild,,China,Yunnan,,,,end_frequency,mean,30.4,,,kHz,sd,2.1,30.4 ±2.1,definition_unstated,China review Table S1 cites Wang et al 2014a (The Journal of the Acoustical Society of North America; English). Name in the cited study: Myotis macrodactylus. Detector: Avisoft UltraSoundGate 116. Recording method: Free-flying. Sex: unstated. Call type: FM Broadband. Values are a review extraction; this row is not independent corroboration of the cited study.
lopezbosch2021-s1-49,1005433,Myotis macrodactylus,exact,lopez-bosch-2021-china,"Table S1, spreadsheet row 49, FmaxE column",lopez-bosch-2021-china-compiled,unspecified,,,,free_flying_wild,,China,Yunnan,,,,peak_frequency,mean,47.7,,,kHz,sd,3.1,47.7 ±3.1,definition_unstated,China review Table S1 cites Wang et al 2014a (The Journal of the Acoustical Society of North America; English). Name in the cited study: Myotis macrodactylus. Detector: Avisoft UltraSoundGate 116. Recording method: Free-flying. Sex: unstated. Call type: FM Broadband. Values are a review extraction; this row is not independent corroboration of the cited study.
lopezbosch2021-s1-49,1005433,Myotis macrodactylus,exact,lopez-bosch-2021-china,"Table S1, spreadsheet row 49, start frequency column",lopez-bosch-2021-china-compiled,unspecified,,,,free_flying_wild,,China,Yunnan,,,,start_frequency,mean,84.2,,,kHz,sd,5.7,84.2 ±5.7,definition_unstated,China review Table S1 cites Wang et al 2014a (The Journal of the Acoustical Society of North America; English). Name in the cited study: Myotis macrodactylus. Detector: Avisoft UltraSoundGate 116. Recording method: Free-flying. Sex: unstated. Call type: FM Broadband. Values are a review extraction; this row is not independent corroboration of the cited study.
lopezbosch2021-s1-490,1004637,Hipposideros pratti,synonym_via_mdd,lopez-bosch-2021-china,"Table S1, spreadsheet row 490, FmaxE column",lopez-bosch-2021-china-compiled,unspecified,,,,unspecified,,China,Guangxi,,,,peak_frequency,range,,58.2,61.9,kHz,,,(58.2 - 61.9),definition_unstated,China review Table S1 cites Zhang et al 2009 (Acta Chiropterologica; English). Name in the cited study: Hipposideros pratti. Detector: Petterson D980. Recording method: Hand-held. Sex: unstated. Call type: CF/FMd. Values are a review extraction; this row is not independent corroboration of the cited study.
lopezbosch2021-s1-491,1004637,Hipposideros pratti,synonym_via_mdd,lopez-bosch-2021-china,"Table S1, spreadsheet row 491, FmaxE column",lopez-bosch-2021-china-compiled,unspecified,,,,unspecified,,China,Guangdong,,,,peak_frequency,species_summary,59,,,kHz,,,59,definition_unstated,China review Table S1 cites Tang et al 2017 (Physiology and Behaviour; English). Name in the cited study: Hipposideros pratti. Detector: Unknown. Recording method: Unknown. Sex: unstated. Call type: CF/FMd. Values are a review extraction; this row is not independent corroboration of the cited study.
lopezbosch2021-s1-492,1004637,Hipposideros pratti,synonym_via_mdd,lopez-bosch-2021-china,"Table S1, spreadsheet row 492, bandwidth column",lopez-bosch-2021-china-compiled,unspecified,,,,unspecified,,China,Guangxi,,,,bandwidth,mean,9.38,8.1,10.9,kHz,sd,0.81,9.38 ±0.81 (8.1 - 10.9),definition_unstated,China review Table S1 cites Fu et al 2015 (Zoological Studies; English). Name in the cited study: Hipposideros pratti. Detector: Petterson D1000X. Recording method: Resting. Sex: Female. Call type: CF/FMd. Values are a review extraction; this row is not independent corroboration of the cited study.
lopezbosch2021-s1-492,1004637,Hipposideros pratti,synonym_via_mdd,lopez-bosch-2021-china,"Table S1, spreadsheet row 492, duration column",lopez-bosch-2021-china-compiled,unspecified,,,,unspecified,,China,Guangxi,,,,duration,mean,7.3,5.4,10.9,ms,sd,1.6,7.3 ±1.6 (5.4 - 10.9),definition_unstated,China review Table S1 cites Fu et al 2015 (Zoological Studies; English). Name in the cited study: Hipposideros pratti. Detector: Petterson D1000X. Recording method: Resting. Sex: Female. Call type: CF/FMd. Values are a review extraction; this row is not independent corroboration of the cited study.
lopezbosch2021-s1-492,1004637,Hipposideros pratti,synonym_via_mdd,lopez-bosch-2021-china,"Table S1, spreadsheet row 492, FmaxE column",lopez-bosch-2021-china-compiled,unspecified,,,,unspecified,,China,Guangxi,,,,peak_frequency,mean,59.28,58.0,59.9,kHz,sd,0.56,59.28 ±0.56 (58.0 - 59.9),definition_unstated,China review Table S1 cites Fu et al 2015 (Zoological Studies; English). Name in the cited study: Hipposideros pratti. Detector: Petterson D1000X. Recording method: Resting. Sex: Female. Call type: CF/FMd. Values are a review extraction; this row is not independent corroboration of the cited study.
lopezbosch2021-s1-493,1004637,Hipposideros pratti,synonym_via_mdd,lopez-bosch-2021-china,"Table S1, spreadsheet row 493, bandwidth column",lopez-bosch-2021-china-compiled,unspecified,,,,unspecified,,China,Guangxi,,,,bandwidth,mean,10.08,9.1,12.7,kHz,sd,1.01,10.08 ±1.01 (9.1 - 12.7),definition_unstated,China review Table S1 cites Fu et al 2015 (Zoological Studies; English). Name in the cited study: Hipposideros pratti. Detector: Petterson D1000X. Recording method: Resting. Sex: Male. Call type: CF/FMd. Values are a review extraction; this row is not independent corroboration of the cited study.
lopezbosch2021-s1-493,1004637,Hipposideros pratti,synonym_via_mdd,lopez-bosch-2021-china,"Table S1, spreadsheet row 493, duration column",lopez-bosch-2021-china-compiled,unspecified,,,,unspecified,,China,Guangxi,,,,duration,mean,5.7,4.2,8.8,ms,sd,1.1,5.7 ±1.1 (4.2 - 8.8),definition_unstated,China review Table S1 cites Fu et al 2015 (Zoological Studies; English). Name in the cited study: Hipposideros pratti. Detector: Petterson D1000X. Recording method: Resting. Sex: Male. Call type: CF/FMd. Values are a review extraction; this row is not independent corroboration of the cited study.
lopezbosch2021-s1-493,1004637,Hipposideros pratti,synonym_via_mdd,lopez-bosch-2021-china,"Table S1, spreadsheet row 493, FmaxE column",lopez-bosch-2021-china-compiled,unspecified,,,,unspecified,,China,Guangxi,,,,peak_frequency,mean,59.91,58.8,60.5,kHz,sd,0.43,59.91 ±0.43 (58.8 - 60.5),definition_unstated,China review Table S1 cites Fu et al 2015 (Zoological Studies; English). Name in the cited study: Hipposideros pratti. Detector: Petterson D1000X. Recording method: Resting. Sex: Male. Call type: CF/FMd. Values are a review extraction; this row is not independent corroboration of the cited study.
lopezbosch2021-s1-494,1004637,Hipposideros pratti,synonym_via_mdd,lopez-bosch-2021-china,"Table S1, spreadsheet row 494, duration column",lopez-bosch-2021-china-compiled,unspecified,,,,unspecified,,China,Guangxi,,,,duration,mean,6.1,,,ms,sd,1.0,6.1 ±1.0,definition_unstated,China review Table S1 cites Jiang et al 2002a (Acta Ecologica Sinica; Chinese with English abstract). Name in the cited study: Hipposideros pratti. Detector: Ultra Sound Advice U30. Recording method: Various. Sex: unstated. Call type: CF/FMd. Values are a review extraction; this row is not independent corroboration of the cited study.
lopezbosch2021-s1-494,1004637,Hipposideros pratti,synonym_via_mdd,lopez-bosch-2021-china,"Table S1, spreadsheet row 494, FmaxE column",lopez-bosch-2021-china-compiled,unspecified,,,,unspecified,,China,Guangxi,,,,peak_frequency,mean,76.4,,,kHz,sd,0.5,76.4 ±0.5,definition_unstated,China review Table S1 cites Jiang et al 2002a (Acta Ecologica Sinica; Chinese with English abstract). Name in the cited study: Hipposideros pratti. Detector: Ultra Sound Advice U30. Recording method: Various. Sex: unstated. Call type: CF/FMd. Values are a review extraction; this row is not independent corroboration of the cited study.
lopezbosch2021-s1-495,1004826,Taphozous melanopogon,exact,lopez-bosch-2021-china,"Table S1, spreadsheet row 495, duration column",lopez-bosch-2021-china-compiled,unspecified,,,,unspecified,,China,Guangxi,,,,duration,mean,5.77,,,ms,sd,0.90,5.77 ±0.90,definition_unstated,China review Table S1 cites Wei et al 2006 (Zoological Research; Chinese with English abstract). Name in the cited study: Taphozous melanopogon. Detector: Petterson D240X. Recording method: Unknown. Sex: unstated. Call type: Narrowband QCF. Values are a review extraction; this row is not independent corroboration of the cited study.
lopezbosch2021-s1-495,1004826,Taphozous melanopogon,exact,lopez-bosch-2021-china,"Table S1, spreadsheet row 495, end frequency column",lopez-bosch-2021-china-compiled,unspecified,,,,unspecified,,China,Guangxi,,,,end_frequency,mean,22.23,,,kHz,sd,1.37,22.23 ±1.37,definition_unstated,China review Table S1 cites Wei et al 2006 (Zoological Research; Chinese with English abstract). Name in the cited study: Taphozous melanopogon. Detector: Petterson D240X. Recording method: Unknown. Sex: unstated. Call type: Narrowband QCF. Values are a review extraction; this row is not independent corroboration of the cited study.
lopezbosch2021-s1-495,1004826,Taphozous melanopogon,exact,lopez-bosch-2021-china,"Table S1, spreadsheet row 495, FmaxE column",lopez-bosch-2021-china-compiled,unspecified,,,,unspecified,,China,Guangxi,,,,peak_frequency,mean,30.64,,,kHz,sd,1.17,30.64 ±1.17,definition_unstated,China review Table S1 cites Wei et al 2006 (Zoological Research; Chinese with English abstract). Name in the cited study: Taphozous melanopogon. Detector: Petterson D240X. Recording method: Unknown. Sex: unstated. Call type: Narrowband QCF. Values are a review extraction; this row is not independent corroboration of the cited study.
lopezbosch2021-s1-495,1004826,Taphozous melanopogon,exact,lopez-bosch-2021-china,"Table S1, spreadsheet row 495, start frequency column",lopez-bosch-2021-china-compiled,unspecified,,,,unspecified,,China,Guangxi,,,,start_frequency,mean,31.87,,,kHz,sd,1.20,31.87 ±1.20,definition_unstated,China review Table S1 cites Wei et al 2006 (Zoological Research; Chinese with English abstract). Name in the cited study: Taphozous melanopogon. Detector: Petterson D240X. Recording method: Unknown. Sex: unstated. Call type: Narrowband QCF. Values are a review extraction; this row is not independent corroboration of the cited study.
lopezbosch2021-s1-496,1004826,Taphozous melanopogon,exact,lopez-bosch-2021-china,"Table S1, spreadsheet row 496, FmaxE column",lopez-bosch-2021-china-compiled,unspecified,,,,free_flying_wild,,China,Jilin,,,,peak_frequency,species_summary,30.67,,,kHz,,,30.67,definition_unstated,China review Table S1 cites Wang et al 2018 (Scientific Reports; English). Name in the cited study: Taphozous melanopogon. Detector: Avisoft UltraSoundGate 116. Recording method: Free-flying. Sex: unstated. Call type: Narrowband QCF. Values are a review extraction; this row is not independent corroboration of the cited study.
lopezbosch2021-s1-497,1004826,Taphozous melanopogon,exact,lopez-bosch-2021-china,"Table S1, spreadsheet row 497, duration column",lopez-bosch-2021-china-compiled,unspecified,,,,hand_release,,China,Unknown,,,,duration,mean,7.87,,,ms,sd,1.74,7.87 ±1.74,definition_unstated,China review Table S1 cites Wei et al 2008 (Acta Chiropterologica; English). Name in the cited study: Taphozous melanopogon. Detector: Petterson D980. Recording method: Hand-released. Sex: unstated. Call type: Narrowband QCF. Values are a review extraction; this row is not independent corroboration of the cited study.
lopezbosch2021-s1-497,1004826,Taphozous melanopogon,exact,lopez-bosch-2021-china,"Table S1, spreadsheet row 497, end frequency column",lopez-bosch-2021-china-compiled,unspecified,,,,hand_release,,China,Unknown,,,,end_frequency,mean,22.72,,,kHz,sd,2.62,22.72 ±2.62,definition_unstated,China review Table S1 cites Wei et al 2008 (Acta Chiropterologica; English). Name in the cited study: Taphozous melanopogon. Detector: Petterson D980. Recording method: Hand-released. Sex: unstated. Call type: Narrowband QCF. Values are a review extraction; this row is not independent corroboration of the cited study.
lopezbosch2021-s1-497,1004826,Taphozous melanopogon,exact,lopez-bosch-2021-china,"Table S1, spreadsheet row 497, FmaxE column",lopez-bosch-2021-china-compiled,unspecified,,,,hand_release,,China,Unknown,,,,peak_frequency,mean,30.1,,,kHz,sd,3.41,30.1 ±3.41,definition_unstated,China review Table S1 cites Wei et al 2008 (Acta Chiropterologica; English). Name in the cited study: Taphozous melanopogon. Detector: Petterson D980. Recording method: Hand-released. Sex: unstated. Call type: Narrowband QCF. Values are a review extraction; this row is not independent corroboration of the cited study.
lopezbosch2021-s1-497,1004826,Taphozous melanopogon,exact,lopez-bosch-2021-china,"Table S1, spreadsheet row 497, start frequency column",lopez-bosch-2021-china-compiled,unspecified,,,,hand_release,,China,Unknown,,,,start_frequency,mean,30.14,,,kHz,sd,2.58,30.14 ±2.58,definition_unstated,China review Table S1 cites Wei et al 2008 (Acta Chiropterologica; English). Name in the cited study: Taphozous melanopogon. Detector: Petterson D980. Recording method: Hand-released. Sex: unstated. Call type: Narrowband QCF. Values are a review extraction; this row is not independent corroboration of the cited study.
lopezbosch2021-s1-5,1005357,Eudiscopus denticulus,exact,lopez-bosch-2021-china,"Table S1, spreadsheet row 5, duration column",lopez-bosch-2021-china-compiled,unspecified,,,,unspecified,,China,Guizhou,,,,duration,mean,3.1,2.8,3.7,ms,sd,0.24,3.1 ±0.24 (2.8 - 3.7),definition_unstated,China review Table S1 cites Yu et al 2021 (Zoological Research; English). Name in the cited study: Eudiscopus denticulus. Detector: Petterson D500X. Recording method: Flying (enclosure). Sex: unstated. Call type: FM-QCF. Values are a review extraction; this row is not independent corroboration of the cited study.
lopezbosch2021-s1-5,1005357,Eudiscopus denticulus,exact,lopez-bosch-2021-china,"Table S1, spreadsheet row 5, max frequency column",lopez-bosch-2021-china-compiled,unspecified,,,,unspecified,,China,Guizhou,,,,max_frequency,mean,98.3,92,104,kHz,sd,3.25,98.3 ±3.25 (92 - 104),definition_unstated,China review Table S1 cites Yu et al 2021 (Zoological Research; English). Name in the cited study: Eudiscopus denticulus. Detector: Petterson D500X. Recording method: Flying (enclosure). Sex: unstated. Call type: FM-QCF. Values are a review extraction; this row is not independent corroboration of the cited study.
lopezbosch2021-s1-5,1005357,Eudiscopus denticulus,exact,lopez-bosch-2021-china,"Table S1, spreadsheet row 5, min frequency column",lopez-bosch-2021-china-compiled,unspecified,,,,unspecified,,China,Guizhou,,,,min_frequency,mean,49.9,45,54.4,kHz,sd,2.02,49.9 ±2.02 (45 - 54.4),definition_unstated,China review Table S1 cites Yu et al 2021 (Zoological Research; English). Name in the cited study: Eudiscopus denticulus. Detector: Petterson D500X. Recording method: Flying (enclosure). Sex: unstated. Call type: FM-QCF. Values are a review extraction; this row is not independent corroboration of the cited study.
lopezbosch2021-s1-5,1005357,Eudiscopus denticulus,exact,lopez-bosch-2021-china,"Table S1, spreadsheet row 5, FmaxE column",lopez-bosch-2021-china-compiled,unspecified,,,,unspecified,,China,Guizhou,,,,peak_frequency,mean,53.3,50.1,55,kHz,sd,1.29,53.3 ±1.29 (50.1 - 55),definition_unstated,China review Table S1 cites Yu et al 2021 (Zoological Research; English). Name in the cited study: Eudiscopus denticulus. Detector: Petterson D500X. Recording method: Flying (enclosure). Sex: unstated. Call type: FM-QCF. Values are a review extraction; this row is not independent corroboration of the cited study.
lopezbosch2021-s1-50,1005433,Myotis macrodactylus,exact,lopez-bosch-2021-china,"Table S1, spreadsheet row 50, duration column",lopez-bosch-2021-china-compiled,unspecified,,,,free_flying_wild,,China,"Guangdong, Guangxi, Yunnan",,,,duration,mean,5.1,,,ms,sd,1.1,5.1 ±1.1,definition_unstated,China review Table S1 cites Wang et al 2014a (The Journal of the Acoustical Society of North America; English). Name in the cited study: Myotis macrodactylus. Detector: Avisoft UltraSoundGate 116. Recording method: Free-flying. Sex: unstated. Call type: FM Broadband. Values are a review extraction; this row is not independent corroboration of the cited study.
lopezbosch2021-s1-50,1005433,Myotis macrodactylus,exact,lopez-bosch-2021-china,"Table S1, spreadsheet row 50, end frequency column",lopez-bosch-2021-china-compiled,unspecified,,,,free_flying_wild,,China,"Guangdong, Guangxi, Yunnan",,,,end_frequency,mean,32.5,,,kHz,sd,1.9,32.5 ±1.9,definition_unstated,China review Table S1 cites Wang et al 2014a (The Journal of the Acoustical Society of North America; English). Name in the cited study: Myotis macrodactylus. Detector: Avisoft UltraSoundGate 116. Recording method: Free-flying. Sex: unstated. Call type: FM Broadband. Values are a review extraction; this row is not independent corroboration of the cited study.
lopezbosch2021-s1-50,1005433,Myotis macrodactylus,exact,lopez-bosch-2021-china,"Table S1, spreadsheet row 50, FmaxE column",lopez-bosch-2021-china-compiled,unspecified,,,,free_flying_wild,,China,"Guangdong, Guangxi, Yunnan",,,,peak_frequency,mean,49.9,,,kHz,sd,5.1,49.9 ±5.1,definition_unstated,China review Table S1 cites Wang et al 2014a (The Journal of the Acoustical Society of North America; English). Name in the cited study: Myotis macrodactylus. Detector: Avisoft UltraSoundGate 116. Recording method: Free-flying. Sex: unstated. Call type: FM Broadband. Values are a review extraction; this row is not independent corroboration of the cited study.
lopezbosch2021-s1-50,1005433,Myotis macrodactylus,exact,lopez-bosch-2021-china,"Table S1, spreadsheet row 50, start frequency column",lopez-bosch-2021-china-compiled,unspecified,,,,free_flying_wild,,China,"Guangdong, Guangxi, Yunnan",,,,start_frequency,mean,88.0,,,kHz,sd,6.9,88.0 ±6.9,definition_unstated,China review Table S1 cites Wang et al 2014a (The Journal of the Acoustical Society of North America; English). Name in the cited study: Myotis macrodactylus. Detector: Avisoft UltraSoundGate 116. Recording method: Free-flying. Sex: unstated. Call type: FM Broadband. Values are a review extraction; this row is not independent corroboration of the cited study.
lopezbosch2021-s1-51,1005433,Myotis macrodactylus,exact,lopez-bosch-2021-china,"Table S1, spreadsheet row 51, duration column",lopez-bosch-2021-china-compiled,unspecified,,,,free_flying_wild,,China,Guangdong,,,,duration,mean,4.8,,,ms,sd,0.7,4.8 ±0.7,definition_unstated,China review Table S1 cites Wang et al 2014a (The Journal of the Acoustical Society of North America; English). Name in the cited study: Myotis macrodactylus. Detector: Avisoft UltraSoundGate 116. Recording method: Free-flying. Sex: unstated. Call type: FM Broadband. Values are a review extraction; this row is not independent corroboration of the cited study.
lopezbosch2021-s1-51,1005433,Myotis macrodactylus,exact,lopez-bosch-2021-china,"Table S1, spreadsheet row 51, end frequency column",lopez-bosch-2021-china-compiled,unspecified,,,,free_flying_wild,,China,Guangdong,,,,end_frequency,mean,31.5,,,kHz,sd,2.4,31.5 ±2.4,definition_unstated,China review Table S1 cites Wang et al 2014a (The Journal of the Acoustical Society of North America; English). Name in the cited study: Myotis macrodactylus. Detector: Avisoft UltraSoundGate 116. Recording method: Free-flying. Sex: unstated. Call type: FM Broadband. Values are a review extraction; this row is not independent corroboration of the cited study.
lopezbosch2021-s1-51,1005433,Myotis macrodactylus,exact,lopez-bosch-2021-china,"Table S1, spreadsheet row 51, FmaxE column",lopez-bosch-2021-china-compiled,unspecified,,,,free_flying_wild,,China,Guangdong,,,,peak_frequency,mean,50.8,,,kHz,sd,4.3,50.8 ±4.3,definition_unstated,China review Table S1 cites Wang et al 2014a (The Journal of the Acoustical Society of North America; English). Name in the cited study: Myotis macrodactylus. Detector: Avisoft UltraSoundGate 116. Recording method: Free-flying. Sex: unstated. Call type: FM Broadband. Values are a review extraction; this row is not independent corroboration of the cited study.
lopezbosch2021-s1-51,1005433,Myotis macrodactylus,exact,lopez-bosch-2021-china,"Table S1, spreadsheet row 51, start frequency column",lopez-bosch-2021-china-compiled,unspecified,,,,free_flying_wild,,China,Guangdong,,,,start_frequency,mean,91.1,,,kHz,sd,4.9,91.1 ±4.9,definition_unstated,China review Table S1 cites Wang et al 2014a (The Journal of the Acoustical Society of North America; English). Name in the cited study: Myotis macrodactylus. Detector: Avisoft UltraSoundGate 116. Recording method: Free-flying. Sex: unstated. Call type: FM Broadband. Values are a review extraction; this row is not independent corroboration of the cited study.
lopezbosch2021-s1-52,1005433,Myotis macrodactylus,exact,lopez-bosch-2021-china,"Table S1, spreadsheet row 52, duration column",lopez-bosch-2021-china-compiled,unspecified,,,,free_flying_wild,,China,Guangxi,,,,duration,mean,4.1,,,ms,sd,0.8,4.1 ±0.8,definition_unstated,China review Table S1 cites Wang et al 2014a (The Journal of the Acoustical Society of North America; English). Name in the cited study: Myotis macrodactylus. Detector: Avisoft UltraSoundGate 116. Recording method: Free-flying. Sex: unstated. Call type: FM Broadband. Values are a review extraction; this row is not independent corroboration of the cited study.
lopezbosch2021-s1-52,1005433,Myotis macrodactylus,exact,lopez-bosch-2021-china,"Table S1, spreadsheet row 52, end frequency column",lopez-bosch-2021-china-compiled,unspecified,,,,free_flying_wild,,China,Guangxi,,,,end_frequency,mean,34.2,,,kHz,sd,3.7,34.2 ±3.7,definition_unstated,China review Table S1 cites Wang et al 2014a (The Journal of the Acoustical Society of North America; English). Name in the cited study: Myotis macrodactylus. Detector: Avisoft UltraSoundGate 116. Recording method: Free-flying. Sex: unstated. Call type: FM Broadband. Values are a review extraction; this row is not independent corroboration of the cited study.
lopezbosch2021-s1-52,1005433,Myotis macrodactylus,exact,lopez-bosch-2021-china,"Table S1, spreadsheet row 52, FmaxE column",lopez-bosch-2021-china-compiled,unspecified,,,,free_flying_wild,,China,Guangxi,,,,peak_frequency,mean,53.1,,,kHz,sd,5.8,53.1 ±5.8,definition_unstated,China review Table S1 cites Wang et al 2014a (The Journal of the Acoustical Society of North America; English). Name in the cited study: Myotis macrodactylus. Detector: Avisoft UltraSoundGate 116. Recording method: Free-flying. Sex: unstated. Call type: FM Broadband. Values are a review extraction; this row is not independent corroboration of the cited study.
lopezbosch2021-s1-52,1005433,Myotis macrodactylus,exact,lopez-bosch-2021-china,"Table S1, spreadsheet row 52, start frequency column",lopez-bosch-2021-china-compiled,unspecified,,,,free_flying_wild,,China,Guangxi,,,,start_frequency,mean,97.7,,,kHz,sd,8.2,97.7 ±8.2,definition_unstated,China review Table S1 cites Wang et al 2014a (The Journal of the Acoustical Society of North America; English). Name in the cited study: Myotis macrodactylus. Detector: Avisoft UltraSoundGate 116. Recording method: Free-flying. Sex: unstated. Call type: FM Broadband. Values are a review extraction; this row is not independent corroboration of the cited study.
lopezbosch2021-s1-53,1005433,Myotis macrodactylus,exact,lopez-bosch-2021-china,"Table S1, spreadsheet row 53, bandwidth column",lopez-bosch-2021-china-compiled,unspecified,,,,free_flying_wild,,China,Guangxi,,,,bandwidth,mean,37.73,,,kHz,sd,5.47,37.73 ±5.47,definition_unstated,China review Table S1 cites Luo et al 2012 (Acta Theriologica; English). Name in the cited study: Myotis macrodactylus. Detector: Avisoft UltraSoundGate 116. Recording method: Emergence. Sex: unstated. Call type: FM Broadband. Values are a review extraction; this row is not independent corroboration of the cited study.
lopezbosch2021-s1-53,1005433,Myotis macrodactylus,exact,lopez-bosch-2021-china,"Table S1, spreadsheet row 53, duration column",lopez-bosch-2021-china-compiled,unspecified,,,,free_flying_wild,,China,Guangxi,,,,duration,mean,5.26,,,ms,sd,0.56,5.26 ±0.56,definition_unstated,China review Table S1 cites Luo et al 2012 (Acta Theriologica; English). Name in the cited study: Myotis macrodactylus. Detector: Avisoft UltraSoundGate 116. Recording method: Emergence. Sex: unstated. Call type: FM Broadband. Values are a review extraction; this row is not independent corroboration of the cited study.
lopezbosch2021-s1-53,1005433,Myotis macrodactylus,exact,lopez-bosch-2021-china,"Table S1, spreadsheet row 53, end frequency column",lopez-bosch-2021-china-compiled,unspecified,,,,free_flying_wild,,China,Guangxi,,,,end_frequency,mean,43.56,,,kHz,sd,1.50,43.56 ±1.50,definition_unstated,China review Table S1 cites Luo et al 2012 (Acta Theriologica; English). Name in the cited study: Myotis macrodactylus. Detector: Avisoft UltraSoundGate 116. Recording method: Emergence. Sex: unstated. Call type: FM Broadband. Values are a review extraction; this row is not independent corroboration of the cited study.
lopezbosch2021-s1-53,1005433,Myotis macrodactylus,exact,lopez-bosch-2021-china,"Table S1, spreadsheet row 53, FmaxE column",lopez-bosch-2021-china-compiled,unspecified,,,,free_flying_wild,,China,Guangxi,,,,peak_frequency,mean,52.92,,,kHz,sd,2.53,52.92 ±2.53,definition_unstated,China review Table S1 cites Luo et al 2012 (Acta Theriologica; English). Name in the cited study: Myotis macrodactylus. Detector: Avisoft UltraSoundGate 116. Recording method: Emergence. Sex: unstated. Call type: FM Broadband. Values are a review extraction; this row is not independent corroboration of the cited study.
lopezbosch2021-s1-53,1005433,Myotis macrodactylus,exact,lopez-bosch-2021-china,"Table S1, spreadsheet row 53, start frequency column",lopez-bosch-2021-china-compiled,unspecified,,,,free_flying_wild,,China,Guangxi,,,,start_frequency,mean,81.29,,,kHz,sd,6.01,81.29 ±6.01,definition_unstated,China review Table S1 cites Luo et al 2012 (Acta Theriologica; English). Name in the cited study: Myotis macrodactylus. Detector: Avisoft UltraSoundGate 116. Recording method: Emergence. Sex: unstated. Call type: FM Broadband. Values are a review extraction; this row is not independent corroboration of the cited study.
lopezbosch2021-s1-54,1005433,Myotis macrodactylus,exact,lopez-bosch-2021-china,"Table S1, spreadsheet row 54, bandwidth column",lopez-bosch-2021-china-compiled,unspecified,,,,free_flying_wild,,China,Guizhou,,,,bandwidth,mean,34.73,,,kHz,sd,7.20,34.73 ±7.20,definition_unstated,China review Table S1 cites Luo et al 2012 (Acta Theriologica; English). Name in the cited study: Myotis macrodactylus. Detector: Avisoft UltraSoundGate 116. Recording method: Emergence. Sex: unstated. Call type: FM Broadband. Values are a review extraction; this row is not independent corroboration of the cited study.
lopezbosch2021-s1-54,1005433,Myotis macrodactylus,exact,lopez-bosch-2021-china,"Table S1, spreadsheet row 54, duration column",lopez-bosch-2021-china-compiled,unspecified,,,,free_flying_wild,,China,Guizhou,,,,duration,mean,6.27,,,ms,sd,0.93,6.27 ±0.93,definition_unstated,China review Table S1 cites Luo et al 2012 (Acta Theriologica; English). Name in the cited study: Myotis macrodactylus. Detector: Avisoft UltraSoundGate 116. Recording method: Emergence. Sex: unstated. Call type: FM Broadband. Values are a review extraction; this row is not independent corroboration of the cited study.
lopezbosch2021-s1-54,1005433,Myotis macrodactylus,exact,lopez-bosch-2021-china,"Table S1, spreadsheet row 54, end frequency column",lopez-bosch-2021-china-compiled,unspecified,,,,free_flying_wild,,China,Guizhou,,,,end_frequency,mean,42.80,,,kHz,sd,1.92,42.80 ±1.92,definition_unstated,China review Table S1 cites Luo et al 2012 (Acta Theriologica; English). Name in the cited study: Myotis macrodactylus. Detector: Avisoft UltraSoundGate 116. Recording method: Emergence. Sex: unstated. Call type: FM Broadband. Values are a review extraction; this row is not independent corroboration of the cited study.
lopezbosch2021-s1-54,1005433,Myotis macrodactylus,exact,lopez-bosch-2021-china,"Table S1, spreadsheet row 54, FmaxE column",lopez-bosch-2021-china-compiled,unspecified,,,,free_flying_wild,,China,Guizhou,,,,peak_frequency,mean,50.17,,,kHz,sd,4.21,50.17 ±4.21,definition_unstated,China review Table S1 cites Luo et al 2012 (Acta Theriologica; English). Name in the cited study: Myotis macrodactylus. Detector: Avisoft UltraSoundGate 116. Recording method: Emergence. Sex: unstated. Call type: FM Broadband. Values are a review extraction; this row is not independent corroboration of the cited study.
lopezbosch2021-s1-54,1005433,Myotis macrodactylus,exact,lopez-bosch-2021-china,"Table S1, spreadsheet row 54, start frequency column",lopez-bosch-2021-china-compiled,unspecified,,,,free_flying_wild,,China,Guizhou,,,,start_frequency,mean,77.53,,,kHz,sd,7.64,77.53 ±7.64,definition_unstated,China review Table S1 cites Luo et al 2012 (Acta Theriologica; English). Name in the cited study: Myotis macrodactylus. Detector: Avisoft UltraSoundGate 116. Recording method: Emergence. Sex: unstated. Call type: FM Broadband. Values are a review extraction; this row is not independent corroboration of the cited study.
lopezbosch2021-s1-55,1005433,Myotis macrodactylus,exact,lopez-bosch-2021-china,"Table S1, spreadsheet row 55, bandwidth column",lopez-bosch-2021-china-compiled,unspecified,,,,free_flying_wild,,China,"Guangdong, Guangxi, Yunnan",,,,bandwidth,mean,29.50,,,kHz,sd,5.33,29.50 ±5.33,definition_unstated,China review Table S1 cites Luo et al 2012 (Acta Theriologica; English). Name in the cited study: Myotis macrodactylus. Detector: Avisoft UltraSoundGate 116. Recording method: Emergence. Sex: unstated. Call type: FM Broadband. Values are a review extraction; this row is not independent corroboration of the cited study.
lopezbosch2021-s1-55,1005433,Myotis macrodactylus,exact,lopez-bosch-2021-china,"Table S1, spreadsheet row 55, duration column",lopez-bosch-2021-china-compiled,unspecified,,,,free_flying_wild,,China,"Guangdong, Guangxi, Yunnan",,,,duration,mean,7.11,,,ms,sd,1.22,7.11 ±1.22,definition_unstated,China review Table S1 cites Luo et al 2012 (Acta Theriologica; English). Name in the cited study: Myotis macrodactylus. Detector: Avisoft UltraSoundGate 116. Recording method: Emergence. Sex: unstated. Call type: FM Broadband. Values are a review extraction; this row is not independent corroboration of the cited study.
lopezbosch2021-s1-55,1005433,Myotis macrodactylus,exact,lopez-bosch-2021-china,"Table S1, spreadsheet row 55, end frequency column",lopez-bosch-2021-china-compiled,unspecified,,,,free_flying_wild,,China,"Guangdong, Guangxi, Yunnan",,,,end_frequency,mean,42.04,,,kHz,sd,1.96,42.04 ±1.96,definition_unstated,China review Table S1 cites Luo et al 2012 (Acta Theriologica; English). Name in the cited study: Myotis macrodactylus. Detector: Avisoft UltraSoundGate 116. Recording method: Emergence. Sex: unstated. Call type: FM Broadband. Values are a review extraction; this row is not independent corroboration of the cited study.
lopezbosch2021-s1-55,1005433,Myotis macrodactylus,exact,lopez-bosch-2021-china,"Table S1, spreadsheet row 55, FmaxE column",lopez-bosch-2021-china-compiled,unspecified,,,,free_flying_wild,,China,"Guangdong, Guangxi, Yunnan",,,,peak_frequency,mean,49.36,,,kHz,sd,3.78,49.36 ±3.78,definition_unstated,China review Table S1 cites Luo et al 2012 (Acta Theriologica; English). Name in the cited study: Myotis macrodactylus. Detector: Avisoft UltraSoundGate 116. Recording method: Emergence. Sex: unstated. Call type: FM Broadband. Values are a review extraction; this row is not independent corroboration of the cited study.
lopezbosch2021-s1-55,1005433,Myotis macrodactylus,exact,lopez-bosch-2021-china,"Table S1, spreadsheet row 55, start frequency column",lopez-bosch-2021-china-compiled,unspecified,,,,free_flying_wild,,China,"Guangdong, Guangxi, Yunnan",,,,start_frequency,mean,71.54,,,kHz,sd,5.97,71.54 ±5.97,definition_unstated,China review Table S1 cites Luo et al 2012 (Acta Theriologica; English). Name in the cited study: Myotis macrodactylus. Detector: Avisoft UltraSoundGate 116. Recording method: Emergence. Sex: unstated. Call type: FM Broadband. Values are a review extraction; this row is not independent corroboration of the cited study.
lopezbosch2021-s1-56,1005433,Myotis macrodactylus,exact,lopez-bosch-2021-china,"Table S1, spreadsheet row 56, bandwidth column",lopez-bosch-2021-china-compiled,unspecified,,,,free_flying_wild,,China,"Guangdong, Guangxi, Yunnan",,,,bandwidth,mean,21.79,,,kHz,sd,6.35,21.79 ±6.35,definition_unstated,China review Table S1 cites Luo et al 2012 (Acta Theriologica; English). Name in the cited study: Myotis macrodactylus. Detector: Avisoft UltraSoundGate 116. Recording method: Emergence. Sex: unstated. Call type: FM Broadband. Values are a review extraction; this row is not independent corroboration of the cited study.
lopezbosch2021-s1-56,1005433,Myotis macrodactylus,exact,lopez-bosch-2021-china,"Table S1, spreadsheet row 56, duration column",lopez-bosch-2021-china-compiled,unspecified,,,,free_flying_wild,,China,"Guangdong, Guangxi, Yunnan",,,,duration,mean,6.43,,,ms,sd,1.18,6.43 ±1.18,definition_unstated,China review Table S1 cites Luo et al 2012 (Acta Theriologica; English). Name in the cited study: Myotis macrodactylus. Detector: Avisoft UltraSoundGate 116. Recording method: Emergence. Sex: unstated. Call type: FM Broadband. Values are a review extraction; this row is not independent corroboration of the cited study.
lopezbosch2021-s1-56,1005433,Myotis macrodactylus,exact,lopez-bosch-2021-china,"Table S1, spreadsheet row 56, end frequency column",lopez-bosch-2021-china-compiled,unspecified,,,,free_flying_wild,,China,"Guangdong, Guangxi, Yunnan",,,,end_frequency,mean,40.83,,,kHz,sd,1.64,40.83 ±1.64,definition_unstated,China review Table S1 cites Luo et al 2012 (Acta Theriologica; English). Name in the cited study: Myotis macrodactylus. Detector: Avisoft UltraSoundGate 116. Recording method: Emergence. Sex: unstated. Call type: FM Broadband. Values are a review extraction; this row is not independent corroboration of the cited study.
lopezbosch2021-s1-56,1005433,Myotis macrodactylus,exact,lopez-bosch-2021-china,"Table S1, spreadsheet row 56, FmaxE column",lopez-bosch-2021-china-compiled,unspecified,,,,free_flying_wild,,China,"Guangdong, Guangxi, Yunnan",,,,peak_frequency,mean,45.84,,,kHz,sd,4.15,45.84 ±4.15,definition_unstated,China review Table S1 cites Luo et al 2012 (Acta Theriologica; English). Name in the cited study: Myotis macrodactylus. Detector: Avisoft UltraSoundGate 116. Recording method: Emergence. Sex: unstated. Call type: FM Broadband. Values are a review extraction; this row is not independent corroboration of the cited study.
lopezbosch2021-s1-56,1005433,Myotis macrodactylus,exact,lopez-bosch-2021-china,"Table S1, spreadsheet row 56, start frequency column",lopez-bosch-2021-china-compiled,unspecified,,,,free_flying_wild,,China,"Guangdong, Guangxi, Yunnan",,,,start_frequency,mean,62.64,,,kHz,sd,6.27,62.64 ±6.27,definition_unstated,China review Table S1 cites Luo et al 2012 (Acta Theriologica; English). Name in the cited study: Myotis macrodactylus. Detector: Avisoft UltraSoundGate 116. Recording method: Emergence. Sex: unstated. Call type: FM Broadband. Values are a review extraction; this row is not independent corroboration of the cited study.
lopezbosch2021-s1-57,1005433,Myotis macrodactylus,exact,lopez-bosch-2021-china,"Table S1, spreadsheet row 57, duration column",lopez-bosch-2021-china-compiled,unspecified,,,,unspecified,,China,Yunnan,,,,duration,mean,1.8,,,ms,sd,0.1,1.8 ±0.1,definition_unstated,China review Table S1 cites Wang et al 2014b (Acta Theriologica; English). Name in the cited study: Myotis macrodactylus. Detector: Avisoft UltraSoundGate 116. Recording method: Flying (enclosure). Sex: unstated. Call type: FM Broadband. Values are a review extraction; this row is not independent corroboration of the cited study.
lopezbosch2021-s1-57,1005433,Myotis macrodactylus,exact,lopez-bosch-2021-china,"Table S1, spreadsheet row 57, end frequency column",lopez-bosch-2021-china-compiled,unspecified,,,,unspecified,,China,Yunnan,,,,end_frequency,mean,37.0,,,kHz,sd,0.5,37.0 ±0.5,definition_unstated,China review Table S1 cites Wang et al 2014b (Acta Theriologica; English). Name in the cited study: Myotis macrodactylus. Detector: Avisoft UltraSoundGate 116. Recording method: Flying (enclosure). Sex: unstated. Call type: FM Broadband. Values are a review extraction; this row is not independent corroboration of the cited study.
lopezbosch2021-s1-57,1005433,Myotis macrodactylus,exact,lopez-bosch-2021-china,"Table S1, spreadsheet row 57, FmaxE column",lopez-bosch-2021-china-compiled,unspecified,,,,unspecified,,China,Yunnan,,,,peak_frequency,mean,61.1,,,kHz,sd,4.2,61.1 ±4.2,definition_unstated,China review Table S1 cites Wang et al 2014b (Acta Theriologica; English). Name in the cited study: Myotis macrodactylus. Detector: Avisoft UltraSoundGate 116. Recording method: Flying (enclosure). Sex: unstated. Call type: FM Broadband. Values are a review extraction; this row is not independent corroboration of the cited study.
lopezbosch2021-s1-57,1005433,Myotis macrodactylus,exact,lopez-bosch-2021-china,"Table S1, spreadsheet row 57, start frequency column",lopez-bosch-2021-china-compiled,unspecified,,,,unspecified,,China,Yunnan,,,,start_frequency,mean,80.6,,,kHz,sd,4.5,80.6 ±4.5,definition_unstated,China review Table S1 cites Wang et al 2014b (Acta Theriologica; English). Name in the cited study: Myotis macrodactylus. Detector: Avisoft UltraSoundGate 116. Recording method: Flying (enclosure). Sex: unstated. Call type: FM Broadband. Values are a review extraction; this row is not independent corroboration of the cited study.
lopezbosch2021-s1-58,1006524,Myotis nipalensis,exact,lopez-bosch-2021-china,"Table S1, spreadsheet row 58, duration column",lopez-bosch-2021-china-compiled,unspecified,,,,unspecified,,China,Yunnan,,,,duration,mean,2.6,1.9,3.2,ms,sd,0.7,2.6 ±0.7 (1.9 - 3.2),definition_unstated,China review Table S1 cites Liu et al 2014 (Chinese Journal of Zoology; Chinese with English abstract). Name in the cited study: Myotis nipalensis. Detector: Avisoft UltraSoundGate 116e. Recording method: Flying (enclosure). Sex: unstated. Call type: FM Broadband. Values are a review extraction; this row is not independent corroboration of the cited study.
lopezbosch2021-s1-58,1006524,Myotis nipalensis,exact,lopez-bosch-2021-china,"Table S1, spreadsheet row 58, end frequency column",lopez-bosch-2021-china-compiled,unspecified,,,,unspecified,,China,Yunnan,,,,end_frequency,mean,62.6,56.2,68.8,kHz,sd,4,62.6 ±4 (56.2 - 68.8),definition_unstated,China review Table S1 cites Liu et al 2014 (Chinese Journal of Zoology; Chinese with English abstract). Name in the cited study: Myotis nipalensis. Detector: Avisoft UltraSoundGate 116e. Recording method: Flying (enclosure). Sex: unstated. Call type: FM Broadband. Values are a review extraction; this row is not independent corroboration of the cited study.
lopezbosch2021-s1-58,1006524,Myotis nipalensis,exact,lopez-bosch-2021-china,"Table S1, spreadsheet row 58, FmaxE column",lopez-bosch-2021-china-compiled,unspecified,,,,unspecified,,China,Yunnan,,,,peak_frequency,mean,69.4,66.5,74.3,kHz,sd,2.8,69.4 ±2.8 (66.5 - 74.3),definition_unstated,China review Table S1 cites Liu et al 2014 (Chinese Journal of Zoology; Chinese with English abstract). Name in the cited study: Myotis nipalensis. Detector: Avisoft UltraSoundGate 116e. Recording method: Flying (enclosure). Sex: unstated. Call type: FM Broadband. Values are a review extraction; this row is not independent corroboration of the cited study.
lopezbosch2021-s1-58,1006524,Myotis nipalensis,exact,lopez-bosch-2021-china,"Table S1, spreadsheet row 58, start frequency column",lopez-bosch-2021-china-compiled,unspecified,,,,unspecified,,China,Yunnan,,,,start_frequency,mean,98.3,75.4,112.1,kHz,sd,12.1,98.3 ±12.1 (75.4 - 112.1),definition_unstated,China review Table S1 cites Liu et al 2014 (Chinese Journal of Zoology; Chinese with English abstract). Name in the cited study: Myotis nipalensis. Detector: Avisoft UltraSoundGate 116e. Recording method: Flying (enclosure). Sex: unstated. Call type: FM Broadband. Values are a review extraction; this row is not independent corroboration of the cited study.
lopezbosch2021-s1-59,1006524,Myotis nipalensis,exact,lopez-bosch-2021-china,"Table S1, spreadsheet row 59, duration column",lopez-bosch-2021-china-compiled,unspecified,,,,unspecified,,China,Guangdong,,,,duration,mean,2.9,2.73,3.1,ms,sd,0.1,2.9 ±0.1 (2.73 - 3.1),definition_unstated,China review Table S1 cites Liu et al 2014 (Chinese Journal of Zoology; Chinese with English abstract). Name in the cited study: Myotis nipalensis. Detector: Avisoft UltraSoundGate 116e. Recording method: Flying (enclosure). Sex: unstated. Call type: FM Broadband. Values are a review extraction; this row is not independent corroboration of the cited study.
lopezbosch2021-s1-59,1006524,Myotis nipalensis,exact,lopez-bosch-2021-china,"Table S1, spreadsheet row 59, end frequency column",lopez-bosch-2021-china-compiled,unspecified,,,,unspecified,,China,Guangdong,,,,end_frequency,mean,59.9,57.3,64.7,kHz,sd,2.9,59.9 ±2.9 (57.3 - 64.7),definition_unstated,China review Table S1 cites Liu et al 2014 (Chinese Journal of Zoology; Chinese with English abstract). Name in the cited study: Myotis nipalensis. Detector: Avisoft UltraSoundGate 116e. Recording method: Flying (enclosure). Sex: unstated. Call type: FM Broadband. Values are a review extraction; this row is not independent corroboration of the cited study.
lopezbosch2021-s1-59,1006524,Myotis nipalensis,exact,lopez-bosch-2021-china,"Table S1, spreadsheet row 59, FmaxE column",lopez-bosch-2021-china-compiled,unspecified,,,,unspecified,,China,Guangdong,,,,peak_frequency,mean,67,62.5,70.9,kHz,sd,3.5,67 ±3.5 (62.5 - 70.9),definition_unstated,China review Table S1 cites Liu et al 2014 (Chinese Journal of Zoology; Chinese with English abstract). Name in the cited study: Myotis nipalensis. Detector: Avisoft UltraSoundGate 116e. Recording method: Flying (enclosure). Sex: unstated. Call type: FM Broadband. Values are a review extraction; this row is not independent corroboration of the cited study.
lopezbosch2021-s1-59,1006524,Myotis nipalensis,exact,lopez-bosch-2021-china,"Table S1, spreadsheet row 59, start frequency column",lopez-bosch-2021-china-compiled,unspecified,,,,unspecified,,China,Guangdong,,,,start_frequency,mean,92.6,83.9,101.6,kHz,sd,7.7,92.6 ±7.7 (83.9 - 101.6),definition_unstated,China review Table S1 cites Liu et al 2014 (Chinese Journal of Zoology; Chinese with English abstract). Name in the cited study: Myotis nipalensis. Detector: Avisoft UltraSoundGate 116e. Recording method: Flying (enclosure). Sex: unstated. Call type: FM Broadband. Values are a review extraction; this row is not independent corroboration of the cited study.
lopezbosch2021-s1-6,1005314,Harpiocephalus harpia,exact,lopez-bosch-2021-china,"Table S1, spreadsheet row 6, bandwidth column",lopez-bosch-2021-china-compiled,unspecified,,,,unspecified,,China,"Guizhou, Sichuan",,,,bandwidth,species_summary,65.8,,,kHz,,,65.8,definition_unstated,China review Table S1 cites Chen et al 2015a (Sichuan Journal of Zoology; Chinese with English abstract). Name in the cited study: Harpioceiphulus harpia. Detector: Unknown. Recording method: Resting. Sex: Female. Call type: FM Broadband. Values are a review extraction; this row is not independent corroboration of the cited study.
lopezbosch2021-s1-6,1005314,Harpiocephalus harpia,exact,lopez-bosch-2021-china,"Table S1, spreadsheet row 6, duration column",lopez-bosch-2021-china-compiled,unspecified,,,,unspecified,,China,"Guizhou, Sichuan",,,,duration,species_summary,1.4,,,ms,,,1.4,definition_unstated,China review Table S1 cites Chen et al 2015a (Sichuan Journal of Zoology; Chinese with English abstract). Name in the cited study: Harpioceiphulus harpia. Detector: Unknown. Recording method: Resting. Sex: Female. Call type: FM Broadband. Values are a review extraction; this row is not independent corroboration of the cited study.
lopezbosch2021-s1-6,1005314,Harpiocephalus harpia,exact,lopez-bosch-2021-china,"Table S1, spreadsheet row 6, end frequency column",lopez-bosch-2021-china-compiled,unspecified,,,,unspecified,,China,"Guizhou, Sichuan",,,,end_frequency,species_summary,35.4,,,kHz,,,35.4,definition_unstated,China review Table S1 cites Chen et al 2015a (Sichuan Journal of Zoology; Chinese with English abstract). Name in the cited study: Harpioceiphulus harpia. Detector: Unknown. Recording method: Resting. Sex: Female. Call type: FM Broadband. Values are a review extraction; this row is not independent corroboration of the cited study.
lopezbosch2021-s1-6,1005314,Harpiocephalus harpia,exact,lopez-bosch-2021-china,"Table S1, spreadsheet row 6, FmaxE column",lopez-bosch-2021-china-compiled,unspecified,,,,unspecified,,China,"Guizhou, Sichuan",,,,peak_frequency,species_summary,55.8,,,kHz,,,55.8,definition_unstated,China review Table S1 cites Chen et al 2015a (Sichuan Journal of Zoology; Chinese with English abstract). Name in the cited study: Harpioceiphulus harpia. Detector: Unknown. Recording method: Resting. Sex: Female. Call type: FM Broadband. Values are a review extraction; this row is not independent corroboration of the cited study.
lopezbosch2021-s1-6,1005314,Harpiocephalus harpia,exact,lopez-bosch-2021-china,"Table S1, spreadsheet row 6, start frequency column",lopez-bosch-2021-china-compiled,unspecified,,,,unspecified,,China,"Guizhou, Sichuan",,,,start_frequency,species_summary,97.6,,,kHz,,,97.6,definition_unstated,China review Table S1 cites Chen et al 2015a (Sichuan Journal of Zoology; Chinese with English abstract). Name in the cited study: Harpioceiphulus harpia. Detector: Unknown. Recording method: Resting. Sex: Female. Call type: FM Broadband. Values are a review extraction; this row is not independent corroboration of the cited study.
lopezbosch2021-s1-60,1005452,Myotis pequinius,exact,lopez-bosch-2021-china,"Table S1, spreadsheet row 60, duration column",lopez-bosch-2021-china-compiled,unspecified,,,,free_flying_wild,,China,Guangdong,,,,duration,mean,5.72,3.91,7.50,ms,sd,1.04,5.72 ±1.04 (3.91 - 7.50),definition_unstated,China review Table S1 cites Jones et al 2006 (Acta Chiropterologica; English). Name in the cited study: Myotis pequinius. Detector: Petterson D980. Recording method: Emergence. Sex: unstated. Call type: FM Broadband. Values are a review extraction; this row is not independent corroboration of the cited study.
lopezbosch2021-s1-60,1005452,Myotis pequinius,exact,lopez-bosch-2021-china,"Table S1, spreadsheet row 60, max frequency column",lopez-bosch-2021-china-compiled,unspecified,,,,free_flying_wild,,China,Guangdong,,,,max_frequency,mean,84.18,62.40,99.20,kHz,sd,10.06,84.18 ±10.06 (62.40 - 99.20),definition_unstated,China review Table S1 cites Jones et al 2006 (Acta Chiropterologica; English). Name in the cited study: Myotis pequinius. Detector: Petterson D980. Recording method: Emergence. Sex: unstated. Call type: FM Broadband. Values are a review extraction; this row is not independent corroboration of the cited study.
lopezbosch2021-s1-60,1005452,Myotis pequinius,exact,lopez-bosch-2021-china,"Table S1, spreadsheet row 60, min frequency column",lopez-bosch-2021-china-compiled,unspecified,,,,free_flying_wild,,China,Guangdong,,,,min_frequency,mean,16.86,13.60,19.20,kHz,sd,1.71,16.86 ±1.71 (13.60 - 19.20),definition_unstated,China review Table S1 cites Jones et al 2006 (Acta Chiropterologica; English). Name in the cited study: Myotis pequinius. Detector: Petterson D980. Recording method: Emergence. Sex: unstated. Call type: FM Broadband. Values are a review extraction; this row is not independent corroboration of the cited study.
lopezbosch2021-s1-60,1005452,Myotis pequinius,exact,lopez-bosch-2021-china,"Table S1, spreadsheet row 60, FmaxE column",lopez-bosch-2021-china-compiled,unspecified,,,,free_flying_wild,,China,Guangdong,,,,peak_frequency,mean,32.80,23.20,40.00,kHz,sd,5.82,32.80 ±5.82 (23.20 - 40.00),definition_unstated,China review Table S1 cites Jones et al 2006 (Acta Chiropterologica; English). Name in the cited study: Myotis pequinius. Detector: Petterson D980. Recording method: Emergence. Sex: unstated. Call type: FM Broadband. Values are a review extraction; this row is not independent corroboration of the cited study.
lopezbosch2021-s1-61,1005453,Myotis petax,exact,lopez-bosch-2021-china,"Table S1, spreadsheet row 61, duration column",lopez-bosch-2021-china-compiled,unspecified,,,,unspecified,,China,Guangxi,,,,duration,mean,3.12,,,ms,sd,0.42,3.12 ±0.42,definition_unstated,"China review Table S1 cites Liu 2003 (Master thesis, NE Normal University; Chinese with English abstract). Name in the cited study: Myotis fimbriatus. Detector: Petterson D980. Recording method: Flying (enclosure). Sex: unstated. Call type: FM Broadband. Values are a review extraction; this row is not independent corroboration of the cited study."
lopezbosch2021-s1-61,1005453,Myotis petax,exact,lopez-bosch-2021-china,"Table S1, spreadsheet row 61, max frequency column",lopez-bosch-2021-china-compiled,unspecified,,,,unspecified,,China,Guangxi,,,,max_frequency,mean,81.06,,,kHz,sd,6.41,81.06 ±6.41,definition_unstated,"China review Table S1 cites Liu 2003 (Master thesis, NE Normal University; Chinese with English abstract). Name in the cited study: Myotis fimbriatus. Detector: Petterson D980. Recording method: Flying (enclosure). Sex: unstated. Call type: FM Broadband. Values are a review extraction; this row is not independent corroboration of the cited study."
lopezbosch2021-s1-61,1005453,Myotis petax,exact,lopez-bosch-2021-china,"Table S1, spreadsheet row 61, min frequency column",lopez-bosch-2021-china-compiled,unspecified,,,,unspecified,,China,Guangxi,,,,min_frequency,mean,42.13,,,kHz,sd,5.12,42.13 ±5.12,definition_unstated,"China review Table S1 cites Liu 2003 (Master thesis, NE Normal University; Chinese with English abstract). Name in the cited study: Myotis fimbriatus. Detector: Petterson D980. Recording method: Flying (enclosure). Sex: unstated. Call type: FM Broadband. Values are a review extraction; this row is not independent corroboration of the cited study."
lopezbosch2021-s1-61,1005453,Myotis petax,exact,lopez-bosch-2021-china,"Table S1, spreadsheet row 61, FmaxE column",lopez-bosch-2021-china-compiled,unspecified,,,,unspecified,,China,Guangxi,,,,peak_frequency,mean,51.5,,,kHz,sd,7.8,51.5 ±7.8,definition_unstated,"China review Table S1 cites Liu 2003 (Master thesis, NE Normal University; Chinese with English abstract). Name in the cited study: Myotis fimbriatus. Detector: Petterson D980. Recording method: Flying (enclosure). Sex: unstated. Call type: FM Broadband. Values are a review extraction; this row is not independent corroboration of the cited study."
lopezbosch2021-s1-62,1005453,Myotis petax,exact,lopez-bosch-2021-china,"Table S1, spreadsheet row 62, bandwidth column",lopez-bosch-2021-china-compiled,unspecified,,,,unspecified,,China,Guangxi,,,,bandwidth,range,,70.5,128.7,kHz,,,(70.5 - 128.7),definition_unstated,China review Table S1 cites Feng et al 2001 (11) (Acta Theoriologica Sinica; Chinese). Name in the cited study: Myotis daubentoni. Detector: Ultra Sound Advice U30. Recording method: Flying (enclosure). Sex: unstated. Call type: FM Broadband. Values are a review extraction; this row is not independent corroboration of the cited study.
lopezbosch2021-s1-62,1005453,Myotis petax,exact,lopez-bosch-2021-china,"Table S1, spreadsheet row 62, duration column",lopez-bosch-2021-china-compiled,unspecified,,,,unspecified,,China,Guangxi,,,,duration,mean,4.2,,,ms,sd,1.6,4.2 ±1.6,definition_unstated,China review Table S1 cites Feng et al 2001 (11) (Acta Theoriologica Sinica; Chinese). Name in the cited study: Myotis daubentoni. Detector: Ultra Sound Advice U30. Recording method: Flying (enclosure). Sex: unstated. Call type: FM Broadband. Values are a review extraction; this row is not independent corroboration of the cited study.
lopezbosch2021-s1-62,1005453,Myotis petax,exact,lopez-bosch-2021-china,"Table S1, spreadsheet row 62, FmaxE column",lopez-bosch-2021-china-compiled,unspecified,,,,unspecified,,China,Guangxi,,,,peak_frequency,mean,83,,,kHz,sd,4,83 ±4,definition_unstated,China review Table S1 cites Feng et al 2001 (11) (Acta Theoriologica Sinica; Chinese). Name in the cited study: Myotis daubentoni. Detector: Ultra Sound Advice U30. Recording method: Flying (enclosure). Sex: unstated. Call type: FM Broadband. Values are a review extraction; this row is not independent corroboration of the cited study.
lopezbosch2021-s1-63,1005453,Myotis petax,exact,lopez-bosch-2021-china,"Table S1, spreadsheet row 63, duration column",lopez-bosch-2021-china-compiled,unspecified,,,,unspecified,,China,Jiangxi,,,,duration,mean,2.6,,,ms,sd,0.6,2.6 ±0.6,definition_unstated,China review Table S1 cites Sun et al 2003 (Journal of Northeast Normal University (Natural Science Edition); Chinese with English abstract). Name in the cited study: Myotis daubentoni. Detector: Unknown. Recording method: Flying (enclosure). Sex: unstated. Call type: FM Broadband. Values are a review extraction; this row is not independent corroboration of the cited study.
lopezbosch2021-s1-63,1005453,Myotis petax,exact,lopez-bosch-2021-china,"Table S1, spreadsheet row 63, end frequency column",lopez-bosch-2021-china-compiled,unspecified,,,,unspecified,,China,Jiangxi,,,,end_frequency,mean,40.0,,,kHz,sd,2.7,40.0 ±2.7,definition_unstated,China review Table S1 cites Sun et al 2003 (Journal of Northeast Normal University (Natural Science Edition); Chinese with English abstract). Name in the cited study: Myotis daubentoni. Detector: Unknown. Recording method: Flying (enclosure). Sex: unstated. Call type: FM Broadband. Values are a review extraction; this row is not independent corroboration of the cited study.
lopezbosch2021-s1-63,1005453,Myotis petax,exact,lopez-bosch-2021-china,"Table S1, spreadsheet row 63, FmaxE column",lopez-bosch-2021-china-compiled,unspecified,,,,unspecified,,China,Jiangxi,,,,peak_frequency,mean,52.0,,,kHz,sd,3.8,52.0 ±3.8,definition_unstated,China review Table S1 cites Sun et al 2003 (Journal of Northeast Normal University (Natural Science Edition); Chinese with English abstract). Name in the cited study: Myotis daubentoni. Detector: Unknown. Recording method: Flying (enclosure). Sex: unstated. Call type: FM Broadband. Values are a review extraction; this row is not independent corroboration of the cited study.
lopezbosch2021-s1-63,1005453,Myotis petax,exact,lopez-bosch-2021-china,"Table S1, spreadsheet row 63, start frequency column",lopez-bosch-2021-china-compiled,unspecified,,,,unspecified,,China,Jiangxi,,,,start_frequency,mean,76.3,,,kHz,sd,9.9,76.3 ±9.9,definition_unstated,China review Table S1 cites Sun et al 2003 (Journal of Northeast Normal University (Natural Science Edition); Chinese with English abstract). Name in the cited study: Myotis daubentoni. Detector: Unknown. Recording method: Flying (enclosure). Sex: unstated. Call type: FM Broadband. Values are a review extraction; this row is not independent corroboration of the cited study.
lopezbosch2021-s1-64,1005453,Myotis petax,exact,lopez-bosch-2021-china,"Table S1, spreadsheet row 64, duration column",lopez-bosch-2021-china-compiled,unspecified,,,,unspecified,,China,Jiangxi,,,,duration,mean,2.6,,,ms,sd,0.6,2.6 ±0.6,definition_unstated,China review Table S1 cites Sun et al 2008b (Frontiers of Biology in China; English). Name in the cited study: Myotis daubentonii. Detector: Petterson D980. Recording method: Flying (enclosure). Sex: unstated. Call type: FM Broadband. Values are a review extraction; this row is not independent corroboration of the cited study.
lopezbosch2021-s1-64,1005453,Myotis petax,exact,lopez-bosch-2021-china,"Table S1, spreadsheet row 64, end frequency column",lopez-bosch-2021-china-compiled,unspecified,,,,unspecified,,China,Jiangxi,,,,end_frequency,mean,40,,,kHz,sd,2.7,40 ±2.7,definition_unstated,China review Table S1 cites Sun et al 2008b (Frontiers of Biology in China; English). Name in the cited study: Myotis daubentonii. Detector: Petterson D980. Recording method: Flying (enclosure). Sex: unstated. Call type: FM Broadband. Values are a review extraction; this row is not independent corroboration of the cited study.
lopezbosch2021-s1-64,1005453,Myotis petax,exact,lopez-bosch-2021-china,"Table S1, spreadsheet row 64, FmaxE column",lopez-bosch-2021-china-compiled,unspecified,,,,unspecified,,China,Jiangxi,,,,peak_frequency,mean,52,,,kHz,sd,3.8,52 ±3.8,definition_unstated,China review Table S1 cites Sun et al 2008b (Frontiers of Biology in China; English). Name in the cited study: Myotis daubentonii. Detector: Petterson D980. Recording method: Flying (enclosure). Sex: unstated. Call type: FM Broadband. Values are a review extraction; this row is not independent corroboration of the cited study.
lopezbosch2021-s1-64,1005453,Myotis petax,exact,lopez-bosch-2021-china,"Table S1, spreadsheet row 64, start frequency column",lopez-bosch-2021-china-compiled,unspecified,,,,unspecified,,China,Jiangxi,,,,start_frequency,mean,76.3,,,kHz,sd,9.9,76.3 ±9.9,definition_unstated,China review Table S1 cites Sun et al 2008b (Frontiers of Biology in China; English). Name in the cited study: Myotis daubentonii. Detector: Petterson D980. Recording method: Flying (enclosure). Sex: unstated. Call type: FM Broadband. Values are a review extraction; this row is not independent corroboration of the cited study.
lopezbosch2021-s1-65,1005453,Myotis petax,exact,lopez-bosch-2021-china,"Table S1, spreadsheet row 65, FmaxE column",lopez-bosch-2021-china-compiled,unspecified,,,,unspecified,,China,"Guangdong, Guangxi, Yunnan",,,,peak_frequency,mean,83,,,kHz,sd,4.0,83 ±4.0,definition_unstated,China review Table S1 cites Chen et al 2002 (Journal of Northeast Normal University (Natural Science Edition); Chinese). Name in the cited study: Myotis daubentoni. Detector: Ultra Sound Advice U30. Recording method: Flying (enclosure). Sex: unstated. Call type: FM Broadband. Values are a review extraction; this row is not independent corroboration of the cited study.
lopezbosch2021-s1-66,1005453,Myotis petax,exact,lopez-bosch-2021-china,"Table S1, spreadsheet row 66, duration column",lopez-bosch-2021-china-compiled,unspecified,,,,unspecified,,China,Guizhou,,,,duration,mean,2.67,,,ms,sd,0.57,2.67 ±0.57,definition_unstated,"China review Table S1 cites Hsio 2006 (Master thesis, NE Normal University; Chinese with English abstract). Name in the cited study: Myotis daubentoni. Detector: Ultra Sound Advice U30. Recording method: Resting. Sex: unstated. Call type: FM Broadband. Values are a review extraction; this row is not independent corroboration of the cited study."
lopezbosch2021-s1-66,1005453,Myotis petax,exact,lopez-bosch-2021-china,"Table S1, spreadsheet row 66, FmaxE column",lopez-bosch-2021-china-compiled,unspecified,,,,unspecified,,China,Guizhou,,,,peak_frequency,mean,54.6,,,kHz,sd,4.5,54.6 ±4.5,definition_unstated,"China review Table S1 cites Hsio 2006 (Master thesis, NE Normal University; Chinese with English abstract). Name in the cited study: Myotis daubentoni. Detector: Ultra Sound Advice U30. Recording method: Resting. Sex: unstated. Call type: FM Broadband. Values are a review extraction; this row is not independent corroboration of the cited study."
lopezbosch2021-s1-67,1005453,Myotis petax,exact,lopez-bosch-2021-china,"Table S1, spreadsheet row 67, duration column",lopez-bosch-2021-china-compiled,unspecified,,,,unspecified,,China,Guangdong,,,,duration,mean,10.14,,,ms,sd,10.25,10.14 ±10.25,definition_unstated,"China review Table S1 cites Hsio 2006 (Master thesis, NE Normal University; Chinese with English abstract). Name in the cited study: Myotis daubentoni. Detector: Ultra Sound Advice U30. Recording method: Flying (enclosure). Sex: unstated. Call type: FM Broadband. Values are a review extraction; this row is not independent corroboration of the cited study."
lopezbosch2021-s1-67,1005453,Myotis petax,exact,lopez-bosch-2021-china,"Table S1, spreadsheet row 67, FmaxE column",lopez-bosch-2021-china-compiled,unspecified,,,,unspecified,,China,Guangdong,,,,peak_frequency,mean,40.3,,,kHz,sd,9.9,40.3 ±9.9,definition_unstated,"China review Table S1 cites Hsio 2006 (Master thesis, NE Normal University; Chinese with English abstract). Name in the cited study: Myotis daubentoni. Detector: Ultra Sound Advice U30. Recording method: Flying (enclosure). Sex: unstated. Call type: FM Broadband. Values are a review extraction; this row is not independent corroboration of the cited study."
lopezbosch2021-s1-68,1005457,Myotis pilosus,exact,lopez-bosch-2021-china,"Table S1, spreadsheet row 68, bandwidth column",lopez-bosch-2021-china-compiled,unspecified,,,,unspecified,,China,Hubei,,,,bandwidth,species_summary,48.35,,,kHz,,,48.35,definition_unstated,"China review Table S1 cites Liu 2003 (Master thesis, NE Normal University; Chinese with English abstract). Name in the cited study: Myotis ricketti. Detector: Petterson D980. Recording method: Flying (enclosure). Sex: unstated. Call type: FM Broadband. Values are a review extraction; this row is not independent corroboration of the cited study."
lopezbosch2021-s1-69,1005457,Myotis pilosus,exact,lopez-bosch-2021-china,"Table S1, spreadsheet row 69, FmaxE column",lopez-bosch-2021-china-compiled,unspecified,,,,unspecified,,China,Guangxi,,,,peak_frequency,range,,39.0,44.2,kHz,,,(39.0 - 44.2),definition_unstated,China review Table S1 cites Wong et al 2013 (Acta Theoriologica Sinica; Chinese with English abstract). Name in the cited study: Myotis ricketti. Detector: Unknown. Recording method: Unknown. Sex: unstated. Call type: FM Broadband. Values are a review extraction; this row is not independent corroboration of the cited study.
lopezbosch2021-s1-7,1005314,Harpiocephalus harpia,exact,lopez-bosch-2021-china,"Table S1, spreadsheet row 7, bandwidth column",lopez-bosch-2021-china-compiled,unspecified,,,,unspecified,,China,Yunnan,,,,bandwidth,species_summary,85.4,,,kHz,,,85.4,definition_unstated,China review Table S1 cites Chen et al 2015a (Sichuan Journal of Zoology; Chinese with English abstract). Name in the cited study: Harpioceiphulus harpia. Detector: Unknown. Recording method: Flying (enclosure). Sex: Female. Call type: FM Broadband. Values are a review extraction; this row is not independent corroboration of the cited study.
lopezbosch2021-s1-7,1005314,Harpiocephalus harpia,exact,lopez-bosch-2021-china,"Table S1, spreadsheet row 7, duration column",lopez-bosch-2021-china-compiled,unspecified,,,,unspecified,,China,Yunnan,,,,duration,species_summary,3.6,,,ms,,,3.6,definition_unstated,China review Table S1 cites Chen et al 2015a (Sichuan Journal of Zoology; Chinese with English abstract). Name in the cited study: Harpioceiphulus harpia. Detector: Unknown. Recording method: Flying (enclosure). Sex: Female. Call type: FM Broadband. Values are a review extraction; this row is not independent corroboration of the cited study.
lopezbosch2021-s1-7,1005314,Harpiocephalus harpia,exact,lopez-bosch-2021-china,"Table S1, spreadsheet row 7, end frequency column",lopez-bosch-2021-china-compiled,unspecified,,,,unspecified,,China,Yunnan,,,,end_frequency,species_summary,33.9,,,kHz,,,33.9,definition_unstated,China review Table S1 cites Chen et al 2015a (Sichuan Journal of Zoology; Chinese with English abstract). Name in the cited study: Harpioceiphulus harpia. Detector: Unknown. Recording method: Flying (enclosure). Sex: Female. Call type: FM Broadband. Values are a review extraction; this row is not independent corroboration of the cited study.
lopezbosch2021-s1-7,1005314,Harpiocephalus harpia,exact,lopez-bosch-2021-china,"Table S1, spreadsheet row 7, FmaxE column",lopez-bosch-2021-china-compiled,unspecified,,,,unspecified,,China,Yunnan,,,,peak_frequency,species_summary,59,,,kHz,,,59,definition_unstated,China review Table S1 cites Chen et al 2015a (Sichuan Journal of Zoology; Chinese with English abstract). Name in the cited study: Harpioceiphulus harpia. Detector: Unknown. Recording method: Flying (enclosure). Sex: Female. Call type: FM Broadband. Values are a review extraction; this row is not independent corroboration of the cited study.
lopezbosch2021-s1-7,1005314,Harpiocephalus harpia,exact,lopez-bosch-2021-china,"Table S1, spreadsheet row 7, start frequency column",lopez-bosch-2021-china-compiled,unspecified,,,,unspecified,,China,Yunnan,,,,start_frequency,species_summary,119.3,,,kHz,,,119.3,definition_unstated,China review Table S1 cites Chen et al 2015a (Sichuan Journal of Zoology; Chinese with English abstract). Name in the cited study: Harpioceiphulus harpia. Detector: Unknown. Recording method: Flying (enclosure). Sex: Female. Call type: FM Broadband. Values are a review extraction; this row is not independent corroboration of the cited study.
lopezbosch2021-s1-70,1005457,Myotis pilosus,exact,lopez-bosch-2021-china,"Table S1, spreadsheet row 70, duration column",lopez-bosch-2021-china-compiled,unspecified,,,,unspecified,,China,Guizhou,,,,duration,mean,6.6,,,ms,sd,3.3,6.6 ±3.3,definition_unstated,China review Table S1 cites Wei et al 2011 (Acta Theoriologica Sinica; Chinese with English abstract). Name in the cited study: Myotis ricketti. Detector: Unknown. Recording method: Unknown. Sex: unstated. Call type: FM Broadband. Values are a review extraction; this row is not independent corroboration of the cited study.
lopezbosch2021-s1-70,1005457,Myotis pilosus,exact,lopez-bosch-2021-china,"Table S1, spreadsheet row 70, end frequency column",lopez-bosch-2021-china-compiled,unspecified,,,,unspecified,,China,Guizhou,,,,end_frequency,mean,29.4,,,kHz,sd,4.1,29.4 ±4.1,definition_unstated,China review Table S1 cites Wei et al 2011 (Acta Theoriologica Sinica; Chinese with English abstract). Name in the cited study: Myotis ricketti. Detector: Unknown. Recording method: Unknown. Sex: unstated. Call type: FM Broadband. Values are a review extraction; this row is not independent corroboration of the cited study.
lopezbosch2021-s1-70,1005457,Myotis pilosus,exact,lopez-bosch-2021-china,"Table S1, spreadsheet row 70, FmaxE column",lopez-bosch-2021-china-compiled,unspecified,,,,unspecified,,China,Guizhou,,,,peak_frequency,mean,39.9,,,kHz,sd,3.2,39.9 ±3.2,definition_unstated,China review Table S1 cites Wei et al 2011 (Acta Theoriologica Sinica; Chinese with English abstract). Name in the cited study: Myotis ricketti. Detector: Unknown. Recording method: Unknown. Sex: unstated. Call type: FM Broadband. Values are a review extraction; this row is not independent corroboration of the cited study.
lopezbosch2021-s1-70,1005457,Myotis pilosus,exact,lopez-bosch-2021-china,"Table S1, spreadsheet row 70, start frequency column",lopez-bosch-2021-china-compiled,unspecified,,,,unspecified,,China,Guizhou,,,,start_frequency,mean,62.1,,,kHz,sd,9.7,62.1 ±9.7,definition_unstated,China review Table S1 cites Wei et al 2011 (Acta Theoriologica Sinica; Chinese with English abstract). Name in the cited study: Myotis ricketti. Detector: Unknown. Recording method: Unknown. Sex: unstated. Call type: FM Broadband. Values are a review extraction; this row is not independent corroboration of the cited study.
lopezbosch2021-s1-71,1005457,Myotis pilosus,exact,lopez-bosch-2021-china,"Table S1, spreadsheet row 71, duration column",lopez-bosch-2021-china-compiled,unspecified,,,,hand_release,,China,Fujian,,,,duration,mean,4.08,,,ms,sd,0.66,4.08 ±0.66,definition_unstated,China review Table S1 cites Ma et al 2003 (Journal of Zoology (Zoological Society of London); English). Name in the cited study: Myotis ricketti. Detector: Petterson D240X. Recording method: Hand-released. Sex: unstated. Call type: FM Broadband. Values are a review extraction; this row is not independent corroboration of the cited study.
lopezbosch2021-s1-71,1005457,Myotis pilosus,exact,lopez-bosch-2021-china,"Table S1, spreadsheet row 71, max frequency column",lopez-bosch-2021-china-compiled,unspecified,,,,hand_release,,China,Fujian,,,,max_frequency,mean,70.84,,,kHz,sd,1.71,70.84 ±1.71,definition_unstated,China review Table S1 cites Ma et al 2003 (Journal of Zoology (Zoological Society of London); English). Name in the cited study: Myotis ricketti. Detector: Petterson D240X. Recording method: Hand-released. Sex: unstated. Call type: FM Broadband. Values are a review extraction; this row is not independent corroboration of the cited study.
lopezbosch2021-s1-71,1005457,Myotis pilosus,exact,lopez-bosch-2021-china,"Table S1, spreadsheet row 71, min frequency column",lopez-bosch-2021-china-compiled,unspecified,,,,hand_release,,China,Fujian,,,,min_frequency,mean,7.68,,,kHz,sd,1.08,7.68 ±1.08,definition_unstated,China review Table S1 cites Ma et al 2003 (Journal of Zoology (Zoological Society of London); English). Name in the cited study: Myotis ricketti. Detector: Petterson D240X. Recording method: Hand-released. Sex: unstated. Call type: FM Broadband. Values are a review extraction; this row is not independent corroboration of the cited study.
lopezbosch2021-s1-71,1005457,Myotis pilosus,exact,lopez-bosch-2021-china,"Table S1, spreadsheet row 71, FmaxE column",lopez-bosch-2021-china-compiled,unspecified,,,,hand_release,,China,Fujian,,,,peak_frequency,mean,54.56,,,kHz,sd,2.56,54.56 ±2.56,definition_unstated,China review Table S1 cites Ma et al 2003 (Journal of Zoology (Zoological Society of London); English). Name in the cited study: Myotis ricketti. Detector: Petterson D240X. Recording method: Hand-released. Sex: unstated. Call type: FM Broadband. Values are a review extraction; this row is not independent corroboration of the cited study.
lopezbosch2021-s1-72,1005457,Myotis pilosus,exact,lopez-bosch-2021-china,"Table S1, spreadsheet row 72, bandwidth column",lopez-bosch-2021-china-compiled,unspecified,,,,unspecified,,China,Guizhou,,,,bandwidth,range,,27.27,81.44,kHz,,,(27.27 - 81.44),definition_unstated,China review Table S1 cites Ma et al 2004 (Acta Theoriologica Sinica; Chinese with English abstract). Name in the cited study: Myotis ricketti. Detector: Petterson D980. Recording method: Flying (enclosure). Sex: unstated. Call type: FM Broadband. Values are a review extraction; this row is not independent corroboration of the cited study.
lopezbosch2021-s1-72,1005457,Myotis pilosus,exact,lopez-bosch-2021-china,"Table S1, spreadsheet row 72, duration column",lopez-bosch-2021-china-compiled,unspecified,,,,unspecified,,China,Guizhou,,,,duration,mean,4.67,,,ms,sd,0.37,4.67 ±0.37,definition_unstated,China review Table S1 cites Ma et al 2004 (Acta Theoriologica Sinica; Chinese with English abstract). Name in the cited study: Myotis ricketti. Detector: Petterson D980. Recording method: Flying (enclosure). Sex: unstated. Call type: FM Broadband. Values are a review extraction; this row is not independent corroboration of the cited study.
lopezbosch2021-s1-72,1005457,Myotis pilosus,exact,lopez-bosch-2021-china,"Table S1, spreadsheet row 72, FmaxE column",lopez-bosch-2021-china-compiled,unspecified,,,,unspecified,,China,Guizhou,,,,peak_frequency,mean,41.87,,,kHz,sd,1.07,41.87 ±1.07,definition_unstated,China review Table S1 cites Ma et al 2004 (Acta Theoriologica Sinica; Chinese with English abstract). Name in the cited study: Myotis ricketti. Detector: Petterson D980. Recording method: Flying (enclosure). Sex: unstated. Call type: FM Broadband. Values are a review extraction; this row is not independent corroboration of the cited study.
lopezbosch2021-s1-73,1005457,Myotis pilosus,exact,lopez-bosch-2021-china,"Table S1, spreadsheet row 73, bandwidth column",lopez-bosch-2021-china-compiled,unspecified,,,,unspecified,,China,Guizhou,,,,bandwidth,mean,42.02,,,kHz,sd,6.98,42.02 ±6.98,definition_unstated,China review Table S1 cites Jiang et al 2003a (Acta Ecologica Sinica; Chinese with English abstract). Name in the cited study: Myotis ricketti. Detector: Unknown. Recording method: Unknown. Sex: unstated. Call type: FM Broadband. Values are a review extraction; this row is not independent corroboration of the cited study.
lopezbosch2021-s1-73,1005457,Myotis pilosus,exact,lopez-bosch-2021-china,"Table S1, spreadsheet row 73, duration column",lopez-bosch-2021-china-compiled,unspecified,,,,unspecified,,China,Guizhou,,,,duration,mean,2.91,,,ms,sd,0.54,2.91 ±0.54,definition_unstated,China review Table S1 cites Jiang et al 2003a (Acta Ecologica Sinica; Chinese with English abstract). Name in the cited study: Myotis ricketti. Detector: Unknown. Recording method: Unknown. Sex: unstated. Call type: FM Broadband. Values are a review extraction; this row is not independent corroboration of the cited study.
lopezbosch2021-s1-73,1005457,Myotis pilosus,exact,lopez-bosch-2021-china,"Table S1, spreadsheet row 73, FmaxE column",lopez-bosch-2021-china-compiled,unspecified,,,,unspecified,,China,Guizhou,,,,peak_frequency,mean,37.78,,,kHz,sd,1.04,37.78 ±1.04,definition_unstated,China review Table S1 cites Jiang et al 2003a (Acta Ecologica Sinica; Chinese with English abstract). Name in the cited study: Myotis ricketti. Detector: Unknown. Recording method: Unknown. Sex: unstated. Call type: FM Broadband. Values are a review extraction; this row is not independent corroboration of the cited study.
lopezbosch2021-s1-74,1005457,Myotis pilosus,exact,lopez-bosch-2021-china,"Table S1, spreadsheet row 74, duration column",lopez-bosch-2021-china-compiled,unspecified,,,,unspecified,,China,Hubei,,,,duration,mean,3.7,,,ms,sd,0.4,3.7 ±0.4,definition_unstated,China review Table S1 cites Luo et al 2011 (Chinese Journal of Zoology; Chinese with English abstract). Name in the cited study: Myotis ricketti. Detector: Avisoft UltraSoundGate 116. Recording method: Unknown. Sex: Female. Call type: FM Broadband. Values are a review extraction; this row is not independent corroboration of the cited study.
lopezbosch2021-s1-74,1005457,Myotis pilosus,exact,lopez-bosch-2021-china,"Table S1, spreadsheet row 74, end frequency column",lopez-bosch-2021-china-compiled,unspecified,,,,unspecified,,China,Hubei,,,,end_frequency,mean,36.9,,,kHz,sd,3.8,36.9 ±3.8,definition_unstated,China review Table S1 cites Luo et al 2011 (Chinese Journal of Zoology; Chinese with English abstract). Name in the cited study: Myotis ricketti. Detector: Avisoft UltraSoundGate 116. Recording method: Unknown. Sex: Female. Call type: FM Broadband. Values are a review extraction; this row is not independent corroboration of the cited study.
lopezbosch2021-s1-74,1005457,Myotis pilosus,exact,lopez-bosch-2021-china,"Table S1, spreadsheet row 74, FmaxE column",lopez-bosch-2021-china-compiled,unspecified,,,,unspecified,,China,Hubei,,,,peak_frequency,mean,42.1,,,kHz,sd,1.1,42.1 ±1.1,definition_unstated,China review Table S1 cites Luo et al 2011 (Chinese Journal of Zoology; Chinese with English abstract). Name in the cited study: Myotis ricketti. Detector: Avisoft UltraSoundGate 116. Recording method: Unknown. Sex: Female. Call type: FM Broadband. Values are a review extraction; this row is not independent corroboration of the cited study.
lopezbosch2021-s1-74,1005457,Myotis pilosus,exact,lopez-bosch-2021-china,"Table S1, spreadsheet row 74, start frequency column",lopez-bosch-2021-china-compiled,unspecified,,,,unspecified,,China,Hubei,,,,start_frequency,mean,63.5,,,kHz,sd,5.3,63.5 ±5.3,definition_unstated,China review Table S1 cites Luo et al 2011 (Chinese Journal of Zoology; Chinese with English abstract). Name in the cited study: Myotis ricketti. Detector: Avisoft UltraSoundGate 116. Recording method: Unknown. Sex: Female. Call type: FM Broadband. Values are a review extraction; this row is not independent corroboration of the cited study.
lopezbosch2021-s1-75,1005457,Myotis pilosus,exact,lopez-bosch-2021-china,"Table S1, spreadsheet row 75, duration column",lopez-bosch-2021-china-compiled,unspecified,,,,unspecified,,China,"Fujian, Guangxi, Henan, Sichuan, Yunnan",,,,duration,mean,3.8,,,ms,sd,0.3,3.8 ±0.3,definition_unstated,China review Table S1 cites Luo et al 2011 (Chinese Journal of Zoology; Chinese with English abstract). Name in the cited study: Myotis ricketti. Detector: Avisoft UltraSoundGate 116. Recording method: Unknown. Sex: Male. Call type: FM Broadband. Values are a review extraction; this row is not independent corroboration of the cited study.
lopezbosch2021-s1-75,1005457,Myotis pilosus,exact,lopez-bosch-2021-china,"Table S1, spreadsheet row 75, end frequency column",lopez-bosch-2021-china-compiled,unspecified,,,,unspecified,,China,"Fujian, Guangxi, Henan, Sichuan, Yunnan",,,,end_frequency,mean,35.1,,,kHz,sd,0.9,35.1 ±0.9,definition_unstated,China review Table S1 cites Luo et al 2011 (Chinese Journal of Zoology; Chinese with English abstract). Name in the cited study: Myotis ricketti. Detector: Avisoft UltraSoundGate 116. Recording method: Unknown. Sex: Male. Call type: FM Broadband. Values are a review extraction; this row is not independent corroboration of the cited study.
lopezbosch2021-s1-75,1005457,Myotis pilosus,exact,lopez-bosch-2021-china,"Table S1, spreadsheet row 75, FmaxE column",lopez-bosch-2021-china-compiled,unspecified,,,,unspecified,,China,"Fujian, Guangxi, Henan, Sichuan, Yunnan",,,,peak_frequency,mean,42.4,,,kHz,sd,1.1,42.4 ±1.1,definition_unstated,China review Table S1 cites Luo et al 2011 (Chinese Journal of Zoology; Chinese with English abstract). Name in the cited study: Myotis ricketti. Detector: Avisoft UltraSoundGate 116. Recording method: Unknown. Sex: Male. Call type: FM Broadband. Values are a review extraction; this row is not independent corroboration of the cited study.
lopezbosch2021-s1-75,1005457,Myotis pilosus,exact,lopez-bosch-2021-china,"Table S1, spreadsheet row 75, start frequency column",lopez-bosch-2021-china-compiled,unspecified,,,,unspecified,,China,"Fujian, Guangxi, Henan, Sichuan, Yunnan",,,,start_frequency,mean,66.9,,,kHz,sd,3.5,66.9 ±3.5,definition_unstated,China review Table S1 cites Luo et al 2011 (Chinese Journal of Zoology; Chinese with English abstract). Name in the cited study: Myotis ricketti. Detector: Avisoft UltraSoundGate 116. Recording method: Unknown. Sex: Male. Call type: FM Broadband. Values are a review extraction; this row is not independent corroboration of the cited study.
lopezbosch2021-s1-76,1005457,Myotis pilosus,exact,lopez-bosch-2021-china,"Table S1, spreadsheet row 76, duration column",lopez-bosch-2021-china-compiled,unspecified,,,,unspecified,,China,Hubei,,,,duration,mean,2.82,,,ms,sd,0.22,2.82 ±0.22,definition_unstated,China review Table S1 cites Jiang et al 2003b (Acta Zoologica Sinica; Chinese with English abstract). Name in the cited study: Myotis ricketti. Detector: Petterson D980. Recording method: Flying (enclosure). Sex: Female. Call type: FM Broadband. Values are a review extraction; this row is not independent corroboration of the cited study.
lopezbosch2021-s1-76,1005457,Myotis pilosus,exact,lopez-bosch-2021-china,"Table S1, spreadsheet row 76, FmaxE column",lopez-bosch-2021-china-compiled,unspecified,,,,unspecified,,China,Hubei,,,,peak_frequency,mean,37.39,,,kHz,sd,0.59,37.39 ±0.59,definition_unstated,China review Table S1 cites Jiang et al 2003b (Acta Zoologica Sinica; Chinese with English abstract). Name in the cited study: Myotis ricketti. Detector: Petterson D980. Recording method: Flying (enclosure). Sex: Female. Call type: FM Broadband. Values are a review extraction; this row is not independent corroboration of the cited study.
lopezbosch2021-s1-77,1005457,Myotis pilosus,exact,lopez-bosch-2021-china,"Table S1, spreadsheet row 77, duration column",lopez-bosch-2021-china-compiled,unspecified,,,,unspecified,,China,Hubei,,,,duration,mean,2.96,,,ms,sd,0.64,2.96 ±0.64,definition_unstated,China review Table S1 cites Jiang et al 2003b (Acta Zoologica Sinica; Chinese with English abstract). Name in the cited study: Myotis ricketti. Detector: Petterson D980. Recording method: Flying (enclosure). Sex: Male. Call type: FM Broadband. Values are a review extraction; this row is not independent corroboration of the cited study.
lopezbosch2021-s1-77,1005457,Myotis pilosus,exact,lopez-bosch-2021-china,"Table S1, spreadsheet row 77, FmaxE column",lopez-bosch-2021-china-compiled,unspecified,,,,unspecified,,China,Hubei,,,,peak_frequency,mean,37.96,,,kHz,sd,0.8,37.96 ±0.8,definition_unstated,China review Table S1 cites Jiang et al 2003b (Acta Zoologica Sinica; Chinese with English abstract). Name in the cited study: Myotis ricketti. Detector: Petterson D980. Recording method: Flying (enclosure). Sex: Male. Call type: FM Broadband. Values are a review extraction; this row is not independent corroboration of the cited study.
lopezbosch2021-s1-78,1005457,Myotis pilosus,exact,lopez-bosch-2021-china,"Table S1, spreadsheet row 78, duration column",lopez-bosch-2021-china-compiled,unspecified,,,,unspecified,,China,Hubei,,,,duration,mean,4.64,,,ms,sd,0.97,4.64 ±0.97,definition_unstated,China review Table S1 cites Ye et al 2009b (Acta Theoriologica Sinica; Chinese with English abstract). Name in the cited study: Myotis ricketti. Detector: Unknown. Recording method: Flying (enclosure). Sex: Female. Call type: FM Broadband. Values are a review extraction; this row is not independent corroboration of the cited study.
lopezbosch2021-s1-78,1005457,Myotis pilosus,exact,lopez-bosch-2021-china,"Table S1, spreadsheet row 78, max frequency column",lopez-bosch-2021-china-compiled,unspecified,,,,unspecified,,China,Hubei,,,,max_frequency,mean,72.20,,,kHz,sd,2.66,72.20 ±2.66,definition_unstated,China review Table S1 cites Ye et al 2009b (Acta Theoriologica Sinica; Chinese with English abstract). Name in the cited study: Myotis ricketti. Detector: Unknown. Recording method: Flying (enclosure). Sex: Female. Call type: FM Broadband. Values are a review extraction; this row is not independent corroboration of the cited study.
lopezbosch2021-s1-78,1005457,Myotis pilosus,exact,lopez-bosch-2021-china,"Table S1, spreadsheet row 78, min frequency column",lopez-bosch-2021-china-compiled,unspecified,,,,unspecified,,China,Hubei,,,,min_frequency,mean,28.6,,,kHz,sd,1.58,28.6 ±1.58,definition_unstated,China review Table S1 cites Ye et al 2009b (Acta Theoriologica Sinica; Chinese with English abstract). Name in the cited study: Myotis ricketti. Detector: Unknown. Recording method: Flying (enclosure). Sex: Female. Call type: FM Broadband. Values are a review extraction; this row is not independent corroboration of the cited study.
lopezbosch2021-s1-78,1005457,Myotis pilosus,exact,lopez-bosch-2021-china,"Table S1, spreadsheet row 78, FmaxE column",lopez-bosch-2021-china-compiled,unspecified,,,,unspecified,,China,Hubei,,,,peak_frequency,mean,40.20,,,kHz,sd,1.32,40.20 ±1.32,definition_unstated,China review Table S1 cites Ye et al 2009b (Acta Theoriologica Sinica; Chinese with English abstract). Name in the cited study: Myotis ricketti. Detector: Unknown. Recording method: Flying (enclosure). Sex: Female. Call type: FM Broadband. Values are a review extraction; this row is not independent corroboration of the cited study.
lopezbosch2021-s1-79,1005457,Myotis pilosus,exact,lopez-bosch-2021-china,"Table S1, spreadsheet row 79, duration column",lopez-bosch-2021-china-compiled,unspecified,,,,unspecified,,China,Guizhou,,,,duration,mean,4.28,,,ms,sd,0.34,4.28 ±0.34,definition_unstated,China review Table S1 cites Ye et al 2009b (Acta Theoriologica Sinica; Chinese with English abstract). Name in the cited study: Myotis ricketti. Detector: Unknown. Recording method: Flying (enclosure). Sex: Male. Call type: FM Broadband. Values are a review extraction; this row is not independent corroboration of the cited study.
lopezbosch2021-s1-79,1005457,Myotis pilosus,exact,lopez-bosch-2021-china,"Table S1, spreadsheet row 79, max frequency column",lopez-bosch-2021-china-compiled,unspecified,,,,unspecified,,China,Guizhou,,,,max_frequency,mean,72.40,,,kHz,sd,2.37,72.40 ±2.37,definition_unstated,China review Table S1 cites Ye et al 2009b (Acta Theoriologica Sinica; Chinese with English abstract). Name in the cited study: Myotis ricketti. Detector: Unknown. Recording method: Flying (enclosure). Sex: Male. Call type: FM Broadband. Values are a review extraction; this row is not independent corroboration of the cited study.
lopezbosch2021-s1-79,1005457,Myotis pilosus,exact,lopez-bosch-2021-china,"Table S1, spreadsheet row 79, min frequency column",lopez-bosch-2021-china-compiled,unspecified,,,,unspecified,,China,Guizhou,,,,min_frequency,mean,29.0,,,kHz,sd,1.16,29.0 ±1.16,definition_unstated,China review Table S1 cites Ye et al 2009b (Acta Theoriologica Sinica; Chinese with English abstract). Name in the cited study: Myotis ricketti. Detector: Unknown. Recording method: Flying (enclosure). Sex: Male. Call type: FM Broadband. Values are a review extraction; this row is not independent corroboration of the cited study.
lopezbosch2021-s1-79,1005457,Myotis pilosus,exact,lopez-bosch-2021-china,"Table S1, spreadsheet row 79, FmaxE column",lopez-bosch-2021-china-compiled,unspecified,,,,unspecified,,China,Guizhou,,,,peak_frequency,mean,40.31,,,kHz,sd,1.36,40.31 ±1.36,definition_unstated,China review Table S1 cites Ye et al 2009b (Acta Theoriologica Sinica; Chinese with English abstract). Name in the cited study: Myotis ricketti. Detector: Unknown. Recording method: Flying (enclosure). Sex: Male. Call type: FM Broadband. Values are a review extraction; this row is not independent corroboration of the cited study.
lopezbosch2021-s1-8,1005314,Harpiocephalus harpia,exact,lopez-bosch-2021-china,"Table S1, spreadsheet row 8, bandwidth column",lopez-bosch-2021-china-compiled,unspecified,,,,unspecified,,China,"Guangxi, Guizhou, Yunnan",,,,bandwidth,species_summary,57,,,kHz,,,57,definition_unstated,China review Table S1 cites Chen et al 2015a (Sichuan Journal of Zoology; Chinese with English abstract). Name in the cited study: Harpioceiphulus harpia. Detector: Unknown. Recording method: Resting. Sex: Male. Call type: FM Broadband. Values are a review extraction; this row is not independent corroboration of the cited study.
lopezbosch2021-s1-8,1005314,Harpiocephalus harpia,exact,lopez-bosch-2021-china,"Table S1, spreadsheet row 8, duration column",lopez-bosch-2021-china-compiled,unspecified,,,,unspecified,,China,"Guangxi, Guizhou, Yunnan",,,,duration,species_summary,1.2,,,ms,,,1.2,definition_unstated,China review Table S1 cites Chen et al 2015a (Sichuan Journal of Zoology; Chinese with English abstract). Name in the cited study: Harpioceiphulus harpia. Detector: Unknown. Recording method: Resting. Sex: Male. Call type: FM Broadband. Values are a review extraction; this row is not independent corroboration of the cited study.
lopezbosch2021-s1-8,1005314,Harpiocephalus harpia,exact,lopez-bosch-2021-china,"Table S1, spreadsheet row 8, end frequency column",lopez-bosch-2021-china-compiled,unspecified,,,,unspecified,,China,"Guangxi, Guizhou, Yunnan",,,,end_frequency,species_summary,40,,,kHz,,,40,definition_unstated,China review Table S1 cites Chen et al 2015a (Sichuan Journal of Zoology; Chinese with English abstract). Name in the cited study: Harpioceiphulus harpia. Detector: Unknown. Recording method: Resting. Sex: Male. Call type: FM Broadband. Values are a review extraction; this row is not independent corroboration of the cited study.
lopezbosch2021-s1-8,1005314,Harpiocephalus harpia,exact,lopez-bosch-2021-china,"Table S1, spreadsheet row 8, FmaxE column",lopez-bosch-2021-china-compiled,unspecified,,,,unspecified,,China,"Guangxi, Guizhou, Yunnan",,,,peak_frequency,species_summary,48.3,,,kHz,,,48.3,definition_unstated,China review Table S1 cites Chen et al 2015a (Sichuan Journal of Zoology; Chinese with English abstract). Name in the cited study: Harpioceiphulus harpia. Detector: Unknown. Recording method: Resting. Sex: Male. Call type: FM Broadband. Values are a review extraction; this row is not independent corroboration of the cited study.
lopezbosch2021-s1-8,1005314,Harpiocephalus harpia,exact,lopez-bosch-2021-china,"Table S1, spreadsheet row 8, start frequency column",lopez-bosch-2021-china-compiled,unspecified,,,,unspecified,,China,"Guangxi, Guizhou, Yunnan",,,,start_frequency,species_summary,97,,,kHz,,,97,definition_unstated,China review Table S1 cites Chen et al 2015a (Sichuan Journal of Zoology; Chinese with English abstract). Name in the cited study: Harpioceiphulus harpia. Detector: Unknown. Recording method: Resting. Sex: Male. Call type: FM Broadband. Values are a review extraction; this row is not independent corroboration of the cited study.
lopezbosch2021-s1-80,1005465,Myotis rufoniger,exact,lopez-bosch-2021-china,"Table S1, spreadsheet row 80, bandwidth column",lopez-bosch-2021-china-compiled,unspecified,,,,unspecified,,China,Guangdong,,,,bandwidth,mean,47.95,,,kHz,sd,7.65,47.95 ±7.65,definition_unstated,China review Table S1 cites Jiang et al 2007 (Acta Theoriologica Sinica; Chinese with English abstract). Name in the cited study: Myotis formosus. Detector: Unknown. Recording method: Unknown. Sex: unstated. Call type: FM Broadband. Values are a review extraction; this row is not independent corroboration of the cited study.
lopezbosch2021-s1-80,1005465,Myotis rufoniger,exact,lopez-bosch-2021-china,"Table S1, spreadsheet row 80, duration column",lopez-bosch-2021-china-compiled,unspecified,,,,unspecified,,China,Guangdong,,,,duration,mean,2.09,,,ms,sd,0.22,2.09 ±0.22,definition_unstated,China review Table S1 cites Jiang et al 2007 (Acta Theoriologica Sinica; Chinese with English abstract). Name in the cited study: Myotis formosus. Detector: Unknown. Recording method: Unknown. Sex: unstated. Call type: FM Broadband. Values are a review extraction; this row is not independent corroboration of the cited study.
lopezbosch2021-s1-80,1005465,Myotis rufoniger,exact,lopez-bosch-2021-china,"Table S1, spreadsheet row 80, end frequency column",lopez-bosch-2021-china-compiled,unspecified,,,,unspecified,,China,Guangdong,,,,end_frequency,mean,42.55,,,kHz,sd,3.55,42.55 ±3.55,definition_unstated,China review Table S1 cites Jiang et al 2007 (Acta Theoriologica Sinica; Chinese with English abstract). Name in the cited study: Myotis formosus. Detector: Unknown. Recording method: Unknown. Sex: unstated. Call type: FM Broadband. Values are a review extraction; this row is not independent corroboration of the cited study.
lopezbosch2021-s1-80,1005465,Myotis rufoniger,exact,lopez-bosch-2021-china,"Table S1, spreadsheet row 80, FmaxE column",lopez-bosch-2021-china-compiled,unspecified,,,,unspecified,,China,Guangdong,,,,peak_frequency,mean,54.77,,,kHz,sd,4.76,54.77 ± 4.76,definition_unstated,China review Table S1 cites Jiang et al 2007 (Acta Theoriologica Sinica; Chinese with English abstract). Name in the cited study: Myotis formosus. Detector: Unknown. Recording method: Unknown. Sex: unstated. Call type: FM Broadband. Values are a review extraction; this row is not independent corroboration of the cited study.
lopezbosch2021-s1-80,1005465,Myotis rufoniger,exact,lopez-bosch-2021-china,"Table S1, spreadsheet row 80, start frequency column",lopez-bosch-2021-china-compiled,unspecified,,,,unspecified,,China,Guangdong,,,,start_frequency,mean,91.10,,,kHz,sd,5.86,91.10 ±5.86,definition_unstated,China review Table S1 cites Jiang et al 2007 (Acta Theoriologica Sinica; Chinese with English abstract). Name in the cited study: Myotis formosus. Detector: Unknown. Recording method: Unknown. Sex: unstated. Call type: FM Broadband. Values are a review extraction; this row is not independent corroboration of the cited study.
lopezbosch2021-s1-81,1005465,Myotis rufoniger,exact,lopez-bosch-2021-china,"Table S1, spreadsheet row 81, FmaxE column",lopez-bosch-2021-china-compiled,unspecified,,,,unspecified,,China,Unknown,,,,peak_frequency,mean,54.54,,,kHz,sd,6.39,54.54 ±6.39,definition_unstated,China review Table S1 cites Ying et al 2005 (Chinese Journal of Zoology; Chinese). Name in the cited study: Myotis formosus. Detector: Unknown. Recording method: Unknown. Sex: unstated. Call type: FM Broadband. Values are a review extraction; this row is not independent corroboration of the cited study.
lopezbosch2021-s1-82,1005465,Myotis rufoniger,exact,lopez-bosch-2021-china,"Table S1, spreadsheet row 82, duration column",lopez-bosch-2021-china-compiled,unspecified,,,,unspecified,,China,Guangdong,,,,duration,mean,2.1,,,ms,sd,0.5,2.1 ±0.5,definition_unstated,China review Table S1 cites Sun et al 2003 (Journal of Northeast Normal University (Natural Science Edition); Chinese with English abstract). Name in the cited study: Myotis formosus. Detector: Unknown. Recording method: Flying (enclosure). Sex: unstated. Call type: FM Broadband. Values are a review extraction; this row is not independent corroboration of the cited study.
lopezbosch2021-s1-82,1005465,Myotis rufoniger,exact,lopez-bosch-2021-china,"Table S1, spreadsheet row 82, end frequency column",lopez-bosch-2021-china-compiled,unspecified,,,,unspecified,,China,Guangdong,,,,end_frequency,mean,44,,,kHz,sd,4,44 .4 ±3.7,definition_unstated,China review Table S1 cites Sun et al 2003 (Journal of Northeast Normal University (Natural Science Edition); Chinese with English abstract). Name in the cited study: Myotis formosus. Detector: Unknown. Recording method: Flying (enclosure). Sex: unstated. Call type: FM Broadband. Values are a review extraction; this row is not independent corroboration of the cited study.
lopezbosch2021-s1-82,1005465,Myotis rufoniger,exact,lopez-bosch-2021-china,"Table S1, spreadsheet row 82, FmaxE column",lopez-bosch-2021-china-compiled,unspecified,,,,unspecified,,China,Guangdong,,,,peak_frequency,mean,56,,,kHz,sd,3,56 .3 ±5,definition_unstated,China review Table S1 cites Sun et al 2003 (Journal of Northeast Normal University (Natural Science Edition); Chinese with English abstract). Name in the cited study: Myotis formosus. Detector: Unknown. Recording method: Flying (enclosure). Sex: unstated. Call type: FM Broadband. Values are a review extraction; this row is not independent corroboration of the cited study.
lopezbosch2021-s1-82,1005465,Myotis rufoniger,exact,lopez-bosch-2021-china,"Table S1, spreadsheet row 82, start frequency column",lopez-bosch-2021-china-compiled,unspecified,,,,unspecified,,China,Guangdong,,,,start_frequency,mean,94.8,,,kHz,sd,5,94.8 ±5,definition_unstated,China review Table S1 cites Sun et al 2003 (Journal of Northeast Normal University (Natural Science Edition); Chinese with English abstract). Name in the cited study: Myotis formosus. Detector: Unknown. Recording method: Flying (enclosure). Sex: unstated. Call type: FM Broadband. Values are a review extraction; this row is not independent corroboration of the cited study.
lopezbosch2021-s1-83,1005473,Myotis siligorensis,exact,lopez-bosch-2021-china,"Table S1, spreadsheet row 83, duration column",lopez-bosch-2021-china-compiled,unspecified,,,,unspecified,,China,Guangdong,,,,duration,mean,4.07,,,ms,sd,1.13,4.07 ±1.13,definition_unstated,China review Table S1 cites Wei et al 2006 (Zoological Research; Chinese with English abstract). Name in the cited study: Myotis siligorensis. Detector: Petterson D240X. Recording method: Unknown. Sex: unstated. Call type: FM-QCF. Values are a review extraction; this row is not independent corroboration of the cited study.
lopezbosch2021-s1-83,1005473,Myotis siligorensis,exact,lopez-bosch-2021-china,"Table S1, spreadsheet row 83, end frequency column",lopez-bosch-2021-china-compiled,unspecified,,,,unspecified,,China,Guangdong,,,,end_frequency,mean,69.57,,,kHz,sd,14.2,69.57 ±14.2,definition_unstated,China review Table S1 cites Wei et al 2006 (Zoological Research; Chinese with English abstract). Name in the cited study: Myotis siligorensis. Detector: Petterson D240X. Recording method: Unknown. Sex: unstated. Call type: FM-QCF. Values are a review extraction; this row is not independent corroboration of the cited study.
lopezbosch2021-s1-83,1005473,Myotis siligorensis,exact,lopez-bosch-2021-china,"Table S1, spreadsheet row 83, FmaxE column",lopez-bosch-2021-china-compiled,unspecified,,,,unspecified,,China,Guangdong,,,,peak_frequency,mean,84.44,,,kHz,sd,8.13,84.44 ±8.13,definition_unstated,China review Table S1 cites Wei et al 2006 (Zoological Research; Chinese with English abstract). Name in the cited study: Myotis siligorensis. Detector: Petterson D240X. Recording method: Unknown. Sex: unstated. Call type: FM-QCF. Values are a review extraction; this row is not independent corroboration of the cited study.
lopezbosch2021-s1-83,1005473,Myotis siligorensis,exact,lopez-bosch-2021-china,"Table S1, spreadsheet row 83, start frequency column",lopez-bosch-2021-china-compiled,unspecified,,,,unspecified,,China,Guangdong,,,,start_frequency,mean,109.78,,,kHz,sd,10.88,109.78 ±10.88,definition_unstated,China review Table S1 cites Wei et al 2006 (Zoological Research; Chinese with English abstract). Name in the cited study: Myotis siligorensis. Detector: Petterson D240X. Recording method: Unknown. Sex: unstated. Call type: FM-QCF. Values are a review extraction; this row is not independent corroboration of the cited study.
lopezbosch2021-s1-84,1005473,Myotis siligorensis,exact,lopez-bosch-2021-china,"Table S1, spreadsheet row 84, duration column",lopez-bosch-2021-china-compiled,unspecified,,,,unspecified,,China,Guizhou,,,,duration,mean,8.5,,,ms,sd,3.6,8.5 ±3.6,definition_unstated,China review Table S1 cites Wei et al 2011 (Acta Theoriologica Sinica; Chinese with English abstract). Name in the cited study: Myotis siligorensis. Detector: Unknown. Recording method: Unknown. Sex: unstated. Call type: FM-QCF. Values are a review extraction; this row is not independent corroboration of the cited study.
lopezbosch2021-s1-84,1005473,Myotis siligorensis,exact,lopez-bosch-2021-china,"Table S1, spreadsheet row 84, end frequency column",lopez-bosch-2021-china-compiled,unspecified,,,,unspecified,,China,Guizhou,,,,end_frequency,mean,36.8,,,kHz,sd,4.2,36.8 ±4.2,definition_unstated,China review Table S1 cites Wei et al 2011 (Acta Theoriologica Sinica; Chinese with English abstract). Name in the cited study: Myotis siligorensis. Detector: Unknown. Recording method: Unknown. Sex: unstated. Call type: FM-QCF. Values are a review extraction; this row is not independent corroboration of the cited study.
lopezbosch2021-s1-84,1005473,Myotis siligorensis,exact,lopez-bosch-2021-china,"Table S1, spreadsheet row 84, FmaxE column",lopez-bosch-2021-china-compiled,unspecified,,,,unspecified,,China,Guizhou,,,,peak_frequency,mean,50.7,,,kHz,sd,3.8,50.7 ±3.8,definition_unstated,China review Table S1 cites Wei et al 2011 (Acta Theoriologica Sinica; Chinese with English abstract). Name in the cited study: Myotis siligorensis. Detector: Unknown. Recording method: Unknown. Sex: unstated. Call type: FM-QCF. Values are a review extraction; this row is not independent corroboration of the cited study.
lopezbosch2021-s1-84,1005473,Myotis siligorensis,exact,lopez-bosch-2021-china,"Table S1, spreadsheet row 84, start frequency column",lopez-bosch-2021-china-compiled,unspecified,,,,unspecified,,China,Guizhou,,,,start_frequency,mean,77.5,,,kHz,sd,10.7,77.5 ±10.7,definition_unstated,China review Table S1 cites Wei et al 2011 (Acta Theoriologica Sinica; Chinese with English abstract). Name in the cited study: Myotis siligorensis. Detector: Unknown. Recording method: Unknown. Sex: unstated. Call type: FM-QCF. Values are a review extraction; this row is not independent corroboration of the cited study.
lopezbosch2021-s1-85,1005608,Nyctalus plancyi,exact,lopez-bosch-2021-china,"Table S1, spreadsheet row 85, duration column",lopez-bosch-2021-china-compiled,unspecified,,,,unspecified,,China,Guizhou,,,,duration,mean,11.5,,,ms,sd,3.3,11.5 ±3.3,definition_unstated,China review Table S1 cites Wei et al 2011 (Acta Theoriologica Sinica; Chinese with English abstract). Name in the cited study: Nyctalus plancyi. Detector: Unknown. Recording method: Unknown. Sex: unstated. Call type: Narrowband QCF. Values are a review extraction; this row is not independent corroboration of the cited study.
lopezbosch2021-s1-85,1005608,Nyctalus plancyi,exact,lopez-bosch-2021-china,"Table S1, spreadsheet row 85, end frequency column",lopez-bosch-2021-china-compiled,unspecified,,,,unspecified,,China,Guizhou,,,,end_frequency,mean,41.7,,,kHz,sd,6.6,41.7 ±6.6,definition_unstated,China review Table S1 cites Wei et al 2011 (Acta Theoriologica Sinica; Chinese with English abstract). Name in the cited study: Nyctalus plancyi. Detector: Unknown. Recording method: Unknown. Sex: unstated. Call type: Narrowband QCF. Values are a review extraction; this row is not independent corroboration of the cited study.
lopezbosch2021-s1-85,1005608,Nyctalus plancyi,exact,lopez-bosch-2021-china,"Table S1, spreadsheet row 85, FmaxE column",lopez-bosch-2021-china-compiled,unspecified,,,,unspecified,,China,Guizhou,,,,peak_frequency,mean,49.0,,,kHz,sd,0.4,49.0 ±0.4,definition_unstated,China review Table S1 cites Wei et al 2011 (Acta Theoriologica Sinica; Chinese with English abstract). Name in the cited study: Nyctalus plancyi. Detector: Unknown. Recording method: Unknown. Sex: unstated. Call type: Narrowband QCF. Values are a review extraction; this row is not independent corroboration of the cited study.
lopezbosch2021-s1-85,1005608,Nyctalus plancyi,exact,lopez-bosch-2021-china,"Table S1, spreadsheet row 85, start frequency column",lopez-bosch-2021-china-compiled,unspecified,,,,unspecified,,China,Guizhou,,,,start_frequency,mean,55.9,,,kHz,sd,3.4,55.9 ±3.4,definition_unstated,China review Table S1 cites Wei et al 2011 (Acta Theoriologica Sinica; Chinese with English abstract). Name in the cited study: Nyctalus plancyi. Detector: Unknown. Recording method: Unknown. Sex: unstated. Call type: Narrowband QCF. Values are a review extraction; this row is not independent corroboration of the cited study.
lopezbosch2021-s1-86,1005609,Pipistrellus abramus,synonym_via_mdd,lopez-bosch-2021-china,"Table S1, spreadsheet row 86, duration column",lopez-bosch-2021-china-compiled,unspecified,,,,unspecified,,China,Guangdong,,,,duration,mean,3.5,,,ms,sd,0.39,3.5 ±0.39,definition_unstated,"China review Table S1 cites Liu 2003 (Master thesis, NE Normal University; Chinese with English abstract). Name in the cited study: Pipistrellus abramus. Detector: Petterson D980. Recording method: Flying (enclosure). Sex: unstated. Call type: FM-QCF. Values are a review extraction; this row is not independent corroboration of the cited study."
lopezbosch2021-s1-86,1005609,Pipistrellus abramus,synonym_via_mdd,lopez-bosch-2021-china,"Table S1, spreadsheet row 86, max frequency column",lopez-bosch-2021-china-compiled,unspecified,,,,unspecified,,China,Guangdong,,,,max_frequency,mean,78,,,kHz,sd,5.72,78 ±5.72,definition_unstated,"China review Table S1 cites Liu 2003 (Master thesis, NE Normal University; Chinese with English abstract). Name in the cited study: Pipistrellus abramus. Detector: Petterson D980. Recording method: Flying (enclosure). Sex: unstated. Call type: FM-QCF. Values are a review extraction; this row is not independent corroboration of the cited study."
lopezbosch2021-s1-86,1005609,Pipistrellus abramus,synonym_via_mdd,lopez-bosch-2021-china,"Table S1, spreadsheet row 86, min frequency column",lopez-bosch-2021-china-compiled,unspecified,,,,unspecified,,China,Guangdong,,,,min_frequency,mean,42.5,,,kHz,sd,1.57,42.5 ±1.57,definition_unstated,"China review Table S1 cites Liu 2003 (Master thesis, NE Normal University; Chinese with English abstract). Name in the cited study: Pipistrellus abramus. Detector: Petterson D980. Recording method: Flying (enclosure). Sex: unstated. Call type: FM-QCF. Values are a review extraction; this row is not independent corroboration of the cited study."
lopezbosch2021-s1-86,1005609,Pipistrellus abramus,synonym_via_mdd,lopez-bosch-2021-china,"Table S1, spreadsheet row 86, FmaxE column",lopez-bosch-2021-china-compiled,unspecified,,,,unspecified,,China,Guangdong,,,,peak_frequency,mean,58.14,,,kHz,sd,3.8,58.14 ±3.8,definition_unstated,"China review Table S1 cites Liu 2003 (Master thesis, NE Normal University; Chinese with English abstract). Name in the cited study: Pipistrellus abramus. Detector: Petterson D980. Recording method: Flying (enclosure). Sex: unstated. Call type: FM-QCF. Values are a review extraction; this row is not independent corroboration of the cited study."
lopezbosch2021-s1-87,1005609,Pipistrellus abramus,synonym_via_mdd,lopez-bosch-2021-china,"Table S1, spreadsheet row 87, FmaxE column",lopez-bosch-2021-china-compiled,unspecified,,,,unspecified,,China,Shanxi,,,,peak_frequency,range,,47.4,53.2,kHz,,,(47.4 - 53.2),definition_unstated,China review Table S1 cites Wong et al 2013 (Acta Theoriologica Sinica; Chinese with English abstract). Name in the cited study: Pipistrellus abramus. Detector: Unknown. Recording method: Unknown. Sex: unstated. Call type: FM-QCF. Values are a review extraction; this row is not independent corroboration of the cited study.
lopezbosch2021-s1-88,1005609,Pipistrellus abramus,synonym_via_mdd,lopez-bosch-2021-china,"Table S1, spreadsheet row 88, bandwidth column",lopez-bosch-2021-china-compiled,unspecified,,,,free_flying_wild,,China,Guizhou,,,,bandwidth,mean,12.15,1.9,48.9,kHz,sd,8.7,12.15 ±8.7 (1.9 - 48.9),definition_unstated,China review Table S1 cites Ma et al 2010 (Acta Theriologica; English). Name in the cited study: Pipistrellus abramus. Detector: Avisoft UltraSoundGate 116. Recording method: Free-flying. Sex: unstated. Call type: FM-QCF. Values are a review extraction; this row is not independent corroboration of the cited study.
lopezbosch2021-s1-88,1005609,Pipistrellus abramus,synonym_via_mdd,lopez-bosch-2021-china,"Table S1, spreadsheet row 88, duration column",lopez-bosch-2021-china-compiled,unspecified,,,,free_flying_wild,,China,Guizhou,,,,duration,mean,7.94,2.20,13.8,ms,sd,2.42,7.94 ±2.42 (2.20 - 13.8),definition_unstated,China review Table S1 cites Ma et al 2010 (Acta Theriologica; English). Name in the cited study: Pipistrellus abramus. Detector: Avisoft UltraSoundGate 116. Recording method: Free-flying. Sex: unstated. Call type: FM-QCF. Values are a review extraction; this row is not independent corroboration of the cited study.
lopezbosch2021-s1-88,1005609,Pipistrellus abramus,synonym_via_mdd,lopez-bosch-2021-china,"Table S1, spreadsheet row 88, end frequency column",lopez-bosch-2021-china-compiled,unspecified,,,,free_flying_wild,,China,Guizhou,,,,end_frequency,mean,43.11,39,47.8,kHz,sd,1.62,43.11 ±1.62 (39 - 47.8),definition_unstated,China review Table S1 cites Ma et al 2010 (Acta Theriologica; English). Name in the cited study: Pipistrellus abramus. Detector: Avisoft UltraSoundGate 116. Recording method: Free-flying. Sex: unstated. Call type: FM-QCF. Values are a review extraction; this row is not independent corroboration of the cited study.
lopezbosch2021-s1-88,1005609,Pipistrellus abramus,synonym_via_mdd,lopez-bosch-2021-china,"Table S1, spreadsheet row 88, FmaxE column",lopez-bosch-2021-china-compiled,unspecified,,,,free_flying_wild,,China,Guizhou,,,,peak_frequency,mean,44.81,40.21,49.93,kHz,sd,1.78,44.81 ±1.78 (40.21 - 49.93),definition_unstated,China review Table S1 cites Ma et al 2010 (Acta Theriologica; English). Name in the cited study: Pipistrellus abramus. Detector: Avisoft UltraSoundGate 116. Recording method: Free-flying. Sex: unstated. Call type: FM-QCF. Values are a review extraction; this row is not independent corroboration of the cited study.
lopezbosch2021-s1-88,1005609,Pipistrellus abramus,synonym_via_mdd,lopez-bosch-2021-china,"Table S1, spreadsheet row 88, start frequency column",lopez-bosch-2021-china-compiled,unspecified,,,,free_flying_wild,,China,Guizhou,,,,start_frequency,mean,55.4,41.9,95.20,kHz,sd,9.77,55.4 ±9.77 (41.9 - 95.20),definition_unstated,China review Table S1 cites Ma et al 2010 (Acta Theriologica; English). Name in the cited study: Pipistrellus abramus. Detector: Avisoft UltraSoundGate 116. Recording method: Free-flying. Sex: unstated. Call type: FM-QCF. Values are a review extraction; this row is not independent corroboration of the cited study.
lopezbosch2021-s1-89,1005609,Pipistrellus abramus,synonym_via_mdd,lopez-bosch-2021-china,"Table S1, spreadsheet row 89, bandwidth column",lopez-bosch-2021-china-compiled,unspecified,,,,unspecified,,China,Shaanxi,,,,bandwidth,mean,43.4,17.0,61.0,kHz,sd,10.6,43.4 ±10.6 (17.0 - 61.0),definition_unstated,China review Table S1 cites Luo et al 2007 (Zoological Studies; English). Name in the cited study: Pipistrellus abramus. Detector: Petterson D980. Recording method: Flying (enclosure). Sex: unstated. Call type: FM-QCF. Values are a review extraction; this row is not independent corroboration of the cited study.
lopezbosch2021-s1-89,1005609,Pipistrellus abramus,synonym_via_mdd,lopez-bosch-2021-china,"Table S1, spreadsheet row 89, duration column",lopez-bosch-2021-china-compiled,unspecified,,,,unspecified,,China,Shaanxi,,,,duration,mean,2.6,1.3,4.7,ms,sd,0.8,2.6 ±0.8 (1.3 - 4.7),definition_unstated,China review Table S1 cites Luo et al 2007 (Zoological Studies; English). Name in the cited study: Pipistrellus abramus. Detector: Petterson D980. Recording method: Flying (enclosure). Sex: unstated. Call type: FM-QCF. Values are a review extraction; this row is not independent corroboration of the cited study.
lopezbosch2021-s1-89,1005609,Pipistrellus abramus,synonym_via_mdd,lopez-bosch-2021-china,"Table S1, spreadsheet row 89, end frequency column",lopez-bosch-2021-china-compiled,unspecified,,,,unspecified,,China,Shaanxi,,,,end_frequency,mean,43.2,17.0,61.0,kHz,sd,10.6,43.2 ±10.6 (17.0 - 61.0),definition_unstated,China review Table S1 cites Luo et al 2007 (Zoological Studies; English). Name in the cited study: Pipistrellus abramus. Detector: Petterson D980. Recording method: Flying (enclosure). Sex: unstated. Call type: FM-QCF. Values are a review extraction; this row is not independent corroboration of the cited study.
lopezbosch2021-s1-89,1005609,Pipistrellus abramus,synonym_via_mdd,lopez-bosch-2021-china,"Table S1, spreadsheet row 89, FmaxE column",lopez-bosch-2021-china-compiled,unspecified,,,,unspecified,,China,Shaanxi,,,,peak_frequency,mean,52.1,43.3,57.6,kHz,sd,2.4,52.1 ±2.4 (43.3 - 57.6),definition_unstated,China review Table S1 cites Luo et al 2007 (Zoological Studies; English). Name in the cited study: Pipistrellus abramus. Detector: Petterson D980. Recording method: Flying (enclosure). Sex: unstated. Call type: FM-QCF. Values are a review extraction; this row is not independent corroboration of the cited study.
lopezbosch2021-s1-89,1005609,Pipistrellus abramus,synonym_via_mdd,lopez-bosch-2021-china,"Table S1, spreadsheet row 89, start frequency column",lopez-bosch-2021-china-compiled,unspecified,,,,unspecified,,China,Shaanxi,,,,start_frequency,mean,86.6,62.0,105.0,kHz,sd,10.2,86.6 ±10.2 (62.0 - 105.0),definition_unstated,China review Table S1 cites Luo et al 2007 (Zoological Studies; English). Name in the cited study: Pipistrellus abramus. Detector: Petterson D980. Recording method: Flying (enclosure). Sex: unstated. Call type: FM-QCF. Values are a review extraction; this row is not independent corroboration of the cited study.
lopezbosch2021-s1-9,1005314,Harpiocephalus harpia,exact,lopez-bosch-2021-china,"Table S1, spreadsheet row 9, bandwidth column",lopez-bosch-2021-china-compiled,unspecified,,,,unspecified,,China,Guizhou,,,,bandwidth,species_summary,62.3,,,kHz,,,62.3,definition_unstated,China review Table S1 cites Chen et al 2015a (Sichuan Journal of Zoology; Chinese with English abstract). Name in the cited study: Harpioceiphulus harpia. Detector: Unknown. Recording method: Flying (enclosure). Sex: Male. Call type: FM Broadband. Values are a review extraction; this row is not independent corroboration of the cited study.
lopezbosch2021-s1-9,1005314,Harpiocephalus harpia,exact,lopez-bosch-2021-china,"Table S1, spreadsheet row 9, duration column",lopez-bosch-2021-china-compiled,unspecified,,,,unspecified,,China,Guizhou,,,,duration,species_summary,2.1,,,ms,,,2.1,definition_unstated,China review Table S1 cites Chen et al 2015a (Sichuan Journal of Zoology; Chinese with English abstract). Name in the cited study: Harpioceiphulus harpia. Detector: Unknown. Recording method: Flying (enclosure). Sex: Male. Call type: FM Broadband. Values are a review extraction; this row is not independent corroboration of the cited study.
lopezbosch2021-s1-9,1005314,Harpiocephalus harpia,exact,lopez-bosch-2021-china,"Table S1, spreadsheet row 9, end frequency column",lopez-bosch-2021-china-compiled,unspecified,,,,unspecified,,China,Guizhou,,,,end_frequency,species_summary,37.9,,,kHz,,,37.9,definition_unstated,China review Table S1 cites Chen et al 2015a (Sichuan Journal of Zoology; Chinese with English abstract). Name in the cited study: Harpioceiphulus harpia. Detector: Unknown. Recording method: Flying (enclosure). Sex: Male. Call type: FM Broadband. Values are a review extraction; this row is not independent corroboration of the cited study.
lopezbosch2021-s1-9,1005314,Harpiocephalus harpia,exact,lopez-bosch-2021-china,"Table S1, spreadsheet row 9, FmaxE column",lopez-bosch-2021-china-compiled,unspecified,,,,unspecified,,China,Guizhou,,,,peak_frequency,species_summary,51.3,,,kHz,,,51.3,definition_unstated,China review Table S1 cites Chen et al 2015a (Sichuan Journal of Zoology; Chinese with English abstract). Name in the cited study: Harpioceiphulus harpia. Detector: Unknown. Recording method: Flying (enclosure). Sex: Male. Call type: FM Broadband. Values are a review extraction; this row is not independent corroboration of the cited study.
lopezbosch2021-s1-9,1005314,Harpiocephalus harpia,exact,lopez-bosch-2021-china,"Table S1, spreadsheet row 9, start frequency column",lopez-bosch-2021-china-compiled,unspecified,,,,unspecified,,China,Guizhou,,,,start_frequency,species_summary,103.6,,,kHz,,,103.6,definition_unstated,China review Table S1 cites Chen et al 2015a (Sichuan Journal of Zoology; Chinese with English abstract). Name in the cited study: Harpioceiphulus harpia. Detector: Unknown. Recording method: Flying (enclosure). Sex: Male. Call type: FM Broadband. Values are a review extraction; this row is not independent corroboration of the cited study.
lopezbosch2021-s1-90,1005609,Pipistrellus abramus,synonym_via_mdd,lopez-bosch-2021-china,"Table S1, spreadsheet row 90, bandwidth column",lopez-bosch-2021-china-compiled,unspecified,,,,unspecified,,China,Henan,,,,bandwidth,mean,44.0,34.5,55.5,kHz,sd,5.1,44.0 ±5.1 (34.5 - 55.5),definition_unstated,China review Table S1 cites Fu et al 2019a (Journal of Comparative Physiology; English). Name in the cited study: Pipistrellus abramus. Detector: Petterson D1000X. Recording method: Resting. Sex: unstated. Call type: FM-QCF. Values are a review extraction; this row is not independent corroboration of the cited study.
lopezbosch2021-s1-90,1005609,Pipistrellus abramus,synonym_via_mdd,lopez-bosch-2021-china,"Table S1, spreadsheet row 90, duration column",lopez-bosch-2021-china-compiled,unspecified,,,,unspecified,,China,Henan,,,,duration,mean,3.4,2.9,3.9,ms,sd,0.2,3.4 ±0.2 (2.9 - 3.9),definition_unstated,China review Table S1 cites Fu et al 2019a (Journal of Comparative Physiology; English). Name in the cited study: Pipistrellus abramus. Detector: Petterson D1000X. Recording method: Resting. Sex: unstated. Call type: FM-QCF. Values are a review extraction; this row is not independent corroboration of the cited study.
lopezbosch2021-s1-90,1005609,Pipistrellus abramus,synonym_via_mdd,lopez-bosch-2021-china,"Table S1, spreadsheet row 90, end frequency column",lopez-bosch-2021-china-compiled,unspecified,,,,unspecified,,China,Henan,,,,end_frequency,mean,43.6,35.3,51.8,kHz,sd,3.9,43.6 ±3.9 (35.3 - 51.8),definition_unstated,China review Table S1 cites Fu et al 2019a (Journal of Comparative Physiology; English). Name in the cited study: Pipistrellus abramus. Detector: Petterson D1000X. Recording method: Resting. Sex: unstated. Call type: FM-QCF. Values are a review extraction; this row is not independent corroboration of the cited study.
lopezbosch2021-s1-90,1005609,Pipistrellus abramus,synonym_via_mdd,lopez-bosch-2021-china,"Table S1, spreadsheet row 90, start frequency column",lopez-bosch-2021-china-compiled,unspecified,,,,unspecified,,China,Henan,,,,start_frequency,mean,87.6,77.4,95.3,kHz,sd,3.7,87.6 ±3.7 (77.4 - 95.3),definition_unstated,China review Table S1 cites Fu et al 2019a (Journal of Comparative Physiology; English). Name in the cited study: Pipistrellus abramus. Detector: Petterson D1000X. Recording method: Resting. Sex: unstated. Call type: FM-QCF. Values are a review extraction; this row is not independent corroboration of the cited study.
lopezbosch2021-s1-91,1005609,Pipistrellus abramus,synonym_via_mdd,lopez-bosch-2021-china,"Table S1, spreadsheet row 91, duration column",lopez-bosch-2021-china-compiled,unspecified,,,,unspecified,,China,Henan,,,,duration,species_summary,3.26,,,ms,,,3.26,definition_unstated,China review Table S1 cites Shao et al 2014 (Acta Theoriologica Sinica; Chinese with English abstract). Name in the cited study: Pipistrellus abramus. Detector: Unknown. Recording method: Unknown. Sex: unstated. Call type: FM-QCF. Values are a review extraction; this row is not independent corroboration of the cited study.
lopezbosch2021-s1-91,1005609,Pipistrellus abramus,synonym_via_mdd,lopez-bosch-2021-china,"Table S1, spreadsheet row 91, FmaxE column",lopez-bosch-2021-china-compiled,unspecified,,,,unspecified,,China,Henan,,,,peak_frequency,species_summary,56.27,,,kHz,,,56.27,definition_unstated,China review Table S1 cites Shao et al 2014 (Acta Theoriologica Sinica; Chinese with English abstract). Name in the cited study: Pipistrellus abramus. Detector: Unknown. Recording method: Unknown. Sex: unstated. Call type: FM-QCF. Values are a review extraction; this row is not independent corroboration of the cited study.
lopezbosch2021-s1-92,1005609,Pipistrellus abramus,synonym_via_mdd,lopez-bosch-2021-china,"Table S1, spreadsheet row 92, FmaxE column",lopez-bosch-2021-china-compiled,unspecified,,,,unspecified,,China,"Jiangxi, Anhui, Guangdong, Sichuan, Guangxi, Shaanxi, Jiangsu, Hubei, Yunnan",,,,peak_frequency,species_summary,45,,,kHz,,,45,definition_unstated,China review Table S1 cites Wong et al 2013 (Acta Theoriologica Sinica; Chinese with English abstract). Name in the cited study: Pipistrellus pipistrellus. Detector: Unknown. Recording method: Unknown. Sex: unstated. Call type: FM-QCF. Values are a review extraction; this row is not independent corroboration of the cited study.
lopezbosch2021-s1-93,1005671,Plecotus ognevi,exact,lopez-bosch-2021-china,"Table S1, spreadsheet row 93, max frequency column",lopez-bosch-2021-china-compiled,unspecified,,,,free_flying_wild,,China,Sichuan,,,,max_frequency,mean,65.9,,,kHz,sd,6.2,65.9 ±6.2,definition_unstated,China review Table S1 cites Ye et al 2009a (Journal of Northeast Normal University (Natural Science Edition); Chinese with English abstract). Name in the cited study: Plecotus auritus. Detector: Unknown. Recording method: Free-flying. Sex: unstated. Call type: Broadband FM Multiharmonic. Values are a review extraction; this row is not independent corroboration of the cited study.
lopezbosch2021-s1-93,1005671,Plecotus ognevi,exact,lopez-bosch-2021-china,"Table S1, spreadsheet row 93, min frequency column",lopez-bosch-2021-china-compiled,unspecified,,,,free_flying_wild,,China,Sichuan,,,,min_frequency,mean,29.0,,,kHz,sd,5.5,29.0 ±5.5,definition_unstated,China review Table S1 cites Ye et al 2009a (Journal of Northeast Normal University (Natural Science Edition); Chinese with English abstract). Name in the cited study: Plecotus auritus. Detector: Unknown. Recording method: Free-flying. Sex: unstated. Call type: Broadband FM Multiharmonic. Values are a review extraction; this row is not independent corroboration of the cited study.
lopezbosch2021-s1-93,1005671,Plecotus ognevi,exact,lopez-bosch-2021-china,"Table S1, spreadsheet row 93, FmaxE column",lopez-bosch-2021-china-compiled,unspecified,,,,free_flying_wild,,China,Sichuan,,,,peak_frequency,mean,45.4,,,kHz,sd,9.6,45.4 ±9.6,definition_unstated,China review Table S1 cites Ye et al 2009a (Journal of Northeast Normal University (Natural Science Edition); Chinese with English abstract). Name in the cited study: Plecotus auritus. Detector: Unknown. Recording method: Free-flying. Sex: unstated. Call type: Broadband FM Multiharmonic. Values are a review extraction; this row is not independent corroboration of the cited study.
lopezbosch2021-s1-94,1005671,Plecotus ognevi,exact,lopez-bosch-2021-china,"Table S1, spreadsheet row 94, max frequency column",lopez-bosch-2021-china-compiled,unspecified,,,,free_flying_wild,,China,Zhejiang,,,,max_frequency,mean,80.1,,,kHz,sd,8.3,80.1 ±8.3,definition_unstated,China review Table S1 cites Ye et al 2009a (Journal of Northeast Normal University (Natural Science Edition); Chinese with English abstract). Name in the cited study: Plecotus auritus. Detector: Unknown. Recording method: Free-flying. Sex: unstated. Call type: Broadband FM Multiharmonic. Values are a review extraction; this row is not independent corroboration of the cited study.
lopezbosch2021-s1-94,1005671,Plecotus ognevi,exact,lopez-bosch-2021-china,"Table S1, spreadsheet row 94, min frequency column",lopez-bosch-2021-china-compiled,unspecified,,,,free_flying_wild,,China,Zhejiang,,,,min_frequency,mean,24.5,,,kHz,sd,4.4,24.5 ±4.4,definition_unstated,China review Table S1 cites Ye et al 2009a (Journal of Northeast Normal University (Natural Science Edition); Chinese with English abstract). Name in the cited study: Plecotus auritus. Detector: Unknown. Recording method: Free-flying. Sex: unstated. Call type: Broadband FM Multiharmonic. Values are a review extraction; this row is not independent corroboration of the cited study.
lopezbosch2021-s1-94,1005671,Plecotus ognevi,exact,lopez-bosch-2021-china,"Table S1, spreadsheet row 94, FmaxE column",lopez-bosch-2021-china-compiled,unspecified,,,,free_flying_wild,,China,Zhejiang,,,,peak_frequency,mean,48.0,,,kHz,sd,9.7,48.0 ±9.7,definition_unstated,China review Table S1 cites Ye et al 2009a (Journal of Northeast Normal University (Natural Science Edition); Chinese with English abstract). Name in the cited study: Plecotus auritus. Detector: Unknown. Recording method: Free-flying. Sex: unstated. Call type: Broadband FM Multiharmonic. Values are a review extraction; this row is not independent corroboration of the cited study.
lopezbosch2021-s1-95,1005569,Thainycteris aureocollaris,manual,lopez-bosch-2021-china,"Table S1, spreadsheet row 95, duration column",lopez-bosch-2021-china-compiled,unspecified,,,,unspecified,,China,Jiangxi,,,,duration,range,,3.7,4.2,ms,,,(3.7 - 4.2),definition_unstated,China review Table S1 cites Zhang et al 2014 (Acta Theoriologica Sinica; Chinese with English abstract). Name in the cited study: Arielulus circumdatus. Detector: Unknown. Recording method: Hand-held. Sex: unstated. Call type: FM Broadband. Values are a review extraction; this row is not independent corroboration of the cited study.
lopezbosch2021-s1-95,1005569,Thainycteris aureocollaris,manual,lopez-bosch-2021-china,"Table S1, spreadsheet row 95, end frequency column",lopez-bosch-2021-china-compiled,unspecified,,,,unspecified,,China,Jiangxi,,,,end_frequency,range,,36,37.7,kHz,,,(36 - 37.7),definition_unstated,China review Table S1 cites Zhang et al 2014 (Acta Theoriologica Sinica; Chinese with English abstract). Name in the cited study: Arielulus circumdatus. Detector: Unknown. Recording method: Hand-held. Sex: unstated. Call type: FM Broadband. Values are a review extraction; this row is not independent corroboration of the cited study.
lopezbosch2021-s1-95,1005569,Thainycteris aureocollaris,manual,lopez-bosch-2021-china,"Table S1, spreadsheet row 95, start frequency column",lopez-bosch-2021-china-compiled,unspecified,,,,unspecified,,China,Jiangxi,,,,start_frequency,range,,100.6,112.6,kHz,,,(100.6 - 112.6),definition_unstated,China review Table S1 cites Zhang et al 2014 (Acta Theoriologica Sinica; Chinese with English abstract). Name in the cited study: Arielulus circumdatus. Detector: Unknown. Recording method: Hand-held. Sex: unstated. Call type: FM Broadband. Values are a review extraction; this row is not independent corroboration of the cited study.
lopezbosch2021-s1-96,1005777,Tylonycteris fulvida,exact,lopez-bosch-2021-china,"Table S1, spreadsheet row 96, bandwidth column",lopez-bosch-2021-china-compiled,unspecified,,,,unspecified,,China,Jiangxi,,,,bandwidth,range,,62.4,91.6,kHz,,,(62.4 - 91.6),definition_unstated,China review Table S1 cites Zhang et al 2002 (Zoological Research; Chinese). Name in the cited study: Tylonycteris pachypus. Detector: Petterson D240X. Recording method: Flying (enclosure). Sex: unstated. Call type: FM-QCF. Values are a review extraction; this row is not independent corroboration of the cited study.
lopezbosch2021-s1-96,1005777,Tylonycteris fulvida,exact,lopez-bosch-2021-china,"Table S1, spreadsheet row 96, FmaxE column",lopez-bosch-2021-china-compiled,unspecified,,,,unspecified,,China,Jiangxi,,,,peak_frequency,mean,76.5,,,kHz,sd,2.1,76.5 ±2.1,definition_unstated,China review Table S1 cites Zhang et al 2002 (Zoological Research; Chinese). Name in the cited study: Tylonycteris pachypus. Detector: Petterson D240X. Recording method: Flying (enclosure). Sex: unstated. Call type: FM-QCF. Values are a review extraction; this row is not independent corroboration of the cited study.
lopezbosch2021-s1-97,1005777,Tylonycteris fulvida,exact,lopez-bosch-2021-china,"Table S1, spreadsheet row 97, duration column",lopez-bosch-2021-china-compiled,unspecified,,,,unspecified,,China,Macao,,,,duration,mean,5.0,,,ms,sd,0.9,5.0 ±0.9,definition_unstated,China review Table S1 cites Zhang et al 2006 (Journal of Zoology (Zoological Society of London); English). Name in the cited study: Tylonycteris pachypus. Detector: Petterson D980. Recording method: Flying (enclosure). Sex: unstated. Call type: FM-QCF. Values are a review extraction; this row is not independent corroboration of the cited study.
lopezbosch2021-s1-97,1005777,Tylonycteris fulvida,exact,lopez-bosch-2021-china,"Table S1, spreadsheet row 97, max frequency column",lopez-bosch-2021-china-compiled,unspecified,,,,unspecified,,China,Macao,,,,max_frequency,mean,129.2,,,kHz,sd,7.4,129.2 ±7.4,definition_unstated,China review Table S1 cites Zhang et al 2006 (Journal of Zoology (Zoological Society of London); English). Name in the cited study: Tylonycteris pachypus. Detector: Petterson D980. Recording method: Flying (enclosure). Sex: unstated. Call type: FM-QCF. Values are a review extraction; this row is not independent corroboration of the cited study.
lopezbosch2021-s1-97,1005777,Tylonycteris fulvida,exact,lopez-bosch-2021-china,"Table S1, spreadsheet row 97, min frequency column",lopez-bosch-2021-china-compiled,unspecified,,,,unspecified,,China,Macao,,,,min_frequency,mean,58.3,,,kHz,sd,1.8,58.3 ±1.8,definition_unstated,China review Table S1 cites Zhang et al 2006 (Journal of Zoology (Zoological Society of London); English). Name in the cited study: Tylonycteris pachypus. Detector: Petterson D980. Recording method: Flying (enclosure). Sex: unstated. Call type: FM-QCF. Values are a review extraction; this row is not independent corroboration of the cited study.
lopezbosch2021-s1-97,1005777,Tylonycteris fulvida,exact,lopez-bosch-2021-china,"Table S1, spreadsheet row 97, FmaxE column",lopez-bosch-2021-china-compiled,unspecified,,,,unspecified,,China,Macao,,,,peak_frequency,mean,65.1,,,kHz,sd,2.1,65.1 ±2.1,definition_unstated,China review Table S1 cites Zhang et al 2006 (Journal of Zoology (Zoological Society of London); English). Name in the cited study: Tylonycteris pachypus. Detector: Petterson D980. Recording method: Flying (enclosure). Sex: unstated. Call type: FM-QCF. Values are a review extraction; this row is not independent corroboration of the cited study.
lopezbosch2021-s1-98,1005782,Tylonycteris tonkinensis,exact,lopez-bosch-2021-china,"Table S1, spreadsheet row 98, bandwidth column",lopez-bosch-2021-china-compiled,unspecified,,,,unspecified,,China,Macao,,,,bandwidth,range,,42.7,72.4,kHz,,,(42.7 - 72.4),definition_unstated,China review Table S1 cites Zhang et al 2002 (Zoological Research; Chinese). Name in the cited study: Tylonycteris robustula. Detector: Petterson D240X. Recording method: Flying (enclosure). Sex: unstated. Call type: FM-QCF. Values are a review extraction; this row is not independent corroboration of the cited study.
lopezbosch2021-s1-98,1005782,Tylonycteris tonkinensis,exact,lopez-bosch-2021-china,"Table S1, spreadsheet row 98, FmaxE column",lopez-bosch-2021-china-compiled,unspecified,,,,unspecified,,China,Macao,,,,peak_frequency,mean,49.2,,,kHz,sd,1.8,49.2 ±1.8,definition_unstated,China review Table S1 cites Zhang et al 2002 (Zoological Research; Chinese). Name in the cited study: Tylonycteris robustula. Detector: Petterson D240X. Recording method: Flying (enclosure). Sex: unstated. Call type: FM-QCF. Values are a review extraction; this row is not independent corroboration of the cited study.
lopezbosch2021-s1-99,1005782,Tylonycteris tonkinensis,exact,lopez-bosch-2021-china,"Table S1, spreadsheet row 99, duration column",lopez-bosch-2021-china-compiled,unspecified,,,,unspecified,,China,Guangdong,,,,duration,mean,3.9,,,ms,sd,0.5,3.9 ±0.5,definition_unstated,China review Table S1 cites Zhang et al 2006 (Journal of Zoology (Zoological Society of London); English). Name in the cited study: Tylonycteris robustula. Detector: Petterson D980. Recording method: Flying (enclosure). Sex: unstated. Call type: FM-QCF. Values are a review extraction; this row is not independent corroboration of the cited study.
lopezbosch2021-s1-99,1005782,Tylonycteris tonkinensis,exact,lopez-bosch-2021-china,"Table S1, spreadsheet row 99, max frequency column",lopez-bosch-2021-china-compiled,unspecified,,,,unspecified,,China,Guangdong,,,,max_frequency,mean,100.1,,,kHz,sd,6.8,100.1 ±6.8,definition_unstated,China review Table S1 cites Zhang et al 2006 (Journal of Zoology (Zoological Society of London); English). Name in the cited study: Tylonycteris robustula. Detector: Petterson D980. Recording method: Flying (enclosure). Sex: unstated. Call type: FM-QCF. Values are a review extraction; this row is not independent corroboration of the cited study.
lopezbosch2021-s1-99,1005782,Tylonycteris tonkinensis,exact,lopez-bosch-2021-china,"Table S1, spreadsheet row 99, min frequency column",lopez-bosch-2021-china-compiled,unspecified,,,,unspecified,,China,Guangdong,,,,min_frequency,mean,47.2,,,kHz,sd,2.0,47.2 ±2.0,definition_unstated,China review Table S1 cites Zhang et al 2006 (Journal of Zoology (Zoological Society of London); English). Name in the cited study: Tylonycteris robustula. Detector: Petterson D980. Recording method: Flying (enclosure). Sex: unstated. Call type: FM-QCF. Values are a review extraction; this row is not independent corroboration of the cited study.
lopezbosch2021-s1-99,1005782,Tylonycteris tonkinensis,exact,lopez-bosch-2021-china,"Table S1, spreadsheet row 99, FmaxE column",lopez-bosch-2021-china-compiled,unspecified,,,,unspecified,,China,Guangdong,,,,peak_frequency,mean,57.7,,,kHz,sd,2.7,57.7 ±2.7,definition_unstated,China review Table S1 cites Zhang et al 2006 (Journal of Zoology (Zoological Society of London); English). Name in the cited study: Tylonycteris robustula. Detector: Petterson D980. Recording method: Flying (enclosure). Sex: unstated. Call type: FM-QCF. Values are a review extraction; this row is not independent corroboration of the cited study.
