observation_id,mdd_id,verbatim_taxon_name,taxon_match_method,reference_id,locator,method_id,call_phase,call_variant,variant_label,signal_direction,recording_condition,habitat_class,country,locality,date_or_season,n_individuals,n_calls,parameter,statistic,value,value_min,value_max,unit,dispersion_type,dispersion_value,harmonic,verbatim_value,quality_flag,notes
mst-0375497ef28d5b,1005600,Glischropus tylopus,exact,mcarthur-2021-borneo,supplied worksheet record BAT01347 (maritimeSEA_borneo),mcarthur-2021-borneo-unstated,unspecified,,,,flight_room,,"Sarawak, Malaysian Borneo",,,2,,inter_pulse_interval,species_summary,20.3,,,ms,,,,20.3,definition_unstated,"Imported from MASTER_call_records.csv record BAT01347; upload archive sha256 17ffdda2ba6929d03dabcce39119e90d4ee10712fdf690885b3d4a5128d3e464. McArthur & Khan 2021, J. Bat Research & Conservation 14(1):95-117 (open access, full text fetched). 508 individuals, 31 species, 8 families, Gunung Mulu NP + Bako NP + Wind Cave NR, Sarawak, Malaysian Borneo, 2012-2017. Table 1 gives Fppeak (peak freq), Fstart, Fend, pulse duration and interpulse interval as mean+/-SD and range, separately for stationary/flight-tent vs release calls, with n disaggregated by sex. DFA classification 80.3% overall; family-level breakdown: 96.6% for Rhinolophidae, 95.6% for Hipposideridae+Emballonuridae, only 68.0% for the FM-broadband/FM-multiharmonic/FM-QCF cluster (forest-interior Vespertilionidae). SD=0.2."
mst-074b817770f240,1004585,Hipposideros cervinus,exact,mcarthur-2021-borneo,supplied worksheet record BAT01254 (maritimeSEA_borneo),mcarthur-2021-borneo-unstated,unspecified,,,,unspecified,,"Sarawak, Malaysian Borneo",,,51,,inter_pulse_interval,species_summary,23.7,,,ms,,,,23.7,definition_unstated,"Imported from MASTER_call_records.csv record BAT01254; upload archive sha256 17ffdda2ba6929d03dabcce39119e90d4ee10712fdf690885b3d4a5128d3e464. McArthur & Khan 2021, J. Bat Research & Conservation 14(1):95-117 (open access, full text fetched). 508 individuals, 31 species, 8 families, Gunung Mulu NP + Bako NP + Wind Cave NR, Sarawak, Malaysian Borneo, 2012-2017. Table 1 gives Fppeak (peak freq), Fstart, Fend, pulse duration and interpulse interval as mean+/-SD and range, separately for stationary/flight-tent vs release calls, with n disaggregated by sex. DFA classification 80.3% overall; family-level breakdown: 96.6% for Rhinolophidae, 95.6% for Hipposideridae+Emballonuridae, only 68.0% for the FM-broadband/FM-multiharmonic/FM-QCF cluster (forest-interior Vespertilionidae). SD=7.3."
mst-0a0b7cc175f434,1004675,Rhinolophus creaghi,exact,mcarthur-2021-borneo,supplied worksheet record BAT01236 (maritimeSEA_borneo),mcarthur-2021-borneo-unstated,unspecified,,,,hand_release,,"Sarawak, Malaysian Borneo",,,72,,inter_pulse_interval,species_summary,87.3,,,ms,,,,87.3,definition_unstated,"Imported from MASTER_call_records.csv record BAT01236; upload archive sha256 17ffdda2ba6929d03dabcce39119e90d4ee10712fdf690885b3d4a5128d3e464. McArthur & Khan 2021, J. Bat Research & Conservation 14(1):95-117 (open access, full text fetched). 508 individuals, 31 species, 8 families, Gunung Mulu NP + Bako NP + Wind Cave NR, Sarawak, Malaysian Borneo, 2012-2017. Table 1 gives Fppeak (peak freq), Fstart, Fend, pulse duration and interpulse interval as mean+/-SD and range, separately for stationary/flight-tent vs release calls, with n disaggregated by sex. DFA classification 80.3% overall; family-level breakdown: 96.6% for Rhinolophidae, 95.6% for Hipposideridae+Emballonuridae, only 68.0% for the FM-broadband/FM-multiharmonic/FM-QCF cluster (forest-interior Vespertilionidae). SD=20.4."
mst-102163aa112b3f,1004600,Hipposideros galeritus,exact,mcarthur-2021-borneo,supplied worksheet record BAT01281 (maritimeSEA_borneo),mcarthur-2021-borneo-unstated,unspecified,,,,hand_release,,"Sarawak, Malaysian Borneo",,,21,,inter_pulse_interval,species_summary,21.6,,,ms,,,,21.6,definition_unstated,"Imported from MASTER_call_records.csv record BAT01281; upload archive sha256 17ffdda2ba6929d03dabcce39119e90d4ee10712fdf690885b3d4a5128d3e464. McArthur & Khan 2021, J. Bat Research & Conservation 14(1):95-117 (open access, full text fetched). 508 individuals, 31 species, 8 families, Gunung Mulu NP + Bako NP + Wind Cave NR, Sarawak, Malaysian Borneo, 2012-2017. Table 1 gives Fppeak (peak freq), Fstart, Fend, pulse duration and interpulse interval as mean+/-SD and range, separately for stationary/flight-tent vs release calls, with n disaggregated by sex. DFA classification 80.3% overall; family-level breakdown: 96.6% for Rhinolophidae, 95.6% for Hipposideridae+Emballonuridae, only 68.0% for the FM-broadband/FM-multiharmonic/FM-QCF cluster (forest-interior Vespertilionidae). SD=3.6."
mst-11d73a9854d8bb,1004703,Rhinolophus luctus,exact,mcarthur-2021-borneo,supplied worksheet record BAT01238 (maritimeSEA_borneo),mcarthur-2021-borneo-unstated,unspecified,,,,unspecified,,"Sarawak, Malaysian Borneo",,,2,,duration,species_summary,64.3,,,ms,,,,64.3 64.0-64.6,definition_unstated,"Imported from MASTER_call_records.csv record BAT01238; upload archive sha256 17ffdda2ba6929d03dabcce39119e90d4ee10712fdf690885b3d4a5128d3e464. McArthur & Khan 2021, J. Bat Research & Conservation 14(1):95-117 (open access, full text fetched). 508 individuals, 31 species, 8 families, Gunung Mulu NP + Bako NP + Wind Cave NR, Sarawak, Malaysian Borneo, 2012-2017. Table 1 gives Fppeak (peak freq), Fstart, Fend, pulse duration and interpulse interval as mean+/-SD and range, separately for stationary/flight-tent vs release calls, with n disaggregated by sex. DFA classification 80.3% overall; family-level breakdown: 96.6% for Rhinolophidae, 95.6% for Hipposideridae+Emballonuridae, only 68.0% for the FM-broadband/FM-multiharmonic/FM-QCF cluster (forest-interior Vespertilionidae). SD=0.4."
mst-131737be2300ab,1004588,Hipposideros coxi,exact,mcarthur-2021-borneo,supplied worksheet record BAT01262 (maritimeSEA_borneo),mcarthur-2021-borneo-unstated,unspecified,,,,hand_release,,"Sarawak, Malaysian Borneo",,,10,,duration,species_summary,6.4,,,ms,,,,6.4 4.9-8.3,definition_unstated,"Imported from MASTER_call_records.csv record BAT01262; upload archive sha256 17ffdda2ba6929d03dabcce39119e90d4ee10712fdf690885b3d4a5128d3e464. McArthur & Khan 2021, J. Bat Research & Conservation 14(1):95-117 (open access, full text fetched). 508 individuals, 31 species, 8 families, Gunung Mulu NP + Bako NP + Wind Cave NR, Sarawak, Malaysian Borneo, 2012-2017. Table 1 gives Fppeak (peak freq), Fstart, Fend, pulse duration and interpulse interval as mean+/-SD and range, separately for stationary/flight-tent vs release calls, with n disaggregated by sex. DFA classification 80.3% overall; family-level breakdown: 96.6% for Rhinolophidae, 95.6% for Hipposideridae+Emballonuridae, only 68.0% for the FM-broadband/FM-multiharmonic/FM-QCF cluster (forest-interior Vespertilionidae). SD=1.1."
mst-17ad32dc7f4c47,1005292,Kerivoula hardwickii,exact,mcarthur-2021-borneo,supplied worksheet record BAT01316 (maritimeSEA_borneo),mcarthur-2021-borneo-unstated,unspecified,,,,flight_room,,"Sarawak, Malaysian Borneo",,,10,,duration,species_summary,2,,,ms,,,,2.0 1.7-2.4,definition_unstated,"Imported from MASTER_call_records.csv record BAT01316; upload archive sha256 17ffdda2ba6929d03dabcce39119e90d4ee10712fdf690885b3d4a5128d3e464. McArthur & Khan 2021, J. Bat Research & Conservation 14(1):95-117 (open access, full text fetched). 508 individuals, 31 species, 8 families, Gunung Mulu NP + Bako NP + Wind Cave NR, Sarawak, Malaysian Borneo, 2012-2017. Table 1 gives Fppeak (peak freq), Fstart, Fend, pulse duration and interpulse interval as mean+/-SD and range, separately for stationary/flight-tent vs release calls, with n disaggregated by sex. DFA classification 80.3% overall; family-level breakdown: 96.6% for Rhinolophidae, 95.6% for Hipposideridae+Emballonuridae, only 68.0% for the FM-broadband/FM-multiharmonic/FM-QCF cluster (forest-interior Vespertilionidae). SD=0.3."
mst-1932e5fb82c900,1004600,Hipposideros galeritus,exact,mcarthur-2021-borneo,supplied worksheet record BAT01276 (maritimeSEA_borneo),mcarthur-2021-borneo-unstated,unspecified,,,,unspecified,,"Sarawak, Malaysian Borneo",,,39,,peak_frequency,species_summary,111,,,kHz,,,,111.0 99.4-115.1,definition_unstated,"Imported from MASTER_call_records.csv record BAT01276; upload archive sha256 17ffdda2ba6929d03dabcce39119e90d4ee10712fdf690885b3d4a5128d3e464. McArthur & Khan 2021, J. Bat Research & Conservation 14(1):95-117 (open access, full text fetched). 508 individuals, 31 species, 8 families, Gunung Mulu NP + Bako NP + Wind Cave NR, Sarawak, Malaysian Borneo, 2012-2017. Table 1 gives Fppeak (peak freq), Fstart, Fend, pulse duration and interpulse interval as mean+/-SD and range, separately for stationary/flight-tent vs release calls, with n disaggregated by sex. DFA classification 80.3% overall; family-level breakdown: 96.6% for Rhinolophidae, 95.6% for Hipposideridae+Emballonuridae, only 68.0% for the FM-broadband/FM-multiharmonic/FM-QCF cluster (forest-interior Vespertilionidae). SD=4.3. Fstart=112.5 kHz, Fend=94.5 kHz."
mst-2279d2c85c730a,1005600,Glischropus tylopus,exact,mcarthur-2021-borneo,supplied worksheet record BAT01349 (maritimeSEA_borneo),mcarthur-2021-borneo-unstated,unspecified,,,,hand_release,,"Sarawak, Malaysian Borneo",,,2,,duration,species_summary,1.7,,,ms,,,,1.7 0.9-2.4,definition_unstated,"Imported from MASTER_call_records.csv record BAT01349; upload archive sha256 17ffdda2ba6929d03dabcce39119e90d4ee10712fdf690885b3d4a5128d3e464. McArthur & Khan 2021, J. Bat Research & Conservation 14(1):95-117 (open access, full text fetched). 508 individuals, 31 species, 8 families, Gunung Mulu NP + Bako NP + Wind Cave NR, Sarawak, Malaysian Borneo, 2012-2017. Table 1 gives Fppeak (peak freq), Fstart, Fend, pulse duration and interpulse interval as mean+/-SD and range, separately for stationary/flight-tent vs release calls, with n disaggregated by sex. DFA classification 80.3% overall; family-level breakdown: 96.6% for Rhinolophidae, 95.6% for Hipposideridae+Emballonuridae, only 68.0% for the FM-broadband/FM-multiharmonic/FM-QCF cluster (forest-interior Vespertilionidae). SD=1.1."
mst-23e7136deb9ada,1004592,Hipposideros diadema,exact,mcarthur-2021-borneo,supplied worksheet record BAT01268 (maritimeSEA_borneo),mcarthur-2021-borneo-unstated,unspecified,,,,hand_release,,"Sarawak, Malaysian Borneo",,,11,,duration,species_summary,11.1,,,ms,,,,11.1 7.4-16.1,definition_unstated,"Imported from MASTER_call_records.csv record BAT01268; upload archive sha256 17ffdda2ba6929d03dabcce39119e90d4ee10712fdf690885b3d4a5128d3e464. McArthur & Khan 2021, J. Bat Research & Conservation 14(1):95-117 (open access, full text fetched). 508 individuals, 31 species, 8 families, Gunung Mulu NP + Bako NP + Wind Cave NR, Sarawak, Malaysian Borneo, 2012-2017. Table 1 gives Fppeak (peak freq), Fstart, Fend, pulse duration and interpulse interval as mean+/-SD and range, separately for stationary/flight-tent vs release calls, with n disaggregated by sex. DFA classification 80.3% overall; family-level breakdown: 96.6% for Rhinolophidae, 95.6% for Hipposideridae+Emballonuridae, only 68.0% for the FM-broadband/FM-multiharmonic/FM-QCF cluster (forest-interior Vespertilionidae). SD=3.1."
mst-253945c192fbae,1005600,Glischropus tylopus,exact,mcarthur-2021-borneo,supplied worksheet record BAT01348 (maritimeSEA_borneo),mcarthur-2021-borneo-unstated,unspecified,,,,hand_release,,"Sarawak, Malaysian Borneo",,,2,,peak_frequency,species_summary,64.5,,,kHz,,,,64.5 62.9-66.0,definition_unstated,"Imported from MASTER_call_records.csv record BAT01348; upload archive sha256 17ffdda2ba6929d03dabcce39119e90d4ee10712fdf690885b3d4a5128d3e464. McArthur & Khan 2021, J. Bat Research & Conservation 14(1):95-117 (open access, full text fetched). 508 individuals, 31 species, 8 families, Gunung Mulu NP + Bako NP + Wind Cave NR, Sarawak, Malaysian Borneo, 2012-2017. Table 1 gives Fppeak (peak freq), Fstart, Fend, pulse duration and interpulse interval as mean+/-SD and range, separately for stationary/flight-tent vs release calls, with n disaggregated by sex. DFA classification 80.3% overall; family-level breakdown: 96.6% for Rhinolophidae, 95.6% for Hipposideridae+Emballonuridae, only 68.0% for the FM-broadband/FM-multiharmonic/FM-QCF cluster (forest-interior Vespertilionidae). SD=2.2. Fstart=None kHz, Fend=47.0 kHz."
mst-25bc50416e9fdb,1005105,Miniopterus australis,exact,mcarthur-2021-borneo,supplied worksheet record BAT01351 (maritimeSEA_borneo),mcarthur-2021-borneo-unstated,unspecified,,,,flight_room,,"Sarawak, Malaysian Borneo",,,4,,peak_frequency,species_summary,65.5,,,kHz,,,,65.5 60.7-70.4,definition_unstated,"Imported from MASTER_call_records.csv record BAT01351; upload archive sha256 17ffdda2ba6929d03dabcce39119e90d4ee10712fdf690885b3d4a5128d3e464. McArthur & Khan 2021, J. Bat Research & Conservation 14(1):95-117 (open access, full text fetched). 508 individuals, 31 species, 8 families, Gunung Mulu NP + Bako NP + Wind Cave NR, Sarawak, Malaysian Borneo, 2012-2017. Table 1 gives Fppeak (peak freq), Fstart, Fend, pulse duration and interpulse interval as mean+/-SD and range, separately for stationary/flight-tent vs release calls, with n disaggregated by sex. DFA classification 80.3% overall; family-level breakdown: 96.6% for Rhinolophidae, 95.6% for Hipposideridae+Emballonuridae, only 68.0% for the FM-broadband/FM-multiharmonic/FM-QCF cluster (forest-interior Vespertilionidae). SD=4.8. Fstart=None kHz, Fend=52.6 kHz."
mst-25ccab2bff9fa2,1004675,Rhinolophus creaghi,exact,mcarthur-2021-borneo,supplied worksheet record BAT01234 (maritimeSEA_borneo),mcarthur-2021-borneo-unstated,unspecified,,,,hand_release,,"Sarawak, Malaysian Borneo",,,72,,peak_frequency,species_summary,68.1,,,kHz,,,,68.1 63.9-70.9,definition_unstated,"Imported from MASTER_call_records.csv record BAT01234; upload archive sha256 17ffdda2ba6929d03dabcce39119e90d4ee10712fdf690885b3d4a5128d3e464. McArthur & Khan 2021, J. Bat Research & Conservation 14(1):95-117 (open access, full text fetched). 508 individuals, 31 species, 8 families, Gunung Mulu NP + Bako NP + Wind Cave NR, Sarawak, Malaysian Borneo, 2012-2017. Table 1 gives Fppeak (peak freq), Fstart, Fend, pulse duration and interpulse interval as mean+/-SD and range, separately for stationary/flight-tent vs release calls, with n disaggregated by sex. DFA classification 80.3% overall; family-level breakdown: 96.6% for Rhinolophidae, 95.6% for Hipposideridae+Emballonuridae, only 68.0% for the FM-broadband/FM-multiharmonic/FM-QCF cluster (forest-interior Vespertilionidae). SD=1.6. Fstart=None kHz, Fend=57.6 kHz."
mst-2666af8c99b612,1005158,Chaerephon plicatus,synonym_via_mdd,mcarthur-2021-borneo,supplied worksheet record BAT01362 (maritimeSEA_borneo),mcarthur-2021-borneo-unstated,unspecified,,,,hand_release,,"Sarawak, Malaysian Borneo",,,12,,inter_pulse_interval,species_summary,224.7,,,ms,,,,224.7,definition_unstated,"Imported from MASTER_call_records.csv record BAT01362; upload archive sha256 17ffdda2ba6929d03dabcce39119e90d4ee10712fdf690885b3d4a5128d3e464. McArthur & Khan 2021, J. Bat Research & Conservation 14(1):95-117 (open access, full text fetched). 508 individuals, 31 species, 8 families, Gunung Mulu NP + Bako NP + Wind Cave NR, Sarawak, Malaysian Borneo, 2012-2017. Table 1 gives Fppeak (peak freq), Fstart, Fend, pulse duration and interpulse interval as mean+/-SD and range, separately for stationary/flight-tent vs release calls, with n disaggregated by sex. DFA classification 80.3% overall; family-level breakdown: 96.6% for Rhinolophidae, 95.6% for Hipposideridae+Emballonuridae, only 68.0% for the FM-broadband/FM-multiharmonic/FM-QCF cluster (forest-interior Vespertilionidae). SD=66.2."
mst-29d4c2fe6fcdbf,1005302,Kerivoula papillosa (small form),exact,mcarthur-2021-borneo,supplied worksheet record BAT01327 (maritimeSEA_borneo),mcarthur-2021-borneo-unstated,unspecified,,,,flight_room,,"Sarawak, Malaysian Borneo",,,11,,peak_frequency,species_summary,126,,,kHz,,,,126.0 109.4-139.5,definition_unstated,"Imported from MASTER_call_records.csv record BAT01327; upload archive sha256 17ffdda2ba6929d03dabcce39119e90d4ee10712fdf690885b3d4a5128d3e464. McArthur & Khan 2021, J. Bat Research & Conservation 14(1):95-117 (open access, full text fetched). 508 individuals, 31 species, 8 families, Gunung Mulu NP + Bako NP + Wind Cave NR, Sarawak, Malaysian Borneo, 2012-2017. Table 1 gives Fppeak (peak freq), Fstart, Fend, pulse duration and interpulse interval as mean+/-SD and range, separately for stationary/flight-tent vs release calls, with n disaggregated by sex. DFA classification 80.3% overall; family-level breakdown: 96.6% for Rhinolophidae, 95.6% for Hipposideridae+Emballonuridae, only 68.0% for the FM-broadband/FM-multiharmonic/FM-QCF cluster (forest-interior Vespertilionidae). SD=10.0. Fstart=None kHz, Fend=84.6 kHz."
mst-2a8bbc780d4b43,1005292,Kerivoula hardwickii,exact,mcarthur-2021-borneo,supplied worksheet record BAT01317 (maritimeSEA_borneo),mcarthur-2021-borneo-unstated,unspecified,,,,flight_room,,"Sarawak, Malaysian Borneo",,,10,,inter_pulse_interval,species_summary,13.7,,,ms,,,,13.7,definition_unstated,"Imported from MASTER_call_records.csv record BAT01317; upload archive sha256 17ffdda2ba6929d03dabcce39119e90d4ee10712fdf690885b3d4a5128d3e464. McArthur & Khan 2021, J. Bat Research & Conservation 14(1):95-117 (open access, full text fetched). 508 individuals, 31 species, 8 families, Gunung Mulu NP + Bako NP + Wind Cave NR, Sarawak, Malaysian Borneo, 2012-2017. Table 1 gives Fppeak (peak freq), Fstart, Fend, pulse duration and interpulse interval as mean+/-SD and range, separately for stationary/flight-tent vs release calls, with n disaggregated by sex. DFA classification 80.3% overall; family-level breakdown: 96.6% for Rhinolophidae, 95.6% for Hipposideridae+Emballonuridae, only 68.0% for the FM-broadband/FM-multiharmonic/FM-QCF cluster (forest-interior Vespertilionidae). SD=2.8."
mst-2a91728f79aa5b,1005442,Myotis muricola,exact,mcarthur-2021-borneo,supplied worksheet record BAT01339 (maritimeSEA_borneo),mcarthur-2021-borneo-unstated,unspecified,,,,hand_release,,"Sarawak, Malaysian Borneo",,,3,,peak_frequency,species_summary,56.1,,,kHz,,,,56.1 54.3-59.0,definition_unstated,"Imported from MASTER_call_records.csv record BAT01339; upload archive sha256 17ffdda2ba6929d03dabcce39119e90d4ee10712fdf690885b3d4a5128d3e464. McArthur & Khan 2021, J. Bat Research & Conservation 14(1):95-117 (open access, full text fetched). 508 individuals, 31 species, 8 families, Gunung Mulu NP + Bako NP + Wind Cave NR, Sarawak, Malaysian Borneo, 2012-2017. Table 1 gives Fppeak (peak freq), Fstart, Fend, pulse duration and interpulse interval as mean+/-SD and range, separately for stationary/flight-tent vs release calls, with n disaggregated by sex. DFA classification 80.3% overall; family-level breakdown: 96.6% for Rhinolophidae, 95.6% for Hipposideridae+Emballonuridae, only 68.0% for the FM-broadband/FM-multiharmonic/FM-QCF cluster (forest-interior Vespertilionidae). SD=2.5. Fstart=None kHz, Fend=49.8 kHz."
mst-2add876c1b03da,1004565,Coelops robinsoni,exact,mcarthur-2021-borneo,supplied worksheet record BAT01289 (maritimeSEA_borneo),mcarthur-2021-borneo-unstated,unspecified,,,,unspecified,,"Sarawak, Malaysian Borneo",,,2,,duration,species_summary,1.2,,,ms,,,,1.2 1.1-1.3,definition_unstated,"Imported from MASTER_call_records.csv record BAT01289; upload archive sha256 17ffdda2ba6929d03dabcce39119e90d4ee10712fdf690885b3d4a5128d3e464. McArthur & Khan 2021, J. Bat Research & Conservation 14(1):95-117 (open access, full text fetched). 508 individuals, 31 species, 8 families, Gunung Mulu NP + Bako NP + Wind Cave NR, Sarawak, Malaysian Borneo, 2012-2017. Table 1 gives Fppeak (peak freq), Fstart, Fend, pulse duration and interpulse interval as mean+/-SD and range, separately for stationary/flight-tent vs release calls, with n disaggregated by sex. DFA classification 80.3% overall; family-level breakdown: 96.6% for Rhinolophidae, 95.6% for Hipposideridae+Emballonuridae, only 68.0% for the FM-broadband/FM-multiharmonic/FM-QCF cluster (forest-interior Vespertilionidae). SD=0.2."
mst-2e6e62f1c50157,1005317,Murina aenea,exact,mcarthur-2021-borneo,supplied worksheet record BAT01303 (maritimeSEA_borneo),mcarthur-2021-borneo-unstated,unspecified,,,,flight_room,,"Sarawak, Malaysian Borneo",,,2,,peak_frequency,species_summary,69.4,,,kHz,,,,69.4 62.7-76.1,definition_unstated,"Imported from MASTER_call_records.csv record BAT01303; upload archive sha256 17ffdda2ba6929d03dabcce39119e90d4ee10712fdf690885b3d4a5128d3e464. McArthur & Khan 2021, J. Bat Research & Conservation 14(1):95-117 (open access, full text fetched). 508 individuals, 31 species, 8 families, Gunung Mulu NP + Bako NP + Wind Cave NR, Sarawak, Malaysian Borneo, 2012-2017. Table 1 gives Fppeak (peak freq), Fstart, Fend, pulse duration and interpulse interval as mean+/-SD and range, separately for stationary/flight-tent vs release calls, with n disaggregated by sex. DFA classification 80.3% overall; family-level breakdown: 96.6% for Rhinolophidae, 95.6% for Hipposideridae+Emballonuridae, only 68.0% for the FM-broadband/FM-multiharmonic/FM-QCF cluster (forest-interior Vespertilionidae). SD=9.5. Fstart=None kHz, Fend=40.75 kHz."
mst-31ed4933dca9d9,1005105,Miniopterus australis,exact,mcarthur-2021-borneo,supplied worksheet record BAT01355 (maritimeSEA_borneo),mcarthur-2021-borneo-unstated,unspecified,,,,roost_emergence,,"Sarawak, Malaysian Borneo",,,20,,duration,species_summary,4,,,ms,,,,4.0 3.7-4.8,definition_unstated,"Imported from MASTER_call_records.csv record BAT01355; upload archive sha256 17ffdda2ba6929d03dabcce39119e90d4ee10712fdf690885b3d4a5128d3e464. McArthur & Khan 2021, J. Bat Research & Conservation 14(1):95-117 (open access, full text fetched). 508 individuals, 31 species, 8 families, Gunung Mulu NP + Bako NP + Wind Cave NR, Sarawak, Malaysian Borneo, 2012-2017. Table 1 gives Fppeak (peak freq), Fstart, Fend, pulse duration and interpulse interval as mean+/-SD and range, separately for stationary/flight-tent vs release calls, with n disaggregated by sex. DFA classification 80.3% overall; family-level breakdown: 96.6% for Rhinolophidae, 95.6% for Hipposideridae+Emballonuridae, only 68.0% for the FM-broadband/FM-multiharmonic/FM-QCF cluster (forest-interior Vespertilionidae). SD=0.4."
mst-34fad29d7934f9,1004727,Rhinolophus philippinensis,exact,mcarthur-2021-borneo,supplied worksheet record BAT01243 (maritimeSEA_borneo),mcarthur-2021-borneo-unstated,unspecified,,,,hand_release,,"Sarawak, Malaysian Borneo",,,27,,peak_frequency,species_summary,33.1,,,kHz,,,,33.1 31.7-34.1,definition_unstated,"Imported from MASTER_call_records.csv record BAT01243; upload archive sha256 17ffdda2ba6929d03dabcce39119e90d4ee10712fdf690885b3d4a5128d3e464. McArthur & Khan 2021, J. Bat Research & Conservation 14(1):95-117 (open access, full text fetched). 508 individuals, 31 species, 8 families, Gunung Mulu NP + Bako NP + Wind Cave NR, Sarawak, Malaysian Borneo, 2012-2017. Table 1 gives Fppeak (peak freq), Fstart, Fend, pulse duration and interpulse interval as mean+/-SD and range, separately for stationary/flight-tent vs release calls, with n disaggregated by sex. DFA classification 80.3% overall; family-level breakdown: 96.6% for Rhinolophidae, 95.6% for Hipposideridae+Emballonuridae, only 68.0% for the FM-broadband/FM-multiharmonic/FM-QCF cluster (forest-interior Vespertilionidae). SD=0.5. Fstart=None kHz, Fend=27.8 kHz."
mst-35769192660ee6,1004846,Nycteris tragata,exact,mcarthur-2021-borneo,supplied worksheet record BAT01297 (maritimeSEA_borneo),mcarthur-2021-borneo-unstated,unspecified,,,,flight_room,,"Sarawak, Malaysian Borneo",,,13,,peak_frequency,species_summary,94.9,,,kHz,,,,94.9 67.4-116.9,definition_unstated,"Imported from MASTER_call_records.csv record BAT01297; upload archive sha256 17ffdda2ba6929d03dabcce39119e90d4ee10712fdf690885b3d4a5128d3e464. McArthur & Khan 2021, J. Bat Research & Conservation 14(1):95-117 (open access, full text fetched). 508 individuals, 31 species, 8 families, Gunung Mulu NP + Bako NP + Wind Cave NR, Sarawak, Malaysian Borneo, 2012-2017. Table 1 gives Fppeak (peak freq), Fstart, Fend, pulse duration and interpulse interval as mean+/-SD and range, separately for stationary/flight-tent vs release calls, with n disaggregated by sex. DFA classification 80.3% overall; family-level breakdown: 96.6% for Rhinolophidae, 95.6% for Hipposideridae+Emballonuridae, only 68.0% for the FM-broadband/FM-multiharmonic/FM-QCF cluster (forest-interior Vespertilionidae). SD=12.7. Fstart=None kHz, Fend=61.0 kHz."
mst-371a9357151a52,1004675,Rhinolophus creaghi,exact,mcarthur-2021-borneo,supplied worksheet record BAT01232 (maritimeSEA_borneo),mcarthur-2021-borneo-unstated,unspecified,,,,unspecified,,"Sarawak, Malaysian Borneo",,,83,,duration,species_summary,53,,,ms,,,,53.0 34.8-81.8,definition_unstated,"Imported from MASTER_call_records.csv record BAT01232; upload archive sha256 17ffdda2ba6929d03dabcce39119e90d4ee10712fdf690885b3d4a5128d3e464. McArthur & Khan 2021, J. Bat Research & Conservation 14(1):95-117 (open access, full text fetched). 508 individuals, 31 species, 8 families, Gunung Mulu NP + Bako NP + Wind Cave NR, Sarawak, Malaysian Borneo, 2012-2017. Table 1 gives Fppeak (peak freq), Fstart, Fend, pulse duration and interpulse interval as mean+/-SD and range, separately for stationary/flight-tent vs release calls, with n disaggregated by sex. DFA classification 80.3% overall; family-level breakdown: 96.6% for Rhinolophidae, 95.6% for Hipposideridae+Emballonuridae, only 68.0% for the FM-broadband/FM-multiharmonic/FM-QCF cluster (forest-interior Vespertilionidae). SD=8.2."
mst-379c48b0b3f046,1005158,Chaerephon plicatus,synonym_via_mdd,mcarthur-2021-borneo,supplied worksheet record BAT01358 (maritimeSEA_borneo),mcarthur-2021-borneo-unstated,unspecified,,,,flight_room,,"Sarawak, Malaysian Borneo",,,4,,duration,species_summary,7.5,,,ms,,,,7.5 7.4-7.5,definition_unstated,"Imported from MASTER_call_records.csv record BAT01358; upload archive sha256 17ffdda2ba6929d03dabcce39119e90d4ee10712fdf690885b3d4a5128d3e464. McArthur & Khan 2021, J. Bat Research & Conservation 14(1):95-117 (open access, full text fetched). 508 individuals, 31 species, 8 families, Gunung Mulu NP + Bako NP + Wind Cave NR, Sarawak, Malaysian Borneo, 2012-2017. Table 1 gives Fppeak (peak freq), Fstart, Fend, pulse duration and interpulse interval as mean+/-SD and range, separately for stationary/flight-tent vs release calls, with n disaggregated by sex. DFA classification 80.3% overall; family-level breakdown: 96.6% for Rhinolophidae, 95.6% for Hipposideridae+Emballonuridae, only 68.0% for the FM-broadband/FM-multiharmonic/FM-QCF cluster (forest-interior Vespertilionidae). SD=0.1."
mst-39c881f835acfb,1005442,Myotis muricola,exact,mcarthur-2021-borneo,supplied worksheet record BAT01341 (maritimeSEA_borneo),mcarthur-2021-borneo-unstated,unspecified,,,,hand_release,,"Sarawak, Malaysian Borneo",,,3,,inter_pulse_interval,species_summary,102.4,,,ms,,,,102.4,definition_unstated,"Imported from MASTER_call_records.csv record BAT01341; upload archive sha256 17ffdda2ba6929d03dabcce39119e90d4ee10712fdf690885b3d4a5128d3e464. McArthur & Khan 2021, J. Bat Research & Conservation 14(1):95-117 (open access, full text fetched). 508 individuals, 31 species, 8 families, Gunung Mulu NP + Bako NP + Wind Cave NR, Sarawak, Malaysian Borneo, 2012-2017. Table 1 gives Fppeak (peak freq), Fstart, Fend, pulse duration and interpulse interval as mean+/-SD and range, separately for stationary/flight-tent vs release calls, with n disaggregated by sex. DFA classification 80.3% overall; family-level breakdown: 96.6% for Rhinolophidae, 95.6% for Hipposideridae+Emballonuridae, only 68.0% for the FM-broadband/FM-multiharmonic/FM-QCF cluster (forest-interior Vespertilionidae). SD=27.9."
mst-3a5ffdacd52805,1005600,Glischropus tylopus,exact,mcarthur-2021-borneo,supplied worksheet record BAT01346 (maritimeSEA_borneo),mcarthur-2021-borneo-unstated,unspecified,,,,flight_room,,"Sarawak, Malaysian Borneo",,,2,,duration,species_summary,1.7,,,ms,,,,1.7 1.3-2.2,definition_unstated,"Imported from MASTER_call_records.csv record BAT01346; upload archive sha256 17ffdda2ba6929d03dabcce39119e90d4ee10712fdf690885b3d4a5128d3e464. McArthur & Khan 2021, J. Bat Research & Conservation 14(1):95-117 (open access, full text fetched). 508 individuals, 31 species, 8 families, Gunung Mulu NP + Bako NP + Wind Cave NR, Sarawak, Malaysian Borneo, 2012-2017. Table 1 gives Fppeak (peak freq), Fstart, Fend, pulse duration and interpulse interval as mean+/-SD and range, separately for stationary/flight-tent vs release calls, with n disaggregated by sex. DFA classification 80.3% overall; family-level breakdown: 96.6% for Rhinolophidae, 95.6% for Hipposideridae+Emballonuridae, only 68.0% for the FM-broadband/FM-multiharmonic/FM-QCF cluster (forest-interior Vespertilionidae). SD=0.7."
mst-3b945285b8c606,1005417,Myotis horsfieldii,exact,mcarthur-2021-borneo,supplied worksheet record BAT01333 (maritimeSEA_borneo),mcarthur-2021-borneo-unstated,unspecified,,,,flight_room,,"Sarawak, Malaysian Borneo",,,5,,peak_frequency,species_summary,58,,,kHz,,,,58.0 48.4-63.1,definition_unstated,"Imported from MASTER_call_records.csv record BAT01333; upload archive sha256 17ffdda2ba6929d03dabcce39119e90d4ee10712fdf690885b3d4a5128d3e464. McArthur & Khan 2021, J. Bat Research & Conservation 14(1):95-117 (open access, full text fetched). 508 individuals, 31 species, 8 families, Gunung Mulu NP + Bako NP + Wind Cave NR, Sarawak, Malaysian Borneo, 2012-2017. Table 1 gives Fppeak (peak freq), Fstart, Fend, pulse duration and interpulse interval as mean+/-SD and range, separately for stationary/flight-tent vs release calls, with n disaggregated by sex. DFA classification 80.3% overall; family-level breakdown: 96.6% for Rhinolophidae, 95.6% for Hipposideridae+Emballonuridae, only 68.0% for the FM-broadband/FM-multiharmonic/FM-QCF cluster (forest-interior Vespertilionidae). SD=6.0. Fstart=None kHz, Fend=39.4 kHz."
mst-3be02c4d136212,1004600,Hipposideros galeritus,exact,mcarthur-2021-borneo,supplied worksheet record BAT01280 (maritimeSEA_borneo),mcarthur-2021-borneo-unstated,unspecified,,,,hand_release,,"Sarawak, Malaysian Borneo",,,21,,duration,species_summary,5.8,,,ms,,,,5.8 4.3-7.6,definition_unstated,"Imported from MASTER_call_records.csv record BAT01280; upload archive sha256 17ffdda2ba6929d03dabcce39119e90d4ee10712fdf690885b3d4a5128d3e464. McArthur & Khan 2021, J. Bat Research & Conservation 14(1):95-117 (open access, full text fetched). 508 individuals, 31 species, 8 families, Gunung Mulu NP + Bako NP + Wind Cave NR, Sarawak, Malaysian Borneo, 2012-2017. Table 1 gives Fppeak (peak freq), Fstart, Fend, pulse duration and interpulse interval as mean+/-SD and range, separately for stationary/flight-tent vs release calls, with n disaggregated by sex. DFA classification 80.3% overall; family-level breakdown: 96.6% for Rhinolophidae, 95.6% for Hipposideridae+Emballonuridae, only 68.0% for the FM-broadband/FM-multiharmonic/FM-QCF cluster (forest-interior Vespertilionidae). SD=1.0."
mst-3d9ee1a3cf664a,1004652,Rhinolophus acuminatus,exact,mcarthur-2021-borneo,supplied worksheet record BAT01219 (maritimeSEA_borneo),mcarthur-2021-borneo-unstated,unspecified,,,,unspecified,,"Sarawak, Malaysian Borneo",,,3,,peak_frequency,species_summary,85.1,,,kHz,,,,85.1 83.7-87.5,definition_unstated,"Imported from MASTER_call_records.csv record BAT01219; upload archive sha256 17ffdda2ba6929d03dabcce39119e90d4ee10712fdf690885b3d4a5128d3e464. McArthur & Khan 2021, J. Bat Research & Conservation 14(1):95-117 (open access, full text fetched). 508 individuals, 31 species, 8 families, Gunung Mulu NP + Bako NP + Wind Cave NR, Sarawak, Malaysian Borneo, 2012-2017. Table 1 gives Fppeak (peak freq), Fstart, Fend, pulse duration and interpulse interval as mean+/-SD and range, separately for stationary/flight-tent vs release calls, with n disaggregated by sex. DFA classification 80.3% overall; family-level breakdown: 96.6% for Rhinolophidae, 95.6% for Hipposideridae+Emballonuridae, only 68.0% for the FM-broadband/FM-multiharmonic/FM-QCF cluster (forest-interior Vespertilionidae). SD=2.1. Fstart=None kHz, Fend=72.6 kHz."
mst-3dce6fb1513199,1004600,Hipposideros galeritus,exact,mcarthur-2021-borneo,supplied worksheet record BAT01277 (maritimeSEA_borneo),mcarthur-2021-borneo-unstated,unspecified,,,,unspecified,,"Sarawak, Malaysian Borneo",,,39,,duration,species_summary,6,,,ms,,,,6.0 3.7-7.7,definition_unstated,"Imported from MASTER_call_records.csv record BAT01277; upload archive sha256 17ffdda2ba6929d03dabcce39119e90d4ee10712fdf690885b3d4a5128d3e464. McArthur & Khan 2021, J. Bat Research & Conservation 14(1):95-117 (open access, full text fetched). 508 individuals, 31 species, 8 families, Gunung Mulu NP + Bako NP + Wind Cave NR, Sarawak, Malaysian Borneo, 2012-2017. Table 1 gives Fppeak (peak freq), Fstart, Fend, pulse duration and interpulse interval as mean+/-SD and range, separately for stationary/flight-tent vs release calls, with n disaggregated by sex. DFA classification 80.3% overall; family-level breakdown: 96.6% for Rhinolophidae, 95.6% for Hipposideridae+Emballonuridae, only 68.0% for the FM-broadband/FM-multiharmonic/FM-QCF cluster (forest-interior Vespertilionidae). SD=0.9."
mst-4226e77290372f,1004580,Hipposideros bicolor,exact,mcarthur-2021-borneo,supplied worksheet record BAT01246 (maritimeSEA_borneo),mcarthur-2021-borneo-unstated,unspecified,,,,unspecified,,"Sarawak, Malaysian Borneo",,,39,,peak_frequency,species_summary,132.4,,,kHz,,,,132.4 121.5-135.5,definition_unstated,"Imported from MASTER_call_records.csv record BAT01246; upload archive sha256 17ffdda2ba6929d03dabcce39119e90d4ee10712fdf690885b3d4a5128d3e464. McArthur & Khan 2021, J. Bat Research & Conservation 14(1):95-117 (open access, full text fetched). 508 individuals, 31 species, 8 families, Gunung Mulu NP + Bako NP + Wind Cave NR, Sarawak, Malaysian Borneo, 2012-2017. Table 1 gives Fppeak (peak freq), Fstart, Fend, pulse duration and interpulse interval as mean+/-SD and range, separately for stationary/flight-tent vs release calls, with n disaggregated by sex. DFA classification 80.3% overall; family-level breakdown: 96.6% for Rhinolophidae, 95.6% for Hipposideridae+Emballonuridae, only 68.0% for the FM-broadband/FM-multiharmonic/FM-QCF cluster (forest-interior Vespertilionidae). SD=2.4. Fstart=132.5 kHz, Fend=111.8 kHz."
mst-43741fb2c1f0f7,1005158,Chaerephon plicatus,synonym_via_mdd,mcarthur-2021-borneo,supplied worksheet record BAT01363 (maritimeSEA_borneo),mcarthur-2021-borneo-unstated,unspecified,,,,hand_release,,"Sarawak, Malaysian Borneo",,,8,,peak_frequency,species_summary,24.3,,,kHz,,,,24.3 22.8-27.2,definition_unstated,"Imported from MASTER_call_records.csv record BAT01363; upload archive sha256 17ffdda2ba6929d03dabcce39119e90d4ee10712fdf690885b3d4a5128d3e464. McArthur & Khan 2021, J. Bat Research & Conservation 14(1):95-117 (open access, full text fetched). 508 individuals, 31 species, 8 families, Gunung Mulu NP + Bako NP + Wind Cave NR, Sarawak, Malaysian Borneo, 2012-2017. Table 1 gives Fppeak (peak freq), Fstart, Fend, pulse duration and interpulse interval as mean+/-SD and range, separately for stationary/flight-tent vs release calls, with n disaggregated by sex. DFA classification 80.3% overall; family-level breakdown: 96.6% for Rhinolophidae, 95.6% for Hipposideridae+Emballonuridae, only 68.0% for the FM-broadband/FM-multiharmonic/FM-QCF cluster (forest-interior Vespertilionidae). SD=1.5. Fstart=None kHz, Fend=20.8 kHz."
mst-44b665cb161170,1004675,Rhinolophus creaghi,exact,mcarthur-2021-borneo,supplied worksheet record BAT01233 (maritimeSEA_borneo),mcarthur-2021-borneo-unstated,unspecified,,,,unspecified,,"Sarawak, Malaysian Borneo",,,83,,inter_pulse_interval,species_summary,127.3,,,ms,,,,127.3,definition_unstated,"Imported from MASTER_call_records.csv record BAT01233; upload archive sha256 17ffdda2ba6929d03dabcce39119e90d4ee10712fdf690885b3d4a5128d3e464. McArthur & Khan 2021, J. Bat Research & Conservation 14(1):95-117 (open access, full text fetched). 508 individuals, 31 species, 8 families, Gunung Mulu NP + Bako NP + Wind Cave NR, Sarawak, Malaysian Borneo, 2012-2017. Table 1 gives Fppeak (peak freq), Fstart, Fend, pulse duration and interpulse interval as mean+/-SD and range, separately for stationary/flight-tent vs release calls, with n disaggregated by sex. DFA classification 80.3% overall; family-level breakdown: 96.6% for Rhinolophidae, 95.6% for Hipposideridae+Emballonuridae, only 68.0% for the FM-broadband/FM-multiharmonic/FM-QCF cluster (forest-interior Vespertilionidae). SD=40.9."
mst-450bd127077ea8,1004846,Nycteris tragata,exact,mcarthur-2021-borneo,supplied worksheet record BAT01301 (maritimeSEA_borneo),mcarthur-2021-borneo-unstated,unspecified,,,,hand_release,,"Sarawak, Malaysian Borneo",,,7,,duration,species_summary,1.1,,,ms,,,,1.1 0.8-1.6,definition_unstated,"Imported from MASTER_call_records.csv record BAT01301; upload archive sha256 17ffdda2ba6929d03dabcce39119e90d4ee10712fdf690885b3d4a5128d3e464. McArthur & Khan 2021, J. Bat Research & Conservation 14(1):95-117 (open access, full text fetched). 508 individuals, 31 species, 8 families, Gunung Mulu NP + Bako NP + Wind Cave NR, Sarawak, Malaysian Borneo, 2012-2017. Table 1 gives Fppeak (peak freq), Fstart, Fend, pulse duration and interpulse interval as mean+/-SD and range, separately for stationary/flight-tent vs release calls, with n disaggregated by sex. DFA classification 80.3% overall; family-level breakdown: 96.6% for Rhinolophidae, 95.6% for Hipposideridae+Emballonuridae, only 68.0% for the FM-broadband/FM-multiharmonic/FM-QCF cluster (forest-interior Vespertilionidae). SD=0.3."
mst-48f80830729791,1004663,Rhinolophus borneensis,exact,mcarthur-2021-borneo,supplied worksheet record BAT01226 (maritimeSEA_borneo),mcarthur-2021-borneo-unstated,unspecified,,,,unspecified,,"Sarawak, Malaysian Borneo",,,40,,duration,species_summary,54,,,ms,,,,54.0 22.4-100.6,definition_unstated,"Imported from MASTER_call_records.csv record BAT01226; upload archive sha256 17ffdda2ba6929d03dabcce39119e90d4ee10712fdf690885b3d4a5128d3e464. McArthur & Khan 2021, J. Bat Research & Conservation 14(1):95-117 (open access, full text fetched). 508 individuals, 31 species, 8 families, Gunung Mulu NP + Bako NP + Wind Cave NR, Sarawak, Malaysian Borneo, 2012-2017. Table 1 gives Fppeak (peak freq), Fstart, Fend, pulse duration and interpulse interval as mean+/-SD and range, separately for stationary/flight-tent vs release calls, with n disaggregated by sex. DFA classification 80.3% overall; family-level breakdown: 96.6% for Rhinolophidae, 95.6% for Hipposideridae+Emballonuridae, only 68.0% for the FM-broadband/FM-multiharmonic/FM-QCF cluster (forest-interior Vespertilionidae). SD=13.0."
mst-4b47c01c6e15d9,1005442,Myotis muricola,exact,mcarthur-2021-borneo,supplied worksheet record BAT01337 (maritimeSEA_borneo),mcarthur-2021-borneo-unstated,unspecified,,,,flight_room,,"Sarawak, Malaysian Borneo",,,4,,duration,species_summary,2.9,,,ms,,,,2.9 2.6-3.5,definition_unstated,"Imported from MASTER_call_records.csv record BAT01337; upload archive sha256 17ffdda2ba6929d03dabcce39119e90d4ee10712fdf690885b3d4a5128d3e464. McArthur & Khan 2021, J. Bat Research & Conservation 14(1):95-117 (open access, full text fetched). 508 individuals, 31 species, 8 families, Gunung Mulu NP + Bako NP + Wind Cave NR, Sarawak, Malaysian Borneo, 2012-2017. Table 1 gives Fppeak (peak freq), Fstart, Fend, pulse duration and interpulse interval as mean+/-SD and range, separately for stationary/flight-tent vs release calls, with n disaggregated by sex. DFA classification 80.3% overall; family-level breakdown: 96.6% for Rhinolophidae, 95.6% for Hipposideridae+Emballonuridae, only 68.0% for the FM-broadband/FM-multiharmonic/FM-QCF cluster (forest-interior Vespertilionidae). SD=0.4."
mst-4d563daeb39724,1004592,Hipposideros diadema,exact,mcarthur-2021-borneo,supplied worksheet record BAT01265 (maritimeSEA_borneo),mcarthur-2021-borneo-unstated,unspecified,,,,unspecified,,"Sarawak, Malaysian Borneo",,,21,,duration,species_summary,10.2,,,ms,,,,10.2 4.9-14.4,definition_unstated,"Imported from MASTER_call_records.csv record BAT01265; upload archive sha256 17ffdda2ba6929d03dabcce39119e90d4ee10712fdf690885b3d4a5128d3e464. McArthur & Khan 2021, J. Bat Research & Conservation 14(1):95-117 (open access, full text fetched). 508 individuals, 31 species, 8 families, Gunung Mulu NP + Bako NP + Wind Cave NR, Sarawak, Malaysian Borneo, 2012-2017. Table 1 gives Fppeak (peak freq), Fstart, Fend, pulse duration and interpulse interval as mean+/-SD and range, separately for stationary/flight-tent vs release calls, with n disaggregated by sex. DFA classification 80.3% overall; family-level breakdown: 96.6% for Rhinolophidae, 95.6% for Hipposideridae+Emballonuridae, only 68.0% for the FM-broadband/FM-multiharmonic/FM-QCF cluster (forest-interior Vespertilionidae). SD=2.6."
mst-513e45f0a08564,1004565,Coelops robinsoni,exact,mcarthur-2021-borneo,supplied worksheet record BAT01288 (maritimeSEA_borneo),mcarthur-2021-borneo-unstated,unspecified,,,,unspecified,,"Sarawak, Malaysian Borneo",,,2,,peak_frequency,species_summary,186.1,,,kHz,,,,186.1 186.1-186.2,definition_unstated,"Imported from MASTER_call_records.csv record BAT01288; upload archive sha256 17ffdda2ba6929d03dabcce39119e90d4ee10712fdf690885b3d4a5128d3e464. McArthur & Khan 2021, J. Bat Research & Conservation 14(1):95-117 (open access, full text fetched). 508 individuals, 31 species, 8 families, Gunung Mulu NP + Bako NP + Wind Cave NR, Sarawak, Malaysian Borneo, 2012-2017. Table 1 gives Fppeak (peak freq), Fstart, Fend, pulse duration and interpulse interval as mean+/-SD and range, separately for stationary/flight-tent vs release calls, with n disaggregated by sex. DFA classification 80.3% overall; family-level breakdown: 96.6% for Rhinolophidae, 95.6% for Hipposideridae+Emballonuridae, only 68.0% for the FM-broadband/FM-multiharmonic/FM-QCF cluster (forest-interior Vespertilionidae). SD=None. Fstart=189.5 kHz, Fend=116.5 kHz."
mst-517e9cfe1e1cce,1005317,Murina aenea,exact,mcarthur-2021-borneo,supplied worksheet record BAT01304 (maritimeSEA_borneo),mcarthur-2021-borneo-unstated,unspecified,,,,flight_room,,"Sarawak, Malaysian Borneo",,,2,,duration,species_summary,2.81,,,ms,,,,2.81 2.5-3.1,definition_unstated,"Imported from MASTER_call_records.csv record BAT01304; upload archive sha256 17ffdda2ba6929d03dabcce39119e90d4ee10712fdf690885b3d4a5128d3e464. McArthur & Khan 2021, J. Bat Research & Conservation 14(1):95-117 (open access, full text fetched). 508 individuals, 31 species, 8 families, Gunung Mulu NP + Bako NP + Wind Cave NR, Sarawak, Malaysian Borneo, 2012-2017. Table 1 gives Fppeak (peak freq), Fstart, Fend, pulse duration and interpulse interval as mean+/-SD and range, separately for stationary/flight-tent vs release calls, with n disaggregated by sex. DFA classification 80.3% overall; family-level breakdown: 96.6% for Rhinolophidae, 95.6% for Hipposideridae+Emballonuridae, only 68.0% for the FM-broadband/FM-multiharmonic/FM-QCF cluster (forest-interior Vespertilionidae). SD=0.4."
mst-51cb5bf76c86bd,1005344,Murina peninsularis,exact,mcarthur-2021-borneo,supplied worksheet record BAT01308 (maritimeSEA_borneo),mcarthur-2021-borneo-unstated,unspecified,,,,flight_room,,"Sarawak, Malaysian Borneo",,,4,,inter_pulse_interval,species_summary,22.5,,,ms,,,,22.5,definition_unstated,"Imported from MASTER_call_records.csv record BAT01308; upload archive sha256 17ffdda2ba6929d03dabcce39119e90d4ee10712fdf690885b3d4a5128d3e464. McArthur & Khan 2021, J. Bat Research & Conservation 14(1):95-117 (open access, full text fetched). 508 individuals, 31 species, 8 families, Gunung Mulu NP + Bako NP + Wind Cave NR, Sarawak, Malaysian Borneo, 2012-2017. Table 1 gives Fppeak (peak freq), Fstart, Fend, pulse duration and interpulse interval as mean+/-SD and range, separately for stationary/flight-tent vs release calls, with n disaggregated by sex. DFA classification 80.3% overall; family-level breakdown: 96.6% for Rhinolophidae, 95.6% for Hipposideridae+Emballonuridae, only 68.0% for the FM-broadband/FM-multiharmonic/FM-QCF cluster (forest-interior Vespertilionidae). SD=3.0."
mst-5200d2f9146398,1004588,Hipposideros coxi,exact,mcarthur-2021-borneo,supplied worksheet record BAT01260 (maritimeSEA_borneo),mcarthur-2021-borneo-unstated,unspecified,,,,unspecified,,"Sarawak, Malaysian Borneo",,,13,,inter_pulse_interval,species_summary,23.5,,,ms,,,,23.5,definition_unstated,"Imported from MASTER_call_records.csv record BAT01260; upload archive sha256 17ffdda2ba6929d03dabcce39119e90d4ee10712fdf690885b3d4a5128d3e464. McArthur & Khan 2021, J. Bat Research & Conservation 14(1):95-117 (open access, full text fetched). 508 individuals, 31 species, 8 families, Gunung Mulu NP + Bako NP + Wind Cave NR, Sarawak, Malaysian Borneo, 2012-2017. Table 1 gives Fppeak (peak freq), Fstart, Fend, pulse duration and interpulse interval as mean+/-SD and range, separately for stationary/flight-tent vs release calls, with n disaggregated by sex. DFA classification 80.3% overall; family-level breakdown: 96.6% for Rhinolophidae, 95.6% for Hipposideridae+Emballonuridae, only 68.0% for the FM-broadband/FM-multiharmonic/FM-QCF cluster (forest-interior Vespertilionidae). SD=3.5."
mst-54f5ee6dc16c4e,1004652,Rhinolophus acuminatus,exact,mcarthur-2021-borneo,supplied worksheet record BAT01221 (maritimeSEA_borneo),mcarthur-2021-borneo-unstated,unspecified,,,,unspecified,,"Sarawak, Malaysian Borneo",,,3,,inter_pulse_interval,species_summary,39.8,,,ms,,,,39.8,definition_unstated,"Imported from MASTER_call_records.csv record BAT01221; upload archive sha256 17ffdda2ba6929d03dabcce39119e90d4ee10712fdf690885b3d4a5128d3e464. McArthur & Khan 2021, J. Bat Research & Conservation 14(1):95-117 (open access, full text fetched). 508 individuals, 31 species, 8 families, Gunung Mulu NP + Bako NP + Wind Cave NR, Sarawak, Malaysian Borneo, 2012-2017. Table 1 gives Fppeak (peak freq), Fstart, Fend, pulse duration and interpulse interval as mean+/-SD and range, separately for stationary/flight-tent vs release calls, with n disaggregated by sex. DFA classification 80.3% overall; family-level breakdown: 96.6% for Rhinolophidae, 95.6% for Hipposideridae+Emballonuridae, only 68.0% for the FM-broadband/FM-multiharmonic/FM-QCF cluster (forest-interior Vespertilionidae). SD=10.7."
mst-59604a018d94c7,1005352,Murina suilla,exact,mcarthur-2021-borneo,supplied worksheet record BAT01313 (maritimeSEA_borneo),mcarthur-2021-borneo-unstated,unspecified,,,,flight_room,,"Sarawak, Malaysian Borneo",,,5,,duration,species_summary,2.2,,,ms,,,,2.2 1.7-2.7,definition_unstated,"Imported from MASTER_call_records.csv record BAT01313; upload archive sha256 17ffdda2ba6929d03dabcce39119e90d4ee10712fdf690885b3d4a5128d3e464. McArthur & Khan 2021, J. Bat Research & Conservation 14(1):95-117 (open access, full text fetched). 508 individuals, 31 species, 8 families, Gunung Mulu NP + Bako NP + Wind Cave NR, Sarawak, Malaysian Borneo, 2012-2017. Table 1 gives Fppeak (peak freq), Fstart, Fend, pulse duration and interpulse interval as mean+/-SD and range, separately for stationary/flight-tent vs release calls, with n disaggregated by sex. DFA classification 80.3% overall; family-level breakdown: 96.6% for Rhinolophidae, 95.6% for Hipposideridae+Emballonuridae, only 68.0% for the FM-broadband/FM-multiharmonic/FM-QCF cluster (forest-interior Vespertilionidae). SD=0.4."
mst-5962e32e1b9231,1005417,Myotis horsfieldii,exact,mcarthur-2021-borneo,supplied worksheet record BAT01335 (maritimeSEA_borneo),mcarthur-2021-borneo-unstated,unspecified,,,,flight_room,,"Sarawak, Malaysian Borneo",,,5,,inter_pulse_interval,species_summary,34.1,,,ms,,,,34.1,definition_unstated,"Imported from MASTER_call_records.csv record BAT01335; upload archive sha256 17ffdda2ba6929d03dabcce39119e90d4ee10712fdf690885b3d4a5128d3e464. McArthur & Khan 2021, J. Bat Research & Conservation 14(1):95-117 (open access, full text fetched). 508 individuals, 31 species, 8 families, Gunung Mulu NP + Bako NP + Wind Cave NR, Sarawak, Malaysian Borneo, 2012-2017. Table 1 gives Fppeak (peak freq), Fstart, Fend, pulse duration and interpulse interval as mean+/-SD and range, separately for stationary/flight-tent vs release calls, with n disaggregated by sex. DFA classification 80.3% overall; family-level breakdown: 96.6% for Rhinolophidae, 95.6% for Hipposideridae+Emballonuridae, only 68.0% for the FM-broadband/FM-multiharmonic/FM-QCF cluster (forest-interior Vespertilionidae). SD=22.9."
mst-5b074477fd3125,1005158,Chaerephon plicatus,synonym_via_mdd,mcarthur-2021-borneo,supplied worksheet record BAT01357 (maritimeSEA_borneo),mcarthur-2021-borneo-unstated,unspecified,,,,flight_room,,"Sarawak, Malaysian Borneo",,,4,,peak_frequency,species_summary,36,,,kHz,,,,36.0 35.8-36.2,definition_unstated,"Imported from MASTER_call_records.csv record BAT01357; upload archive sha256 17ffdda2ba6929d03dabcce39119e90d4ee10712fdf690885b3d4a5128d3e464. McArthur & Khan 2021, J. Bat Research & Conservation 14(1):95-117 (open access, full text fetched). 508 individuals, 31 species, 8 families, Gunung Mulu NP + Bako NP + Wind Cave NR, Sarawak, Malaysian Borneo, 2012-2017. Table 1 gives Fppeak (peak freq), Fstart, Fend, pulse duration and interpulse interval as mean+/-SD and range, separately for stationary/flight-tent vs release calls, with n disaggregated by sex. DFA classification 80.3% overall; family-level breakdown: 96.6% for Rhinolophidae, 95.6% for Hipposideridae+Emballonuridae, only 68.0% for the FM-broadband/FM-multiharmonic/FM-QCF cluster (forest-interior Vespertilionidae). SD=0.3. Fstart=None kHz, Fend=17.8 kHz."
mst-5be87521d28544,1004846,Nycteris tragata,exact,mcarthur-2021-borneo,supplied worksheet record BAT01300 (maritimeSEA_borneo),mcarthur-2021-borneo-unstated,unspecified,,,,hand_release,,"Sarawak, Malaysian Borneo",,,7,,peak_frequency,species_summary,82.4,,,kHz,,,,82.4 48.3-98.9,definition_unstated,"Imported from MASTER_call_records.csv record BAT01300; upload archive sha256 17ffdda2ba6929d03dabcce39119e90d4ee10712fdf690885b3d4a5128d3e464. McArthur & Khan 2021, J. Bat Research & Conservation 14(1):95-117 (open access, full text fetched). 508 individuals, 31 species, 8 families, Gunung Mulu NP + Bako NP + Wind Cave NR, Sarawak, Malaysian Borneo, 2012-2017. Table 1 gives Fppeak (peak freq), Fstart, Fend, pulse duration and interpulse interval as mean+/-SD and range, separately for stationary/flight-tent vs release calls, with n disaggregated by sex. DFA classification 80.3% overall; family-level breakdown: 96.6% for Rhinolophidae, 95.6% for Hipposideridae+Emballonuridae, only 68.0% for the FM-broadband/FM-multiharmonic/FM-QCF cluster (forest-interior Vespertilionidae). SD=18.5. Fstart=None kHz, Fend=56.0 kHz."
mst-5e5c6fc4817247,1005158,Chaerephon plicatus,synonym_via_mdd,mcarthur-2021-borneo,supplied worksheet record BAT01365 (maritimeSEA_borneo),mcarthur-2021-borneo-unstated,unspecified,,,,hand_release,,"Sarawak, Malaysian Borneo",,,8,,inter_pulse_interval,species_summary,158.5,,,ms,,,,158.5,definition_unstated,"Imported from MASTER_call_records.csv record BAT01365; upload archive sha256 17ffdda2ba6929d03dabcce39119e90d4ee10712fdf690885b3d4a5128d3e464. McArthur & Khan 2021, J. Bat Research & Conservation 14(1):95-117 (open access, full text fetched). 508 individuals, 31 species, 8 families, Gunung Mulu NP + Bako NP + Wind Cave NR, Sarawak, Malaysian Borneo, 2012-2017. Table 1 gives Fppeak (peak freq), Fstart, Fend, pulse duration and interpulse interval as mean+/-SD and range, separately for stationary/flight-tent vs release calls, with n disaggregated by sex. DFA classification 80.3% overall; family-level breakdown: 96.6% for Rhinolophidae, 95.6% for Hipposideridae+Emballonuridae, only 68.0% for the FM-broadband/FM-multiharmonic/FM-QCF cluster (forest-interior Vespertilionidae). SD=57.2."
mst-60500dca20901e,1004580,Hipposideros bicolor,exact,mcarthur-2021-borneo,supplied worksheet record BAT01247 (maritimeSEA_borneo),mcarthur-2021-borneo-unstated,unspecified,,,,unspecified,,"Sarawak, Malaysian Borneo",,,39,,duration,species_summary,6.7,,,ms,,,,6.7 5.0-9.0,definition_unstated,"Imported from MASTER_call_records.csv record BAT01247; upload archive sha256 17ffdda2ba6929d03dabcce39119e90d4ee10712fdf690885b3d4a5128d3e464. McArthur & Khan 2021, J. Bat Research & Conservation 14(1):95-117 (open access, full text fetched). 508 individuals, 31 species, 8 families, Gunung Mulu NP + Bako NP + Wind Cave NR, Sarawak, Malaysian Borneo, 2012-2017. Table 1 gives Fppeak (peak freq), Fstart, Fend, pulse duration and interpulse interval as mean+/-SD and range, separately for stationary/flight-tent vs release calls, with n disaggregated by sex. DFA classification 80.3% overall; family-level breakdown: 96.6% for Rhinolophidae, 95.6% for Hipposideridae+Emballonuridae, only 68.0% for the FM-broadband/FM-multiharmonic/FM-QCF cluster (forest-interior Vespertilionidae). SD=0.9."
mst-626cf74c004da3,1004596,Hipposideros dyacorum,exact,mcarthur-2021-borneo,supplied worksheet record BAT01273 (maritimeSEA_borneo),mcarthur-2021-borneo-unstated,unspecified,,,,hand_release,,"Sarawak, Malaysian Borneo",,,17,,peak_frequency,species_summary,147.5,,,kHz,,,,147.5 129.2-172.3,definition_unstated,"Imported from MASTER_call_records.csv record BAT01273; upload archive sha256 17ffdda2ba6929d03dabcce39119e90d4ee10712fdf690885b3d4a5128d3e464. McArthur & Khan 2021, J. Bat Research & Conservation 14(1):95-117 (open access, full text fetched). 508 individuals, 31 species, 8 families, Gunung Mulu NP + Bako NP + Wind Cave NR, Sarawak, Malaysian Borneo, 2012-2017. Table 1 gives Fppeak (peak freq), Fstart, Fend, pulse duration and interpulse interval as mean+/-SD and range, separately for stationary/flight-tent vs release calls, with n disaggregated by sex. DFA classification 80.3% overall; family-level breakdown: 96.6% for Rhinolophidae, 95.6% for Hipposideridae+Emballonuridae, only 68.0% for the FM-broadband/FM-multiharmonic/FM-QCF cluster (forest-interior Vespertilionidae). SD=12.3. Fstart=159.2 kHz, Fend=128.1 kHz."
mst-62d3e7e7a49229,1004565,Coelops robinsoni,exact,mcarthur-2021-borneo,supplied worksheet record BAT01290 (maritimeSEA_borneo),mcarthur-2021-borneo-unstated,unspecified,,,,unspecified,,"Sarawak, Malaysian Borneo",,,2,,inter_pulse_interval,species_summary,9.8,,,ms,,,,9.8,definition_unstated,"Imported from MASTER_call_records.csv record BAT01290; upload archive sha256 17ffdda2ba6929d03dabcce39119e90d4ee10712fdf690885b3d4a5128d3e464. McArthur & Khan 2021, J. Bat Research & Conservation 14(1):95-117 (open access, full text fetched). 508 individuals, 31 species, 8 families, Gunung Mulu NP + Bako NP + Wind Cave NR, Sarawak, Malaysian Borneo, 2012-2017. Table 1 gives Fppeak (peak freq), Fstart, Fend, pulse duration and interpulse interval as mean+/-SD and range, separately for stationary/flight-tent vs release calls, with n disaggregated by sex. DFA classification 80.3% overall; family-level breakdown: 96.6% for Rhinolophidae, 95.6% for Hipposideridae+Emballonuridae, only 68.0% for the FM-broadband/FM-multiharmonic/FM-QCF cluster (forest-interior Vespertilionidae). SD=4.6."
mst-63156773cd7f00,1005158,Chaerephon plicatus,synonym_via_mdd,mcarthur-2021-borneo,supplied worksheet record BAT01361 (maritimeSEA_borneo),mcarthur-2021-borneo-unstated,unspecified,,,,hand_release,,"Sarawak, Malaysian Borneo",,,12,,duration,species_summary,13.3,,,ms,,,,13.3 11.1-15.4,definition_unstated,"Imported from MASTER_call_records.csv record BAT01361; upload archive sha256 17ffdda2ba6929d03dabcce39119e90d4ee10712fdf690885b3d4a5128d3e464. McArthur & Khan 2021, J. Bat Research & Conservation 14(1):95-117 (open access, full text fetched). 508 individuals, 31 species, 8 families, Gunung Mulu NP + Bako NP + Wind Cave NR, Sarawak, Malaysian Borneo, 2012-2017. Table 1 gives Fppeak (peak freq), Fstart, Fend, pulse duration and interpulse interval as mean+/-SD and range, separately for stationary/flight-tent vs release calls, with n disaggregated by sex. DFA classification 80.3% overall; family-level breakdown: 96.6% for Rhinolophidae, 95.6% for Hipposideridae+Emballonuridae, only 68.0% for the FM-broadband/FM-multiharmonic/FM-QCF cluster (forest-interior Vespertilionidae). SD=1.4."
mst-6482ad561db62c,1004675,Rhinolophus creaghi,exact,mcarthur-2021-borneo,supplied worksheet record BAT01235 (maritimeSEA_borneo),mcarthur-2021-borneo-unstated,unspecified,,,,hand_release,,"Sarawak, Malaysian Borneo",,,72,,duration,species_summary,48.1,,,ms,,,,48.1 28.1-77.9,definition_unstated,"Imported from MASTER_call_records.csv record BAT01235; upload archive sha256 17ffdda2ba6929d03dabcce39119e90d4ee10712fdf690885b3d4a5128d3e464. McArthur & Khan 2021, J. Bat Research & Conservation 14(1):95-117 (open access, full text fetched). 508 individuals, 31 species, 8 families, Gunung Mulu NP + Bako NP + Wind Cave NR, Sarawak, Malaysian Borneo, 2012-2017. Table 1 gives Fppeak (peak freq), Fstart, Fend, pulse duration and interpulse interval as mean+/-SD and range, separately for stationary/flight-tent vs release calls, with n disaggregated by sex. DFA classification 80.3% overall; family-level breakdown: 96.6% for Rhinolophidae, 95.6% for Hipposideridae+Emballonuridae, only 68.0% for the FM-broadband/FM-multiharmonic/FM-QCF cluster (forest-interior Vespertilionidae). SD=9.6."
mst-66d92cc7c064b6,1004585,Hipposideros cervinus,exact,mcarthur-2021-borneo,supplied worksheet record BAT01253 (maritimeSEA_borneo),mcarthur-2021-borneo-unstated,unspecified,,,,unspecified,,"Sarawak, Malaysian Borneo",,,51,,duration,species_summary,5.1,,,ms,,,,5.1 3.9-7.1,definition_unstated,"Imported from MASTER_call_records.csv record BAT01253; upload archive sha256 17ffdda2ba6929d03dabcce39119e90d4ee10712fdf690885b3d4a5128d3e464. McArthur & Khan 2021, J. Bat Research & Conservation 14(1):95-117 (open access, full text fetched). 508 individuals, 31 species, 8 families, Gunung Mulu NP + Bako NP + Wind Cave NR, Sarawak, Malaysian Borneo, 2012-2017. Table 1 gives Fppeak (peak freq), Fstart, Fend, pulse duration and interpulse interval as mean+/-SD and range, separately for stationary/flight-tent vs release calls, with n disaggregated by sex. DFA classification 80.3% overall; family-level breakdown: 96.6% for Rhinolophidae, 95.6% for Hipposideridae+Emballonuridae, only 68.0% for the FM-broadband/FM-multiharmonic/FM-QCF cluster (forest-interior Vespertilionidae). SD=0.8."
mst-66dbc52ce40939,1005302,Kerivoula papillosa (large form),exact,mcarthur-2021-borneo,supplied worksheet record BAT01326 (maritimeSEA_borneo),mcarthur-2021-borneo-unstated,unspecified,,,,flight_room,,"Sarawak, Malaysian Borneo",,,18,,inter_pulse_interval,species_summary,15.5,,,ms,,,,15.5,definition_unstated,"Imported from MASTER_call_records.csv record BAT01326; upload archive sha256 17ffdda2ba6929d03dabcce39119e90d4ee10712fdf690885b3d4a5128d3e464. McArthur & Khan 2021, J. Bat Research & Conservation 14(1):95-117 (open access, full text fetched). 508 individuals, 31 species, 8 families, Gunung Mulu NP + Bako NP + Wind Cave NR, Sarawak, Malaysian Borneo, 2012-2017. Table 1 gives Fppeak (peak freq), Fstart, Fend, pulse duration and interpulse interval as mean+/-SD and range, separately for stationary/flight-tent vs release calls, with n disaggregated by sex. DFA classification 80.3% overall; family-level breakdown: 96.6% for Rhinolophidae, 95.6% for Hipposideridae+Emballonuridae, only 68.0% for the FM-broadband/FM-multiharmonic/FM-QCF cluster (forest-interior Vespertilionidae). SD=2.6."
mst-69253e3e39e62c,1004652,Rhinolophus acuminatus,exact,mcarthur-2021-borneo,supplied worksheet record BAT01223 (maritimeSEA_borneo),mcarthur-2021-borneo-unstated,unspecified,,,,hand_release,,"Sarawak, Malaysian Borneo",,,3,,duration,species_summary,45.9,,,ms,,,,45.9 36.1-55.5,definition_unstated,"Imported from MASTER_call_records.csv record BAT01223; upload archive sha256 17ffdda2ba6929d03dabcce39119e90d4ee10712fdf690885b3d4a5128d3e464. McArthur & Khan 2021, J. Bat Research & Conservation 14(1):95-117 (open access, full text fetched). 508 individuals, 31 species, 8 families, Gunung Mulu NP + Bako NP + Wind Cave NR, Sarawak, Malaysian Borneo, 2012-2017. Table 1 gives Fppeak (peak freq), Fstart, Fend, pulse duration and interpulse interval as mean+/-SD and range, separately for stationary/flight-tent vs release calls, with n disaggregated by sex. DFA classification 80.3% overall; family-level breakdown: 96.6% for Rhinolophidae, 95.6% for Hipposideridae+Emballonuridae, only 68.0% for the FM-broadband/FM-multiharmonic/FM-QCF cluster (forest-interior Vespertilionidae). SD=9.7."
mst-6bf98d85e088a2,1005303,Kerivoula pellucida,exact,mcarthur-2021-borneo,supplied worksheet record BAT01331 (maritimeSEA_borneo),mcarthur-2021-borneo-unstated,unspecified,,,,flight_room,,"Sarawak, Malaysian Borneo",,,10,,duration,species_summary,2.3,,,ms,,,,2.3 2.0-2.6,definition_unstated,"Imported from MASTER_call_records.csv record BAT01331; upload archive sha256 17ffdda2ba6929d03dabcce39119e90d4ee10712fdf690885b3d4a5128d3e464. McArthur & Khan 2021, J. Bat Research & Conservation 14(1):95-117 (open access, full text fetched). 508 individuals, 31 species, 8 families, Gunung Mulu NP + Bako NP + Wind Cave NR, Sarawak, Malaysian Borneo, 2012-2017. Table 1 gives Fppeak (peak freq), Fstart, Fend, pulse duration and interpulse interval as mean+/-SD and range, separately for stationary/flight-tent vs release calls, with n disaggregated by sex. DFA classification 80.3% overall; family-level breakdown: 96.6% for Rhinolophidae, 95.6% for Hipposideridae+Emballonuridae, only 68.0% for the FM-broadband/FM-multiharmonic/FM-QCF cluster (forest-interior Vespertilionidae). SD=0.2."
mst-706008e4d4d825,1004596,Hipposideros dyacorum,exact,mcarthur-2021-borneo,supplied worksheet record BAT01270 (maritimeSEA_borneo),mcarthur-2021-borneo-unstated,unspecified,,,,unspecified,,"Sarawak, Malaysian Borneo",,,28,,peak_frequency,species_summary,146.3,,,kHz,,,,146.3 135.0-163.3,definition_unstated,"Imported from MASTER_call_records.csv record BAT01270; upload archive sha256 17ffdda2ba6929d03dabcce39119e90d4ee10712fdf690885b3d4a5128d3e464. McArthur & Khan 2021, J. Bat Research & Conservation 14(1):95-117 (open access, full text fetched). 508 individuals, 31 species, 8 families, Gunung Mulu NP + Bako NP + Wind Cave NR, Sarawak, Malaysian Borneo, 2012-2017. Table 1 gives Fppeak (peak freq), Fstart, Fend, pulse duration and interpulse interval as mean+/-SD and range, separately for stationary/flight-tent vs release calls, with n disaggregated by sex. DFA classification 80.3% overall; family-level breakdown: 96.6% for Rhinolophidae, 95.6% for Hipposideridae+Emballonuridae, only 68.0% for the FM-broadband/FM-multiharmonic/FM-QCF cluster (forest-interior Vespertilionidae). SD=8.8. Fstart=158.2 kHz, Fend=128.0 kHz."
mst-70dc16b2e2600b,1004663,Rhinolophus borneensis,exact,mcarthur-2021-borneo,supplied worksheet record BAT01229 (maritimeSEA_borneo),mcarthur-2021-borneo-unstated,unspecified,,,,hand_release,,"Sarawak, Malaysian Borneo",,,30,,duration,species_summary,43.1,,,ms,,,,43.1 17.7-62.9,definition_unstated,"Imported from MASTER_call_records.csv record BAT01229; upload archive sha256 17ffdda2ba6929d03dabcce39119e90d4ee10712fdf690885b3d4a5128d3e464. McArthur & Khan 2021, J. Bat Research & Conservation 14(1):95-117 (open access, full text fetched). 508 individuals, 31 species, 8 families, Gunung Mulu NP + Bako NP + Wind Cave NR, Sarawak, Malaysian Borneo, 2012-2017. Table 1 gives Fppeak (peak freq), Fstart, Fend, pulse duration and interpulse interval as mean+/-SD and range, separately for stationary/flight-tent vs release calls, with n disaggregated by sex. DFA classification 80.3% overall; family-level breakdown: 96.6% for Rhinolophidae, 95.6% for Hipposideridae+Emballonuridae, only 68.0% for the FM-broadband/FM-multiharmonic/FM-QCF cluster (forest-interior Vespertilionidae). SD=10.9."
mst-72d6d1beac3a76,1004650,Megaderma spasma,exact,mcarthur-2021-borneo,supplied worksheet record BAT01294 (maritimeSEA_borneo),mcarthur-2021-borneo-unstated,unspecified,,,,flight_room,,"Sarawak, Malaysian Borneo",,,1,,peak_frequency,species_summary,69,,,kHz,,,,69.0 52.5-85.5,definition_unstated,"Imported from MASTER_call_records.csv record BAT01294; upload archive sha256 17ffdda2ba6929d03dabcce39119e90d4ee10712fdf690885b3d4a5128d3e464. McArthur & Khan 2021, J. Bat Research & Conservation 14(1):95-117 (open access, full text fetched). 508 individuals, 31 species, 8 families, Gunung Mulu NP + Bako NP + Wind Cave NR, Sarawak, Malaysian Borneo, 2012-2017. Table 1 gives Fppeak (peak freq), Fstart, Fend, pulse duration and interpulse interval as mean+/-SD and range, separately for stationary/flight-tent vs release calls, with n disaggregated by sex. DFA classification 80.3% overall; family-level breakdown: 96.6% for Rhinolophidae, 95.6% for Hipposideridae+Emballonuridae, only 68.0% for the FM-broadband/FM-multiharmonic/FM-QCF cluster (forest-interior Vespertilionidae). SD=23.3."
mst-7349d58bdf4774,1005600,Glischropus tylopus,exact,mcarthur-2021-borneo,supplied worksheet record BAT01345 (maritimeSEA_borneo),mcarthur-2021-borneo-unstated,unspecified,,,,flight_room,,"Sarawak, Malaysian Borneo",,,2,,peak_frequency,species_summary,55.6,,,kHz,,,,55.6 55.5-55.7,definition_unstated,"Imported from MASTER_call_records.csv record BAT01345; upload archive sha256 17ffdda2ba6929d03dabcce39119e90d4ee10712fdf690885b3d4a5128d3e464. McArthur & Khan 2021, J. Bat Research & Conservation 14(1):95-117 (open access, full text fetched). 508 individuals, 31 species, 8 families, Gunung Mulu NP + Bako NP + Wind Cave NR, Sarawak, Malaysian Borneo, 2012-2017. Table 1 gives Fppeak (peak freq), Fstart, Fend, pulse duration and interpulse interval as mean+/-SD and range, separately for stationary/flight-tent vs release calls, with n disaggregated by sex. DFA classification 80.3% overall; family-level breakdown: 96.6% for Rhinolophidae, 95.6% for Hipposideridae+Emballonuridae, only 68.0% for the FM-broadband/FM-multiharmonic/FM-QCF cluster (forest-interior Vespertilionidae). SD=0.1. Fstart=None kHz, Fend=40.5 kHz."
mst-7563d2212519e8,1005442,Myotis muricola,exact,mcarthur-2021-borneo,supplied worksheet record BAT01340 (maritimeSEA_borneo),mcarthur-2021-borneo-unstated,unspecified,,,,hand_release,,"Sarawak, Malaysian Borneo",,,3,,duration,species_summary,4.1,,,ms,,,,4.1 3.9-4.3,definition_unstated,"Imported from MASTER_call_records.csv record BAT01340; upload archive sha256 17ffdda2ba6929d03dabcce39119e90d4ee10712fdf690885b3d4a5128d3e464. McArthur & Khan 2021, J. Bat Research & Conservation 14(1):95-117 (open access, full text fetched). 508 individuals, 31 species, 8 families, Gunung Mulu NP + Bako NP + Wind Cave NR, Sarawak, Malaysian Borneo, 2012-2017. Table 1 gives Fppeak (peak freq), Fstart, Fend, pulse duration and interpulse interval as mean+/-SD and range, separately for stationary/flight-tent vs release calls, with n disaggregated by sex. DFA classification 80.3% overall; family-level breakdown: 96.6% for Rhinolophidae, 95.6% for Hipposideridae+Emballonuridae, only 68.0% for the FM-broadband/FM-multiharmonic/FM-QCF cluster (forest-interior Vespertilionidae). SD=0.2."
mst-7dc6cf052e08c8,1004663,Rhinolophus borneensis,exact,mcarthur-2021-borneo,supplied worksheet record BAT01225 (maritimeSEA_borneo),mcarthur-2021-borneo-unstated,unspecified,,,,unspecified,,"Sarawak, Malaysian Borneo",,,40,,peak_frequency,species_summary,81.6,,,kHz,,,,81.6 78.5-83.8,definition_unstated,"Imported from MASTER_call_records.csv record BAT01225; upload archive sha256 17ffdda2ba6929d03dabcce39119e90d4ee10712fdf690885b3d4a5128d3e464. McArthur & Khan 2021, J. Bat Research & Conservation 14(1):95-117 (open access, full text fetched). 508 individuals, 31 species, 8 families, Gunung Mulu NP + Bako NP + Wind Cave NR, Sarawak, Malaysian Borneo, 2012-2017. Table 1 gives Fppeak (peak freq), Fstart, Fend, pulse duration and interpulse interval as mean+/-SD and range, separately for stationary/flight-tent vs release calls, with n disaggregated by sex. DFA classification 80.3% overall; family-level breakdown: 96.6% for Rhinolophidae, 95.6% for Hipposideridae+Emballonuridae, only 68.0% for the FM-broadband/FM-multiharmonic/FM-QCF cluster (forest-interior Vespertilionidae). SD=1.2. Fstart=None kHz, Fend=70.9 kHz."
mst-7f843e0e9cde71,1004663,Rhinolophus borneensis,exact,mcarthur-2021-borneo,supplied worksheet record BAT01227 (maritimeSEA_borneo),mcarthur-2021-borneo-unstated,unspecified,,,,unspecified,,"Sarawak, Malaysian Borneo",,,40,,inter_pulse_interval,species_summary,114.9,,,ms,,,,114.9,definition_unstated,"Imported from MASTER_call_records.csv record BAT01227; upload archive sha256 17ffdda2ba6929d03dabcce39119e90d4ee10712fdf690885b3d4a5128d3e464. McArthur & Khan 2021, J. Bat Research & Conservation 14(1):95-117 (open access, full text fetched). 508 individuals, 31 species, 8 families, Gunung Mulu NP + Bako NP + Wind Cave NR, Sarawak, Malaysian Borneo, 2012-2017. Table 1 gives Fppeak (peak freq), Fstart, Fend, pulse duration and interpulse interval as mean+/-SD and range, separately for stationary/flight-tent vs release calls, with n disaggregated by sex. DFA classification 80.3% overall; family-level breakdown: 96.6% for Rhinolophidae, 95.6% for Hipposideridae+Emballonuridae, only 68.0% for the FM-broadband/FM-multiharmonic/FM-QCF cluster (forest-interior Vespertilionidae). SD=37.1."
mst-8857cd969ae870,1005302,Kerivoula papillosa (small form),exact,mcarthur-2021-borneo,supplied worksheet record BAT01328 (maritimeSEA_borneo),mcarthur-2021-borneo-unstated,unspecified,,,,flight_room,,"Sarawak, Malaysian Borneo",,,11,,duration,species_summary,2.3,,,ms,,,,2.3 1.4-3.4,definition_unstated,"Imported from MASTER_call_records.csv record BAT01328; upload archive sha256 17ffdda2ba6929d03dabcce39119e90d4ee10712fdf690885b3d4a5128d3e464. McArthur & Khan 2021, J. Bat Research & Conservation 14(1):95-117 (open access, full text fetched). 508 individuals, 31 species, 8 families, Gunung Mulu NP + Bako NP + Wind Cave NR, Sarawak, Malaysian Borneo, 2012-2017. Table 1 gives Fppeak (peak freq), Fstart, Fend, pulse duration and interpulse interval as mean+/-SD and range, separately for stationary/flight-tent vs release calls, with n disaggregated by sex. DFA classification 80.3% overall; family-level breakdown: 96.6% for Rhinolophidae, 95.6% for Hipposideridae+Emballonuridae, only 68.0% for the FM-broadband/FM-multiharmonic/FM-QCF cluster (forest-interior Vespertilionidae). SD=0.6."
mst-8c9b2649fe8c28,1005105,Miniopterus australis,exact,mcarthur-2021-borneo,supplied worksheet record BAT01356 (maritimeSEA_borneo),mcarthur-2021-borneo-unstated,unspecified,,,,roost_emergence,,"Sarawak, Malaysian Borneo",,,20,,inter_pulse_interval,species_summary,57.7,,,ms,,,,57.7,definition_unstated,"Imported from MASTER_call_records.csv record BAT01356; upload archive sha256 17ffdda2ba6929d03dabcce39119e90d4ee10712fdf690885b3d4a5128d3e464. McArthur & Khan 2021, J. Bat Research & Conservation 14(1):95-117 (open access, full text fetched). 508 individuals, 31 species, 8 families, Gunung Mulu NP + Bako NP + Wind Cave NR, Sarawak, Malaysian Borneo, 2012-2017. Table 1 gives Fppeak (peak freq), Fstart, Fend, pulse duration and interpulse interval as mean+/-SD and range, separately for stationary/flight-tent vs release calls, with n disaggregated by sex. DFA classification 80.3% overall; family-level breakdown: 96.6% for Rhinolophidae, 95.6% for Hipposideridae+Emballonuridae, only 68.0% for the FM-broadband/FM-multiharmonic/FM-QCF cluster (forest-interior Vespertilionidae). SD=4.7."
mst-8df5839ec4cd35,1004846,Nycteris tragata,exact,mcarthur-2021-borneo,supplied worksheet record BAT01298 (maritimeSEA_borneo),mcarthur-2021-borneo-unstated,unspecified,,,,flight_room,,"Sarawak, Malaysian Borneo",,,13,,duration,species_summary,1,,,ms,,,,1.0 0.7-1.4,definition_unstated,"Imported from MASTER_call_records.csv record BAT01298; upload archive sha256 17ffdda2ba6929d03dabcce39119e90d4ee10712fdf690885b3d4a5128d3e464. McArthur & Khan 2021, J. Bat Research & Conservation 14(1):95-117 (open access, full text fetched). 508 individuals, 31 species, 8 families, Gunung Mulu NP + Bako NP + Wind Cave NR, Sarawak, Malaysian Borneo, 2012-2017. Table 1 gives Fppeak (peak freq), Fstart, Fend, pulse duration and interpulse interval as mean+/-SD and range, separately for stationary/flight-tent vs release calls, with n disaggregated by sex. DFA classification 80.3% overall; family-level breakdown: 96.6% for Rhinolophidae, 95.6% for Hipposideridae+Emballonuridae, only 68.0% for the FM-broadband/FM-multiharmonic/FM-QCF cluster (forest-interior Vespertilionidae). SD=0.2."
mst-9028abdcf65cdd,1005158,Chaerephon plicatus,synonym_via_mdd,mcarthur-2021-borneo,supplied worksheet record BAT01359 (maritimeSEA_borneo),mcarthur-2021-borneo-unstated,unspecified,,,,flight_room,,"Sarawak, Malaysian Borneo",,,4,,inter_pulse_interval,species_summary,222.4,,,ms,,,,222.4,definition_unstated,"Imported from MASTER_call_records.csv record BAT01359; upload archive sha256 17ffdda2ba6929d03dabcce39119e90d4ee10712fdf690885b3d4a5128d3e464. McArthur & Khan 2021, J. Bat Research & Conservation 14(1):95-117 (open access, full text fetched). 508 individuals, 31 species, 8 families, Gunung Mulu NP + Bako NP + Wind Cave NR, Sarawak, Malaysian Borneo, 2012-2017. Table 1 gives Fppeak (peak freq), Fstart, Fend, pulse duration and interpulse interval as mean+/-SD and range, separately for stationary/flight-tent vs release calls, with n disaggregated by sex. DFA classification 80.3% overall; family-level breakdown: 96.6% for Rhinolophidae, 95.6% for Hipposideridae+Emballonuridae, only 68.0% for the FM-broadband/FM-multiharmonic/FM-QCF cluster (forest-interior Vespertilionidae). SD=142.6."
mst-9088d88958bccb,1004585,Hipposideros cervinus,exact,mcarthur-2021-borneo,supplied worksheet record BAT01256 (maritimeSEA_borneo),mcarthur-2021-borneo-unstated,unspecified,,,,hand_release,,"Sarawak, Malaysian Borneo",,,41,,duration,species_summary,5.4,,,ms,,,,5.4 3.4-7.1,definition_unstated,"Imported from MASTER_call_records.csv record BAT01256; upload archive sha256 17ffdda2ba6929d03dabcce39119e90d4ee10712fdf690885b3d4a5128d3e464. McArthur & Khan 2021, J. Bat Research & Conservation 14(1):95-117 (open access, full text fetched). 508 individuals, 31 species, 8 families, Gunung Mulu NP + Bako NP + Wind Cave NR, Sarawak, Malaysian Borneo, 2012-2017. Table 1 gives Fppeak (peak freq), Fstart, Fend, pulse duration and interpulse interval as mean+/-SD and range, separately for stationary/flight-tent vs release calls, with n disaggregated by sex. DFA classification 80.3% overall; family-level breakdown: 96.6% for Rhinolophidae, 95.6% for Hipposideridae+Emballonuridae, only 68.0% for the FM-broadband/FM-multiharmonic/FM-QCF cluster (forest-interior Vespertilionidae). SD=0.8."
mst-95b1e7eda18763,1005299,Kerivoula minuta,exact,mcarthur-2021-borneo,supplied worksheet record BAT01322 (maritimeSEA_borneo),mcarthur-2021-borneo-unstated,unspecified,,,,flight_room,,"Sarawak, Malaysian Borneo",,,10,,duration,species_summary,2,,,ms,,,,2.0 1.8-2.2,definition_unstated,"Imported from MASTER_call_records.csv record BAT01322; upload archive sha256 17ffdda2ba6929d03dabcce39119e90d4ee10712fdf690885b3d4a5128d3e464. McArthur & Khan 2021, J. Bat Research & Conservation 14(1):95-117 (open access, full text fetched). 508 individuals, 31 species, 8 families, Gunung Mulu NP + Bako NP + Wind Cave NR, Sarawak, Malaysian Borneo, 2012-2017. Table 1 gives Fppeak (peak freq), Fstart, Fend, pulse duration and interpulse interval as mean+/-SD and range, separately for stationary/flight-tent vs release calls, with n disaggregated by sex. DFA classification 80.3% overall; family-level breakdown: 96.6% for Rhinolophidae, 95.6% for Hipposideridae+Emballonuridae, only 68.0% for the FM-broadband/FM-multiharmonic/FM-QCF cluster (forest-interior Vespertilionidae). SD=0.1."
mst-9ae7f3559df284,1004580,Hipposideros bicolor,exact,mcarthur-2021-borneo,supplied worksheet record BAT01249 (maritimeSEA_borneo),mcarthur-2021-borneo-unstated,unspecified,,,,hand_release,,"Sarawak, Malaysian Borneo",,,39,,peak_frequency,species_summary,132.1,,,kHz,,,,132.1 126.3-135.5,definition_unstated,"Imported from MASTER_call_records.csv record BAT01249; upload archive sha256 17ffdda2ba6929d03dabcce39119e90d4ee10712fdf690885b3d4a5128d3e464. McArthur & Khan 2021, J. Bat Research & Conservation 14(1):95-117 (open access, full text fetched). 508 individuals, 31 species, 8 families, Gunung Mulu NP + Bako NP + Wind Cave NR, Sarawak, Malaysian Borneo, 2012-2017. Table 1 gives Fppeak (peak freq), Fstart, Fend, pulse duration and interpulse interval as mean+/-SD and range, separately for stationary/flight-tent vs release calls, with n disaggregated by sex. DFA classification 80.3% overall; family-level breakdown: 96.6% for Rhinolophidae, 95.6% for Hipposideridae+Emballonuridae, only 68.0% for the FM-broadband/FM-multiharmonic/FM-QCF cluster (forest-interior Vespertilionidae). SD=1.9. Fstart=132.1 kHz, Fend=111.3 kHz."
mst-9b6acace03656b,1005302,Kerivoula papillosa (small form),exact,mcarthur-2021-borneo,supplied worksheet record BAT01329 (maritimeSEA_borneo),mcarthur-2021-borneo-unstated,unspecified,,,,flight_room,,"Sarawak, Malaysian Borneo",,,11,,inter_pulse_interval,species_summary,15.3,,,ms,,,,15.3,definition_unstated,"Imported from MASTER_call_records.csv record BAT01329; upload archive sha256 17ffdda2ba6929d03dabcce39119e90d4ee10712fdf690885b3d4a5128d3e464. McArthur & Khan 2021, J. Bat Research & Conservation 14(1):95-117 (open access, full text fetched). 508 individuals, 31 species, 8 families, Gunung Mulu NP + Bako NP + Wind Cave NR, Sarawak, Malaysian Borneo, 2012-2017. Table 1 gives Fppeak (peak freq), Fstart, Fend, pulse duration and interpulse interval as mean+/-SD and range, separately for stationary/flight-tent vs release calls, with n disaggregated by sex. DFA classification 80.3% overall; family-level breakdown: 96.6% for Rhinolophidae, 95.6% for Hipposideridae+Emballonuridae, only 68.0% for the FM-broadband/FM-multiharmonic/FM-QCF cluster (forest-interior Vespertilionidae). SD=3.2."
mst-9b6ba5a5d79819,1004703,Rhinolophus luctus,exact,mcarthur-2021-borneo,supplied worksheet record BAT01239 (maritimeSEA_borneo),mcarthur-2021-borneo-unstated,unspecified,,,,unspecified,,"Sarawak, Malaysian Borneo",,,2,,inter_pulse_interval,species_summary,91.2,,,ms,,,,91.2,definition_unstated,"Imported from MASTER_call_records.csv record BAT01239; upload archive sha256 17ffdda2ba6929d03dabcce39119e90d4ee10712fdf690885b3d4a5128d3e464. McArthur & Khan 2021, J. Bat Research & Conservation 14(1):95-117 (open access, full text fetched). 508 individuals, 31 species, 8 families, Gunung Mulu NP + Bako NP + Wind Cave NR, Sarawak, Malaysian Borneo, 2012-2017. Table 1 gives Fppeak (peak freq), Fstart, Fend, pulse duration and interpulse interval as mean+/-SD and range, separately for stationary/flight-tent vs release calls, with n disaggregated by sex. DFA classification 80.3% overall; family-level breakdown: 96.6% for Rhinolophidae, 95.6% for Hipposideridae+Emballonuridae, only 68.0% for the FM-broadband/FM-multiharmonic/FM-QCF cluster (forest-interior Vespertilionidae). SD=32.8."
mst-9b9377e51bed2a,1004580,Hipposideros bicolor,exact,mcarthur-2021-borneo,supplied worksheet record BAT01251 (maritimeSEA_borneo),mcarthur-2021-borneo-unstated,unspecified,,,,hand_release,,"Sarawak, Malaysian Borneo",,,39,,inter_pulse_interval,species_summary,15.7,,,ms,,,,15.7,definition_unstated,"Imported from MASTER_call_records.csv record BAT01251; upload archive sha256 17ffdda2ba6929d03dabcce39119e90d4ee10712fdf690885b3d4a5128d3e464. McArthur & Khan 2021, J. Bat Research & Conservation 14(1):95-117 (open access, full text fetched). 508 individuals, 31 species, 8 families, Gunung Mulu NP + Bako NP + Wind Cave NR, Sarawak, Malaysian Borneo, 2012-2017. Table 1 gives Fppeak (peak freq), Fstart, Fend, pulse duration and interpulse interval as mean+/-SD and range, separately for stationary/flight-tent vs release calls, with n disaggregated by sex. DFA classification 80.3% overall; family-level breakdown: 96.6% for Rhinolophidae, 95.6% for Hipposideridae+Emballonuridae, only 68.0% for the FM-broadband/FM-multiharmonic/FM-QCF cluster (forest-interior Vespertilionidae). SD=4.7."
mst-9db33b18d835a0,1005461,Myotis ridleyi,exact,mcarthur-2021-borneo,supplied worksheet record BAT01343 (maritimeSEA_borneo),mcarthur-2021-borneo-unstated,unspecified,,,,flight_room,,"Sarawak, Malaysian Borneo",,,1,,duration,species_summary,2.6,,,ms,,,,2.6,definition_unstated,"Imported from MASTER_call_records.csv record BAT01343; upload archive sha256 17ffdda2ba6929d03dabcce39119e90d4ee10712fdf690885b3d4a5128d3e464. McArthur & Khan 2021, J. Bat Research & Conservation 14(1):95-117 (open access, full text fetched). 508 individuals, 31 species, 8 families, Gunung Mulu NP + Bako NP + Wind Cave NR, Sarawak, Malaysian Borneo, 2012-2017. Table 1 gives Fppeak (peak freq), Fstart, Fend, pulse duration and interpulse interval as mean+/-SD and range, separately for stationary/flight-tent vs release calls, with n disaggregated by sex. DFA classification 80.3% overall; family-level breakdown: 96.6% for Rhinolophidae, 95.6% for Hipposideridae+Emballonuridae, only 68.0% for the FM-broadband/FM-multiharmonic/FM-QCF cluster (forest-interior Vespertilionidae). SD=None."
mst-a0a32f96700b01,1004596,Hipposideros dyacorum,exact,mcarthur-2021-borneo,supplied worksheet record BAT01272 (maritimeSEA_borneo),mcarthur-2021-borneo-unstated,unspecified,,,,unspecified,,"Sarawak, Malaysian Borneo",,,28,,inter_pulse_interval,species_summary,16.2,,,ms,,,,16.2,definition_unstated,"Imported from MASTER_call_records.csv record BAT01272; upload archive sha256 17ffdda2ba6929d03dabcce39119e90d4ee10712fdf690885b3d4a5128d3e464. McArthur & Khan 2021, J. Bat Research & Conservation 14(1):95-117 (open access, full text fetched). 508 individuals, 31 species, 8 families, Gunung Mulu NP + Bako NP + Wind Cave NR, Sarawak, Malaysian Borneo, 2012-2017. Table 1 gives Fppeak (peak freq), Fstart, Fend, pulse duration and interpulse interval as mean+/-SD and range, separately for stationary/flight-tent vs release calls, with n disaggregated by sex. DFA classification 80.3% overall; family-level breakdown: 96.6% for Rhinolophidae, 95.6% for Hipposideridae+Emballonuridae, only 68.0% for the FM-broadband/FM-multiharmonic/FM-QCF cluster (forest-interior Vespertilionidae). SD=3.0."
mst-a1b2358adb0f31,1004727,Rhinolophus philippinensis,exact,mcarthur-2021-borneo,supplied worksheet record BAT01242 (maritimeSEA_borneo),mcarthur-2021-borneo-unstated,unspecified,,,,unspecified,,"Sarawak, Malaysian Borneo",,,32,,inter_pulse_interval,species_summary,109.1,,,ms,,,,109.1,definition_unstated,"Imported from MASTER_call_records.csv record BAT01242; upload archive sha256 17ffdda2ba6929d03dabcce39119e90d4ee10712fdf690885b3d4a5128d3e464. McArthur & Khan 2021, J. Bat Research & Conservation 14(1):95-117 (open access, full text fetched). 508 individuals, 31 species, 8 families, Gunung Mulu NP + Bako NP + Wind Cave NR, Sarawak, Malaysian Borneo, 2012-2017. Table 1 gives Fppeak (peak freq), Fstart, Fend, pulse duration and interpulse interval as mean+/-SD and range, separately for stationary/flight-tent vs release calls, with n disaggregated by sex. DFA classification 80.3% overall; family-level breakdown: 96.6% for Rhinolophidae, 95.6% for Hipposideridae+Emballonuridae, only 68.0% for the FM-broadband/FM-multiharmonic/FM-QCF cluster (forest-interior Vespertilionidae). SD=36.8."
mst-a28cbc3ba0deb8,1004588,Hipposideros coxi,exact,mcarthur-2021-borneo,supplied worksheet record BAT01261 (maritimeSEA_borneo),mcarthur-2021-borneo-unstated,unspecified,,,,hand_release,,"Sarawak, Malaysian Borneo",,,10,,peak_frequency,species_summary,50.6,,,kHz,,,,50.6 49.5-51.9,definition_unstated,"Imported from MASTER_call_records.csv record BAT01261; upload archive sha256 17ffdda2ba6929d03dabcce39119e90d4ee10712fdf690885b3d4a5128d3e464. McArthur & Khan 2021, J. Bat Research & Conservation 14(1):95-117 (open access, full text fetched). 508 individuals, 31 species, 8 families, Gunung Mulu NP + Bako NP + Wind Cave NR, Sarawak, Malaysian Borneo, 2012-2017. Table 1 gives Fppeak (peak freq), Fstart, Fend, pulse duration and interpulse interval as mean+/-SD and range, separately for stationary/flight-tent vs release calls, with n disaggregated by sex. DFA classification 80.3% overall; family-level breakdown: 96.6% for Rhinolophidae, 95.6% for Hipposideridae+Emballonuridae, only 68.0% for the FM-broadband/FM-multiharmonic/FM-QCF cluster (forest-interior Vespertilionidae). SD=0.8. Fstart=50.6 kHz, Fend=42.9 kHz."
mst-a43d59cad0050e,1005302,Kerivoula papillosa (large form),exact,mcarthur-2021-borneo,supplied worksheet record BAT01325 (maritimeSEA_borneo),mcarthur-2021-borneo-unstated,unspecified,,,,flight_room,,"Sarawak, Malaysian Borneo",,,18,,duration,species_summary,2.6,,,ms,,,,2.6 1.8-3.2,definition_unstated,"Imported from MASTER_call_records.csv record BAT01325; upload archive sha256 17ffdda2ba6929d03dabcce39119e90d4ee10712fdf690885b3d4a5128d3e464. McArthur & Khan 2021, J. Bat Research & Conservation 14(1):95-117 (open access, full text fetched). 508 individuals, 31 species, 8 families, Gunung Mulu NP + Bako NP + Wind Cave NR, Sarawak, Malaysian Borneo, 2012-2017. Table 1 gives Fppeak (peak freq), Fstart, Fend, pulse duration and interpulse interval as mean+/-SD and range, separately for stationary/flight-tent vs release calls, with n disaggregated by sex. DFA classification 80.3% overall; family-level breakdown: 96.6% for Rhinolophidae, 95.6% for Hipposideridae+Emballonuridae, only 68.0% for the FM-broadband/FM-multiharmonic/FM-QCF cluster (forest-interior Vespertilionidae). SD=0.5."
mst-a60b5aa46a116a,1005293,Kerivoula intermedia,exact,mcarthur-2021-borneo,supplied worksheet record BAT01319 (maritimeSEA_borneo),mcarthur-2021-borneo-unstated,unspecified,,,,flight_room,,"Sarawak, Malaysian Borneo",,,2,,duration,species_summary,1.9,,,ms,,,,1.9 1.8-2.0,definition_unstated,"Imported from MASTER_call_records.csv record BAT01319; upload archive sha256 17ffdda2ba6929d03dabcce39119e90d4ee10712fdf690885b3d4a5128d3e464. McArthur & Khan 2021, J. Bat Research & Conservation 14(1):95-117 (open access, full text fetched). 508 individuals, 31 species, 8 families, Gunung Mulu NP + Bako NP + Wind Cave NR, Sarawak, Malaysian Borneo, 2012-2017. Table 1 gives Fppeak (peak freq), Fstart, Fend, pulse duration and interpulse interval as mean+/-SD and range, separately for stationary/flight-tent vs release calls, with n disaggregated by sex. DFA classification 80.3% overall; family-level breakdown: 96.6% for Rhinolophidae, 95.6% for Hipposideridae+Emballonuridae, only 68.0% for the FM-broadband/FM-multiharmonic/FM-QCF cluster (forest-interior Vespertilionidae). SD=0.1."
mst-a956a6d5b24556,1005344,Murina peninsularis,exact,mcarthur-2021-borneo,supplied worksheet record BAT01306 (maritimeSEA_borneo),mcarthur-2021-borneo-unstated,unspecified,,,,flight_room,,"Sarawak, Malaysian Borneo",,,4,,peak_frequency,species_summary,108.7,,,kHz,,,,108.7 95.8-120.0,definition_unstated,"Imported from MASTER_call_records.csv record BAT01306; upload archive sha256 17ffdda2ba6929d03dabcce39119e90d4ee10712fdf690885b3d4a5128d3e464. McArthur & Khan 2021, J. Bat Research & Conservation 14(1):95-117 (open access, full text fetched). 508 individuals, 31 species, 8 families, Gunung Mulu NP + Bako NP + Wind Cave NR, Sarawak, Malaysian Borneo, 2012-2017. Table 1 gives Fppeak (peak freq), Fstart, Fend, pulse duration and interpulse interval as mean+/-SD and range, separately for stationary/flight-tent vs release calls, with n disaggregated by sex. DFA classification 80.3% overall; family-level breakdown: 96.6% for Rhinolophidae, 95.6% for Hipposideridae+Emballonuridae, only 68.0% for the FM-broadband/FM-multiharmonic/FM-QCF cluster (forest-interior Vespertilionidae). SD=13.1. Fstart=None kHz, Fend=54.8 kHz."
mst-aa8611aa26b402,1004675,Rhinolophus creaghi,exact,mcarthur-2021-borneo,supplied worksheet record BAT01231 (maritimeSEA_borneo),mcarthur-2021-borneo-unstated,unspecified,,,,unspecified,,"Sarawak, Malaysian Borneo",,,83,,peak_frequency,species_summary,69.4,,,kHz,,,,69.4 66.0-72.1,definition_unstated,"Imported from MASTER_call_records.csv record BAT01231; upload archive sha256 17ffdda2ba6929d03dabcce39119e90d4ee10712fdf690885b3d4a5128d3e464. McArthur & Khan 2021, J. Bat Research & Conservation 14(1):95-117 (open access, full text fetched). 508 individuals, 31 species, 8 families, Gunung Mulu NP + Bako NP + Wind Cave NR, Sarawak, Malaysian Borneo, 2012-2017. Table 1 gives Fppeak (peak freq), Fstart, Fend, pulse duration and interpulse interval as mean+/-SD and range, separately for stationary/flight-tent vs release calls, with n disaggregated by sex. DFA classification 80.3% overall; family-level breakdown: 96.6% for Rhinolophidae, 95.6% for Hipposideridae+Emballonuridae, only 68.0% for the FM-broadband/FM-multiharmonic/FM-QCF cluster (forest-interior Vespertilionidae). SD=1.7. Fstart=None kHz, Fend=60.2 kHz."
mst-ac466c8ea36b85,1004663,Rhinolophus borneensis,exact,mcarthur-2021-borneo,supplied worksheet record BAT01230 (maritimeSEA_borneo),mcarthur-2021-borneo-unstated,unspecified,,,,hand_release,,"Sarawak, Malaysian Borneo",,,30,,inter_pulse_interval,species_summary,70.9,,,ms,,,,70.9,definition_unstated,"Imported from MASTER_call_records.csv record BAT01230; upload archive sha256 17ffdda2ba6929d03dabcce39119e90d4ee10712fdf690885b3d4a5128d3e464. McArthur & Khan 2021, J. Bat Research & Conservation 14(1):95-117 (open access, full text fetched). 508 individuals, 31 species, 8 families, Gunung Mulu NP + Bako NP + Wind Cave NR, Sarawak, Malaysian Borneo, 2012-2017. Table 1 gives Fppeak (peak freq), Fstart, Fend, pulse duration and interpulse interval as mean+/-SD and range, separately for stationary/flight-tent vs release calls, with n disaggregated by sex. DFA classification 80.3% overall; family-level breakdown: 96.6% for Rhinolophidae, 95.6% for Hipposideridae+Emballonuridae, only 68.0% for the FM-broadband/FM-multiharmonic/FM-QCF cluster (forest-interior Vespertilionidae). SD=28.1."
mst-ad21a236e2892c,1005352,Murina suilla,exact,mcarthur-2021-borneo,supplied worksheet record BAT01312 (maritimeSEA_borneo),mcarthur-2021-borneo-unstated,unspecified,,,,flight_room,,"Sarawak, Malaysian Borneo",,,5,,peak_frequency,species_summary,99.3,,,kHz,,,,99.3 79.5-129.0,definition_unstated,"Imported from MASTER_call_records.csv record BAT01312; upload archive sha256 17ffdda2ba6929d03dabcce39119e90d4ee10712fdf690885b3d4a5128d3e464. McArthur & Khan 2021, J. Bat Research & Conservation 14(1):95-117 (open access, full text fetched). 508 individuals, 31 species, 8 families, Gunung Mulu NP + Bako NP + Wind Cave NR, Sarawak, Malaysian Borneo, 2012-2017. Table 1 gives Fppeak (peak freq), Fstart, Fend, pulse duration and interpulse interval as mean+/-SD and range, separately for stationary/flight-tent vs release calls, with n disaggregated by sex. DFA classification 80.3% overall; family-level breakdown: 96.6% for Rhinolophidae, 95.6% for Hipposideridae+Emballonuridae, only 68.0% for the FM-broadband/FM-multiharmonic/FM-QCF cluster (forest-interior Vespertilionidae). SD=21.7. Fstart=None kHz, Fend=52.0 kHz."
mst-ad79b5166f8090,1005461,Myotis ridleyi,exact,mcarthur-2021-borneo,supplied worksheet record BAT01342 (maritimeSEA_borneo),mcarthur-2021-borneo-unstated,unspecified,,,,flight_room,,"Sarawak, Malaysian Borneo",,,1,,peak_frequency,species_summary,63.1,,,kHz,,,,63.1 63.1-63.1,definition_unstated,"Imported from MASTER_call_records.csv record BAT01342; upload archive sha256 17ffdda2ba6929d03dabcce39119e90d4ee10712fdf690885b3d4a5128d3e464. McArthur & Khan 2021, J. Bat Research & Conservation 14(1):95-117 (open access, full text fetched). 508 individuals, 31 species, 8 families, Gunung Mulu NP + Bako NP + Wind Cave NR, Sarawak, Malaysian Borneo, 2012-2017. Table 1 gives Fppeak (peak freq), Fstart, Fend, pulse duration and interpulse interval as mean+/-SD and range, separately for stationary/flight-tent vs release calls, with n disaggregated by sex. DFA classification 80.3% overall; family-level breakdown: 96.6% for Rhinolophidae, 95.6% for Hipposideridae+Emballonuridae, only 68.0% for the FM-broadband/FM-multiharmonic/FM-QCF cluster (forest-interior Vespertilionidae). SD=None. Fstart=None kHz, Fend=54.1 kHz."
mst-adf594f1aab768,1005303,Kerivoula pellucida,exact,mcarthur-2021-borneo,supplied worksheet record BAT01330 (maritimeSEA_borneo),mcarthur-2021-borneo-unstated,unspecified,,,,flight_room,,"Sarawak, Malaysian Borneo",,,10,,peak_frequency,species_summary,136.3,,,kHz,,,,136.3 126.0-153.0,definition_unstated,"Imported from MASTER_call_records.csv record BAT01330; upload archive sha256 17ffdda2ba6929d03dabcce39119e90d4ee10712fdf690885b3d4a5128d3e464. McArthur & Khan 2021, J. Bat Research & Conservation 14(1):95-117 (open access, full text fetched). 508 individuals, 31 species, 8 families, Gunung Mulu NP + Bako NP + Wind Cave NR, Sarawak, Malaysian Borneo, 2012-2017. Table 1 gives Fppeak (peak freq), Fstart, Fend, pulse duration and interpulse interval as mean+/-SD and range, separately for stationary/flight-tent vs release calls, with n disaggregated by sex. DFA classification 80.3% overall; family-level breakdown: 96.6% for Rhinolophidae, 95.6% for Hipposideridae+Emballonuridae, only 68.0% for the FM-broadband/FM-multiharmonic/FM-QCF cluster (forest-interior Vespertilionidae). SD=8.1. Fstart=None kHz, Fend=65.9 kHz."
mst-af2f8248f9796f,1005105,Miniopterus australis,exact,mcarthur-2021-borneo,supplied worksheet record BAT01354 (maritimeSEA_borneo),mcarthur-2021-borneo-unstated,unspecified,,,,roost_emergence,,"Sarawak, Malaysian Borneo",,,20,,peak_frequency,species_summary,57.4,,,kHz,,,,57.4 56.0-58.5,definition_unstated,"Imported from MASTER_call_records.csv record BAT01354; upload archive sha256 17ffdda2ba6929d03dabcce39119e90d4ee10712fdf690885b3d4a5128d3e464. McArthur & Khan 2021, J. Bat Research & Conservation 14(1):95-117 (open access, full text fetched). 508 individuals, 31 species, 8 families, Gunung Mulu NP + Bako NP + Wind Cave NR, Sarawak, Malaysian Borneo, 2012-2017. Table 1 gives Fppeak (peak freq), Fstart, Fend, pulse duration and interpulse interval as mean+/-SD and range, separately for stationary/flight-tent vs release calls, with n disaggregated by sex. DFA classification 80.3% overall; family-level breakdown: 96.6% for Rhinolophidae, 95.6% for Hipposideridae+Emballonuridae, only 68.0% for the FM-broadband/FM-multiharmonic/FM-QCF cluster (forest-interior Vespertilionidae). SD=0.9. Fstart=None kHz, Fend=51.8 kHz."
mst-af74343df5e0c5,1005352,Murina suilla,exact,mcarthur-2021-borneo,supplied worksheet record BAT01314 (maritimeSEA_borneo),mcarthur-2021-borneo-unstated,unspecified,,,,flight_room,,"Sarawak, Malaysian Borneo",,,5,,inter_pulse_interval,species_summary,28.1,,,ms,,,,28.1,definition_unstated,"Imported from MASTER_call_records.csv record BAT01314; upload archive sha256 17ffdda2ba6929d03dabcce39119e90d4ee10712fdf690885b3d4a5128d3e464. McArthur & Khan 2021, J. Bat Research & Conservation 14(1):95-117 (open access, full text fetched). 508 individuals, 31 species, 8 families, Gunung Mulu NP + Bako NP + Wind Cave NR, Sarawak, Malaysian Borneo, 2012-2017. Table 1 gives Fppeak (peak freq), Fstart, Fend, pulse duration and interpulse interval as mean+/-SD and range, separately for stationary/flight-tent vs release calls, with n disaggregated by sex. DFA classification 80.3% overall; family-level breakdown: 96.6% for Rhinolophidae, 95.6% for Hipposideridae+Emballonuridae, only 68.0% for the FM-broadband/FM-multiharmonic/FM-QCF cluster (forest-interior Vespertilionidae). SD=13.5."
mst-af91c530fe0aca,1005105,Miniopterus australis,exact,mcarthur-2021-borneo,supplied worksheet record BAT01352 (maritimeSEA_borneo),mcarthur-2021-borneo-unstated,unspecified,,,,flight_room,,"Sarawak, Malaysian Borneo",,,4,,duration,species_summary,4.6,,,ms,,,,4.6 3.5-6.8,definition_unstated,"Imported from MASTER_call_records.csv record BAT01352; upload archive sha256 17ffdda2ba6929d03dabcce39119e90d4ee10712fdf690885b3d4a5128d3e464. McArthur & Khan 2021, J. Bat Research & Conservation 14(1):95-117 (open access, full text fetched). 508 individuals, 31 species, 8 families, Gunung Mulu NP + Bako NP + Wind Cave NR, Sarawak, Malaysian Borneo, 2012-2017. Table 1 gives Fppeak (peak freq), Fstart, Fend, pulse duration and interpulse interval as mean+/-SD and range, separately for stationary/flight-tent vs release calls, with n disaggregated by sex. DFA classification 80.3% overall; family-level breakdown: 96.6% for Rhinolophidae, 95.6% for Hipposideridae+Emballonuridae, only 68.0% for the FM-broadband/FM-multiharmonic/FM-QCF cluster (forest-interior Vespertilionidae). SD=1.5."
mst-b01d3f4399b52e,1004585,Hipposideros cervinus,exact,mcarthur-2021-borneo,supplied worksheet record BAT01257 (maritimeSEA_borneo),mcarthur-2021-borneo-unstated,unspecified,,,,hand_release,,"Sarawak, Malaysian Borneo",,,41,,inter_pulse_interval,species_summary,20,,,ms,,,,20.0,definition_unstated,"Imported from MASTER_call_records.csv record BAT01257; upload archive sha256 17ffdda2ba6929d03dabcce39119e90d4ee10712fdf690885b3d4a5128d3e464. McArthur & Khan 2021, J. Bat Research & Conservation 14(1):95-117 (open access, full text fetched). 508 individuals, 31 species, 8 families, Gunung Mulu NP + Bako NP + Wind Cave NR, Sarawak, Malaysian Borneo, 2012-2017. Table 1 gives Fppeak (peak freq), Fstart, Fend, pulse duration and interpulse interval as mean+/-SD and range, separately for stationary/flight-tent vs release calls, with n disaggregated by sex. DFA classification 80.3% overall; family-level breakdown: 96.6% for Rhinolophidae, 95.6% for Hipposideridae+Emballonuridae, only 68.0% for the FM-broadband/FM-multiharmonic/FM-QCF cluster (forest-interior Vespertilionidae). SD=6.2."
mst-b0e780f13e5cb0,1004600,Hipposideros galeritus,exact,mcarthur-2021-borneo,supplied worksheet record BAT01278 (maritimeSEA_borneo),mcarthur-2021-borneo-unstated,unspecified,,,,unspecified,,"Sarawak, Malaysian Borneo",,,39,,inter_pulse_interval,species_summary,25.7,,,ms,,,,25.7,definition_unstated,"Imported from MASTER_call_records.csv record BAT01278; upload archive sha256 17ffdda2ba6929d03dabcce39119e90d4ee10712fdf690885b3d4a5128d3e464. McArthur & Khan 2021, J. Bat Research & Conservation 14(1):95-117 (open access, full text fetched). 508 individuals, 31 species, 8 families, Gunung Mulu NP + Bako NP + Wind Cave NR, Sarawak, Malaysian Borneo, 2012-2017. Table 1 gives Fppeak (peak freq), Fstart, Fend, pulse duration and interpulse interval as mean+/-SD and range, separately for stationary/flight-tent vs release calls, with n disaggregated by sex. DFA classification 80.3% overall; family-level breakdown: 96.6% for Rhinolophidae, 95.6% for Hipposideridae+Emballonuridae, only 68.0% for the FM-broadband/FM-multiharmonic/FM-QCF cluster (forest-interior Vespertilionidae). SD=7.6."
mst-b12d33c328d210,1004727,Rhinolophus philippinensis,exact,mcarthur-2021-borneo,supplied worksheet record BAT01241 (maritimeSEA_borneo),mcarthur-2021-borneo-unstated,unspecified,,,,unspecified,,"Sarawak, Malaysian Borneo",,,32,,duration,species_summary,56.2,,,ms,,,,56.2 43.6-68.0,definition_unstated,"Imported from MASTER_call_records.csv record BAT01241; upload archive sha256 17ffdda2ba6929d03dabcce39119e90d4ee10712fdf690885b3d4a5128d3e464. McArthur & Khan 2021, J. Bat Research & Conservation 14(1):95-117 (open access, full text fetched). 508 individuals, 31 species, 8 families, Gunung Mulu NP + Bako NP + Wind Cave NR, Sarawak, Malaysian Borneo, 2012-2017. Table 1 gives Fppeak (peak freq), Fstart, Fend, pulse duration and interpulse interval as mean+/-SD and range, separately for stationary/flight-tent vs release calls, with n disaggregated by sex. DFA classification 80.3% overall; family-level breakdown: 96.6% for Rhinolophidae, 95.6% for Hipposideridae+Emballonuridae, only 68.0% for the FM-broadband/FM-multiharmonic/FM-QCF cluster (forest-interior Vespertilionidae). SD=7.2."
mst-b16d2ab8881a14,1005349,Murina rozendaali,exact,mcarthur-2021-borneo,supplied worksheet record BAT01309 (maritimeSEA_borneo),mcarthur-2021-borneo-unstated,unspecified,,,,flight_room,,"Sarawak, Malaysian Borneo",,,2,,peak_frequency,species_summary,99.5,,,kHz,,,,99.5 87.8-111.3,definition_unstated,"Imported from MASTER_call_records.csv record BAT01309; upload archive sha256 17ffdda2ba6929d03dabcce39119e90d4ee10712fdf690885b3d4a5128d3e464. McArthur & Khan 2021, J. Bat Research & Conservation 14(1):95-117 (open access, full text fetched). 508 individuals, 31 species, 8 families, Gunung Mulu NP + Bako NP + Wind Cave NR, Sarawak, Malaysian Borneo, 2012-2017. Table 1 gives Fppeak (peak freq), Fstart, Fend, pulse duration and interpulse interval as mean+/-SD and range, separately for stationary/flight-tent vs release calls, with n disaggregated by sex. DFA classification 80.3% overall; family-level breakdown: 96.6% for Rhinolophidae, 95.6% for Hipposideridae+Emballonuridae, only 68.0% for the FM-broadband/FM-multiharmonic/FM-QCF cluster (forest-interior Vespertilionidae). SD=16.6. Fstart=None kHz, Fend=42.0 kHz."
mst-b5c22ea912fbca,1004585,Hipposideros cervinus,exact,mcarthur-2021-borneo,supplied worksheet record BAT01252 (maritimeSEA_borneo),mcarthur-2021-borneo-unstated,unspecified,,,,unspecified,,"Sarawak, Malaysian Borneo",,,51,,peak_frequency,species_summary,117.2,,,kHz,,,,117.2 101.9-121.6,definition_unstated,"Imported from MASTER_call_records.csv record BAT01252; upload archive sha256 17ffdda2ba6929d03dabcce39119e90d4ee10712fdf690885b3d4a5128d3e464. McArthur & Khan 2021, J. Bat Research & Conservation 14(1):95-117 (open access, full text fetched). 508 individuals, 31 species, 8 families, Gunung Mulu NP + Bako NP + Wind Cave NR, Sarawak, Malaysian Borneo, 2012-2017. Table 1 gives Fppeak (peak freq), Fstart, Fend, pulse duration and interpulse interval as mean+/-SD and range, separately for stationary/flight-tent vs release calls, with n disaggregated by sex. DFA classification 80.3% overall; family-level breakdown: 96.6% for Rhinolophidae, 95.6% for Hipposideridae+Emballonuridae, only 68.0% for the FM-broadband/FM-multiharmonic/FM-QCF cluster (forest-interior Vespertilionidae). SD=2.9. Fstart=117.4 kHz, Fend=101.9 kHz."
mst-b5e122f82a5512,1004592,Hipposideros diadema,exact,mcarthur-2021-borneo,supplied worksheet record BAT01266 (maritimeSEA_borneo),mcarthur-2021-borneo-unstated,unspecified,,,,unspecified,,"Sarawak, Malaysian Borneo",,,21,,inter_pulse_interval,species_summary,29.9,,,ms,,,,29.9,definition_unstated,"Imported from MASTER_call_records.csv record BAT01266; upload archive sha256 17ffdda2ba6929d03dabcce39119e90d4ee10712fdf690885b3d4a5128d3e464. McArthur & Khan 2021, J. Bat Research & Conservation 14(1):95-117 (open access, full text fetched). 508 individuals, 31 species, 8 families, Gunung Mulu NP + Bako NP + Wind Cave NR, Sarawak, Malaysian Borneo, 2012-2017. Table 1 gives Fppeak (peak freq), Fstart, Fend, pulse duration and interpulse interval as mean+/-SD and range, separately for stationary/flight-tent vs release calls, with n disaggregated by sex. DFA classification 80.3% overall; family-level breakdown: 96.6% for Rhinolophidae, 95.6% for Hipposideridae+Emballonuridae, only 68.0% for the FM-broadband/FM-multiharmonic/FM-QCF cluster (forest-interior Vespertilionidae). SD=10.2."
mst-b5e32d201816fc,1004650,Megaderma spasma,exact,mcarthur-2021-borneo,supplied worksheet record BAT01296 (maritimeSEA_borneo),mcarthur-2021-borneo-unstated,unspecified,,,,flight_room,,"Sarawak, Malaysian Borneo",,,1,,inter_pulse_interval,species_summary,68.5,,,ms,,,,68.5,definition_unstated,"Imported from MASTER_call_records.csv record BAT01296; upload archive sha256 17ffdda2ba6929d03dabcce39119e90d4ee10712fdf690885b3d4a5128d3e464. McArthur & Khan 2021, J. Bat Research & Conservation 14(1):95-117 (open access, full text fetched). 508 individuals, 31 species, 8 families, Gunung Mulu NP + Bako NP + Wind Cave NR, Sarawak, Malaysian Borneo, 2012-2017. Table 1 gives Fppeak (peak freq), Fstart, Fend, pulse duration and interpulse interval as mean+/-SD and range, separately for stationary/flight-tent vs release calls, with n disaggregated by sex. DFA classification 80.3% overall; family-level breakdown: 96.6% for Rhinolophidae, 95.6% for Hipposideridae+Emballonuridae, only 68.0% for the FM-broadband/FM-multiharmonic/FM-QCF cluster (forest-interior Vespertilionidae). SD=56.0."
mst-b8dd4ec255cc03,1004727,Rhinolophus philippinensis,exact,mcarthur-2021-borneo,supplied worksheet record BAT01244 (maritimeSEA_borneo),mcarthur-2021-borneo-unstated,unspecified,,,,hand_release,,"Sarawak, Malaysian Borneo",,,27,,duration,species_summary,59.1,,,ms,,,,59.1 46.3-75.0,definition_unstated,"Imported from MASTER_call_records.csv record BAT01244; upload archive sha256 17ffdda2ba6929d03dabcce39119e90d4ee10712fdf690885b3d4a5128d3e464. McArthur & Khan 2021, J. Bat Research & Conservation 14(1):95-117 (open access, full text fetched). 508 individuals, 31 species, 8 families, Gunung Mulu NP + Bako NP + Wind Cave NR, Sarawak, Malaysian Borneo, 2012-2017. Table 1 gives Fppeak (peak freq), Fstart, Fend, pulse duration and interpulse interval as mean+/-SD and range, separately for stationary/flight-tent vs release calls, with n disaggregated by sex. DFA classification 80.3% overall; family-level breakdown: 96.6% for Rhinolophidae, 95.6% for Hipposideridae+Emballonuridae, only 68.0% for the FM-broadband/FM-multiharmonic/FM-QCF cluster (forest-interior Vespertilionidae). SD=7.3."
mst-ba52cbe558f6cd,1004588,Hipposideros coxi,exact,mcarthur-2021-borneo,supplied worksheet record BAT01259 (maritimeSEA_borneo),mcarthur-2021-borneo-unstated,unspecified,,,,unspecified,,"Sarawak, Malaysian Borneo",,,13,,duration,species_summary,6.3,,,ms,,,,6.3 5.0-7.1,definition_unstated,"Imported from MASTER_call_records.csv record BAT01259; upload archive sha256 17ffdda2ba6929d03dabcce39119e90d4ee10712fdf690885b3d4a5128d3e464. McArthur & Khan 2021, J. Bat Research & Conservation 14(1):95-117 (open access, full text fetched). 508 individuals, 31 species, 8 families, Gunung Mulu NP + Bako NP + Wind Cave NR, Sarawak, Malaysian Borneo, 2012-2017. Table 1 gives Fppeak (peak freq), Fstart, Fend, pulse duration and interpulse interval as mean+/-SD and range, separately for stationary/flight-tent vs release calls, with n disaggregated by sex. DFA classification 80.3% overall; family-level breakdown: 96.6% for Rhinolophidae, 95.6% for Hipposideridae+Emballonuridae, only 68.0% for the FM-broadband/FM-multiharmonic/FM-QCF cluster (forest-interior Vespertilionidae). SD=0.5."
mst-bb836baba59e81,1004592,Hipposideros diadema,exact,mcarthur-2021-borneo,supplied worksheet record BAT01264 (maritimeSEA_borneo),mcarthur-2021-borneo-unstated,unspecified,,,,unspecified,,"Sarawak, Malaysian Borneo",,,21,,peak_frequency,species_summary,67.5,,,kHz,,,,67.5 65.1-69.4,definition_unstated,"Imported from MASTER_call_records.csv record BAT01264; upload archive sha256 17ffdda2ba6929d03dabcce39119e90d4ee10712fdf690885b3d4a5128d3e464. McArthur & Khan 2021, J. Bat Research & Conservation 14(1):95-117 (open access, full text fetched). 508 individuals, 31 species, 8 families, Gunung Mulu NP + Bako NP + Wind Cave NR, Sarawak, Malaysian Borneo, 2012-2017. Table 1 gives Fppeak (peak freq), Fstart, Fend, pulse duration and interpulse interval as mean+/-SD and range, separately for stationary/flight-tent vs release calls, with n disaggregated by sex. DFA classification 80.3% overall; family-level breakdown: 96.6% for Rhinolophidae, 95.6% for Hipposideridae+Emballonuridae, only 68.0% for the FM-broadband/FM-multiharmonic/FM-QCF cluster (forest-interior Vespertilionidae). SD=1.2. Fstart=67.5 kHz, Fend=56.3 kHz."
mst-bd25216d089173,1004652,Rhinolophus acuminatus,exact,mcarthur-2021-borneo,supplied worksheet record BAT01220 (maritimeSEA_borneo),mcarthur-2021-borneo-unstated,unspecified,,,,unspecified,,"Sarawak, Malaysian Borneo",,,3,,duration,species_summary,35.1,,,ms,,,,35.1 25.0-44.4,definition_unstated,"Imported from MASTER_call_records.csv record BAT01220; upload archive sha256 17ffdda2ba6929d03dabcce39119e90d4ee10712fdf690885b3d4a5128d3e464. McArthur & Khan 2021, J. Bat Research & Conservation 14(1):95-117 (open access, full text fetched). 508 individuals, 31 species, 8 families, Gunung Mulu NP + Bako NP + Wind Cave NR, Sarawak, Malaysian Borneo, 2012-2017. Table 1 gives Fppeak (peak freq), Fstart, Fend, pulse duration and interpulse interval as mean+/-SD and range, separately for stationary/flight-tent vs release calls, with n disaggregated by sex. DFA classification 80.3% overall; family-level breakdown: 96.6% for Rhinolophidae, 95.6% for Hipposideridae+Emballonuridae, only 68.0% for the FM-broadband/FM-multiharmonic/FM-QCF cluster (forest-interior Vespertilionidae). SD=9.7."
mst-bd8b5b86209cc9,1004592,Hipposideros diadema,exact,mcarthur-2021-borneo,supplied worksheet record BAT01269 (maritimeSEA_borneo),mcarthur-2021-borneo-unstated,unspecified,,,,hand_release,,"Sarawak, Malaysian Borneo",,,11,,inter_pulse_interval,species_summary,41.8,,,ms,,,,41.8,definition_unstated,"Imported from MASTER_call_records.csv record BAT01269; upload archive sha256 17ffdda2ba6929d03dabcce39119e90d4ee10712fdf690885b3d4a5128d3e464. McArthur & Khan 2021, J. Bat Research & Conservation 14(1):95-117 (open access, full text fetched). 508 individuals, 31 species, 8 families, Gunung Mulu NP + Bako NP + Wind Cave NR, Sarawak, Malaysian Borneo, 2012-2017. Table 1 gives Fppeak (peak freq), Fstart, Fend, pulse duration and interpulse interval as mean+/-SD and range, separately for stationary/flight-tent vs release calls, with n disaggregated by sex. DFA classification 80.3% overall; family-level breakdown: 96.6% for Rhinolophidae, 95.6% for Hipposideridae+Emballonuridae, only 68.0% for the FM-broadband/FM-multiharmonic/FM-QCF cluster (forest-interior Vespertilionidae). SD=12.3."
mst-c121b353935c05,1004727,Rhinolophus philippinensis,exact,mcarthur-2021-borneo,supplied worksheet record BAT01240 (maritimeSEA_borneo),mcarthur-2021-borneo-unstated,unspecified,,,,unspecified,,"Sarawak, Malaysian Borneo",,,32,,peak_frequency,species_summary,33.8,,,kHz,,,,33.8 32.8-34.8,definition_unstated,"Imported from MASTER_call_records.csv record BAT01240; upload archive sha256 17ffdda2ba6929d03dabcce39119e90d4ee10712fdf690885b3d4a5128d3e464. McArthur & Khan 2021, J. Bat Research & Conservation 14(1):95-117 (open access, full text fetched). 508 individuals, 31 species, 8 families, Gunung Mulu NP + Bako NP + Wind Cave NR, Sarawak, Malaysian Borneo, 2012-2017. Table 1 gives Fppeak (peak freq), Fstart, Fend, pulse duration and interpulse interval as mean+/-SD and range, separately for stationary/flight-tent vs release calls, with n disaggregated by sex. DFA classification 80.3% overall; family-level breakdown: 96.6% for Rhinolophidae, 95.6% for Hipposideridae+Emballonuridae, only 68.0% for the FM-broadband/FM-multiharmonic/FM-QCF cluster (forest-interior Vespertilionidae). SD=0.5. Fstart=None kHz, Fend=28.2 kHz."
mst-c5eb2f90ff0371,1005105,Miniopterus australis,exact,mcarthur-2021-borneo,supplied worksheet record BAT01353 (maritimeSEA_borneo),mcarthur-2021-borneo-unstated,unspecified,,,,flight_room,,"Sarawak, Malaysian Borneo",,,4,,inter_pulse_interval,species_summary,48.1,,,ms,,,,48.1,definition_unstated,"Imported from MASTER_call_records.csv record BAT01353; upload archive sha256 17ffdda2ba6929d03dabcce39119e90d4ee10712fdf690885b3d4a5128d3e464. McArthur & Khan 2021, J. Bat Research & Conservation 14(1):95-117 (open access, full text fetched). 508 individuals, 31 species, 8 families, Gunung Mulu NP + Bako NP + Wind Cave NR, Sarawak, Malaysian Borneo, 2012-2017. Table 1 gives Fppeak (peak freq), Fstart, Fend, pulse duration and interpulse interval as mean+/-SD and range, separately for stationary/flight-tent vs release calls, with n disaggregated by sex. DFA classification 80.3% overall; family-level breakdown: 96.6% for Rhinolophidae, 95.6% for Hipposideridae+Emballonuridae, only 68.0% for the FM-broadband/FM-multiharmonic/FM-QCF cluster (forest-interior Vespertilionidae). SD=26.0."
mst-c62c565841c888,1004596,Hipposideros dyacorum,exact,mcarthur-2021-borneo,supplied worksheet record BAT01274 (maritimeSEA_borneo),mcarthur-2021-borneo-unstated,unspecified,,,,hand_release,,"Sarawak, Malaysian Borneo",,,17,,duration,species_summary,5.3,,,ms,,,,5.3 4.1-7.5,definition_unstated,"Imported from MASTER_call_records.csv record BAT01274; upload archive sha256 17ffdda2ba6929d03dabcce39119e90d4ee10712fdf690885b3d4a5128d3e464. McArthur & Khan 2021, J. Bat Research & Conservation 14(1):95-117 (open access, full text fetched). 508 individuals, 31 species, 8 families, Gunung Mulu NP + Bako NP + Wind Cave NR, Sarawak, Malaysian Borneo, 2012-2017. Table 1 gives Fppeak (peak freq), Fstart, Fend, pulse duration and interpulse interval as mean+/-SD and range, separately for stationary/flight-tent vs release calls, with n disaggregated by sex. DFA classification 80.3% overall; family-level breakdown: 96.6% for Rhinolophidae, 95.6% for Hipposideridae+Emballonuridae, only 68.0% for the FM-broadband/FM-multiharmonic/FM-QCF cluster (forest-interior Vespertilionidae). SD=0.8."
mst-c70926e642a8bb,1005417,Myotis horsfieldii,exact,mcarthur-2021-borneo,supplied worksheet record BAT01334 (maritimeSEA_borneo),mcarthur-2021-borneo-unstated,unspecified,,,,flight_room,,"Sarawak, Malaysian Borneo",,,5,,duration,species_summary,4.1,,,ms,,,,4.1 2.4-5.7,definition_unstated,"Imported from MASTER_call_records.csv record BAT01334; upload archive sha256 17ffdda2ba6929d03dabcce39119e90d4ee10712fdf690885b3d4a5128d3e464. McArthur & Khan 2021, J. Bat Research & Conservation 14(1):95-117 (open access, full text fetched). 508 individuals, 31 species, 8 families, Gunung Mulu NP + Bako NP + Wind Cave NR, Sarawak, Malaysian Borneo, 2012-2017. Table 1 gives Fppeak (peak freq), Fstart, Fend, pulse duration and interpulse interval as mean+/-SD and range, separately for stationary/flight-tent vs release calls, with n disaggregated by sex. DFA classification 80.3% overall; family-level breakdown: 96.6% for Rhinolophidae, 95.6% for Hipposideridae+Emballonuridae, only 68.0% for the FM-broadband/FM-multiharmonic/FM-QCF cluster (forest-interior Vespertilionidae). SD=1.3."
mst-c724a133fd8883,1004652,Rhinolophus acuminatus,exact,mcarthur-2021-borneo,supplied worksheet record BAT01222 (maritimeSEA_borneo),mcarthur-2021-borneo-unstated,unspecified,,,,hand_release,,"Sarawak, Malaysian Borneo",,,3,,peak_frequency,species_summary,83.2,,,kHz,,,,83.2 82.0-85.1,definition_unstated,"Imported from MASTER_call_records.csv record BAT01222; upload archive sha256 17ffdda2ba6929d03dabcce39119e90d4ee10712fdf690885b3d4a5128d3e464. McArthur & Khan 2021, J. Bat Research & Conservation 14(1):95-117 (open access, full text fetched). 508 individuals, 31 species, 8 families, Gunung Mulu NP + Bako NP + Wind Cave NR, Sarawak, Malaysian Borneo, 2012-2017. Table 1 gives Fppeak (peak freq), Fstart, Fend, pulse duration and interpulse interval as mean+/-SD and range, separately for stationary/flight-tent vs release calls, with n disaggregated by sex. DFA classification 80.3% overall; family-level breakdown: 96.6% for Rhinolophidae, 95.6% for Hipposideridae+Emballonuridae, only 68.0% for the FM-broadband/FM-multiharmonic/FM-QCF cluster (forest-interior Vespertilionidae). SD=1.7. Fstart=None kHz, Fend=68.2 kHz."
mst-c8cddd1b3d16dd,1005600,Glischropus tylopus,exact,mcarthur-2021-borneo,supplied worksheet record BAT01350 (maritimeSEA_borneo),mcarthur-2021-borneo-unstated,unspecified,,,,hand_release,,"Sarawak, Malaysian Borneo",,,2,,inter_pulse_interval,species_summary,57.1,,,ms,,,,57.1,definition_unstated,"Imported from MASTER_call_records.csv record BAT01350; upload archive sha256 17ffdda2ba6929d03dabcce39119e90d4ee10712fdf690885b3d4a5128d3e464. McArthur & Khan 2021, J. Bat Research & Conservation 14(1):95-117 (open access, full text fetched). 508 individuals, 31 species, 8 families, Gunung Mulu NP + Bako NP + Wind Cave NR, Sarawak, Malaysian Borneo, 2012-2017. Table 1 gives Fppeak (peak freq), Fstart, Fend, pulse duration and interpulse interval as mean+/-SD and range, separately for stationary/flight-tent vs release calls, with n disaggregated by sex. DFA classification 80.3% overall; family-level breakdown: 96.6% for Rhinolophidae, 95.6% for Hipposideridae+Emballonuridae, only 68.0% for the FM-broadband/FM-multiharmonic/FM-QCF cluster (forest-interior Vespertilionidae). SD=32.2."
mst-c9ad158bd44388,1004588,Hipposideros coxi,exact,mcarthur-2021-borneo,supplied worksheet record BAT01258 (maritimeSEA_borneo),mcarthur-2021-borneo-unstated,unspecified,,,,unspecified,,"Sarawak, Malaysian Borneo",,,13,,peak_frequency,species_summary,49.2,,,kHz,,,,49.2 44.7-51.5,definition_unstated,"Imported from MASTER_call_records.csv record BAT01258; upload archive sha256 17ffdda2ba6929d03dabcce39119e90d4ee10712fdf690885b3d4a5128d3e464. McArthur & Khan 2021, J. Bat Research & Conservation 14(1):95-117 (open access, full text fetched). 508 individuals, 31 species, 8 families, Gunung Mulu NP + Bako NP + Wind Cave NR, Sarawak, Malaysian Borneo, 2012-2017. Table 1 gives Fppeak (peak freq), Fstart, Fend, pulse duration and interpulse interval as mean+/-SD and range, separately for stationary/flight-tent vs release calls, with n disaggregated by sex. DFA classification 80.3% overall; family-level breakdown: 96.6% for Rhinolophidae, 95.6% for Hipposideridae+Emballonuridae, only 68.0% for the FM-broadband/FM-multiharmonic/FM-QCF cluster (forest-interior Vespertilionidae). SD=2.0. Fstart=49.3 kHz, Fend=42.1 kHz."
mst-ca9a52a8ea158c,1005349,Murina rozendaali,exact,mcarthur-2021-borneo,supplied worksheet record BAT01311 (maritimeSEA_borneo),mcarthur-2021-borneo-unstated,unspecified,,,,flight_room,,"Sarawak, Malaysian Borneo",,,2,,inter_pulse_interval,species_summary,27.3,,,ms,,,,27.3,definition_unstated,"Imported from MASTER_call_records.csv record BAT01311; upload archive sha256 17ffdda2ba6929d03dabcce39119e90d4ee10712fdf690885b3d4a5128d3e464. McArthur & Khan 2021, J. Bat Research & Conservation 14(1):95-117 (open access, full text fetched). 508 individuals, 31 species, 8 families, Gunung Mulu NP + Bako NP + Wind Cave NR, Sarawak, Malaysian Borneo, 2012-2017. Table 1 gives Fppeak (peak freq), Fstart, Fend, pulse duration and interpulse interval as mean+/-SD and range, separately for stationary/flight-tent vs release calls, with n disaggregated by sex. DFA classification 80.3% overall; family-level breakdown: 96.6% for Rhinolophidae, 95.6% for Hipposideridae+Emballonuridae, only 68.0% for the FM-broadband/FM-multiharmonic/FM-QCF cluster (forest-interior Vespertilionidae). SD=0.5."
mst-d0ed66ba3a9f19,1005303,Kerivoula pellucida,exact,mcarthur-2021-borneo,supplied worksheet record BAT01332 (maritimeSEA_borneo),mcarthur-2021-borneo-unstated,unspecified,,,,flight_room,,"Sarawak, Malaysian Borneo",,,10,,inter_pulse_interval,species_summary,12.9,,,ms,,,,12.9,definition_unstated,"Imported from MASTER_call_records.csv record BAT01332; upload archive sha256 17ffdda2ba6929d03dabcce39119e90d4ee10712fdf690885b3d4a5128d3e464. McArthur & Khan 2021, J. Bat Research & Conservation 14(1):95-117 (open access, full text fetched). 508 individuals, 31 species, 8 families, Gunung Mulu NP + Bako NP + Wind Cave NR, Sarawak, Malaysian Borneo, 2012-2017. Table 1 gives Fppeak (peak freq), Fstart, Fend, pulse duration and interpulse interval as mean+/-SD and range, separately for stationary/flight-tent vs release calls, with n disaggregated by sex. DFA classification 80.3% overall; family-level breakdown: 96.6% for Rhinolophidae, 95.6% for Hipposideridae+Emballonuridae, only 68.0% for the FM-broadband/FM-multiharmonic/FM-QCF cluster (forest-interior Vespertilionidae). SD=1.8."
mst-d3b4127979186d,1005299,Kerivoula minuta,exact,mcarthur-2021-borneo,supplied worksheet record BAT01323 (maritimeSEA_borneo),mcarthur-2021-borneo-unstated,unspecified,,,,flight_room,,"Sarawak, Malaysian Borneo",,,10,,inter_pulse_interval,species_summary,14.3,,,ms,,,,14.3,definition_unstated,"Imported from MASTER_call_records.csv record BAT01323; upload archive sha256 17ffdda2ba6929d03dabcce39119e90d4ee10712fdf690885b3d4a5128d3e464. McArthur & Khan 2021, J. Bat Research & Conservation 14(1):95-117 (open access, full text fetched). 508 individuals, 31 species, 8 families, Gunung Mulu NP + Bako NP + Wind Cave NR, Sarawak, Malaysian Borneo, 2012-2017. Table 1 gives Fppeak (peak freq), Fstart, Fend, pulse duration and interpulse interval as mean+/-SD and range, separately for stationary/flight-tent vs release calls, with n disaggregated by sex. DFA classification 80.3% overall; family-level breakdown: 96.6% for Rhinolophidae, 95.6% for Hipposideridae+Emballonuridae, only 68.0% for the FM-broadband/FM-multiharmonic/FM-QCF cluster (forest-interior Vespertilionidae). SD=1.4."
mst-d452f4f04d89da,1005292,Kerivoula hardwickii,exact,mcarthur-2021-borneo,supplied worksheet record BAT01315 (maritimeSEA_borneo),mcarthur-2021-borneo-unstated,unspecified,,,,flight_room,,"Sarawak, Malaysian Borneo",,,10,,peak_frequency,species_summary,146.5,,,kHz,,,,146.5 112.4-185.9,definition_unstated,"Imported from MASTER_call_records.csv record BAT01315; upload archive sha256 17ffdda2ba6929d03dabcce39119e90d4ee10712fdf690885b3d4a5128d3e464. McArthur & Khan 2021, J. Bat Research & Conservation 14(1):95-117 (open access, full text fetched). 508 individuals, 31 species, 8 families, Gunung Mulu NP + Bako NP + Wind Cave NR, Sarawak, Malaysian Borneo, 2012-2017. Table 1 gives Fppeak (peak freq), Fstart, Fend, pulse duration and interpulse interval as mean+/-SD and range, separately for stationary/flight-tent vs release calls, with n disaggregated by sex. DFA classification 80.3% overall; family-level breakdown: 96.6% for Rhinolophidae, 95.6% for Hipposideridae+Emballonuridae, only 68.0% for the FM-broadband/FM-multiharmonic/FM-QCF cluster (forest-interior Vespertilionidae). SD=23.0. Fstart=None kHz, Fend=73.5 kHz."
mst-d61baf0f907d16,1005442,Myotis muricola,exact,mcarthur-2021-borneo,supplied worksheet record BAT01338 (maritimeSEA_borneo),mcarthur-2021-borneo-unstated,unspecified,,,,flight_room,,"Sarawak, Malaysian Borneo",,,4,,inter_pulse_interval,species_summary,42.5,,,ms,,,,42.5,definition_unstated,"Imported from MASTER_call_records.csv record BAT01338; upload archive sha256 17ffdda2ba6929d03dabcce39119e90d4ee10712fdf690885b3d4a5128d3e464. McArthur & Khan 2021, J. Bat Research & Conservation 14(1):95-117 (open access, full text fetched). 508 individuals, 31 species, 8 families, Gunung Mulu NP + Bako NP + Wind Cave NR, Sarawak, Malaysian Borneo, 2012-2017. Table 1 gives Fppeak (peak freq), Fstart, Fend, pulse duration and interpulse interval as mean+/-SD and range, separately for stationary/flight-tent vs release calls, with n disaggregated by sex. DFA classification 80.3% overall; family-level breakdown: 96.6% for Rhinolophidae, 95.6% for Hipposideridae+Emballonuridae, only 68.0% for the FM-broadband/FM-multiharmonic/FM-QCF cluster (forest-interior Vespertilionidae). SD=33.7."
mst-d6935331eda803,1004585,Hipposideros cervinus,exact,mcarthur-2021-borneo,supplied worksheet record BAT01255 (maritimeSEA_borneo),mcarthur-2021-borneo-unstated,unspecified,,,,hand_release,,"Sarawak, Malaysian Borneo",,,41,,peak_frequency,species_summary,116.4,,,kHz,,,,116.4 105.0-120.4,definition_unstated,"Imported from MASTER_call_records.csv record BAT01255; upload archive sha256 17ffdda2ba6929d03dabcce39119e90d4ee10712fdf690885b3d4a5128d3e464. McArthur & Khan 2021, J. Bat Research & Conservation 14(1):95-117 (open access, full text fetched). 508 individuals, 31 species, 8 families, Gunung Mulu NP + Bako NP + Wind Cave NR, Sarawak, Malaysian Borneo, 2012-2017. Table 1 gives Fppeak (peak freq), Fstart, Fend, pulse duration and interpulse interval as mean+/-SD and range, separately for stationary/flight-tent vs release calls, with n disaggregated by sex. DFA classification 80.3% overall; family-level breakdown: 96.6% for Rhinolophidae, 95.6% for Hipposideridae+Emballonuridae, only 68.0% for the FM-broadband/FM-multiharmonic/FM-QCF cluster (forest-interior Vespertilionidae). SD=2.7. Fstart=116.6 kHz, Fend=101.5 kHz."
mst-d846e0218fe594,1005349,Murina rozendaali,exact,mcarthur-2021-borneo,supplied worksheet record BAT01310 (maritimeSEA_borneo),mcarthur-2021-borneo-unstated,unspecified,,,,flight_room,,"Sarawak, Malaysian Borneo",,,2,,duration,species_summary,1.8,,,ms,,,,1.8 1.5-2.0,definition_unstated,"Imported from MASTER_call_records.csv record BAT01310; upload archive sha256 17ffdda2ba6929d03dabcce39119e90d4ee10712fdf690885b3d4a5128d3e464. McArthur & Khan 2021, J. Bat Research & Conservation 14(1):95-117 (open access, full text fetched). 508 individuals, 31 species, 8 families, Gunung Mulu NP + Bako NP + Wind Cave NR, Sarawak, Malaysian Borneo, 2012-2017. Table 1 gives Fppeak (peak freq), Fstart, Fend, pulse duration and interpulse interval as mean+/-SD and range, separately for stationary/flight-tent vs release calls, with n disaggregated by sex. DFA classification 80.3% overall; family-level breakdown: 96.6% for Rhinolophidae, 95.6% for Hipposideridae+Emballonuridae, only 68.0% for the FM-broadband/FM-multiharmonic/FM-QCF cluster (forest-interior Vespertilionidae). SD=0.4."
mst-d982d3516763fc,1004600,Hipposideros galeritus,exact,mcarthur-2021-borneo,supplied worksheet record BAT01279 (maritimeSEA_borneo),mcarthur-2021-borneo-unstated,unspecified,,,,hand_release,,"Sarawak, Malaysian Borneo",,,21,,peak_frequency,species_summary,111,,,kHz,,,,111.0 100.4-114.3,definition_unstated,"Imported from MASTER_call_records.csv record BAT01279; upload archive sha256 17ffdda2ba6929d03dabcce39119e90d4ee10712fdf690885b3d4a5128d3e464. McArthur & Khan 2021, J. Bat Research & Conservation 14(1):95-117 (open access, full text fetched). 508 individuals, 31 species, 8 families, Gunung Mulu NP + Bako NP + Wind Cave NR, Sarawak, Malaysian Borneo, 2012-2017. Table 1 gives Fppeak (peak freq), Fstart, Fend, pulse duration and interpulse interval as mean+/-SD and range, separately for stationary/flight-tent vs release calls, with n disaggregated by sex. DFA classification 80.3% overall; family-level breakdown: 96.6% for Rhinolophidae, 95.6% for Hipposideridae+Emballonuridae, only 68.0% for the FM-broadband/FM-multiharmonic/FM-QCF cluster (forest-interior Vespertilionidae). SD=3.6. Fstart=112.2 kHz, Fend=94.5 kHz."
mst-da8d68d56d5d89,1005158,Chaerephon plicatus,synonym_via_mdd,mcarthur-2021-borneo,supplied worksheet record BAT01360 (maritimeSEA_borneo),mcarthur-2021-borneo-unstated,unspecified,,,,hand_release,,"Sarawak, Malaysian Borneo",,,12,,peak_frequency,species_summary,29.4,,,kHz,,,,29.4 24.2-38.9,definition_unstated,"Imported from MASTER_call_records.csv record BAT01360; upload archive sha256 17ffdda2ba6929d03dabcce39119e90d4ee10712fdf690885b3d4a5128d3e464. McArthur & Khan 2021, J. Bat Research & Conservation 14(1):95-117 (open access, full text fetched). 508 individuals, 31 species, 8 families, Gunung Mulu NP + Bako NP + Wind Cave NR, Sarawak, Malaysian Borneo, 2012-2017. Table 1 gives Fppeak (peak freq), Fstart, Fend, pulse duration and interpulse interval as mean+/-SD and range, separately for stationary/flight-tent vs release calls, with n disaggregated by sex. DFA classification 80.3% overall; family-level breakdown: 96.6% for Rhinolophidae, 95.6% for Hipposideridae+Emballonuridae, only 68.0% for the FM-broadband/FM-multiharmonic/FM-QCF cluster (forest-interior Vespertilionidae). SD=5.1. Fstart=None kHz, Fend=22.0 kHz."
mst-db2204219c2f50,1004652,Rhinolophus acuminatus,exact,mcarthur-2021-borneo,supplied worksheet record BAT01224 (maritimeSEA_borneo),mcarthur-2021-borneo-unstated,unspecified,,,,hand_release,,"Sarawak, Malaysian Borneo",,,3,,inter_pulse_interval,species_summary,74.9,,,ms,,,,74.9,definition_unstated,"Imported from MASTER_call_records.csv record BAT01224; upload archive sha256 17ffdda2ba6929d03dabcce39119e90d4ee10712fdf690885b3d4a5128d3e464. McArthur & Khan 2021, J. Bat Research & Conservation 14(1):95-117 (open access, full text fetched). 508 individuals, 31 species, 8 families, Gunung Mulu NP + Bako NP + Wind Cave NR, Sarawak, Malaysian Borneo, 2012-2017. Table 1 gives Fppeak (peak freq), Fstart, Fend, pulse duration and interpulse interval as mean+/-SD and range, separately for stationary/flight-tent vs release calls, with n disaggregated by sex. DFA classification 80.3% overall; family-level breakdown: 96.6% for Rhinolophidae, 95.6% for Hipposideridae+Emballonuridae, only 68.0% for the FM-broadband/FM-multiharmonic/FM-QCF cluster (forest-interior Vespertilionidae). SD=30.8."
mst-dbc524c6da7539,1004580,Hipposideros bicolor,exact,mcarthur-2021-borneo,supplied worksheet record BAT01250 (maritimeSEA_borneo),mcarthur-2021-borneo-unstated,unspecified,,,,hand_release,,"Sarawak, Malaysian Borneo",,,39,,duration,species_summary,6.5,,,ms,,,,6.5 3.9-9.3,definition_unstated,"Imported from MASTER_call_records.csv record BAT01250; upload archive sha256 17ffdda2ba6929d03dabcce39119e90d4ee10712fdf690885b3d4a5128d3e464. McArthur & Khan 2021, J. Bat Research & Conservation 14(1):95-117 (open access, full text fetched). 508 individuals, 31 species, 8 families, Gunung Mulu NP + Bako NP + Wind Cave NR, Sarawak, Malaysian Borneo, 2012-2017. Table 1 gives Fppeak (peak freq), Fstart, Fend, pulse duration and interpulse interval as mean+/-SD and range, separately for stationary/flight-tent vs release calls, with n disaggregated by sex. DFA classification 80.3% overall; family-level breakdown: 96.6% for Rhinolophidae, 95.6% for Hipposideridae+Emballonuridae, only 68.0% for the FM-broadband/FM-multiharmonic/FM-QCF cluster (forest-interior Vespertilionidae). SD=1.2."
mst-dbf3725c965f17,1005293,Kerivoula intermedia,exact,mcarthur-2021-borneo,supplied worksheet record BAT01320 (maritimeSEA_borneo),mcarthur-2021-borneo-unstated,unspecified,,,,flight_room,,"Sarawak, Malaysian Borneo",,,2,,inter_pulse_interval,species_summary,13.6,,,ms,,,,13.6,definition_unstated,"Imported from MASTER_call_records.csv record BAT01320; upload archive sha256 17ffdda2ba6929d03dabcce39119e90d4ee10712fdf690885b3d4a5128d3e464. McArthur & Khan 2021, J. Bat Research & Conservation 14(1):95-117 (open access, full text fetched). 508 individuals, 31 species, 8 families, Gunung Mulu NP + Bako NP + Wind Cave NR, Sarawak, Malaysian Borneo, 2012-2017. Table 1 gives Fppeak (peak freq), Fstart, Fend, pulse duration and interpulse interval as mean+/-SD and range, separately for stationary/flight-tent vs release calls, with n disaggregated by sex. DFA classification 80.3% overall; family-level breakdown: 96.6% for Rhinolophidae, 95.6% for Hipposideridae+Emballonuridae, only 68.0% for the FM-broadband/FM-multiharmonic/FM-QCF cluster (forest-interior Vespertilionidae). SD=2.4."
mst-ddd90b14a2193f,1005317,Murina aenea,exact,mcarthur-2021-borneo,supplied worksheet record BAT01305 (maritimeSEA_borneo),mcarthur-2021-borneo-unstated,unspecified,,,,flight_room,,"Sarawak, Malaysian Borneo",,,2,,inter_pulse_interval,species_summary,24.15,,,ms,,,,24.15,definition_unstated,"Imported from MASTER_call_records.csv record BAT01305; upload archive sha256 17ffdda2ba6929d03dabcce39119e90d4ee10712fdf690885b3d4a5128d3e464. McArthur & Khan 2021, J. Bat Research & Conservation 14(1):95-117 (open access, full text fetched). 508 individuals, 31 species, 8 families, Gunung Mulu NP + Bako NP + Wind Cave NR, Sarawak, Malaysian Borneo, 2012-2017. Table 1 gives Fppeak (peak freq), Fstart, Fend, pulse duration and interpulse interval as mean+/-SD and range, separately for stationary/flight-tent vs release calls, with n disaggregated by sex. DFA classification 80.3% overall; family-level breakdown: 96.6% for Rhinolophidae, 95.6% for Hipposideridae+Emballonuridae, only 68.0% for the FM-broadband/FM-multiharmonic/FM-QCF cluster (forest-interior Vespertilionidae). SD=6.5."
mst-de171a8df83d92,1004650,Megaderma spasma,exact,mcarthur-2021-borneo,supplied worksheet record BAT01295 (maritimeSEA_borneo),mcarthur-2021-borneo-unstated,unspecified,,,,flight_room,,"Sarawak, Malaysian Borneo",,,1,,duration,species_summary,31.5,,,ms,,,,31.5,definition_unstated,"Imported from MASTER_call_records.csv record BAT01295; upload archive sha256 17ffdda2ba6929d03dabcce39119e90d4ee10712fdf690885b3d4a5128d3e464. McArthur & Khan 2021, J. Bat Research & Conservation 14(1):95-117 (open access, full text fetched). 508 individuals, 31 species, 8 families, Gunung Mulu NP + Bako NP + Wind Cave NR, Sarawak, Malaysian Borneo, 2012-2017. Table 1 gives Fppeak (peak freq), Fstart, Fend, pulse duration and interpulse interval as mean+/-SD and range, separately for stationary/flight-tent vs release calls, with n disaggregated by sex. DFA classification 80.3% overall; family-level breakdown: 96.6% for Rhinolophidae, 95.6% for Hipposideridae+Emballonuridae, only 68.0% for the FM-broadband/FM-multiharmonic/FM-QCF cluster (forest-interior Vespertilionidae). SD=None."
mst-de2215978663b5,1005461,Myotis ridleyi,exact,mcarthur-2021-borneo,supplied worksheet record BAT01344 (maritimeSEA_borneo),mcarthur-2021-borneo-unstated,unspecified,,,,flight_room,,"Sarawak, Malaysian Borneo",,,1,,inter_pulse_interval,species_summary,17,,,ms,,,,17.0,definition_unstated,"Imported from MASTER_call_records.csv record BAT01344; upload archive sha256 17ffdda2ba6929d03dabcce39119e90d4ee10712fdf690885b3d4a5128d3e464. McArthur & Khan 2021, J. Bat Research & Conservation 14(1):95-117 (open access, full text fetched). 508 individuals, 31 species, 8 families, Gunung Mulu NP + Bako NP + Wind Cave NR, Sarawak, Malaysian Borneo, 2012-2017. Table 1 gives Fppeak (peak freq), Fstart, Fend, pulse duration and interpulse interval as mean+/-SD and range, separately for stationary/flight-tent vs release calls, with n disaggregated by sex. DFA classification 80.3% overall; family-level breakdown: 96.6% for Rhinolophidae, 95.6% for Hipposideridae+Emballonuridae, only 68.0% for the FM-broadband/FM-multiharmonic/FM-QCF cluster (forest-interior Vespertilionidae). SD=None."
mst-e094602639f1b9,1004596,Hipposideros dyacorum,exact,mcarthur-2021-borneo,supplied worksheet record BAT01271 (maritimeSEA_borneo),mcarthur-2021-borneo-unstated,unspecified,,,,unspecified,,"Sarawak, Malaysian Borneo",,,28,,duration,species_summary,5.1,,,ms,,,,5.1 4.1-6.8,definition_unstated,"Imported from MASTER_call_records.csv record BAT01271; upload archive sha256 17ffdda2ba6929d03dabcce39119e90d4ee10712fdf690885b3d4a5128d3e464. McArthur & Khan 2021, J. Bat Research & Conservation 14(1):95-117 (open access, full text fetched). 508 individuals, 31 species, 8 families, Gunung Mulu NP + Bako NP + Wind Cave NR, Sarawak, Malaysian Borneo, 2012-2017. Table 1 gives Fppeak (peak freq), Fstart, Fend, pulse duration and interpulse interval as mean+/-SD and range, separately for stationary/flight-tent vs release calls, with n disaggregated by sex. DFA classification 80.3% overall; family-level breakdown: 96.6% for Rhinolophidae, 95.6% for Hipposideridae+Emballonuridae, only 68.0% for the FM-broadband/FM-multiharmonic/FM-QCF cluster (forest-interior Vespertilionidae). SD=0.7."
mst-e3f45cf9e09c53,1005158,Chaerephon plicatus,synonym_via_mdd,mcarthur-2021-borneo,supplied worksheet record BAT01364 (maritimeSEA_borneo),mcarthur-2021-borneo-unstated,unspecified,,,,hand_release,,"Sarawak, Malaysian Borneo",,,8,,duration,species_summary,13.9,,,ms,,,,13.9 11.8-16.0,definition_unstated,"Imported from MASTER_call_records.csv record BAT01364; upload archive sha256 17ffdda2ba6929d03dabcce39119e90d4ee10712fdf690885b3d4a5128d3e464. McArthur & Khan 2021, J. Bat Research & Conservation 14(1):95-117 (open access, full text fetched). 508 individuals, 31 species, 8 families, Gunung Mulu NP + Bako NP + Wind Cave NR, Sarawak, Malaysian Borneo, 2012-2017. Table 1 gives Fppeak (peak freq), Fstart, Fend, pulse duration and interpulse interval as mean+/-SD and range, separately for stationary/flight-tent vs release calls, with n disaggregated by sex. DFA classification 80.3% overall; family-level breakdown: 96.6% for Rhinolophidae, 95.6% for Hipposideridae+Emballonuridae, only 68.0% for the FM-broadband/FM-multiharmonic/FM-QCF cluster (forest-interior Vespertilionidae). SD=1.3."
mst-e72524f63cd8c9,1005302,Kerivoula papillosa (large form),exact,mcarthur-2021-borneo,supplied worksheet record BAT01324 (maritimeSEA_borneo),mcarthur-2021-borneo-unstated,unspecified,,,,flight_room,,"Sarawak, Malaysian Borneo",,,18,,peak_frequency,species_summary,109.8,,,kHz,,,,109.8 93.0-136.5,definition_unstated,"Imported from MASTER_call_records.csv record BAT01324; upload archive sha256 17ffdda2ba6929d03dabcce39119e90d4ee10712fdf690885b3d4a5128d3e464. McArthur & Khan 2021, J. Bat Research & Conservation 14(1):95-117 (open access, full text fetched). 508 individuals, 31 species, 8 families, Gunung Mulu NP + Bako NP + Wind Cave NR, Sarawak, Malaysian Borneo, 2012-2017. Table 1 gives Fppeak (peak freq), Fstart, Fend, pulse duration and interpulse interval as mean+/-SD and range, separately for stationary/flight-tent vs release calls, with n disaggregated by sex. DFA classification 80.3% overall; family-level breakdown: 96.6% for Rhinolophidae, 95.6% for Hipposideridae+Emballonuridae, only 68.0% for the FM-broadband/FM-multiharmonic/FM-QCF cluster (forest-interior Vespertilionidae). SD=14.1. Fstart=None kHz, Fend=62.7 kHz."
mst-e88d201fcc8a33,1004596,Hipposideros dyacorum,exact,mcarthur-2021-borneo,supplied worksheet record BAT01275 (maritimeSEA_borneo),mcarthur-2021-borneo-unstated,unspecified,,,,hand_release,,"Sarawak, Malaysian Borneo",,,17,,inter_pulse_interval,species_summary,13.7,,,ms,,,,13.7,definition_unstated,"Imported from MASTER_call_records.csv record BAT01275; upload archive sha256 17ffdda2ba6929d03dabcce39119e90d4ee10712fdf690885b3d4a5128d3e464. McArthur & Khan 2021, J. Bat Research & Conservation 14(1):95-117 (open access, full text fetched). 508 individuals, 31 species, 8 families, Gunung Mulu NP + Bako NP + Wind Cave NR, Sarawak, Malaysian Borneo, 2012-2017. Table 1 gives Fppeak (peak freq), Fstart, Fend, pulse duration and interpulse interval as mean+/-SD and range, separately for stationary/flight-tent vs release calls, with n disaggregated by sex. DFA classification 80.3% overall; family-level breakdown: 96.6% for Rhinolophidae, 95.6% for Hipposideridae+Emballonuridae, only 68.0% for the FM-broadband/FM-multiharmonic/FM-QCF cluster (forest-interior Vespertilionidae). SD=2.7."
mst-eb7ce35fc68fd3,1005293,Kerivoula intermedia,exact,mcarthur-2021-borneo,supplied worksheet record BAT01318 (maritimeSEA_borneo),mcarthur-2021-borneo-unstated,unspecified,,,,flight_room,,"Sarawak, Malaysian Borneo",,,2,,peak_frequency,species_summary,113.2,,,kHz,,,,113.2 102.0-124.5,definition_unstated,"Imported from MASTER_call_records.csv record BAT01318; upload archive sha256 17ffdda2ba6929d03dabcce39119e90d4ee10712fdf690885b3d4a5128d3e464. McArthur & Khan 2021, J. Bat Research & Conservation 14(1):95-117 (open access, full text fetched). 508 individuals, 31 species, 8 families, Gunung Mulu NP + Bako NP + Wind Cave NR, Sarawak, Malaysian Borneo, 2012-2017. Table 1 gives Fppeak (peak freq), Fstart, Fend, pulse duration and interpulse interval as mean+/-SD and range, separately for stationary/flight-tent vs release calls, with n disaggregated by sex. DFA classification 80.3% overall; family-level breakdown: 96.6% for Rhinolophidae, 95.6% for Hipposideridae+Emballonuridae, only 68.0% for the FM-broadband/FM-multiharmonic/FM-QCF cluster (forest-interior Vespertilionidae). SD=15.9. Fstart=None kHz, Fend=94.1 kHz."
mst-ebb7e30ac14131,1004703,Rhinolophus luctus,exact,mcarthur-2021-borneo,supplied worksheet record BAT01237 (maritimeSEA_borneo),mcarthur-2021-borneo-unstated,unspecified,,,,unspecified,,"Sarawak, Malaysian Borneo",,,2,,peak_frequency,species_summary,38.3,,,kHz,,,,38.3 38.2-38.5,definition_unstated,"Imported from MASTER_call_records.csv record BAT01237; upload archive sha256 17ffdda2ba6929d03dabcce39119e90d4ee10712fdf690885b3d4a5128d3e464. McArthur & Khan 2021, J. Bat Research & Conservation 14(1):95-117 (open access, full text fetched). 508 individuals, 31 species, 8 families, Gunung Mulu NP + Bako NP + Wind Cave NR, Sarawak, Malaysian Borneo, 2012-2017. Table 1 gives Fppeak (peak freq), Fstart, Fend, pulse duration and interpulse interval as mean+/-SD and range, separately for stationary/flight-tent vs release calls, with n disaggregated by sex. DFA classification 80.3% overall; family-level breakdown: 96.6% for Rhinolophidae, 95.6% for Hipposideridae+Emballonuridae, only 68.0% for the FM-broadband/FM-multiharmonic/FM-QCF cluster (forest-interior Vespertilionidae). SD=0.2. Fstart=None kHz, Fend=32.1 kHz."
mst-ec825a51529c5a,1004588,Hipposideros coxi,exact,mcarthur-2021-borneo,supplied worksheet record BAT01263 (maritimeSEA_borneo),mcarthur-2021-borneo-unstated,unspecified,,,,hand_release,,"Sarawak, Malaysian Borneo",,,10,,inter_pulse_interval,species_summary,23.4,,,ms,,,,23.4,definition_unstated,"Imported from MASTER_call_records.csv record BAT01263; upload archive sha256 17ffdda2ba6929d03dabcce39119e90d4ee10712fdf690885b3d4a5128d3e464. McArthur & Khan 2021, J. Bat Research & Conservation 14(1):95-117 (open access, full text fetched). 508 individuals, 31 species, 8 families, Gunung Mulu NP + Bako NP + Wind Cave NR, Sarawak, Malaysian Borneo, 2012-2017. Table 1 gives Fppeak (peak freq), Fstart, Fend, pulse duration and interpulse interval as mean+/-SD and range, separately for stationary/flight-tent vs release calls, with n disaggregated by sex. DFA classification 80.3% overall; family-level breakdown: 96.6% for Rhinolophidae, 95.6% for Hipposideridae+Emballonuridae, only 68.0% for the FM-broadband/FM-multiharmonic/FM-QCF cluster (forest-interior Vespertilionidae). SD=8.0."
mst-ecc19541cc40fa,1004846,Nycteris tragata,exact,mcarthur-2021-borneo,supplied worksheet record BAT01302 (maritimeSEA_borneo),mcarthur-2021-borneo-unstated,unspecified,,,,hand_release,,"Sarawak, Malaysian Borneo",,,7,,inter_pulse_interval,species_summary,16.8,,,ms,,,,16.8,definition_unstated,"Imported from MASTER_call_records.csv record BAT01302; upload archive sha256 17ffdda2ba6929d03dabcce39119e90d4ee10712fdf690885b3d4a5128d3e464. McArthur & Khan 2021, J. Bat Research & Conservation 14(1):95-117 (open access, full text fetched). 508 individuals, 31 species, 8 families, Gunung Mulu NP + Bako NP + Wind Cave NR, Sarawak, Malaysian Borneo, 2012-2017. Table 1 gives Fppeak (peak freq), Fstart, Fend, pulse duration and interpulse interval as mean+/-SD and range, separately for stationary/flight-tent vs release calls, with n disaggregated by sex. DFA classification 80.3% overall; family-level breakdown: 96.6% for Rhinolophidae, 95.6% for Hipposideridae+Emballonuridae, only 68.0% for the FM-broadband/FM-multiharmonic/FM-QCF cluster (forest-interior Vespertilionidae). SD=6.1."
mst-ed7094ebe4638f,1004727,Rhinolophus philippinensis,exact,mcarthur-2021-borneo,supplied worksheet record BAT01245 (maritimeSEA_borneo),mcarthur-2021-borneo-unstated,unspecified,,,,hand_release,,"Sarawak, Malaysian Borneo",,,27,,inter_pulse_interval,species_summary,109.8,,,ms,,,,109.8,definition_unstated,"Imported from MASTER_call_records.csv record BAT01245; upload archive sha256 17ffdda2ba6929d03dabcce39119e90d4ee10712fdf690885b3d4a5128d3e464. McArthur & Khan 2021, J. Bat Research & Conservation 14(1):95-117 (open access, full text fetched). 508 individuals, 31 species, 8 families, Gunung Mulu NP + Bako NP + Wind Cave NR, Sarawak, Malaysian Borneo, 2012-2017. Table 1 gives Fppeak (peak freq), Fstart, Fend, pulse duration and interpulse interval as mean+/-SD and range, separately for stationary/flight-tent vs release calls, with n disaggregated by sex. DFA classification 80.3% overall; family-level breakdown: 96.6% for Rhinolophidae, 95.6% for Hipposideridae+Emballonuridae, only 68.0% for the FM-broadband/FM-multiharmonic/FM-QCF cluster (forest-interior Vespertilionidae). SD=7.4."
mst-f1a44ca49b3e91,1004580,Hipposideros bicolor,exact,mcarthur-2021-borneo,supplied worksheet record BAT01248 (maritimeSEA_borneo),mcarthur-2021-borneo-unstated,unspecified,,,,unspecified,,"Sarawak, Malaysian Borneo",,,39,,inter_pulse_interval,species_summary,17.2,,,ms,,,,17.2,definition_unstated,"Imported from MASTER_call_records.csv record BAT01248; upload archive sha256 17ffdda2ba6929d03dabcce39119e90d4ee10712fdf690885b3d4a5128d3e464. McArthur & Khan 2021, J. Bat Research & Conservation 14(1):95-117 (open access, full text fetched). 508 individuals, 31 species, 8 families, Gunung Mulu NP + Bako NP + Wind Cave NR, Sarawak, Malaysian Borneo, 2012-2017. Table 1 gives Fppeak (peak freq), Fstart, Fend, pulse duration and interpulse interval as mean+/-SD and range, separately for stationary/flight-tent vs release calls, with n disaggregated by sex. DFA classification 80.3% overall; family-level breakdown: 96.6% for Rhinolophidae, 95.6% for Hipposideridae+Emballonuridae, only 68.0% for the FM-broadband/FM-multiharmonic/FM-QCF cluster (forest-interior Vespertilionidae). SD=3.1."
mst-f3e72ea4a59510,1004663,Rhinolophus borneensis,exact,mcarthur-2021-borneo,supplied worksheet record BAT01228 (maritimeSEA_borneo),mcarthur-2021-borneo-unstated,unspecified,,,,hand_release,,"Sarawak, Malaysian Borneo",,,30,,peak_frequency,species_summary,80.2,,,kHz,,,,80.2 76.6-83.6,definition_unstated,"Imported from MASTER_call_records.csv record BAT01228; upload archive sha256 17ffdda2ba6929d03dabcce39119e90d4ee10712fdf690885b3d4a5128d3e464. McArthur & Khan 2021, J. Bat Research & Conservation 14(1):95-117 (open access, full text fetched). 508 individuals, 31 species, 8 families, Gunung Mulu NP + Bako NP + Wind Cave NR, Sarawak, Malaysian Borneo, 2012-2017. Table 1 gives Fppeak (peak freq), Fstart, Fend, pulse duration and interpulse interval as mean+/-SD and range, separately for stationary/flight-tent vs release calls, with n disaggregated by sex. DFA classification 80.3% overall; family-level breakdown: 96.6% for Rhinolophidae, 95.6% for Hipposideridae+Emballonuridae, only 68.0% for the FM-broadband/FM-multiharmonic/FM-QCF cluster (forest-interior Vespertilionidae). SD=1.4. Fstart=None kHz, Fend=65.9 kHz."
mst-f765cd423f65cd,1004592,Hipposideros diadema,exact,mcarthur-2021-borneo,supplied worksheet record BAT01267 (maritimeSEA_borneo),mcarthur-2021-borneo-unstated,unspecified,,,,hand_release,,"Sarawak, Malaysian Borneo",,,11,,peak_frequency,species_summary,67,,,kHz,,,,67.0 65.8-68.4,definition_unstated,"Imported from MASTER_call_records.csv record BAT01267; upload archive sha256 17ffdda2ba6929d03dabcce39119e90d4ee10712fdf690885b3d4a5128d3e464. McArthur & Khan 2021, J. Bat Research & Conservation 14(1):95-117 (open access, full text fetched). 508 individuals, 31 species, 8 families, Gunung Mulu NP + Bako NP + Wind Cave NR, Sarawak, Malaysian Borneo, 2012-2017. Table 1 gives Fppeak (peak freq), Fstart, Fend, pulse duration and interpulse interval as mean+/-SD and range, separately for stationary/flight-tent vs release calls, with n disaggregated by sex. DFA classification 80.3% overall; family-level breakdown: 96.6% for Rhinolophidae, 95.6% for Hipposideridae+Emballonuridae, only 68.0% for the FM-broadband/FM-multiharmonic/FM-QCF cluster (forest-interior Vespertilionidae). SD=0.8. Fstart=67.0 kHz, Fend=57.2 kHz."
mst-f80909a1ecd434,1005344,Murina peninsularis,exact,mcarthur-2021-borneo,supplied worksheet record BAT01307 (maritimeSEA_borneo),mcarthur-2021-borneo-unstated,unspecified,,,,flight_room,,"Sarawak, Malaysian Borneo",,,4,,duration,species_summary,2.4,,,ms,,,,2.4 2.2-2.8,definition_unstated,"Imported from MASTER_call_records.csv record BAT01307; upload archive sha256 17ffdda2ba6929d03dabcce39119e90d4ee10712fdf690885b3d4a5128d3e464. McArthur & Khan 2021, J. Bat Research & Conservation 14(1):95-117 (open access, full text fetched). 508 individuals, 31 species, 8 families, Gunung Mulu NP + Bako NP + Wind Cave NR, Sarawak, Malaysian Borneo, 2012-2017. Table 1 gives Fppeak (peak freq), Fstart, Fend, pulse duration and interpulse interval as mean+/-SD and range, separately for stationary/flight-tent vs release calls, with n disaggregated by sex. DFA classification 80.3% overall; family-level breakdown: 96.6% for Rhinolophidae, 95.6% for Hipposideridae+Emballonuridae, only 68.0% for the FM-broadband/FM-multiharmonic/FM-QCF cluster (forest-interior Vespertilionidae). SD=0.3."
mst-f96af88741fe13,1005442,Myotis muricola,exact,mcarthur-2021-borneo,supplied worksheet record BAT01336 (maritimeSEA_borneo),mcarthur-2021-borneo-unstated,unspecified,,,,flight_room,,"Sarawak, Malaysian Borneo",,,4,,peak_frequency,species_summary,66.4,,,kHz,,,,66.4 63.1-69.1,definition_unstated,"Imported from MASTER_call_records.csv record BAT01336; upload archive sha256 17ffdda2ba6929d03dabcce39119e90d4ee10712fdf690885b3d4a5128d3e464. McArthur & Khan 2021, J. Bat Research & Conservation 14(1):95-117 (open access, full text fetched). 508 individuals, 31 species, 8 families, Gunung Mulu NP + Bako NP + Wind Cave NR, Sarawak, Malaysian Borneo, 2012-2017. Table 1 gives Fppeak (peak freq), Fstart, Fend, pulse duration and interpulse interval as mean+/-SD and range, separately for stationary/flight-tent vs release calls, with n disaggregated by sex. DFA classification 80.3% overall; family-level breakdown: 96.6% for Rhinolophidae, 95.6% for Hipposideridae+Emballonuridae, only 68.0% for the FM-broadband/FM-multiharmonic/FM-QCF cluster (forest-interior Vespertilionidae). SD=2.6. Fstart=None kHz, Fend=51.4 kHz."
mst-fc052163350965,1005299,Kerivoula minuta,exact,mcarthur-2021-borneo,supplied worksheet record BAT01321 (maritimeSEA_borneo),mcarthur-2021-borneo-unstated,unspecified,,,,flight_room,,"Sarawak, Malaysian Borneo",,,10,,peak_frequency,species_summary,121,,,kHz,,,,121.0 112.5-127.5,definition_unstated,"Imported from MASTER_call_records.csv record BAT01321; upload archive sha256 17ffdda2ba6929d03dabcce39119e90d4ee10712fdf690885b3d4a5128d3e464. McArthur & Khan 2021, J. Bat Research & Conservation 14(1):95-117 (open access, full text fetched). 508 individuals, 31 species, 8 families, Gunung Mulu NP + Bako NP + Wind Cave NR, Sarawak, Malaysian Borneo, 2012-2017. Table 1 gives Fppeak (peak freq), Fstart, Fend, pulse duration and interpulse interval as mean+/-SD and range, separately for stationary/flight-tent vs release calls, with n disaggregated by sex. DFA classification 80.3% overall; family-level breakdown: 96.6% for Rhinolophidae, 95.6% for Hipposideridae+Emballonuridae, only 68.0% for the FM-broadband/FM-multiharmonic/FM-QCF cluster (forest-interior Vespertilionidae). SD=4.9. Fstart=None kHz, Fend=95.3 kHz."
mst-fcd6f896c30335,1004846,Nycteris tragata,exact,mcarthur-2021-borneo,supplied worksheet record BAT01299 (maritimeSEA_borneo),mcarthur-2021-borneo-unstated,unspecified,,,,flight_room,,"Sarawak, Malaysian Borneo",,,13,,inter_pulse_interval,species_summary,20.3,,,ms,,,,20.3,definition_unstated,"Imported from MASTER_call_records.csv record BAT01299; upload archive sha256 17ffdda2ba6929d03dabcce39119e90d4ee10712fdf690885b3d4a5128d3e464. McArthur & Khan 2021, J. Bat Research & Conservation 14(1):95-117 (open access, full text fetched). 508 individuals, 31 species, 8 families, Gunung Mulu NP + Bako NP + Wind Cave NR, Sarawak, Malaysian Borneo, 2012-2017. Table 1 gives Fppeak (peak freq), Fstart, Fend, pulse duration and interpulse interval as mean+/-SD and range, separately for stationary/flight-tent vs release calls, with n disaggregated by sex. DFA classification 80.3% overall; family-level breakdown: 96.6% for Rhinolophidae, 95.6% for Hipposideridae+Emballonuridae, only 68.0% for the FM-broadband/FM-multiharmonic/FM-QCF cluster (forest-interior Vespertilionidae). SD=13.8."
