region,roster_scope,family,sci_name_as_rostered,mdd_id,status,source_roster
Brazil,national checklist (2024 audit; 186 species),Emballonuridae,Diclidurus isabella,1004785,no_structured_measurement,southamerica_amazon_brazil_coverage_audit.csv
Brazil,national checklist (2024 audit; 186 species),Emballonuridae,Diclidurus scutatus,1004786,no_structured_measurement,southamerica_amazon_brazil_coverage_audit.csv
Brazil,national checklist (2024 audit; 186 species),Emballonuridae,Peropteryx leucoptera,1004788,no_structured_measurement,southamerica_amazon_brazil_coverage_audit.csv
Brazil,national checklist (2024 audit; 186 species),Emballonuridae,Peropteryx pallidoptera,1004790,no_structured_measurement,southamerica_amazon_brazil_coverage_audit.csv
Brazil,national checklist (2024 audit; 186 species),Molossidae,Cynomops mastivus,1005169,no_structured_measurement,southamerica_amazon_brazil_coverage_audit.csv
Brazil,national checklist (2024 audit; 186 species),Molossidae,Cynomops milleri,1005171,no_structured_measurement,southamerica_amazon_brazil_coverage_audit.csv
Brazil,national checklist (2024 audit; 186 species),Molossidae,Eumops bonariensis,1005175,no_structured_measurement,southamerica_amazon_brazil_coverage_audit.csv
Brazil,national checklist (2024 audit; 186 species),Molossidae,Eumops chimaera,1005176,no_structured_measurement,southamerica_amazon_brazil_coverage_audit.csv
Brazil,national checklist (2024 audit; 186 species),Molossidae,Eumops dabbenei,1005178,no_structured_measurement,southamerica_amazon_brazil_coverage_audit.csv
Brazil,national checklist (2024 audit; 186 species),Molossidae,Eumops delticus,1005179,no_structured_measurement,southamerica_amazon_brazil_coverage_audit.csv
Brazil,national checklist (2024 audit; 186 species),Molossidae,Eumops maurus,1005184,no_structured_measurement,southamerica_amazon_brazil_coverage_audit.csv
Brazil,national checklist (2024 audit; 186 species),Molossidae,Eumops patagonicus,1005186,no_structured_measurement,southamerica_amazon_brazil_coverage_audit.csv
Brazil,national checklist (2024 audit; 186 species),Molossidae,Eumops trumbulli,1005188,no_structured_measurement,southamerica_amazon_brazil_coverage_audit.csv
Brazil,national checklist (2024 audit; 186 species),Molossidae,Molossus aztecus,1005195,no_structured_measurement,southamerica_amazon_brazil_coverage_audit.csv
Brazil,national checklist (2024 audit; 186 species),Molossidae,Molossus fluminensis,1005200,no_structured_measurement,southamerica_amazon_brazil_coverage_audit.csv
Brazil,national checklist (2024 audit; 186 species),Molossidae,Molossus melini,1006581,no_structured_measurement,southamerica_amazon_brazil_coverage_audit.csv
Brazil,national checklist (2024 audit; 186 species),Molossidae,Molossus pretiosus,1005204,no_structured_measurement,southamerica_amazon_brazil_coverage_audit.csv
Brazil,national checklist (2024 audit; 186 species),Phyllostomidae,Artibeus amplus,1004999,no_structured_measurement,southamerica_amazon_brazil_coverage_audit.csv
Brazil,national checklist (2024 audit; 186 species),Phyllostomidae,Artibeus anderseni,,taxonomy_unresolved,southamerica_amazon_brazil_coverage_audit.csv
Brazil,national checklist (2024 audit; 186 species),Phyllostomidae,Artibeus bogotensis,,taxonomy_unresolved,southamerica_amazon_brazil_coverage_audit.csv
Brazil,national checklist (2024 audit; 186 species),Phyllostomidae,Artibeus cinereus,,taxonomy_unresolved,southamerica_amazon_brazil_coverage_audit.csv
Brazil,national checklist (2024 audit; 186 species),Phyllostomidae,Artibeus fimbriatus,1005005,no_structured_measurement,southamerica_amazon_brazil_coverage_audit.csv
Brazil,national checklist (2024 audit; 186 species),Phyllostomidae,Artibeus gnomus,,taxonomy_unresolved,southamerica_amazon_brazil_coverage_audit.csv
Brazil,national checklist (2024 audit; 186 species),Phyllostomidae,Carollia benkeithi,1004872,no_structured_measurement,southamerica_amazon_brazil_coverage_audit.csv
Brazil,national checklist (2024 audit; 186 species),Phyllostomidae,Chiroderma doriae,1005022,no_structured_measurement,southamerica_amazon_brazil_coverage_audit.csv
Brazil,national checklist (2024 audit; 186 species),Phyllostomidae,Choeroniscus godmani,1004899,no_structured_measurement,southamerica_amazon_brazil_coverage_audit.csv
Brazil,national checklist (2024 audit; 186 species),Phyllostomidae,Diphylla ecaudata,1004882,no_structured_measurement,southamerica_amazon_brazil_coverage_audit.csv
Brazil,national checklist (2024 audit; 186 species),Phyllostomidae,Dryadonycteris capixaba,1004903,no_structured_measurement,southamerica_amazon_brazil_coverage_audit.csv
Brazil,national checklist (2024 audit; 186 species),Phyllostomidae,Glossophaga bakeri,1006582,no_structured_measurement,southamerica_amazon_brazil_coverage_audit.csv
Brazil,national checklist (2024 audit; 186 species),Phyllostomidae,Glyphonycteris behnii,1004919,no_structured_measurement,southamerica_amazon_brazil_coverage_audit.csv
Brazil,national checklist (2024 audit; 186 species),Phyllostomidae,Glyphonycteris sylvestris,1004921,no_structured_measurement,southamerica_amazon_brazil_coverage_audit.csv
Brazil,national checklist (2024 audit; 186 species),Phyllostomidae,Hsunycteris pattoni,1004926,no_structured_measurement,southamerica_amazon_brazil_coverage_audit.csv
Brazil,national checklist (2024 audit; 186 species),Phyllostomidae,Lichonycteris obscura,1004906,no_structured_measurement,southamerica_amazon_brazil_coverage_audit.csv
Brazil,national checklist (2024 audit; 186 species),Phyllostomidae,Lonchophylla bokermanni,1004929,no_structured_measurement,southamerica_amazon_brazil_coverage_audit.csv
Brazil,national checklist (2024 audit; 186 species),Phyllostomidae,Lonchophylla dekeyseri,1004932,no_structured_measurement,southamerica_amazon_brazil_coverage_audit.csv
Brazil,national checklist (2024 audit; 186 species),Phyllostomidae,Lonchophylla inexpectata,1004936,no_structured_measurement,southamerica_amazon_brazil_coverage_audit.csv
Brazil,national checklist (2024 audit; 186 species),Phyllostomidae,Lonchophylla mordax,1004937,no_structured_measurement,southamerica_amazon_brazil_coverage_audit.csv
Brazil,national checklist (2024 audit; 186 species),Phyllostomidae,Lonchophylla peracchii,1004940,no_structured_measurement,southamerica_amazon_brazil_coverage_audit.csv
Brazil,national checklist (2024 audit; 186 species),Phyllostomidae,Lonchorhina aurita,1004944,no_structured_measurement,southamerica_amazon_brazil_coverage_audit.csv
Brazil,national checklist (2024 audit; 186 species),Phyllostomidae,Micronycteris microtis,1004959,no_structured_measurement,southamerica_amazon_brazil_coverage_audit.csv
Brazil,national checklist (2024 audit; 186 species),Phyllostomidae,Micronycteris sanborni,1004961,no_structured_measurement,southamerica_amazon_brazil_coverage_audit.csv
Brazil,national checklist (2024 audit; 186 species),Phyllostomidae,Mimon bennettii,1004989,no_structured_measurement,southamerica_amazon_brazil_coverage_audit.csv
Brazil,national checklist (2024 audit; 186 species),Phyllostomidae,Neonycteris pusilla,1004922,no_structured_measurement,southamerica_amazon_brazil_coverage_audit.csv
Brazil,national checklist (2024 audit; 186 species),Phyllostomidae,Platyrrhinus angustirostris,1005034,no_structured_measurement,southamerica_amazon_brazil_coverage_audit.csv
Brazil,national checklist (2024 audit; 186 species),Phyllostomidae,Platyrrhinus aurarius,1005036,no_structured_measurement,southamerica_amazon_brazil_coverage_audit.csv
Brazil,national checklist (2024 audit; 186 species),Phyllostomidae,Platyrrhinus fusciventris,1005039,no_structured_measurement,southamerica_amazon_brazil_coverage_audit.csv
Brazil,national checklist (2024 audit; 186 species),Phyllostomidae,Platyrrhinus guianensis,1005040,no_structured_measurement,southamerica_amazon_brazil_coverage_audit.csv
Brazil,national checklist (2024 audit; 186 species),Phyllostomidae,Platyrrhinus incarum,1005042,no_structured_measurement,southamerica_amazon_brazil_coverage_audit.csv
Brazil,national checklist (2024 audit; 186 species),Phyllostomidae,Platyrrhinus infuscus,1005043,no_structured_measurement,southamerica_amazon_brazil_coverage_audit.csv
Brazil,national checklist (2024 audit; 186 species),Phyllostomidae,Platyrrhinus lineatus,1005045,no_structured_measurement,southamerica_amazon_brazil_coverage_audit.csv
Brazil,national checklist (2024 audit; 186 species),Phyllostomidae,Platyrrhinus recifinus,1005049,no_structured_measurement,southamerica_amazon_brazil_coverage_audit.csv
Brazil,national checklist (2024 audit; 186 species),Phyllostomidae,Pygoderma bilabiatum,1005052,no_structured_measurement,southamerica_amazon_brazil_coverage_audit.csv
Brazil,national checklist (2024 audit; 186 species),Phyllostomidae,Rhinophylla fischerae,1004993,no_structured_measurement,southamerica_amazon_brazil_coverage_audit.csv
Brazil,national checklist (2024 audit; 186 species),Phyllostomidae,Scleronycteris ega,1004908,no_structured_measurement,southamerica_amazon_brazil_coverage_audit.csv
Brazil,national checklist (2024 audit; 186 species),Phyllostomidae,Sphaeronycteris toxophyllum,1005053,no_structured_measurement,southamerica_amazon_brazil_coverage_audit.csv
Brazil,national checklist (2024 audit; 186 species),Phyllostomidae,Sturnira giannae,1005078,no_structured_measurement,southamerica_amazon_brazil_coverage_audit.csv
Brazil,national checklist (2024 audit; 186 species),Phyllostomidae,Sturnira magna,1005084,no_structured_measurement,southamerica_amazon_brazil_coverage_audit.csv
Brazil,national checklist (2024 audit; 186 species),Phyllostomidae,Trachops ehrhardti,1006872,no_structured_measurement,southamerica_amazon_brazil_coverage_audit.csv
Brazil,national checklist (2024 audit; 186 species),Phyllostomidae,Uroderma magnirostrum,1005059,no_structured_measurement,southamerica_amazon_brazil_coverage_audit.csv
Brazil,national checklist (2024 audit; 186 species),Phyllostomidae,Vampyressa pusilla,1005062,no_structured_measurement,southamerica_amazon_brazil_coverage_audit.csv
Brazil,national checklist (2024 audit; 186 species),Phyllostomidae,Vampyressa thyone,1005064,no_structured_measurement,southamerica_amazon_brazil_coverage_audit.csv
Brazil,national checklist (2024 audit; 186 species),Phyllostomidae,Xeronycteris vieirai,1004943,no_structured_measurement,southamerica_amazon_brazil_coverage_audit.csv
Brazil,national checklist (2024 audit; 186 species),Thyropteridae,Thyroptera devivoi,1005094,no_structured_measurement,southamerica_amazon_brazil_coverage_audit.csv
Brazil,national checklist (2024 audit; 186 species),Thyropteridae,Thyroptera lavali,1005096,no_structured_measurement,southamerica_amazon_brazil_coverage_audit.csv
Brazil,national checklist (2024 audit; 186 species),Thyropteridae,Thyroptera wynneae,1005098,no_structured_measurement,southamerica_amazon_brazil_coverage_audit.csv
Brazil,national checklist (2024 audit; 186 species),Vespertilionidae,Histiotus alienus,1005553,no_structured_measurement,southamerica_amazon_brazil_coverage_audit.csv
Brazil,national checklist (2024 audit; 186 species),Vespertilionidae,Lasiurus castaneus,1005576,no_structured_measurement,southamerica_amazon_brazil_coverage_audit.csv
Brazil,national checklist (2024 audit; 186 species),Vespertilionidae,Lasiurus ebenus,1005579,no_structured_measurement,southamerica_amazon_brazil_coverage_audit.csv
Brazil,national checklist (2024 audit; 186 species),Vespertilionidae,Lasiurus villosissimus,1005590,no_structured_measurement,southamerica_amazon_brazil_coverage_audit.csv
Brazil,national checklist (2024 audit; 186 species),Vespertilionidae,Myotis izecksohni,1005423,no_structured_measurement,southamerica_amazon_brazil_coverage_audit.csv
Brazil,national checklist (2024 audit; 186 species),Vespertilionidae,Myotis lavali,1005427,no_structured_measurement,southamerica_amazon_brazil_coverage_audit.csv
Brazil,national checklist (2024 audit; 186 species),Vespertilionidae,Myotis pampa,1006603,no_structured_measurement,southamerica_amazon_brazil_coverage_audit.csv
Brazil,national checklist (2024 audit; 186 species),Vespertilionidae,Myotis simus,1005474,no_structured_measurement,southamerica_amazon_brazil_coverage_audit.csv
Brazil,national checklist (2024 audit; 186 species),Vespertilionidae,Neoeptesicus diminutus,1005516,no_structured_measurement,southamerica_amazon_brazil_coverage_audit.csv
Brazil,national checklist (2024 audit; 186 species),Vespertilionidae,Neoeptesicus taddeii,1005532,no_structured_measurement,southamerica_amazon_brazil_coverage_audit.csv
Ecuador,national checklist (Tirira 2018.1 audit; 171 species),Emballonuridae,Diclidurus scutatus,1004786,no_structured_measurement,ecuador_coverage_audit.csv
Ecuador,national checklist (Tirira 2018.1 audit; 171 species),Emballonuridae,Peropteryx leucoptera,1004788,no_structured_measurement,ecuador_coverage_audit.csv
Ecuador,national checklist (Tirira 2018.1 audit; 171 species),Emballonuridae,Peropteryx pallidoptera,1004790,no_structured_measurement,ecuador_coverage_audit.csv
Ecuador,national checklist (Tirira 2018.1 audit; 171 species),Molossidae,Cabreramops aequatorianus,1005143,no_structured_measurement,ecuador_coverage_audit.csv
Ecuador,national checklist (Tirira 2018.1 audit; 171 species),Molossidae,Cynomops mastivus,1005169,no_structured_measurement,ecuador_coverage_audit.csv
Ecuador,national checklist (Tirira 2018.1 audit; 171 species),Molossidae,Cynomops tonkigui,1005173,no_structured_measurement,ecuador_coverage_audit.csv
Ecuador,national checklist (Tirira 2018.1 audit; 171 species),Molossidae,Eumops maurus,1005184,no_structured_measurement,ecuador_coverage_audit.csv
Ecuador,national checklist (Tirira 2018.1 audit; 171 species),Molossidae,Eumops nanus,1005185,no_structured_measurement,ecuador_coverage_audit.csv
Ecuador,national checklist (Tirira 2018.1 audit; 171 species),Molossidae,Eumops wilsoni,1005190,no_structured_measurement,ecuador_coverage_audit.csv
Ecuador,national checklist (Tirira 2018.1 audit; 171 species),Molossidae,Molossus fentoni,1005199,no_structured_measurement,ecuador_coverage_audit.csv
Ecuador,national checklist (Tirira 2018.1 audit; 171 species),Phyllostomidae,Anoura aequatoris,1004889,no_structured_measurement,ecuador_coverage_audit.csv
Ecuador,national checklist (Tirira 2018.1 audit; 171 species),Phyllostomidae,Anoura cultrata,1004892,no_structured_measurement,ecuador_coverage_audit.csv
Ecuador,national checklist (Tirira 2018.1 audit; 171 species),Phyllostomidae,Anoura fistulata,1004893,no_structured_measurement,ecuador_coverage_audit.csv
Ecuador,national checklist (Tirira 2018.1 audit; 171 species),Phyllostomidae,Anoura peruana,1004898,no_structured_measurement,ecuador_coverage_audit.csv
Ecuador,national checklist (Tirira 2018.1 audit; 171 species),Phyllostomidae,Artibeus aequatorialis,1004998,no_structured_measurement,ecuador_coverage_audit.csv
Ecuador,national checklist (Tirira 2018.1 audit; 171 species),Phyllostomidae,Artibeus anderseni,,taxonomy_unresolved,ecuador_coverage_audit.csv
Ecuador,national checklist (Tirira 2018.1 audit; 171 species),Phyllostomidae,Artibeus glaucus,,taxonomy_unresolved,ecuador_coverage_audit.csv
Ecuador,national checklist (Tirira 2018.1 audit; 171 species),Phyllostomidae,Artibeus gnomus,,taxonomy_unresolved,ecuador_coverage_audit.csv
Ecuador,national checklist (Tirira 2018.1 audit; 171 species),Phyllostomidae,Artibeus ravus,,taxonomy_unresolved,ecuador_coverage_audit.csv
Ecuador,national checklist (Tirira 2018.1 audit; 171 species),Phyllostomidae,Artibeus rosenbergi,,taxonomy_unresolved,ecuador_coverage_audit.csv
Ecuador,national checklist (Tirira 2018.1 audit; 171 species),Phyllostomidae,Chiroderma salvini,1005025,no_structured_measurement,ecuador_coverage_audit.csv
Ecuador,national checklist (Tirira 2018.1 audit; 171 species),Phyllostomidae,Choeroniscus periosus,1004901,no_structured_measurement,ecuador_coverage_audit.csv
Ecuador,national checklist (Tirira 2018.1 audit; 171 species),Phyllostomidae,Diphylla ecaudata,1004882,no_structured_measurement,ecuador_coverage_audit.csv
Ecuador,national checklist (Tirira 2018.1 audit; 171 species),Phyllostomidae,Enchisthenes hartii,1005030,no_structured_measurement,ecuador_coverage_audit.csv
Ecuador,national checklist (Tirira 2018.1 audit; 171 species),Phyllostomidae,Gardnerycteris crenulatum,,taxonomy_unresolved,ecuador_coverage_audit.csv
Ecuador,national checklist (Tirira 2018.1 audit; 171 species),Phyllostomidae,Glossophaga commissarisi,1004909,no_structured_measurement,ecuador_coverage_audit.csv
Ecuador,national checklist (Tirira 2018.1 audit; 171 species),Phyllostomidae,Glyphonycteris sylvestris,1004921,no_structured_measurement,ecuador_coverage_audit.csv
Ecuador,national checklist (Tirira 2018.1 audit; 171 species),Phyllostomidae,Hsunycteris cadenai,1004924,no_structured_measurement,ecuador_coverage_audit.csv
Ecuador,national checklist (Tirira 2018.1 audit; 171 species),Phyllostomidae,Hsunycteris pattoni,1004926,no_structured_measurement,ecuador_coverage_audit.csv
Ecuador,national checklist (Tirira 2018.1 audit; 171 species),Phyllostomidae,Lichonycteris degener,1004905,no_structured_measurement,ecuador_coverage_audit.csv
Ecuador,national checklist (Tirira 2018.1 audit; 171 species),Phyllostomidae,Lichonycteris obscura,1004906,no_structured_measurement,ecuador_coverage_audit.csv
Ecuador,national checklist (Tirira 2018.1 audit; 171 species),Phyllostomidae,Lonchophylla chocoana,1004930,no_structured_measurement,ecuador_coverage_audit.csv
Ecuador,national checklist (Tirira 2018.1 audit; 171 species),Phyllostomidae,Lonchophylla concava,1004931,no_structured_measurement,ecuador_coverage_audit.csv
Ecuador,national checklist (Tirira 2018.1 audit; 171 species),Phyllostomidae,Lonchophylla fornicata,1004933,no_structured_measurement,ecuador_coverage_audit.csv
Ecuador,national checklist (Tirira 2018.1 audit; 171 species),Phyllostomidae,Lonchophylla handleyi,1004934,no_structured_measurement,ecuador_coverage_audit.csv
Ecuador,national checklist (Tirira 2018.1 audit; 171 species),Phyllostomidae,Lonchophylla hesperia,1004935,no_structured_measurement,ecuador_coverage_audit.csv
Ecuador,national checklist (Tirira 2018.1 audit; 171 species),Phyllostomidae,Lonchophylla orcesi,1004938,no_structured_measurement,ecuador_coverage_audit.csv
Ecuador,national checklist (Tirira 2018.1 audit; 171 species),Phyllostomidae,Lonchophylla orienticollina,1004939,no_structured_measurement,ecuador_coverage_audit.csv
Ecuador,national checklist (Tirira 2018.1 audit; 171 species),Phyllostomidae,Lonchophylla robusta,1004941,no_structured_measurement,ecuador_coverage_audit.csv
Ecuador,national checklist (Tirira 2018.1 audit; 171 species),Phyllostomidae,Lonchorhina aurita,1004944,no_structured_measurement,ecuador_coverage_audit.csv
Ecuador,national checklist (Tirira 2018.1 audit; 171 species),Phyllostomidae,Lophostoma occidentalis,,taxonomy_unresolved,ecuador_coverage_audit.csv
Ecuador,national checklist (Tirira 2018.1 audit; 171 species),Phyllostomidae,Lophostoma silvicolum,,taxonomy_unresolved,ecuador_coverage_audit.csv
Ecuador,national checklist (Tirira 2018.1 audit; 171 species),Phyllostomidae,Micronycteris giovanniae,1004955,no_structured_measurement,ecuador_coverage_audit.csv
Ecuador,national checklist (Tirira 2018.1 audit; 171 species),Phyllostomidae,Platyrrhinus albericoi,1005033,no_structured_measurement,ecuador_coverage_audit.csv
Ecuador,national checklist (Tirira 2018.1 audit; 171 species),Phyllostomidae,Platyrrhinus angustirostris,1005034,no_structured_measurement,ecuador_coverage_audit.csv
Ecuador,national checklist (Tirira 2018.1 audit; 171 species),Phyllostomidae,Platyrrhinus chocoensis,,taxonomy_unresolved,ecuador_coverage_audit.csv
Ecuador,national checklist (Tirira 2018.1 audit; 171 species),Phyllostomidae,Platyrrhinus dorsalis,1005038,no_structured_measurement,ecuador_coverage_audit.csv
Ecuador,national checklist (Tirira 2018.1 audit; 171 species),Phyllostomidae,Platyrrhinus fusciventris,1005039,no_structured_measurement,ecuador_coverage_audit.csv
Ecuador,national checklist (Tirira 2018.1 audit; 171 species),Phyllostomidae,Platyrrhinus incarum,1005042,no_structured_measurement,ecuador_coverage_audit.csv
Ecuador,national checklist (Tirira 2018.1 audit; 171 species),Phyllostomidae,Platyrrhinus infuscus,1005043,no_structured_measurement,ecuador_coverage_audit.csv
Ecuador,national checklist (Tirira 2018.1 audit; 171 species),Phyllostomidae,Platyrrhinus ismaeli,1005044,no_structured_measurement,ecuador_coverage_audit.csv
Ecuador,national checklist (Tirira 2018.1 audit; 171 species),Phyllostomidae,Platyrrhinus matapalensis,1005047,no_structured_measurement,ecuador_coverage_audit.csv
Ecuador,national checklist (Tirira 2018.1 audit; 171 species),Phyllostomidae,Platyrrhinus nigellus,,taxonomy_unresolved,ecuador_coverage_audit.csv
Ecuador,national checklist (Tirira 2018.1 audit; 171 species),Phyllostomidae,Platyrrhinus nitelinea,1005048,no_structured_measurement,ecuador_coverage_audit.csv
Ecuador,national checklist (Tirira 2018.1 audit; 171 species),Phyllostomidae,Platyrrhinus vittatus,1005051,no_structured_measurement,ecuador_coverage_audit.csv
Ecuador,national checklist (Tirira 2018.1 audit; 171 species),Phyllostomidae,Rhinophylla alethina,1004992,no_structured_measurement,ecuador_coverage_audit.csv
Ecuador,national checklist (Tirira 2018.1 audit; 171 species),Phyllostomidae,Rhinophylla fischerae,1004993,no_structured_measurement,ecuador_coverage_audit.csv
Ecuador,national checklist (Tirira 2018.1 audit; 171 species),Phyllostomidae,Sphaeronycteris toxophyllum,1005053,no_structured_measurement,ecuador_coverage_audit.csv
Ecuador,national checklist (Tirira 2018.1 audit; 171 species),Phyllostomidae,Sturnira aratathomasi,1005072,no_structured_measurement,ecuador_coverage_audit.csv
Ecuador,national checklist (Tirira 2018.1 audit; 171 species),Phyllostomidae,Sturnira bakeri,1005073,no_structured_measurement,ecuador_coverage_audit.csv
Ecuador,national checklist (Tirira 2018.1 audit; 171 species),Phyllostomidae,Sturnira bidens,1005074,no_structured_measurement,ecuador_coverage_audit.csv
Ecuador,national checklist (Tirira 2018.1 audit; 171 species),Phyllostomidae,Sturnira bogotensis,1005075,no_structured_measurement,ecuador_coverage_audit.csv
Ecuador,national checklist (Tirira 2018.1 audit; 171 species),Phyllostomidae,Sturnira erythromos,1005077,no_structured_measurement,ecuador_coverage_audit.csv
Ecuador,national checklist (Tirira 2018.1 audit; 171 species),Phyllostomidae,Sturnira koopmanhilli,1005080,no_structured_measurement,ecuador_coverage_audit.csv
Ecuador,national checklist (Tirira 2018.1 audit; 171 species),Phyllostomidae,Sturnira luisi,1005083,no_structured_measurement,ecuador_coverage_audit.csv
Ecuador,national checklist (Tirira 2018.1 audit; 171 species),Phyllostomidae,Sturnira magna,1005084,no_structured_measurement,ecuador_coverage_audit.csv
Ecuador,national checklist (Tirira 2018.1 audit; 171 species),Phyllostomidae,Sturnira nana,1005087,no_structured_measurement,ecuador_coverage_audit.csv
Ecuador,national checklist (Tirira 2018.1 audit; 171 species),Phyllostomidae,Sturnira oporaphilum,1005088,no_structured_measurement,ecuador_coverage_audit.csv
Ecuador,national checklist (Tirira 2018.1 audit; 171 species),Phyllostomidae,Sturnira perla,1005091,no_structured_measurement,ecuador_coverage_audit.csv
Ecuador,national checklist (Tirira 2018.1 audit; 171 species),Phyllostomidae,Tonatia saurophila,,taxonomy_unresolved,ecuador_coverage_audit.csv
Ecuador,national checklist (Tirira 2018.1 audit; 171 species),Phyllostomidae,Uroderma convexum,1005057,no_structured_measurement,ecuador_coverage_audit.csv
Ecuador,national checklist (Tirira 2018.1 audit; 171 species),Phyllostomidae,Uroderma magnirostrum,1005059,no_structured_measurement,ecuador_coverage_audit.csv
Ecuador,national checklist (Tirira 2018.1 audit; 171 species),Phyllostomidae,Vampyressa melissa,1005061,no_structured_measurement,ecuador_coverage_audit.csv
Ecuador,national checklist (Tirira 2018.1 audit; 171 species),Phyllostomidae,Vampyressa thyone,1005064,no_structured_measurement,ecuador_coverage_audit.csv
Ecuador,national checklist (Tirira 2018.1 audit; 171 species),Phyllostomidae,Vampyriscus nymphaea,,taxonomy_unresolved,ecuador_coverage_audit.csv
Ecuador,national checklist (Tirira 2018.1 audit; 171 species),Phyllostomidae,Vampyrodes major,1005069,no_structured_measurement,ecuador_coverage_audit.csv
Ecuador,national checklist (Tirira 2018.1 audit; 171 species),Thyropteridae,Thyroptera lavali,1005096,no_structured_measurement,ecuador_coverage_audit.csv
Ecuador,national checklist (Tirira 2018.1 audit; 171 species),Vespertilionidae,Aeorestes villosissimus,,taxonomy_unresolved,ecuador_coverage_audit.csv
Ecuador,national checklist (Tirira 2018.1 audit; 171 species),Vespertilionidae,Dasypterus ega,,taxonomy_unresolved,ecuador_coverage_audit.csv
Ecuador,national checklist (Tirira 2018.1 audit; 171 species),Vespertilionidae,Eptesicus andinus,,taxonomy_unresolved,ecuador_coverage_audit.csv
Ecuador,national checklist (Tirira 2018.1 audit; 171 species),Vespertilionidae,Eptesicus brasiliensis,,taxonomy_unresolved,ecuador_coverage_audit.csv
Ecuador,national checklist (Tirira 2018.1 audit; 171 species),Vespertilionidae,Eptesicus chiriquinus,,taxonomy_unresolved,ecuador_coverage_audit.csv
Ecuador,national checklist (Tirira 2018.1 audit; 171 species),Vespertilionidae,Eptesicus innoxius,,taxonomy_unresolved,ecuador_coverage_audit.csv
Ecuador,national checklist (Tirira 2018.1 audit; 171 species),Vespertilionidae,Histiotus humboldti,1005555,no_structured_measurement,ecuador_coverage_audit.csv
Ecuador,national checklist (Tirira 2018.1 audit; 171 species),Vespertilionidae,Myotis caucensis,1005386,no_structured_measurement,ecuador_coverage_audit.csv
Ecuador,national checklist (Tirira 2018.1 audit; 171 species),Vespertilionidae,Myotis diminutus,1005398,no_structured_measurement,ecuador_coverage_audit.csv
Ecuador,national checklist (Tirira 2018.1 audit; 171 species),Vespertilionidae,Myotis simus,1005474,no_structured_measurement,ecuador_coverage_audit.csv
Ecuador,national checklist (Tirira 2018.1 audit; 171 species),Vespertilionidae,Rhogeessa velilla,1005507,no_structured_measurement,ecuador_coverage_audit.csv
Peru,national checklist supplied with the Peru batch,Emballonuridae,Diclidurus isabella,1004785,no_structured_measurement,peru_bats_full_list.csv
Peru,national checklist supplied with the Peru batch,Emballonuridae,Peropteryx leucoptera,1004788,no_structured_measurement,peru_bats_full_list.csv
Peru,national checklist supplied with the Peru batch,Emballonuridae,Peropteryx pallidoptera,1004790,no_structured_measurement,peru_bats_full_list.csv
Peru,national checklist supplied with the Peru batch,Phyllostomidae,Diaemus youngi,,taxonomy_unresolved,peru_bats_full_list.csv
Peru,national checklist supplied with the Peru batch,Phyllostomidae,Diphylla ecaudata,1004882,no_structured_measurement,peru_bats_full_list.csv
Peru,national checklist supplied with the Peru batch,Phyllostomidae,Anoura aequatoris,1004889,no_structured_measurement,peru_bats_full_list.csv
Peru,national checklist supplied with the Peru batch,Phyllostomidae,Anoura cultrata,1004892,no_structured_measurement,peru_bats_full_list.csv
Peru,national checklist supplied with the Peru batch,Phyllostomidae,Anoura fistulata,1004893,no_structured_measurement,peru_bats_full_list.csv
Peru,national checklist supplied with the Peru batch,Phyllostomidae,Anoura javieri,1004895,no_structured_measurement,peru_bats_full_list.csv
Peru,national checklist supplied with the Peru batch,Phyllostomidae,Anoura latidens,1004896,no_structured_measurement,peru_bats_full_list.csv
Peru,national checklist supplied with the Peru batch,Phyllostomidae,Anoura peruana,1004898,no_structured_measurement,peru_bats_full_list.csv
Peru,national checklist supplied with the Peru batch,Phyllostomidae,Glossophaga bakeri,1006582,no_structured_measurement,peru_bats_full_list.csv
Peru,national checklist supplied with the Peru batch,Phyllostomidae,Glossophaga valens,1006537,no_structured_measurement,peru_bats_full_list.csv
Peru,national checklist supplied with the Peru batch,Phyllostomidae,Hsunycteris dashe,1004925,no_structured_measurement,peru_bats_full_list.csv
Peru,national checklist supplied with the Peru batch,Phyllostomidae,Hsunycteris pattoni,1004926,no_structured_measurement,peru_bats_full_list.csv
Peru,national checklist supplied with the Peru batch,Phyllostomidae,Lichonycteris obscura,1004906,no_structured_measurement,peru_bats_full_list.csv
Peru,national checklist supplied with the Peru batch,Phyllostomidae,Lonchophylla handleyi,1004934,no_structured_measurement,peru_bats_full_list.csv
Peru,national checklist supplied with the Peru batch,Phyllostomidae,Lonchophylla hesperia,1004935,no_structured_measurement,peru_bats_full_list.csv
Peru,national checklist supplied with the Peru batch,Phyllostomidae,Lonchophylla orienticollina,1004939,no_structured_measurement,peru_bats_full_list.csv
Peru,national checklist supplied with the Peru batch,Phyllostomidae,Lonchophylla robusta,1004941,no_structured_measurement,peru_bats_full_list.csv
Peru,national checklist supplied with the Peru batch,Phyllostomidae,Gardnerycteris keenani,1004970,no_structured_measurement,peru_bats_full_list.csv
Peru,national checklist supplied with the Peru batch,Phyllostomidae,Gardnerycteris koepckeae,1004971,no_structured_measurement,peru_bats_full_list.csv
Peru,national checklist supplied with the Peru batch,Phyllostomidae,Glyphonycteris sylvestris,1004921,no_structured_measurement,peru_bats_full_list.csv
Peru,national checklist supplied with the Peru batch,Phyllostomidae,Lonchorhina aurita,1004944,no_structured_measurement,peru_bats_full_list.csv
Peru,national checklist supplied with the Peru batch,Phyllostomidae,Lophostoma occidentalis,,taxonomy_unresolved,peru_bats_full_list.csv
Peru,national checklist supplied with the Peru batch,Phyllostomidae,Lophostoma silvicolum,,taxonomy_unresolved,peru_bats_full_list.csv
Peru,national checklist supplied with the Peru batch,Phyllostomidae,Micronycteris brosseti,1004953,no_structured_measurement,peru_bats_full_list.csv
Peru,national checklist supplied with the Peru batch,Phyllostomidae,Micronycteris matses,1004957,no_structured_measurement,peru_bats_full_list.csv
Peru,national checklist supplied with the Peru batch,Phyllostomidae,Micronycteris microtis,1004959,no_structured_measurement,peru_bats_full_list.csv
Peru,national checklist supplied with the Peru batch,Phyllostomidae,Carollia benkeithi,1004872,no_structured_measurement,peru_bats_full_list.csv
Peru,national checklist supplied with the Peru batch,Phyllostomidae,Carollia manu,1004875,no_structured_measurement,peru_bats_full_list.csv
Peru,national checklist supplied with the Peru batch,Phyllostomidae,Rhinophylla fischerae,1004993,no_structured_measurement,peru_bats_full_list.csv
Peru,national checklist supplied with the Peru batch,Phyllostomidae,Artibeus aequatorialis,1004998,no_structured_measurement,peru_bats_full_list.csv
Peru,national checklist supplied with the Peru batch,Phyllostomidae,Artibeus anderseni,,taxonomy_unresolved,peru_bats_full_list.csv
Peru,national checklist supplied with the Peru batch,Phyllostomidae,Artibeus bogotensis,,taxonomy_unresolved,peru_bats_full_list.csv
Peru,national checklist supplied with the Peru batch,Phyllostomidae,Artibeus cinereus,,taxonomy_unresolved,peru_bats_full_list.csv
Peru,national checklist supplied with the Peru batch,Phyllostomidae,Artibeus glaucus,,taxonomy_unresolved,peru_bats_full_list.csv
Peru,national checklist supplied with the Peru batch,Phyllostomidae,Artibeus gnomus,,taxonomy_unresolved,peru_bats_full_list.csv
Peru,national checklist supplied with the Peru batch,Phyllostomidae,Artibeus ravus,,taxonomy_unresolved,peru_bats_full_list.csv
Peru,national checklist supplied with the Peru batch,Phyllostomidae,Chiroderma salvini,1005025,no_structured_measurement,peru_bats_full_list.csv
Peru,national checklist supplied with the Peru batch,Phyllostomidae,Enchisthenes hartii,1005030,no_structured_measurement,peru_bats_full_list.csv
Peru,national checklist supplied with the Peru batch,Phyllostomidae,Platyrrhinus albericoi,1005033,no_structured_measurement,peru_bats_full_list.csv
Peru,national checklist supplied with the Peru batch,Phyllostomidae,Platyrrhinus angustirostris,1005034,no_structured_measurement,peru_bats_full_list.csv
Peru,national checklist supplied with the Peru batch,Phyllostomidae,Platyrrhinus fusciventris,1005039,no_structured_measurement,peru_bats_full_list.csv
Peru,national checklist supplied with the Peru batch,Phyllostomidae,Platyrrhinus incarum,1005042,no_structured_measurement,peru_bats_full_list.csv
Peru,national checklist supplied with the Peru batch,Phyllostomidae,Platyrrhinus infuscus,1005043,no_structured_measurement,peru_bats_full_list.csv
Peru,national checklist supplied with the Peru batch,Phyllostomidae,Platyrrhinus ismaeli,1005044,no_structured_measurement,peru_bats_full_list.csv
Peru,national checklist supplied with the Peru batch,Phyllostomidae,Platyrrhinus masu,1005046,no_structured_measurement,peru_bats_full_list.csv
Peru,national checklist supplied with the Peru batch,Phyllostomidae,Platyrrhinus matapalensis,1005047,no_structured_measurement,peru_bats_full_list.csv
Peru,national checklist supplied with the Peru batch,Phyllostomidae,Platyrrhinus umbratus,1005050,no_structured_measurement,peru_bats_full_list.csv
Peru,national checklist supplied with the Peru batch,Phyllostomidae,Sphaeronycteris toxophyllum,1005053,no_structured_measurement,peru_bats_full_list.csv
Peru,national checklist supplied with the Peru batch,Phyllostomidae,Sturnira aratathomasi,1005072,no_structured_measurement,peru_bats_full_list.csv
Peru,national checklist supplied with the Peru batch,Phyllostomidae,Sturnira bakeri,1005073,no_structured_measurement,peru_bats_full_list.csv
Peru,national checklist supplied with the Peru batch,Phyllostomidae,Sturnira bidens,1005074,no_structured_measurement,peru_bats_full_list.csv
Peru,national checklist supplied with the Peru batch,Phyllostomidae,Sturnira bogotensis,1005075,no_structured_measurement,peru_bats_full_list.csv
Peru,national checklist supplied with the Peru batch,Phyllostomidae,Sturnira erythromos,1005077,no_structured_measurement,peru_bats_full_list.csv
Peru,national checklist supplied with the Peru batch,Phyllostomidae,Sturnira giannae,1005078,no_structured_measurement,peru_bats_full_list.csv
Peru,national checklist supplied with the Peru batch,Phyllostomidae,Sturnira magna,1005084,no_structured_measurement,peru_bats_full_list.csv
Peru,national checklist supplied with the Peru batch,Phyllostomidae,Sturnira nana,1005087,no_structured_measurement,peru_bats_full_list.csv
Peru,national checklist supplied with the Peru batch,Phyllostomidae,Sturnira oporaphilum,1005088,no_structured_measurement,peru_bats_full_list.csv
Peru,national checklist supplied with the Peru batch,Phyllostomidae,Uroderma magnirostrum,1005059,no_structured_measurement,peru_bats_full_list.csv
Peru,national checklist supplied with the Peru batch,Phyllostomidae,Vampyressa melissa,1005061,no_structured_measurement,peru_bats_full_list.csv
Peru,national checklist supplied with the Peru batch,Phyllostomidae,Vampyressa thyone,1005064,no_structured_measurement,peru_bats_full_list.csv
Peru,national checklist supplied with the Peru batch,Thyropteridae,Thyroptera lavali,1005096,no_structured_measurement,peru_bats_full_list.csv
Peru,national checklist supplied with the Peru batch,Thyropteridae,Thyroptera wynneae,1005098,no_structured_measurement,peru_bats_full_list.csv
Peru,national checklist supplied with the Peru batch,Molossidae,Tomopeas ravus,,taxonomy_unresolved,peru_bats_full_list.csv
Peru,national checklist supplied with the Peru batch,Molossidae,Cynomops kuizha,1006540,no_structured_measurement,peru_bats_full_list.csv
Peru,national checklist supplied with the Peru batch,Molossidae,Cynomops milleri,1005171,no_structured_measurement,peru_bats_full_list.csv
Peru,national checklist supplied with the Peru batch,Molossidae,Eumops bonariensis,1005175,no_structured_measurement,peru_bats_full_list.csv
Peru,national checklist supplied with the Peru batch,Molossidae,Eumops delticus,1005179,no_structured_measurement,peru_bats_full_list.csv
Peru,national checklist supplied with the Peru batch,Molossidae,Eumops maurus,1005184,no_structured_measurement,peru_bats_full_list.csv
Peru,national checklist supplied with the Peru batch,Molossidae,Eumops nanus,1005185,no_structured_measurement,peru_bats_full_list.csv
Peru,national checklist supplied with the Peru batch,Molossidae,Eumops patagonicus,1005186,no_structured_measurement,peru_bats_full_list.csv
Peru,national checklist supplied with the Peru batch,Molossidae,Eumops trumbulli,1005188,no_structured_measurement,peru_bats_full_list.csv
Peru,national checklist supplied with the Peru batch,Molossidae,Eumops wilsoni,1005190,no_structured_measurement,peru_bats_full_list.csv
Peru,national checklist supplied with the Peru batch,Molossidae,Molossus alvarezi,1005194,no_structured_measurement,peru_bats_full_list.csv
Peru,national checklist supplied with the Peru batch,Molossidae,Mormopterus phrudus,1005230,no_structured_measurement,peru_bats_full_list.csv
Peru,national checklist supplied with the Peru batch,Vespertilionidae,Eptesicus andinus,,taxonomy_unresolved,peru_bats_full_list.csv
Peru,national checklist supplied with the Peru batch,Vespertilionidae,Eptesicus brasiliensis,,taxonomy_unresolved,peru_bats_full_list.csv
Peru,national checklist supplied with the Peru batch,Vespertilionidae,Eptesicus chiriquinus,,taxonomy_unresolved,peru_bats_full_list.csv
Peru,national checklist supplied with the Peru batch,Vespertilionidae,Eptesicus furinalis,,taxonomy_unresolved,peru_bats_full_list.csv
Peru,national checklist supplied with the Peru batch,Vespertilionidae,Eptesicus innoxius,,taxonomy_unresolved,peru_bats_full_list.csv
Peru,national checklist supplied with the Peru batch,Vespertilionidae,Eptesicus laephotis,,taxonomy_unresolved,peru_bats_full_list.csv
Peru,national checklist supplied with the Peru batch,Vespertilionidae,Eptesicus mochica,,taxonomy_unresolved,peru_bats_full_list.csv
Peru,national checklist supplied with the Peru batch,Vespertilionidae,Eptesicus montanus,,taxonomy_unresolved,peru_bats_full_list.csv
Peru,national checklist supplied with the Peru batch,Vespertilionidae,Eptesicus velatus,,taxonomy_unresolved,peru_bats_full_list.csv
Peru,national checklist supplied with the Peru batch,Vespertilionidae,Lasiurus villosissimus,1005590,no_structured_measurement,peru_bats_full_list.csv
Peru,national checklist supplied with the Peru batch,Vespertilionidae,Rhogeessa velilla,1005507,no_structured_measurement,peru_bats_full_list.csv
Peru,national checklist supplied with the Peru batch,Vespertilionidae,Myotis bakeri,1005373,no_structured_measurement,peru_bats_full_list.csv
Peru,national checklist supplied with the Peru batch,Vespertilionidae,Myotis caucensis,1005386,no_structured_measurement,peru_bats_full_list.csv
Peru,national checklist supplied with the Peru batch,Vespertilionidae,Myotis simus,1005474,no_structured_measurement,peru_bats_full_list.csv
Europe,47-species investigated cohort; not a continent-wide checklist,Vespertilionidae,Eptesicus anatolicus,,taxonomy_unresolved,europe_species.csv
Europe,47-species investigated cohort; not a continent-wide checklist,Vespertilionidae,Eptesicus bottae,,taxonomy_unresolved,europe_species.csv
Europe,47-species investigated cohort; not a continent-wide checklist,Vespertilionidae,Eptesicus isabellinus,,taxonomy_unresolved,europe_species.csv
Europe,47-species investigated cohort; not a continent-wide checklist,Vespertilionidae,Eptesicus nilssonii,,taxonomy_unresolved,europe_species.csv
Europe,47-species investigated cohort; not a continent-wide checklist,Vespertilionidae,Eptesicus serotinus,,taxonomy_unresolved,europe_species.csv
Europe,47-species investigated cohort; not a continent-wide checklist,Vespertilionidae,Plecotus tenerifae,,taxonomy_unresolved,europe_species.csv
North America,"45-species United States/Canada cohort; reconstructed, not authoritative",Phyllostomidae,Leptonycteris yerbabuenae,1004916,no_structured_measurement,northamerica_species.csv
North America,"45-species United States/Canada cohort; reconstructed, not authoritative",Vespertilionidae,Myotis occultus,1005449,no_structured_measurement,northamerica_species.csv
Mexico,69-species Sonozotz recording-library cohort; not a national checklist,Molossidae,Eumops nanus,1005185,no_structured_measurement,mexico_sonozotz_species.csv
Mexico,69-species Sonozotz recording-library cohort; not a national checklist,Molossidae,Molossus alvarezi,1005194,no_structured_measurement,mexico_sonozotz_species.csv
Mexico,69-species Sonozotz recording-library cohort; not a national checklist,Molossidae,Molossus sinaloae,1005206,no_structured_measurement,mexico_sonozotz_species.csv
Mexico,69-species Sonozotz recording-library cohort; not a national checklist,Natalidae,Natalus mexicanus,1005277,no_structured_measurement,mexico_sonozotz_species.csv
Mexico,69-species Sonozotz recording-library cohort; not a national checklist,Phyllostomidae,Lonchorhina aurita,1004944,no_structured_measurement,mexico_sonozotz_species.csv
Mexico,69-species Sonozotz recording-library cohort; not a national checklist,Phyllostomidae,Micronycteris microtis,1004959,no_structured_measurement,mexico_sonozotz_species.csv
Mexico,69-species Sonozotz recording-library cohort; not a national checklist,Phyllostomidae,Mimon cozumelae,1004990,no_structured_measurement,mexico_sonozotz_species.csv
Mexico,69-species Sonozotz recording-library cohort; not a national checklist,Vespertilionidae,Bauerus dubiaquercus,1005493,no_structured_measurement,mexico_sonozotz_species.csv
Mexico,69-species Sonozotz recording-library cohort; not a national checklist,Vespertilionidae,Corynorhinus mexicanus,1005655,no_structured_measurement,mexico_sonozotz_species.csv
Mexico,69-species Sonozotz recording-library cohort; not a national checklist,Vespertilionidae,Eptesicus brasiliensis,,taxonomy_unresolved,mexico_sonozotz_species.csv
Mexico,69-species Sonozotz recording-library cohort; not a national checklist,Vespertilionidae,Eptesicus furinalis,,taxonomy_unresolved,mexico_sonozotz_species.csv
Mexico,69-species Sonozotz recording-library cohort; not a national checklist,Vespertilionidae,Myotis fortidens,1005409,no_structured_measurement,mexico_sonozotz_species.csv
Mexico,69-species Sonozotz recording-library cohort; not a national checklist,Vespertilionidae,Myotis melanorhinus,,taxonomy_unresolved,mexico_sonozotz_species.csv
Mexico,69-species Sonozotz recording-library cohort; not a national checklist,Vespertilionidae,Myotis occultus,1005449,no_structured_measurement,mexico_sonozotz_species.csv
Mexico,69-species Sonozotz recording-library cohort; not a national checklist,Vespertilionidae,Myotis peninsularis,,taxonomy_unresolved,mexico_sonozotz_species.csv
Mexico,69-species Sonozotz recording-library cohort; not a national checklist,Vespertilionidae,Myotis vivesi,1005482,no_structured_measurement,mexico_sonozotz_species.csv
Mexico,69-species Sonozotz recording-library cohort; not a national checklist,Vespertilionidae,Rhogeessa aeneus,,taxonomy_unresolved,mexico_sonozotz_species.csv
Mexico,69-species Sonozotz recording-library cohort; not a national checklist,Vespertilionidae,Rhogeessa alleni,,taxonomy_unresolved,mexico_sonozotz_species.csv
Mexico,69-species Sonozotz recording-library cohort; not a national checklist,Vespertilionidae,Rhogeessa parvula,1005504,no_structured_measurement,mexico_sonozotz_species.csv
Colombia,"national checklist (Mamiferos de Colombia v1.14, SiB/GBIF; 222 species)",Emballonuridae,Diclidurus scutatus,1004786,no_structured_measurement,colombia_bats.csv
Colombia,"national checklist (Mamiferos de Colombia v1.14, SiB/GBIF; 222 species)",Emballonuridae,Peropteryx leucoptera,1004788,no_structured_measurement,colombia_bats.csv
Colombia,"national checklist (Mamiferos de Colombia v1.14, SiB/GBIF; 222 species)",Emballonuridae,Peropteryx pallidoptera,1004790,no_structured_measurement,colombia_bats.csv
Colombia,"national checklist (Mamiferos de Colombia v1.14, SiB/GBIF; 222 species)",Emballonuridae,Saccopteryx antioquensis,1004793,no_structured_measurement,colombia_bats.csv
Colombia,"national checklist (Mamiferos de Colombia v1.14, SiB/GBIF; 222 species)",Molossidae,Cynomops kuizha,1006540,no_structured_measurement,colombia_bats.csv
Colombia,"national checklist (Mamiferos de Colombia v1.14, SiB/GBIF; 222 species)",Molossidae,Cynomops tonkigui,1005173,no_structured_measurement,colombia_bats.csv
Colombia,"national checklist (Mamiferos de Colombia v1.14, SiB/GBIF; 222 species)",Molossidae,Eumops dabbenei,1005178,no_structured_measurement,colombia_bats.csv
Colombia,"national checklist (Mamiferos de Colombia v1.14, SiB/GBIF; 222 species)",Molossidae,Eumops delticus,1005179,no_structured_measurement,colombia_bats.csv
Colombia,"national checklist (Mamiferos de Colombia v1.14, SiB/GBIF; 222 species)",Molossidae,Eumops nanus,1005185,no_structured_measurement,colombia_bats.csv
Colombia,"national checklist (Mamiferos de Colombia v1.14, SiB/GBIF; 222 species)",Molossidae,Eumops trumbulli,1005188,no_structured_measurement,colombia_bats.csv
Colombia,"national checklist (Mamiferos de Colombia v1.14, SiB/GBIF; 222 species)",Molossidae,Molossops griseiventer,1006816,no_structured_measurement,colombia_bats.csv
Colombia,"national checklist (Mamiferos de Colombia v1.14, SiB/GBIF; 222 species)",Molossidae,Molossops temmincki,,taxonomy_unresolved,colombia_bats.csv
Colombia,"national checklist (Mamiferos de Colombia v1.14, SiB/GBIF; 222 species)",Molossidae,Molossus pretiosus,1005204,no_structured_measurement,colombia_bats.csv
Colombia,"national checklist (Mamiferos de Colombia v1.14, SiB/GBIF; 222 species)",Molossidae,Molossus sinaloae,1005206,no_structured_measurement,colombia_bats.csv
Colombia,"national checklist (Mamiferos de Colombia v1.14, SiB/GBIF; 222 species)",Natalidae,Chilonatalus micropus,1005271,no_structured_measurement,colombia_bats.csv
Colombia,"national checklist (Mamiferos de Colombia v1.14, SiB/GBIF; 222 species)",Natalidae,Natalus mexicanus,1005277,no_structured_measurement,colombia_bats.csv
Colombia,"national checklist (Mamiferos de Colombia v1.14, SiB/GBIF; 222 species)",Phyllostomidae,Anoura aequatoris,1004889,no_structured_measurement,colombia_bats.csv
Colombia,"national checklist (Mamiferos de Colombia v1.14, SiB/GBIF; 222 species)",Phyllostomidae,Anoura cadenai,1004890,no_structured_measurement,colombia_bats.csv
Colombia,"national checklist (Mamiferos de Colombia v1.14, SiB/GBIF; 222 species)",Phyllostomidae,Anoura cultrata,1004892,no_structured_measurement,colombia_bats.csv
Colombia,"national checklist (Mamiferos de Colombia v1.14, SiB/GBIF; 222 species)",Phyllostomidae,Anoura fistulata,1004893,no_structured_measurement,colombia_bats.csv
Colombia,"national checklist (Mamiferos de Colombia v1.14, SiB/GBIF; 222 species)",Phyllostomidae,Anoura latidens,1004896,no_structured_measurement,colombia_bats.csv
Colombia,"national checklist (Mamiferos de Colombia v1.14, SiB/GBIF; 222 species)",Phyllostomidae,Anoura luismanueli,1004897,no_structured_measurement,colombia_bats.csv
Colombia,"national checklist (Mamiferos de Colombia v1.14, SiB/GBIF; 222 species)",Phyllostomidae,Anoura peruana,1004898,no_structured_measurement,colombia_bats.csv
Colombia,"national checklist (Mamiferos de Colombia v1.14, SiB/GBIF; 222 species)",Phyllostomidae,Artibeus aequatorialis,1004998,no_structured_measurement,colombia_bats.csv
Colombia,"national checklist (Mamiferos de Colombia v1.14, SiB/GBIF; 222 species)",Phyllostomidae,Artibeus amplus,1004999,no_structured_measurement,colombia_bats.csv
Colombia,"national checklist (Mamiferos de Colombia v1.14, SiB/GBIF; 222 species)",Phyllostomidae,Carollia monohernandezi,1004876,no_structured_measurement,colombia_bats.csv
Colombia,"national checklist (Mamiferos de Colombia v1.14, SiB/GBIF; 222 species)",Phyllostomidae,Centurio senex,1005021,no_structured_measurement,colombia_bats.csv
Colombia,"national checklist (Mamiferos de Colombia v1.14, SiB/GBIF; 222 species)",Phyllostomidae,Chiroderma gorgasi,1005023,no_structured_measurement,colombia_bats.csv
Colombia,"national checklist (Mamiferos de Colombia v1.14, SiB/GBIF; 222 species)",Phyllostomidae,Chiroderma salvini,1005025,no_structured_measurement,colombia_bats.csv
Colombia,"national checklist (Mamiferos de Colombia v1.14, SiB/GBIF; 222 species)",Phyllostomidae,Choeroniscus godmani,1004899,no_structured_measurement,colombia_bats.csv
Colombia,"national checklist (Mamiferos de Colombia v1.14, SiB/GBIF; 222 species)",Phyllostomidae,Choeroniscus periosus,1004901,no_structured_measurement,colombia_bats.csv
Colombia,"national checklist (Mamiferos de Colombia v1.14, SiB/GBIF; 222 species)",Phyllostomidae,Dermanura anderseni,1005000,no_structured_measurement,colombia_bats.csv
Colombia,"national checklist (Mamiferos de Colombia v1.14, SiB/GBIF; 222 species)",Phyllostomidae,Dermanura bogotensis,1005002,no_structured_measurement,colombia_bats.csv
Colombia,"national checklist (Mamiferos de Colombia v1.14, SiB/GBIF; 222 species)",Phyllostomidae,Dermanura glauca,1005007,no_structured_measurement,colombia_bats.csv
Colombia,"national checklist (Mamiferos de Colombia v1.14, SiB/GBIF; 222 species)",Phyllostomidae,Dermanura gnoma,,taxonomy_unresolved,colombia_bats.csv
Colombia,"national checklist (Mamiferos de Colombia v1.14, SiB/GBIF; 222 species)",Phyllostomidae,Dermanura rava,1005016,no_structured_measurement,colombia_bats.csv
Colombia,"national checklist (Mamiferos de Colombia v1.14, SiB/GBIF; 222 species)",Phyllostomidae,Dermanura rosenbergi,1005017,no_structured_measurement,colombia_bats.csv
Colombia,"national checklist (Mamiferos de Colombia v1.14, SiB/GBIF; 222 species)",Phyllostomidae,Diphylla ecaudata,1004882,no_structured_measurement,colombia_bats.csv
Colombia,"national checklist (Mamiferos de Colombia v1.14, SiB/GBIF; 222 species)",Phyllostomidae,Enchisthenes hartii,1005030,no_structured_measurement,colombia_bats.csv
Colombia,"national checklist (Mamiferos de Colombia v1.14, SiB/GBIF; 222 species)",Phyllostomidae,Gardnerycteris keenani,1004970,no_structured_measurement,colombia_bats.csv
Colombia,"national checklist (Mamiferos de Colombia v1.14, SiB/GBIF; 222 species)",Phyllostomidae,Gardnerycteris koepckeae,1004971,no_structured_measurement,colombia_bats.csv
Colombia,"national checklist (Mamiferos de Colombia v1.14, SiB/GBIF; 222 species)",Phyllostomidae,Glossophaga bakeri,1006582,no_structured_measurement,colombia_bats.csv
Colombia,"national checklist (Mamiferos de Colombia v1.14, SiB/GBIF; 222 species)",Phyllostomidae,Glossophaga commissarisi,1004909,no_structured_measurement,colombia_bats.csv
Colombia,"national checklist (Mamiferos de Colombia v1.14, SiB/GBIF; 222 species)",Phyllostomidae,Glyphonycteris sylvestris,1004921,no_structured_measurement,colombia_bats.csv
Colombia,"national checklist (Mamiferos de Colombia v1.14, SiB/GBIF; 222 species)",Phyllostomidae,Hsunycteris cadenai,1004924,no_structured_measurement,colombia_bats.csv
Colombia,"national checklist (Mamiferos de Colombia v1.14, SiB/GBIF; 222 species)",Phyllostomidae,Hsunycteris pattoni,1004926,no_structured_measurement,colombia_bats.csv
Colombia,"national checklist (Mamiferos de Colombia v1.14, SiB/GBIF; 222 species)",Phyllostomidae,Lichonycteris degener,1004905,no_structured_measurement,colombia_bats.csv
Colombia,"national checklist (Mamiferos de Colombia v1.14, SiB/GBIF; 222 species)",Phyllostomidae,Lichonycteris obscura,1004906,no_structured_measurement,colombia_bats.csv
Colombia,"national checklist (Mamiferos de Colombia v1.14, SiB/GBIF; 222 species)",Phyllostomidae,Lonchophylla chocoana,1004930,no_structured_measurement,colombia_bats.csv
Colombia,"national checklist (Mamiferos de Colombia v1.14, SiB/GBIF; 222 species)",Phyllostomidae,Lonchophylla concava,1004931,no_structured_measurement,colombia_bats.csv
Colombia,"national checklist (Mamiferos de Colombia v1.14, SiB/GBIF; 222 species)",Phyllostomidae,Lonchophylla fornicata,1004933,no_structured_measurement,colombia_bats.csv
Colombia,"national checklist (Mamiferos de Colombia v1.14, SiB/GBIF; 222 species)",Phyllostomidae,Lonchophylla handleyi,1004934,no_structured_measurement,colombia_bats.csv
Colombia,"national checklist (Mamiferos de Colombia v1.14, SiB/GBIF; 222 species)",Phyllostomidae,Lonchophylla orienticollina,1004939,no_structured_measurement,colombia_bats.csv
Colombia,"national checklist (Mamiferos de Colombia v1.14, SiB/GBIF; 222 species)",Phyllostomidae,Lonchophylla robusta,1004941,no_structured_measurement,colombia_bats.csv
Colombia,"national checklist (Mamiferos de Colombia v1.14, SiB/GBIF; 222 species)",Phyllostomidae,Lonchorhina aurita,1004944,no_structured_measurement,colombia_bats.csv
Colombia,"national checklist (Mamiferos de Colombia v1.14, SiB/GBIF; 222 species)",Phyllostomidae,Lonchorhina mankomara,1004947,no_structured_measurement,colombia_bats.csv
Colombia,"national checklist (Mamiferos de Colombia v1.14, SiB/GBIF; 222 species)",Phyllostomidae,Lonchorhina marinkellei,1004948,no_structured_measurement,colombia_bats.csv
Colombia,"national checklist (Mamiferos de Colombia v1.14, SiB/GBIF; 222 species)",Phyllostomidae,Lonchorhina orinocensis,1004949,no_structured_measurement,colombia_bats.csv
Colombia,"national checklist (Mamiferos de Colombia v1.14, SiB/GBIF; 222 species)",Phyllostomidae,Lophostoma nicaraguae,1006675,no_structured_measurement,colombia_bats.csv
Colombia,"national checklist (Mamiferos de Colombia v1.14, SiB/GBIF; 222 species)",Phyllostomidae,Lophostoma occidentalis,,taxonomy_unresolved,colombia_bats.csv
Colombia,"national checklist (Mamiferos de Colombia v1.14, SiB/GBIF; 222 species)",Phyllostomidae,Micronycteris microtis,1004959,no_structured_measurement,colombia_bats.csv
Colombia,"national checklist (Mamiferos de Colombia v1.14, SiB/GBIF; 222 species)",Phyllostomidae,Mimon bennettii,1004989,no_structured_measurement,colombia_bats.csv
Colombia,"national checklist (Mamiferos de Colombia v1.14, SiB/GBIF; 222 species)",Phyllostomidae,Mimon cozumelae,1004990,no_structured_measurement,colombia_bats.csv
Colombia,"national checklist (Mamiferos de Colombia v1.14, SiB/GBIF; 222 species)",Phyllostomidae,Platyrrhinus albericoi,1005033,no_structured_measurement,colombia_bats.csv
Colombia,"national checklist (Mamiferos de Colombia v1.14, SiB/GBIF; 222 species)",Phyllostomidae,Platyrrhinus angustirostris,1005034,no_structured_measurement,colombia_bats.csv
Colombia,"national checklist (Mamiferos de Colombia v1.14, SiB/GBIF; 222 species)",Phyllostomidae,Platyrrhinus chocoensis,,taxonomy_unresolved,colombia_bats.csv
Colombia,"national checklist (Mamiferos de Colombia v1.14, SiB/GBIF; 222 species)",Phyllostomidae,Platyrrhinus dorsalis,1005038,no_structured_measurement,colombia_bats.csv
Colombia,"national checklist (Mamiferos de Colombia v1.14, SiB/GBIF; 222 species)",Phyllostomidae,Platyrrhinus incarum,1005042,no_structured_measurement,colombia_bats.csv
Colombia,"national checklist (Mamiferos de Colombia v1.14, SiB/GBIF; 222 species)",Phyllostomidae,Platyrrhinus infuscus,1005043,no_structured_measurement,colombia_bats.csv
Colombia,"national checklist (Mamiferos de Colombia v1.14, SiB/GBIF; 222 species)",Phyllostomidae,Platyrrhinus ismaeli,1005044,no_structured_measurement,colombia_bats.csv
Colombia,"national checklist (Mamiferos de Colombia v1.14, SiB/GBIF; 222 species)",Phyllostomidae,Platyrrhinus nigellus,,taxonomy_unresolved,colombia_bats.csv
Colombia,"national checklist (Mamiferos de Colombia v1.14, SiB/GBIF; 222 species)",Phyllostomidae,Platyrrhinus nitelinea,1005048,no_structured_measurement,colombia_bats.csv
Colombia,"national checklist (Mamiferos de Colombia v1.14, SiB/GBIF; 222 species)",Phyllostomidae,Platyrrhinus umbratus,1005050,no_structured_measurement,colombia_bats.csv
Colombia,"national checklist (Mamiferos de Colombia v1.14, SiB/GBIF; 222 species)",Phyllostomidae,Platyrrhinus vittatus,1005051,no_structured_measurement,colombia_bats.csv
Colombia,"national checklist (Mamiferos de Colombia v1.14, SiB/GBIF; 222 species)",Phyllostomidae,Rhinophylla alethina,1004992,no_structured_measurement,colombia_bats.csv
Colombia,"national checklist (Mamiferos de Colombia v1.14, SiB/GBIF; 222 species)",Phyllostomidae,Rhinophylla fischerae,1004993,no_structured_measurement,colombia_bats.csv
Colombia,"national checklist (Mamiferos de Colombia v1.14, SiB/GBIF; 222 species)",Phyllostomidae,Sphaeronycteris toxophyllum,1005053,no_structured_measurement,colombia_bats.csv
Colombia,"national checklist (Mamiferos de Colombia v1.14, SiB/GBIF; 222 species)",Phyllostomidae,Sturnira aratathomasi,1005072,no_structured_measurement,colombia_bats.csv
Colombia,"national checklist (Mamiferos de Colombia v1.14, SiB/GBIF; 222 species)",Phyllostomidae,Sturnira bakeri,1005073,no_structured_measurement,colombia_bats.csv
Colombia,"national checklist (Mamiferos de Colombia v1.14, SiB/GBIF; 222 species)",Phyllostomidae,Sturnira bidens,1005074,no_structured_measurement,colombia_bats.csv
Colombia,"national checklist (Mamiferos de Colombia v1.14, SiB/GBIF; 222 species)",Phyllostomidae,Sturnira bogotensis,1005075,no_structured_measurement,colombia_bats.csv
Colombia,"national checklist (Mamiferos de Colombia v1.14, SiB/GBIF; 222 species)",Phyllostomidae,Sturnira erythromos,1005077,no_structured_measurement,colombia_bats.csv
Colombia,"national checklist (Mamiferos de Colombia v1.14, SiB/GBIF; 222 species)",Phyllostomidae,Sturnira giannae,1005078,no_structured_measurement,colombia_bats.csv
Colombia,"national checklist (Mamiferos de Colombia v1.14, SiB/GBIF; 222 species)",Phyllostomidae,Sturnira koopmanhilli,1005080,no_structured_measurement,colombia_bats.csv
Colombia,"national checklist (Mamiferos de Colombia v1.14, SiB/GBIF; 222 species)",Phyllostomidae,Sturnira luisi,1005083,no_structured_measurement,colombia_bats.csv
Colombia,"national checklist (Mamiferos de Colombia v1.14, SiB/GBIF; 222 species)",Phyllostomidae,Sturnira magna,1005084,no_structured_measurement,colombia_bats.csv
Colombia,"national checklist (Mamiferos de Colombia v1.14, SiB/GBIF; 222 species)",Phyllostomidae,Sturnira mistratensis,1005085,no_structured_measurement,colombia_bats.csv
Colombia,"national checklist (Mamiferos de Colombia v1.14, SiB/GBIF; 222 species)",Phyllostomidae,Sturnira parvidens,1005089,no_structured_measurement,colombia_bats.csv
Colombia,"national checklist (Mamiferos de Colombia v1.14, SiB/GBIF; 222 species)",Phyllostomidae,Uroderma bakeri,1005055,no_structured_measurement,colombia_bats.csv
Colombia,"national checklist (Mamiferos de Colombia v1.14, SiB/GBIF; 222 species)",Phyllostomidae,Uroderma convexum,1005057,no_structured_measurement,colombia_bats.csv
Colombia,"national checklist (Mamiferos de Colombia v1.14, SiB/GBIF; 222 species)",Phyllostomidae,Uroderma magnirostrum,1005059,no_structured_measurement,colombia_bats.csv
Colombia,"national checklist (Mamiferos de Colombia v1.14, SiB/GBIF; 222 species)",Phyllostomidae,Vampyressa melissa,1005061,no_structured_measurement,colombia_bats.csv
Colombia,"national checklist (Mamiferos de Colombia v1.14, SiB/GBIF; 222 species)",Phyllostomidae,Vampyressa sinchi,,taxonomy_unresolved,colombia_bats.csv
Colombia,"national checklist (Mamiferos de Colombia v1.14, SiB/GBIF; 222 species)",Phyllostomidae,Vampyressa thyone,1005064,no_structured_measurement,colombia_bats.csv
Colombia,"national checklist (Mamiferos de Colombia v1.14, SiB/GBIF; 222 species)",Phyllostomidae,Vampyressa voragine,1006529,no_structured_measurement,colombia_bats.csv
Colombia,"national checklist (Mamiferos de Colombia v1.14, SiB/GBIF; 222 species)",Phyllostomidae,Vampyriscus nymphaea,,taxonomy_unresolved,colombia_bats.csv
Colombia,"national checklist (Mamiferos de Colombia v1.14, SiB/GBIF; 222 species)",Phyllostomidae,Vampyrodes major,1005069,no_structured_measurement,colombia_bats.csv
Colombia,"national checklist (Mamiferos de Colombia v1.14, SiB/GBIF; 222 species)",Thyropteridae,Thyroptera devivoi,1005094,no_structured_measurement,colombia_bats.csv
Colombia,"national checklist (Mamiferos de Colombia v1.14, SiB/GBIF; 222 species)",Thyropteridae,Thyroptera lavali,1005096,no_structured_measurement,colombia_bats.csv
Colombia,"national checklist (Mamiferos de Colombia v1.14, SiB/GBIF; 222 species)",Vespertilionidae,Eptesicus miradorensis,,taxonomy_unresolved,colombia_bats.csv
Colombia,"national checklist (Mamiferos de Colombia v1.14, SiB/GBIF; 222 species)",Vespertilionidae,Histiotus cadenai,1006538,no_structured_measurement,colombia_bats.csv
Colombia,"national checklist (Mamiferos de Colombia v1.14, SiB/GBIF; 222 species)",Vespertilionidae,Histiotus colombiae,1006539,no_structured_measurement,colombia_bats.csv
Colombia,"national checklist (Mamiferos de Colombia v1.14, SiB/GBIF; 222 species)",Vespertilionidae,Histiotus humboldti,1005555,no_structured_measurement,colombia_bats.csv
Colombia,"national checklist (Mamiferos de Colombia v1.14, SiB/GBIF; 222 species)",Vespertilionidae,Lasiurus frantzii,1005582,no_structured_measurement,colombia_bats.csv
Colombia,"national checklist (Mamiferos de Colombia v1.14, SiB/GBIF; 222 species)",Vespertilionidae,Lasiurus villosissimus,1005590,no_structured_measurement,colombia_bats.csv
Colombia,"national checklist (Mamiferos de Colombia v1.14, SiB/GBIF; 222 species)",Vespertilionidae,Myotis caucensis,1005386,no_structured_measurement,colombia_bats.csv
Colombia,"national checklist (Mamiferos de Colombia v1.14, SiB/GBIF; 222 species)",Vespertilionidae,Myotis diminutus,1005398,no_structured_measurement,colombia_bats.csv
Colombia,"national checklist (Mamiferos de Colombia v1.14, SiB/GBIF; 222 species)",Vespertilionidae,Myotis handleyi,1005414,no_structured_measurement,colombia_bats.csv
Colombia,"national checklist (Mamiferos de Colombia v1.14, SiB/GBIF; 222 species)",Vespertilionidae,Myotis larensis,1006534,no_structured_measurement,colombia_bats.csv
Colombia,"national checklist (Mamiferos de Colombia v1.14, SiB/GBIF; 222 species)",Vespertilionidae,Myotis pilosatibialis,1005456,no_structured_measurement,colombia_bats.csv
Colombia,"national checklist (Mamiferos de Colombia v1.14, SiB/GBIF; 222 species)",Vespertilionidae,Myotis simus,1005474,no_structured_measurement,colombia_bats.csv
Colombia,"national checklist (Mamiferos de Colombia v1.14, SiB/GBIF; 222 species)",Vespertilionidae,Neoeptesicus andinus,1005512,no_structured_measurement,colombia_bats.csv
Colombia,"national checklist (Mamiferos de Colombia v1.14, SiB/GBIF; 222 species)",Vespertilionidae,Neoeptesicus orinocensis,1006597,no_structured_measurement,colombia_bats.csv
Colombia,"national checklist (Mamiferos de Colombia v1.14, SiB/GBIF; 222 species)",Vespertilionidae,Rhogeessa minutilla,1005502,no_structured_measurement,colombia_bats.csv
Sub-Saharan Africa,"African Bat Database V2 (Monadjem et al. 2024); 292 confirmed binomials, 20 'cf.' records excluded",Emballonuridae,Saccolaimus peli,1004815,no_structured_measurement,africa_bats.csv
Sub-Saharan Africa,"African Bat Database V2 (Monadjem et al. 2024); 292 confirmed binomials, 20 'cf.' records excluded",Emballonuridae,Taphozous hamiltoni,1004820,no_structured_measurement,africa_bats.csv
Sub-Saharan Africa,"African Bat Database V2 (Monadjem et al. 2024); 292 confirmed binomials, 20 'cf.' records excluded",Emballonuridae,Taphozous hildegardeae,1004821,no_structured_measurement,africa_bats.csv
Sub-Saharan Africa,"African Bat Database V2 (Monadjem et al. 2024); 292 confirmed binomials, 20 'cf.' records excluded",Hipposideridae,Asellia italosomalica,1004557,no_structured_measurement,africa_bats.csv
Sub-Saharan Africa,"African Bat Database V2 (Monadjem et al. 2024); 292 confirmed binomials, 20 'cf.' records excluded",Hipposideridae,Hipposideros abae,1004574,no_structured_measurement,africa_bats.csv
Sub-Saharan Africa,"African Bat Database V2 (Monadjem et al. 2024); 292 confirmed binomials, 20 'cf.' records excluded",Hipposideridae,Hipposideros jonesi,1004608,no_structured_measurement,africa_bats.csv
Sub-Saharan Africa,"African Bat Database V2 (Monadjem et al. 2024); 292 confirmed binomials, 20 'cf.' records excluded",Hipposideridae,Hipposideros lamottei,1004611,no_structured_measurement,africa_bats.csv
Sub-Saharan Africa,"African Bat Database V2 (Monadjem et al. 2024); 292 confirmed binomials, 20 'cf.' records excluded",Hipposideridae,Hipposideros marisae,1004619,no_structured_measurement,africa_bats.csv
Sub-Saharan Africa,"African Bat Database V2 (Monadjem et al. 2024); 292 confirmed binomials, 20 'cf.' records excluded",Hipposideridae,Hipposideros megalotis,1004620,no_structured_measurement,africa_bats.csv
Sub-Saharan Africa,"African Bat Database V2 (Monadjem et al. 2024); 292 confirmed binomials, 20 'cf.' records excluded",Hipposideridae,Hipposideros tephrus,1004638,no_structured_measurement,africa_bats.csv
Sub-Saharan Africa,"African Bat Database V2 (Monadjem et al. 2024); 292 confirmed binomials, 20 'cf.' records excluded",Hipposideridae,Macronycteris thomensis,1004643,no_structured_measurement,africa_bats.csv
Sub-Saharan Africa,"African Bat Database V2 (Monadjem et al. 2024); 292 confirmed binomials, 20 'cf.' records excluded",Megadermatidae,Cardioderma cor,1004645,no_structured_measurement,africa_bats.csv
Sub-Saharan Africa,"African Bat Database V2 (Monadjem et al. 2024); 292 confirmed binomials, 20 'cf.' records excluded",Miniopteridae,Miniopterus aelleni,1005101,no_structured_measurement,africa_bats.csv
Sub-Saharan Africa,"African Bat Database V2 (Monadjem et al. 2024); 292 confirmed binomials, 20 'cf.' records excluded",Miniopteridae,Miniopterus africanus,1005102,no_structured_measurement,africa_bats.csv
Sub-Saharan Africa,"African Bat Database V2 (Monadjem et al. 2024); 292 confirmed binomials, 20 'cf.' records excluded",Miniopteridae,Miniopterus arenarius,1005104,no_structured_measurement,africa_bats.csv
Sub-Saharan Africa,"African Bat Database V2 (Monadjem et al. 2024); 292 confirmed binomials, 20 'cf.' records excluded",Miniopteridae,Miniopterus griveaudi,1005115,no_structured_measurement,africa_bats.csv
Sub-Saharan Africa,"African Bat Database V2 (Monadjem et al. 2024); 292 confirmed binomials, 20 'cf.' records excluded",Miniopteridae,Miniopterus maghrebensis,1005118,no_structured_measurement,africa_bats.csv
Sub-Saharan Africa,"African Bat Database V2 (Monadjem et al. 2024); 292 confirmed binomials, 20 'cf.' records excluded",Miniopteridae,Miniopterus minor,1005124,no_structured_measurement,africa_bats.csv
Sub-Saharan Africa,"African Bat Database V2 (Monadjem et al. 2024); 292 confirmed binomials, 20 'cf.' records excluded",Miniopteridae,Miniopterus mossambicus,1005125,no_structured_measurement,africa_bats.csv
Sub-Saharan Africa,"African Bat Database V2 (Monadjem et al. 2024); 292 confirmed binomials, 20 'cf.' records excluded",Miniopteridae,Miniopterus newtoni,1005127,no_structured_measurement,africa_bats.csv
Sub-Saharan Africa,"African Bat Database V2 (Monadjem et al. 2024); 292 confirmed binomials, 20 'cf.' records excluded",Miniopteridae,Miniopterus nimbae,1005128,no_structured_measurement,africa_bats.csv
Sub-Saharan Africa,"African Bat Database V2 (Monadjem et al. 2024); 292 confirmed binomials, 20 'cf.' records excluded",Miniopteridae,Miniopterus villiersi,1005139,no_structured_measurement,africa_bats.csv
Sub-Saharan Africa,"African Bat Database V2 (Monadjem et al. 2024); 292 confirmed binomials, 20 'cf.' records excluded",Miniopteridae,Miniopterus wilsoni,1005140,no_structured_measurement,africa_bats.csv
Sub-Saharan Africa,"African Bat Database V2 (Monadjem et al. 2024); 292 confirmed binomials, 20 'cf.' records excluded",Molossidae,Mops aloysiisabaudiae,1005144,no_structured_measurement,africa_bats.csv
Sub-Saharan Africa,"African Bat Database V2 (Monadjem et al. 2024); 292 confirmed binomials, 20 'cf.' records excluded",Molossidae,Mops bakarii,1005208,no_structured_measurement,africa_bats.csv
Sub-Saharan Africa,"African Bat Database V2 (Monadjem et al. 2024); 292 confirmed binomials, 20 'cf.' records excluded",Molossidae,Mops bemmeleni,1005147,no_structured_measurement,africa_bats.csv
Sub-Saharan Africa,"African Bat Database V2 (Monadjem et al. 2024); 292 confirmed binomials, 20 'cf.' records excluded",Molossidae,Mops brachypterus,1005209,no_structured_measurement,africa_bats.csv
Sub-Saharan Africa,"African Bat Database V2 (Monadjem et al. 2024); 292 confirmed binomials, 20 'cf.' records excluded",Molossidae,Mops congicus,1005211,no_structured_measurement,africa_bats.csv
Sub-Saharan Africa,"African Bat Database V2 (Monadjem et al. 2024); 292 confirmed binomials, 20 'cf.' records excluded",Molossidae,Mops demonstrator,1005212,no_structured_measurement,africa_bats.csv
Sub-Saharan Africa,"African Bat Database V2 (Monadjem et al. 2024); 292 confirmed binomials, 20 'cf.' records excluded",Molossidae,Mops gallagheri,1005151,no_structured_measurement,africa_bats.csv
Sub-Saharan Africa,"African Bat Database V2 (Monadjem et al. 2024); 292 confirmed binomials, 20 'cf.' records excluded",Molossidae,Mops leonis,,taxonomy_unresolved,africa_bats.csv
Sub-Saharan Africa,"African Bat Database V2 (Monadjem et al. 2024); 292 confirmed binomials, 20 'cf.' records excluded",Molossidae,Mops leucostigma,1005213,no_structured_measurement,africa_bats.csv
Sub-Saharan Africa,"African Bat Database V2 (Monadjem et al. 2024); 292 confirmed binomials, 20 'cf.' records excluded",Molossidae,Mops nanulus,1005216,no_structured_measurement,africa_bats.csv
Sub-Saharan Africa,"African Bat Database V2 (Monadjem et al. 2024); 292 confirmed binomials, 20 'cf.' records excluded",Molossidae,Mops niangarae,1005217,no_structured_measurement,africa_bats.csv
Sub-Saharan Africa,"African Bat Database V2 (Monadjem et al. 2024); 292 confirmed binomials, 20 'cf.' records excluded",Molossidae,Mops petersoni,1005219,no_structured_measurement,africa_bats.csv
Sub-Saharan Africa,"African Bat Database V2 (Monadjem et al. 2024); 292 confirmed binomials, 20 'cf.' records excluded",Molossidae,Mops pusillus,1005160,no_structured_measurement,africa_bats.csv
Sub-Saharan Africa,"African Bat Database V2 (Monadjem et al. 2024); 292 confirmed binomials, 20 'cf.' records excluded",Molossidae,Mops russatus,1005161,no_structured_measurement,africa_bats.csv
Sub-Saharan Africa,"African Bat Database V2 (Monadjem et al. 2024); 292 confirmed binomials, 20 'cf.' records excluded",Molossidae,Mops spurrelli,1005221,no_structured_measurement,africa_bats.csv
Sub-Saharan Africa,"African Bat Database V2 (Monadjem et al. 2024); 292 confirmed binomials, 20 'cf.' records excluded",Molossidae,Mops thersites,1005222,no_structured_measurement,africa_bats.csv
Sub-Saharan Africa,"African Bat Database V2 (Monadjem et al. 2024); 292 confirmed binomials, 20 'cf.' records excluded",Molossidae,Mops tomensis,1005163,no_structured_measurement,africa_bats.csv
Sub-Saharan Africa,"African Bat Database V2 (Monadjem et al. 2024); 292 confirmed binomials, 20 'cf.' records excluded",Molossidae,Mops trevori,1005223,no_structured_measurement,africa_bats.csv
Sub-Saharan Africa,"African Bat Database V2 (Monadjem et al. 2024); 292 confirmed binomials, 20 'cf.' records excluded",Molossidae,Myopterus daubentonii,1005231,no_structured_measurement,africa_bats.csv
Sub-Saharan Africa,"African Bat Database V2 (Monadjem et al. 2024); 292 confirmed binomials, 20 'cf.' records excluded",Molossidae,Myopterus whitleyi,1005232,no_structured_measurement,africa_bats.csv
Sub-Saharan Africa,"African Bat Database V2 (Monadjem et al. 2024); 292 confirmed binomials, 20 'cf.' records excluded",Molossidae,Platymops setiger,1005255,no_structured_measurement,africa_bats.csv
Sub-Saharan Africa,"African Bat Database V2 (Monadjem et al. 2024); 292 confirmed binomials, 20 'cf.' records excluded",Molossidae,Tadarida lobata,1005266,no_structured_measurement,africa_bats.csv
Sub-Saharan Africa,"African Bat Database V2 (Monadjem et al. 2024); 292 confirmed binomials, 20 'cf.' records excluded",Nycteridae,Nycteris aurita,1004834,no_structured_measurement,africa_bats.csv
Sub-Saharan Africa,"African Bat Database V2 (Monadjem et al. 2024); 292 confirmed binomials, 20 'cf.' records excluded",Nycteridae,Nycteris gambiensis,1004835,no_structured_measurement,africa_bats.csv
Sub-Saharan Africa,"African Bat Database V2 (Monadjem et al. 2024); 292 confirmed binomials, 20 'cf.' records excluded",Nycteridae,Nycteris intermedia,1004838,no_structured_measurement,africa_bats.csv
Sub-Saharan Africa,"African Bat Database V2 (Monadjem et al. 2024); 292 confirmed binomials, 20 'cf.' records excluded",Nycteridae,Nycteris major,1004842,no_structured_measurement,africa_bats.csv
Sub-Saharan Africa,"African Bat Database V2 (Monadjem et al. 2024); 292 confirmed binomials, 20 'cf.' records excluded",Nycteridae,Nycteris nana,1004843,no_structured_measurement,africa_bats.csv
Sub-Saharan Africa,"African Bat Database V2 (Monadjem et al. 2024); 292 confirmed binomials, 20 'cf.' records excluded",Nycteridae,Nycteris parisii,1004844,no_structured_measurement,africa_bats.csv
Sub-Saharan Africa,"African Bat Database V2 (Monadjem et al. 2024); 292 confirmed binomials, 20 'cf.' records excluded",Pteropodidae,Casinycteris argynnis,1004547,no_laryngeal_echolocation,africa_bats.csv
Sub-Saharan Africa,"African Bat Database V2 (Monadjem et al. 2024); 292 confirmed binomials, 20 'cf.' records excluded",Pteropodidae,Casinycteris campomaanensis,1004548,no_laryngeal_echolocation,africa_bats.csv
Sub-Saharan Africa,"African Bat Database V2 (Monadjem et al. 2024); 292 confirmed binomials, 20 'cf.' records excluded",Pteropodidae,Casinycteris ophiodon,1004549,no_laryngeal_echolocation,africa_bats.csv
Sub-Saharan Africa,"African Bat Database V2 (Monadjem et al. 2024); 292 confirmed binomials, 20 'cf.' records excluded",Pteropodidae,Eidolon helvum,1004389,no_laryngeal_echolocation,africa_bats.csv
Sub-Saharan Africa,"African Bat Database V2 (Monadjem et al. 2024); 292 confirmed binomials, 20 'cf.' records excluded",Pteropodidae,Epomophorus angolensis,1004516,no_laryngeal_echolocation,africa_bats.csv
Sub-Saharan Africa,"African Bat Database V2 (Monadjem et al. 2024); 292 confirmed binomials, 20 'cf.' records excluded",Pteropodidae,Epomophorus anselli,1004517,no_laryngeal_echolocation,africa_bats.csv
Sub-Saharan Africa,"African Bat Database V2 (Monadjem et al. 2024); 292 confirmed binomials, 20 'cf.' records excluded",Pteropodidae,Epomophorus crypturus,1004518,no_laryngeal_echolocation,africa_bats.csv
Sub-Saharan Africa,"African Bat Database V2 (Monadjem et al. 2024); 292 confirmed binomials, 20 'cf.' records excluded",Pteropodidae,Epomophorus dobsonii,1004519,no_laryngeal_echolocation,africa_bats.csv
Sub-Saharan Africa,"African Bat Database V2 (Monadjem et al. 2024); 292 confirmed binomials, 20 'cf.' records excluded",Pteropodidae,Epomophorus gambianus,1004520,no_laryngeal_echolocation,africa_bats.csv
Sub-Saharan Africa,"African Bat Database V2 (Monadjem et al. 2024); 292 confirmed binomials, 20 'cf.' records excluded",Pteropodidae,Epomophorus grandis,1004521,no_laryngeal_echolocation,africa_bats.csv
Sub-Saharan Africa,"African Bat Database V2 (Monadjem et al. 2024); 292 confirmed binomials, 20 'cf.' records excluded",Pteropodidae,Epomophorus intermedius,1004522,no_laryngeal_echolocation,africa_bats.csv
Sub-Saharan Africa,"African Bat Database V2 (Monadjem et al. 2024); 292 confirmed binomials, 20 'cf.' records excluded",Pteropodidae,Epomophorus labiatus,1004523,no_laryngeal_echolocation,africa_bats.csv
Sub-Saharan Africa,"African Bat Database V2 (Monadjem et al. 2024); 292 confirmed binomials, 20 'cf.' records excluded",Pteropodidae,Epomophorus minimus,,no_laryngeal_echolocation,africa_bats.csv
Sub-Saharan Africa,"African Bat Database V2 (Monadjem et al. 2024); 292 confirmed binomials, 20 'cf.' records excluded",Pteropodidae,Epomophorus pusillus,1004525,no_laryngeal_echolocation,africa_bats.csv
Sub-Saharan Africa,"African Bat Database V2 (Monadjem et al. 2024); 292 confirmed binomials, 20 'cf.' records excluded",Pteropodidae,Epomophorus wahlbergi,1004526,no_laryngeal_echolocation,africa_bats.csv
Sub-Saharan Africa,"African Bat Database V2 (Monadjem et al. 2024); 292 confirmed binomials, 20 'cf.' records excluded",Pteropodidae,Epomops buettikoferi,1004527,no_laryngeal_echolocation,africa_bats.csv
Sub-Saharan Africa,"African Bat Database V2 (Monadjem et al. 2024); 292 confirmed binomials, 20 'cf.' records excluded",Pteropodidae,Epomops franqueti,1004528,no_laryngeal_echolocation,africa_bats.csv
Sub-Saharan Africa,"African Bat Database V2 (Monadjem et al. 2024); 292 confirmed binomials, 20 'cf.' records excluded",Pteropodidae,Hypsignathus monstrosus,1004529,no_laryngeal_echolocation,africa_bats.csv
Sub-Saharan Africa,"African Bat Database V2 (Monadjem et al. 2024); 292 confirmed binomials, 20 'cf.' records excluded",Pteropodidae,Megaloglossus azagnyi,1004532,no_laryngeal_echolocation,africa_bats.csv
Sub-Saharan Africa,"African Bat Database V2 (Monadjem et al. 2024); 292 confirmed binomials, 20 'cf.' records excluded",Pteropodidae,Megaloglossus woermanni,1004533,no_laryngeal_echolocation,africa_bats.csv
Sub-Saharan Africa,"African Bat Database V2 (Monadjem et al. 2024); 292 confirmed binomials, 20 'cf.' records excluded",Pteropodidae,Myonycteris angolensis,1004531,no_laryngeal_echolocation,africa_bats.csv
Sub-Saharan Africa,"African Bat Database V2 (Monadjem et al. 2024); 292 confirmed binomials, 20 'cf.' records excluded",Pteropodidae,Myonycteris brachycephala,1004534,no_laryngeal_echolocation,africa_bats.csv
Sub-Saharan Africa,"African Bat Database V2 (Monadjem et al. 2024); 292 confirmed binomials, 20 'cf.' records excluded",Pteropodidae,Myonycteris leptodon,1004535,no_laryngeal_echolocation,africa_bats.csv
Sub-Saharan Africa,"African Bat Database V2 (Monadjem et al. 2024); 292 confirmed binomials, 20 'cf.' records excluded",Pteropodidae,Myonycteris relicta,1004536,no_laryngeal_echolocation,africa_bats.csv
Sub-Saharan Africa,"African Bat Database V2 (Monadjem et al. 2024); 292 confirmed binomials, 20 'cf.' records excluded",Pteropodidae,Myonycteris torquata,1004537,no_laryngeal_echolocation,africa_bats.csv
Sub-Saharan Africa,"African Bat Database V2 (Monadjem et al. 2024); 292 confirmed binomials, 20 'cf.' records excluded",Pteropodidae,Nanonycteris veldkampii,1004530,no_laryngeal_echolocation,africa_bats.csv
Sub-Saharan Africa,"African Bat Database V2 (Monadjem et al. 2024); 292 confirmed binomials, 20 'cf.' records excluded",Pteropodidae,Plerotes anchietae,1004538,no_laryngeal_echolocation,africa_bats.csv
Sub-Saharan Africa,"African Bat Database V2 (Monadjem et al. 2024); 292 confirmed binomials, 20 'cf.' records excluded",Pteropodidae,Pteropus livingstonii,1004470,no_laryngeal_echolocation,africa_bats.csv
Sub-Saharan Africa,"African Bat Database V2 (Monadjem et al. 2024); 292 confirmed binomials, 20 'cf.' records excluded",Pteropodidae,Pteropus seychellensis,1004499,no_laryngeal_echolocation,africa_bats.csv
Sub-Saharan Africa,"African Bat Database V2 (Monadjem et al. 2024); 292 confirmed binomials, 20 'cf.' records excluded",Pteropodidae,Pteropus voeltzkowi,1004509,no_laryngeal_echolocation,africa_bats.csv
Sub-Saharan Africa,"African Bat Database V2 (Monadjem et al. 2024); 292 confirmed binomials, 20 'cf.' records excluded",Pteropodidae,Rousettus obliviosus,1004545,no_structured_measurement,africa_bats.csv
Sub-Saharan Africa,"African Bat Database V2 (Monadjem et al. 2024); 292 confirmed binomials, 20 'cf.' records excluded",Pteropodidae,Scotonycteris bergmansi,1004550,no_laryngeal_echolocation,africa_bats.csv
Sub-Saharan Africa,"African Bat Database V2 (Monadjem et al. 2024); 292 confirmed binomials, 20 'cf.' records excluded",Pteropodidae,Scotonycteris occidentalis,1004551,no_laryngeal_echolocation,africa_bats.csv
Sub-Saharan Africa,"African Bat Database V2 (Monadjem et al. 2024); 292 confirmed binomials, 20 'cf.' records excluded",Pteropodidae,Scotonycteris zenkeri,1004552,no_laryngeal_echolocation,africa_bats.csv
Sub-Saharan Africa,"African Bat Database V2 (Monadjem et al. 2024); 292 confirmed binomials, 20 'cf.' records excluded",Pteropodidae,Stenonycteris lanosa,1004553,no_laryngeal_echolocation,africa_bats.csv
Sub-Saharan Africa,"African Bat Database V2 (Monadjem et al. 2024); 292 confirmed binomials, 20 'cf.' records excluded",Rhinolophidae,Rhinolophus adami,1004653,no_structured_measurement,africa_bats.csv
Sub-Saharan Africa,"African Bat Database V2 (Monadjem et al. 2024); 292 confirmed binomials, 20 'cf.' records excluded",Rhinolophidae,Rhinolophus alticolus,1004656,no_structured_measurement,africa_bats.csv
Sub-Saharan Africa,"African Bat Database V2 (Monadjem et al. 2024); 292 confirmed binomials, 20 'cf.' records excluded",Rhinolophidae,Rhinolophus axillaris,1006880,no_structured_measurement,africa_bats.csv
Sub-Saharan Africa,"African Bat Database V2 (Monadjem et al. 2024); 292 confirmed binomials, 20 'cf.' records excluded",Rhinolophidae,Rhinolophus dobsoni,1006895,no_structured_measurement,africa_bats.csv
Sub-Saharan Africa,"African Bat Database V2 (Monadjem et al. 2024); 292 confirmed binomials, 20 'cf.' records excluded",Rhinolophidae,Rhinolophus eloquens,1004680,no_structured_measurement,africa_bats.csv
Sub-Saharan Africa,"African Bat Database V2 (Monadjem et al. 2024); 292 confirmed binomials, 20 'cf.' records excluded",Rhinolophidae,Rhinolophus gorongosae,,taxonomy_unresolved,africa_bats.csv
Sub-Saharan Africa,"African Bat Database V2 (Monadjem et al. 2024); 292 confirmed binomials, 20 'cf.' records excluded",Rhinolophidae,Rhinolophus guineensis,1004689,no_structured_measurement,africa_bats.csv
Sub-Saharan Africa,"African Bat Database V2 (Monadjem et al. 2024); 292 confirmed binomials, 20 'cf.' records excluded",Rhinolophidae,Rhinolophus hilli,1004691,no_structured_measurement,africa_bats.csv
Sub-Saharan Africa,"African Bat Database V2 (Monadjem et al. 2024); 292 confirmed binomials, 20 'cf.' records excluded",Rhinolophidae,Rhinolophus hillorum,1004692,no_structured_measurement,africa_bats.csv
Sub-Saharan Africa,"African Bat Database V2 (Monadjem et al. 2024); 292 confirmed binomials, 20 'cf.' records excluded",Rhinolophidae,Rhinolophus horaceki,1004694,no_structured_measurement,africa_bats.csv
Sub-Saharan Africa,"African Bat Database V2 (Monadjem et al. 2024); 292 confirmed binomials, 20 'cf.' records excluded",Rhinolophidae,Rhinolophus maclaudi,1004705,no_structured_measurement,africa_bats.csv
Sub-Saharan Africa,"African Bat Database V2 (Monadjem et al. 2024); 292 confirmed binomials, 20 'cf.' records excluded",Rhinolophidae,Rhinolophus maendeleo,1004708,no_structured_measurement,africa_bats.csv
Sub-Saharan Africa,"African Bat Database V2 (Monadjem et al. 2024); 292 confirmed binomials, 20 'cf.' records excluded",Rhinolophidae,Rhinolophus rhodesiae,,taxonomy_unresolved,africa_bats.csv
Sub-Saharan Africa,"African Bat Database V2 (Monadjem et al. 2024); 292 confirmed binomials, 20 'cf.' records excluded",Rhinolophidae,Rhinolophus ruwenzorii,1004737,no_structured_measurement,africa_bats.csv
Sub-Saharan Africa,"African Bat Database V2 (Monadjem et al. 2024); 292 confirmed binomials, 20 'cf.' records excluded",Rhinolophidae,Rhinolophus sakejiensis,1004738,no_structured_measurement,africa_bats.csv
Sub-Saharan Africa,"African Bat Database V2 (Monadjem et al. 2024); 292 confirmed binomials, 20 'cf.' records excluded",Rhinolophidae,Rhinolophus silvestris,1004744,no_structured_measurement,africa_bats.csv
Sub-Saharan Africa,"African Bat Database V2 (Monadjem et al. 2024); 292 confirmed binomials, 20 'cf.' records excluded",Rhinolophidae,Rhinolophus willardi,1004757,no_structured_measurement,africa_bats.csv
Sub-Saharan Africa,"African Bat Database V2 (Monadjem et al. 2024); 292 confirmed binomials, 20 'cf.' records excluded",Rhinolophidae,Rhinolophus ziama,1004760,no_structured_measurement,africa_bats.csv
Sub-Saharan Africa,"African Bat Database V2 (Monadjem et al. 2024); 292 confirmed binomials, 20 'cf.' records excluded",Rhinopomatidae,Rhinopoma funaiolii,1007052,no_structured_measurement,africa_bats.csv
Sub-Saharan Africa,"African Bat Database V2 (Monadjem et al. 2024); 292 confirmed binomials, 20 'cf.' records excluded",Vespertilionidae,Afronycteris helios,1005699,no_structured_measurement,africa_bats.csv
Sub-Saharan Africa,"African Bat Database V2 (Monadjem et al. 2024); 292 confirmed binomials, 20 'cf.' records excluded",Vespertilionidae,Afronycteris rautenbachi,1007038,no_structured_measurement,africa_bats.csv
Sub-Saharan Africa,"African Bat Database V2 (Monadjem et al. 2024); 292 confirmed binomials, 20 'cf.' records excluded",Vespertilionidae,Afropipistrellus bellieri,1005746,no_structured_measurement,africa_bats.csv
Sub-Saharan Africa,"African Bat Database V2 (Monadjem et al. 2024); 292 confirmed binomials, 20 'cf.' records excluded",Vespertilionidae,Afropipistrellus crassulus,1005747,no_structured_measurement,africa_bats.csv
Sub-Saharan Africa,"African Bat Database V2 (Monadjem et al. 2024); 292 confirmed binomials, 20 'cf.' records excluded",Vespertilionidae,Afropipistrellus eisentrauti,1005748,no_structured_measurement,africa_bats.csv
Sub-Saharan Africa,"African Bat Database V2 (Monadjem et al. 2024); 292 confirmed binomials, 20 'cf.' records excluded",Vespertilionidae,Afropipistrellus grandidieri,1005749,no_structured_measurement,africa_bats.csv
Sub-Saharan Africa,"African Bat Database V2 (Monadjem et al. 2024); 292 confirmed binomials, 20 'cf.' records excluded",Vespertilionidae,Afropipistrellus macrocephalus,1005751,no_structured_measurement,africa_bats.csv
Sub-Saharan Africa,"African Bat Database V2 (Monadjem et al. 2024); 292 confirmed binomials, 20 'cf.' records excluded",Vespertilionidae,Afropipistrellus musciculus,1005724,no_structured_measurement,africa_bats.csv
Sub-Saharan Africa,"African Bat Database V2 (Monadjem et al. 2024); 292 confirmed binomials, 20 'cf.' records excluded",Vespertilionidae,Cnephaeus floweri,1005517,no_structured_measurement,africa_bats.csv
Sub-Saharan Africa,"African Bat Database V2 (Monadjem et al. 2024); 292 confirmed binomials, 20 'cf.' records excluded",Vespertilionidae,Cnephaeus platyops,1005530,no_structured_measurement,africa_bats.csv
Sub-Saharan Africa,"African Bat Database V2 (Monadjem et al. 2024); 292 confirmed binomials, 20 'cf.' records excluded",Vespertilionidae,Glauconycteris alboguttata,1005535,no_structured_measurement,africa_bats.csv
Sub-Saharan Africa,"African Bat Database V2 (Monadjem et al. 2024); 292 confirmed binomials, 20 'cf.' records excluded",Vespertilionidae,Glauconycteris atra,1005537,no_structured_measurement,africa_bats.csv
Sub-Saharan Africa,"African Bat Database V2 (Monadjem et al. 2024); 292 confirmed binomials, 20 'cf.' records excluded",Vespertilionidae,Glauconycteris baka,1007048,no_structured_measurement,africa_bats.csv
Sub-Saharan Africa,"African Bat Database V2 (Monadjem et al. 2024); 292 confirmed binomials, 20 'cf.' records excluded",Vespertilionidae,Glauconycteris curryae,1005539,no_structured_measurement,africa_bats.csv
Sub-Saharan Africa,"African Bat Database V2 (Monadjem et al. 2024); 292 confirmed binomials, 20 'cf.' records excluded",Vespertilionidae,Glauconycteris gleni,1005541,no_structured_measurement,africa_bats.csv
Sub-Saharan Africa,"African Bat Database V2 (Monadjem et al. 2024); 292 confirmed binomials, 20 'cf.' records excluded",Vespertilionidae,Glauconycteris humeralis,1005542,no_structured_measurement,africa_bats.csv
Sub-Saharan Africa,"African Bat Database V2 (Monadjem et al. 2024); 292 confirmed binomials, 20 'cf.' records excluded",Vespertilionidae,Glauconycteris kenyacola,1005543,no_structured_measurement,africa_bats.csv
Sub-Saharan Africa,"African Bat Database V2 (Monadjem et al. 2024); 292 confirmed binomials, 20 'cf.' records excluded",Vespertilionidae,Glauconycteris machadoi,1005544,no_structured_measurement,africa_bats.csv
Sub-Saharan Africa,"African Bat Database V2 (Monadjem et al. 2024); 292 confirmed binomials, 20 'cf.' records excluded",Vespertilionidae,Glauconycteris poensis,1005545,no_structured_measurement,africa_bats.csv
Sub-Saharan Africa,"African Bat Database V2 (Monadjem et al. 2024); 292 confirmed binomials, 20 'cf.' records excluded",Vespertilionidae,Kerivoula africana,1005282,no_structured_measurement,africa_bats.csv
Sub-Saharan Africa,"African Bat Database V2 (Monadjem et al. 2024); 292 confirmed binomials, 20 'cf.' records excluded",Vespertilionidae,Kerivoula cuprosa,1005286,no_structured_measurement,africa_bats.csv
Sub-Saharan Africa,"African Bat Database V2 (Monadjem et al. 2024); 292 confirmed binomials, 20 'cf.' records excluded",Vespertilionidae,Kerivoula eriophora,1005289,no_structured_measurement,africa_bats.csv
Sub-Saharan Africa,"African Bat Database V2 (Monadjem et al. 2024); 292 confirmed binomials, 20 'cf.' records excluded",Vespertilionidae,Laephotis kirinyaga,1005732,no_structured_measurement,africa_bats.csv
Sub-Saharan Africa,"African Bat Database V2 (Monadjem et al. 2024); 292 confirmed binomials, 20 'cf.' records excluded",Vespertilionidae,Laephotis stanleyi,1005737,no_structured_measurement,africa_bats.csv
Sub-Saharan Africa,"African Bat Database V2 (Monadjem et al. 2024); 292 confirmed binomials, 20 'cf.' records excluded",Vespertilionidae,Mimetillus moloneyi,1005739,no_structured_measurement,africa_bats.csv
Sub-Saharan Africa,"African Bat Database V2 (Monadjem et al. 2024); 292 confirmed binomials, 20 'cf.' records excluded",Vespertilionidae,Myotis anjouanensis,1005363,no_structured_measurement,africa_bats.csv
Sub-Saharan Africa,"African Bat Database V2 (Monadjem et al. 2024); 292 confirmed binomials, 20 'cf.' records excluded",Vespertilionidae,Myotis dieteri,1005397,no_structured_measurement,africa_bats.csv
Sub-Saharan Africa,"African Bat Database V2 (Monadjem et al. 2024); 292 confirmed binomials, 20 'cf.' records excluded",Vespertilionidae,Myotis morrisi,1005441,no_structured_measurement,africa_bats.csv
Sub-Saharan Africa,"African Bat Database V2 (Monadjem et al. 2024); 292 confirmed binomials, 20 'cf.' records excluded",Vespertilionidae,Myotis nimbaensis,1006522,no_structured_measurement,africa_bats.csv
Sub-Saharan Africa,"African Bat Database V2 (Monadjem et al. 2024); 292 confirmed binomials, 20 'cf.' records excluded",Vespertilionidae,Myotis scotti,1005468,no_structured_measurement,africa_bats.csv
Sub-Saharan Africa,"African Bat Database V2 (Monadjem et al. 2024); 292 confirmed binomials, 20 'cf.' records excluded",Vespertilionidae,Myotis zenatius,1005488,no_structured_measurement,africa_bats.csv
Sub-Saharan Africa,"African Bat Database V2 (Monadjem et al. 2024); 292 confirmed binomials, 20 'cf.' records excluded",Vespertilionidae,Neoromicia guineensis,1005743,no_structured_measurement,africa_bats.csv
Sub-Saharan Africa,"African Bat Database V2 (Monadjem et al. 2024); 292 confirmed binomials, 20 'cf.' records excluded",Vespertilionidae,Neoromicia hlandzeni,1006679,no_structured_measurement,africa_bats.csv
Sub-Saharan Africa,"African Bat Database V2 (Monadjem et al. 2024); 292 confirmed binomials, 20 'cf.' records excluded",Vespertilionidae,Pipistrellus aero,1005611,no_structured_measurement,africa_bats.csv
Sub-Saharan Africa,"African Bat Database V2 (Monadjem et al. 2024); 292 confirmed binomials, 20 'cf.' records excluded",Vespertilionidae,Pipistrellus etula,1006963,no_structured_measurement,africa_bats.csv
Sub-Saharan Africa,"African Bat Database V2 (Monadjem et al. 2024); 292 confirmed binomials, 20 'cf.' records excluded",Vespertilionidae,Pipistrellus hanaki,1005619,no_structured_measurement,africa_bats.csv
Sub-Saharan Africa,"African Bat Database V2 (Monadjem et al. 2024); 292 confirmed binomials, 20 'cf.' records excluded",Vespertilionidae,Pipistrellus inexspectatus,1005621,no_structured_measurement,africa_bats.csv
Sub-Saharan Africa,"African Bat Database V2 (Monadjem et al. 2024); 292 confirmed binomials, 20 'cf.' records excluded",Vespertilionidae,Pipistrellus permixtus,1005631,no_structured_measurement,africa_bats.csv
Sub-Saharan Africa,"African Bat Database V2 (Monadjem et al. 2024); 292 confirmed binomials, 20 'cf.' records excluded",Vespertilionidae,Pipistrellus simandouensis,1005636,no_structured_measurement,africa_bats.csv
Sub-Saharan Africa,"African Bat Database V2 (Monadjem et al. 2024); 292 confirmed binomials, 20 'cf.' records excluded",Vespertilionidae,Plecotus balensis,1005664,no_structured_measurement,africa_bats.csv
Sub-Saharan Africa,"African Bat Database V2 (Monadjem et al. 2024); 292 confirmed binomials, 20 'cf.' records excluded",Vespertilionidae,Plecotus christii,1005665,no_structured_measurement,africa_bats.csv
Sub-Saharan Africa,"African Bat Database V2 (Monadjem et al. 2024); 292 confirmed binomials, 20 'cf.' records excluded",Vespertilionidae,Pseudoromicia brunnea,1005770,no_structured_measurement,africa_bats.csv
Sub-Saharan Africa,"African Bat Database V2 (Monadjem et al. 2024); 292 confirmed binomials, 20 'cf.' records excluded",Vespertilionidae,Pseudoromicia isabella,1005771,no_structured_measurement,africa_bats.csv
Sub-Saharan Africa,"African Bat Database V2 (Monadjem et al. 2024); 292 confirmed binomials, 20 'cf.' records excluded",Vespertilionidae,Pseudoromicia kityoi,1005772,no_structured_measurement,africa_bats.csv
Sub-Saharan Africa,"African Bat Database V2 (Monadjem et al. 2024); 292 confirmed binomials, 20 'cf.' records excluded",Vespertilionidae,Pseudoromicia nyanza,1005773,no_structured_measurement,africa_bats.csv
Sub-Saharan Africa,"African Bat Database V2 (Monadjem et al. 2024); 292 confirmed binomials, 20 'cf.' records excluded",Vespertilionidae,Pseudoromicia principis,1006741,no_structured_measurement,africa_bats.csv
Sub-Saharan Africa,"African Bat Database V2 (Monadjem et al. 2024); 292 confirmed binomials, 20 'cf.' records excluded",Vespertilionidae,Pseudoromicia rendalli,1005774,no_structured_measurement,africa_bats.csv
Sub-Saharan Africa,"African Bat Database V2 (Monadjem et al. 2024); 292 confirmed binomials, 20 'cf.' records excluded",Vespertilionidae,Scotoecus hindei,1005644,no_structured_measurement,africa_bats.csv
Sub-Saharan Africa,"African Bat Database V2 (Monadjem et al. 2024); 292 confirmed binomials, 20 'cf.' records excluded",Vespertilionidae,Scotoecus hirundo,1005645,no_structured_measurement,africa_bats.csv
Sub-Saharan Africa,"African Bat Database V2 (Monadjem et al. 2024); 292 confirmed binomials, 20 'cf.' records excluded",Vespertilionidae,Scotophilus altilis,1005679,no_structured_measurement,africa_bats.csv
Sub-Saharan Africa,"African Bat Database V2 (Monadjem et al. 2024); 292 confirmed binomials, 20 'cf.' records excluded",Vespertilionidae,Scotophilus colias,1005682,no_structured_measurement,africa_bats.csv
Sub-Saharan Africa,"African Bat Database V2 (Monadjem et al. 2024); 292 confirmed binomials, 20 'cf.' records excluded",Vespertilionidae,Scotophilus damarensis,,taxonomy_unresolved,africa_bats.csv
Sub-Saharan Africa,"African Bat Database V2 (Monadjem et al. 2024); 292 confirmed binomials, 20 'cf.' records excluded",Vespertilionidae,Scotophilus livingstonii,1005689,no_structured_measurement,africa_bats.csv
Sub-Saharan Africa,"African Bat Database V2 (Monadjem et al. 2024); 292 confirmed binomials, 20 'cf.' records excluded",Vespertilionidae,Scotophilus nigritellus,1005692,no_structured_measurement,africa_bats.csv
Sub-Saharan Africa,"African Bat Database V2 (Monadjem et al. 2024); 292 confirmed binomials, 20 'cf.' records excluded",Vespertilionidae,Scotophilus nucella,1005693,no_structured_measurement,africa_bats.csv
Sub-Saharan Africa,"African Bat Database V2 (Monadjem et al. 2024); 292 confirmed binomials, 20 'cf.' records excluded",Vespertilionidae,Scotophilus trujilloi,1005697,no_structured_measurement,africa_bats.csv
Vietnam,90-species ChiroVox recording cohort (Gyorossy et al. 2024 Table S1); not a national checklist,Hipposideridae,Aselliscus dongbacanus,1004560,no_structured_measurement,vietnam_bats.csv
Vietnam,90-species ChiroVox recording cohort (Gyorossy et al. 2024 Table S1); not a national checklist,Hipposideridae,Hipposideros alongensis alongensis,,taxonomy_unresolved,vietnam_bats.csv
Vietnam,90-species ChiroVox recording cohort (Gyorossy et al. 2024 Table S1); not a national checklist,Hipposideridae,Hipposideros alongensis sungi,,taxonomy_unresolved,vietnam_bats.csv
Vietnam,90-species ChiroVox recording cohort (Gyorossy et al. 2024 Table S1); not a national checklist,Hipposideridae,Hipposideros grandis/poutensis,,taxonomy_unresolved,vietnam_bats.csv
Vietnam,90-species ChiroVox recording cohort (Gyorossy et al. 2024 Table S1); not a national checklist,Hipposideridae,Hipposideros griffini,1004603,no_structured_measurement,vietnam_bats.csv
Vietnam,90-species ChiroVox recording cohort (Gyorossy et al. 2024 Table S1); not a national checklist,Hipposideridae,Hipposideros khaokhouayensis,1004609,no_structured_measurement,vietnam_bats.csv
Vietnam,90-species ChiroVox recording cohort (Gyorossy et al. 2024 Table S1); not a national checklist,Hipposideridae,Hipposideros poutensis,1006684,no_structured_measurement,vietnam_bats.csv
Vietnam,90-species ChiroVox recording cohort (Gyorossy et al. 2024 Table S1); not a national checklist,Hipposideridae,Hipposideros pratti,,taxonomy_unresolved,vietnam_bats.csv
Vietnam,90-species ChiroVox recording cohort (Gyorossy et al. 2024 Table S1); not a national checklist,Hipposideridae,Hipposideros scutinares,1004633,no_structured_measurement,vietnam_bats.csv
Vietnam,90-species ChiroVox recording cohort (Gyorossy et al. 2024 Table S1); not a national checklist,Vespertilionidae,Hypsugo pulveratus,1005726,no_structured_measurement,vietnam_bats.csv
Vietnam,90-species ChiroVox recording cohort (Gyorossy et al. 2024 Table S1); not a national checklist,Vespertilionidae,Kerivoula cf. hardwickii,,taxonomy_unresolved,vietnam_bats.csv
Vietnam,90-species ChiroVox recording cohort (Gyorossy et al. 2024 Table S1); not a national checklist,Vespertilionidae,Kerivoula kachinensis,1005294,no_structured_measurement,vietnam_bats.csv
Vietnam,90-species ChiroVox recording cohort (Gyorossy et al. 2024 Table S1); not a national checklist,Vespertilionidae,Kerivoula titania,1005308,no_structured_measurement,vietnam_bats.csv
Vietnam,90-species ChiroVox recording cohort (Gyorossy et al. 2024 Table S1); not a national checklist,Vespertilionidae,Mirostrellus joffrei,1005740,no_structured_measurement,vietnam_bats.csv
Vietnam,90-species ChiroVox recording cohort (Gyorossy et al. 2024 Table S1); not a national checklist,Vespertilionidae,Murina annamitica,1005318,no_structured_measurement,vietnam_bats.csv
Vietnam,90-species ChiroVox recording cohort (Gyorossy et al. 2024 Table S1); not a national checklist,Vespertilionidae,Murina beelzebub,1005321,no_structured_measurement,vietnam_bats.csv
Vietnam,90-species ChiroVox recording cohort (Gyorossy et al. 2024 Table S1); not a national checklist,Vespertilionidae,Murina eleryi,1005325,no_structured_measurement,vietnam_bats.csv
Vietnam,90-species ChiroVox recording cohort (Gyorossy et al. 2024 Table S1); not a national checklist,Vespertilionidae,Murina feae,1005327,no_structured_measurement,vietnam_bats.csv
Vietnam,90-species ChiroVox recording cohort (Gyorossy et al. 2024 Table S1); not a national checklist,Vespertilionidae,Murina fionae,1005328,no_structured_measurement,vietnam_bats.csv
Vietnam,90-species ChiroVox recording cohort (Gyorossy et al. 2024 Table S1); not a national checklist,Vespertilionidae,Murina harrisoni,1005334,no_structured_measurement,vietnam_bats.csv
Vietnam,90-species ChiroVox recording cohort (Gyorossy et al. 2024 Table S1); not a national checklist,Vespertilionidae,Murina huttoni,,taxonomy_unresolved,vietnam_bats.csv
Vietnam,90-species ChiroVox recording cohort (Gyorossy et al. 2024 Table S1); not a national checklist,Vespertilionidae,Myotis alticraniatus,1006523,no_structured_measurement,vietnam_bats.csv
Vietnam,90-species ChiroVox recording cohort (Gyorossy et al. 2024 Table S1); not a national checklist,Vespertilionidae,Myotis annectans,1005366,no_structured_measurement,vietnam_bats.csv
Vietnam,90-species ChiroVox recording cohort (Gyorossy et al. 2024 Table S1); not a national checklist,Vespertilionidae,Myotis ater,1005368,no_structured_measurement,vietnam_bats.csv
Vietnam,90-species ChiroVox recording cohort (Gyorossy et al. 2024 Table S1); not a national checklist,Vespertilionidae,Myotis montivagus,1005440,no_structured_measurement,vietnam_bats.csv
Vietnam,90-species ChiroVox recording cohort (Gyorossy et al. 2024 Table S1); not a national checklist,Vespertilionidae,Pipistrellus abramus,,taxonomy_unresolved,vietnam_bats.csv
Vietnam,90-species ChiroVox recording cohort (Gyorossy et al. 2024 Table S1); not a national checklist,Vespertilionidae,Pipistrellus coromandra,,taxonomy_unresolved,vietnam_bats.csv
Vietnam,90-species ChiroVox recording cohort (Gyorossy et al. 2024 Table S1); not a national checklist,Vespertilionidae,Pipistrellus javanicus,,taxonomy_unresolved,vietnam_bats.csv
Vietnam,90-species ChiroVox recording cohort (Gyorossy et al. 2024 Table S1); not a national checklist,Vespertilionidae,Pipistrellus tenuis,,taxonomy_unresolved,vietnam_bats.csv
Vietnam,90-species ChiroVox recording cohort (Gyorossy et al. 2024 Table S1); not a national checklist,Vespertilionidae,Plecotus homochrous,1005667,no_structured_measurement,vietnam_bats.csv
Vietnam,90-species ChiroVox recording cohort (Gyorossy et al. 2024 Table S1); not a national checklist,Rhinolophidae,Rhinolophus chaseni,1004667,no_structured_measurement,vietnam_bats.csv
Vietnam,90-species ChiroVox recording cohort (Gyorossy et al. 2024 Table S1); not a national checklist,Pteropodidae,Rousettus leschenaultii,1004542,no_structured_measurement,vietnam_bats.csv
Vietnam,90-species ChiroVox recording cohort (Gyorossy et al. 2024 Table S1); not a national checklist,Vespertilionidae,Scotomanes ornatus,1005564,no_structured_measurement,vietnam_bats.csv
Vietnam,90-species ChiroVox recording cohort (Gyorossy et al. 2024 Table S1); not a national checklist,Vespertilionidae,Scotophilus heathii,1005686,no_structured_measurement,vietnam_bats.csv
Vietnam,90-species ChiroVox recording cohort (Gyorossy et al. 2024 Table S1); not a national checklist,Emballonuridae,Taphozous theobaldi,1004829,no_structured_measurement,vietnam_bats.csv
Vietnam,90-species ChiroVox recording cohort (Gyorossy et al. 2024 Table S1); not a national checklist,Vespertilionidae,Thainycteris aureocollaris,,taxonomy_unresolved,vietnam_bats.csv
Indonesia,"51-species GBIF recording cohort (MZB, Bukit Barisan Selatan and West Java call datasets); not a national checklist",Pteropodidae,Balionycteris maculata,1004360,no_laryngeal_echolocation,indonesia_bats.csv
Indonesia,"51-species GBIF recording cohort (MZB, Bukit Barisan Selatan and West Java call datasets); not a national checklist",Pteropodidae,Chironax melanocephalus,1004362,no_laryngeal_echolocation,indonesia_bats.csv
Indonesia,"51-species GBIF recording cohort (MZB, Bukit Barisan Selatan and West Java call datasets); not a national checklist",Pteropodidae,Cynopterus brachyotis,1004374,no_laryngeal_echolocation,indonesia_bats.csv
Indonesia,"51-species GBIF recording cohort (MZB, Bukit Barisan Selatan and West Java call datasets); not a national checklist",Pteropodidae,Cynopterus horsfieldii,1004375,no_laryngeal_echolocation,indonesia_bats.csv
Indonesia,"51-species GBIF recording cohort (MZB, Bukit Barisan Selatan and West Java call datasets); not a national checklist",Pteropodidae,Cynopterus minutus,1004377,no_laryngeal_echolocation,indonesia_bats.csv
Indonesia,"51-species GBIF recording cohort (MZB, Bukit Barisan Selatan and West Java call datasets); not a national checklist",Pteropodidae,Cynopterus sphinx,1004379,no_laryngeal_echolocation,indonesia_bats.csv
Indonesia,"51-species GBIF recording cohort (MZB, Bukit Barisan Selatan and West Java call datasets); not a national checklist",Pteropodidae,Eonycteris spelaea,1004515,no_laryngeal_echolocation,indonesia_bats.csv
Indonesia,"51-species GBIF recording cohort (MZB, Bukit Barisan Selatan and West Java call datasets); not a national checklist",Rhinolophidae,Glischropus aquilus,1005597,no_structured_measurement,indonesia_bats.csv
Indonesia,"51-species GBIF recording cohort (MZB, Bukit Barisan Selatan and West Java call datasets); not a national checklist",Hipposideridae,Hipposideros doriae,1004594,no_structured_measurement,indonesia_bats.csv
Indonesia,"51-species GBIF recording cohort (MZB, Bukit Barisan Selatan and West Java call datasets); not a national checklist",Rhinolophidae,Kerivoula krauensis,1005295,no_structured_measurement,indonesia_bats.csv
Indonesia,"51-species GBIF recording cohort (MZB, Bukit Barisan Selatan and West Java call datasets); not a national checklist",Pteropodidae,Macroglossus sobrinus,1004407,no_laryngeal_echolocation,indonesia_bats.csv
Indonesia,"51-species GBIF recording cohort (MZB, Bukit Barisan Selatan and West Java call datasets); not a national checklist",Pteropodidae,Megaerops ecaudatus,1004382,no_laryngeal_echolocation,indonesia_bats.csv
Indonesia,"51-species GBIF recording cohort (MZB, Bukit Barisan Selatan and West Java call datasets); not a national checklist",Miniopteridae,Miniopterus paululus,1005131,no_structured_measurement,indonesia_bats.csv
Indonesia,"51-species GBIF recording cohort (MZB, Bukit Barisan Selatan and West Java call datasets); not a national checklist",Rhinolophidae,Pipistrellus stenopterus,,taxonomy_unresolved,indonesia_bats.csv
Indonesia,"51-species GBIF recording cohort (MZB, Bukit Barisan Selatan and West Java call datasets); not a national checklist",,Rhinolophus canuti,1004664,no_structured_measurement,indonesia_bats.csv
Indonesia,"51-species GBIF recording cohort (MZB, Bukit Barisan Selatan and West Java call datasets); not a national checklist",Rhinolophidae,Rhinolophus cf.,,taxonomy_unresolved,indonesia_bats.csv
Indonesia,"51-species GBIF recording cohort (MZB, Bukit Barisan Selatan and West Java call datasets); not a national checklist",Pteropodidae,Rousettus leschenaultii,1004542,no_structured_measurement,indonesia_bats.csv
Malaysia,"45-species GBIF recording cohort (Penang, Langkawi and HNHM Asian Bat Database); not a national checklist",Hipposideridae,Hipposideros kunzi,1004610,no_structured_measurement,malaysia_bats.csv
Malaysia,"45-species GBIF recording cohort (Penang, Langkawi and HNHM Asian Bat Database); not a national checklist",Rhinolophidae,Rhinolophus chiewkweeae,1004668,no_structured_measurement,malaysia_bats.csv
Malaysia,"45-species GBIF recording cohort (Penang, Langkawi and HNHM Asian Bat Database); not a national checklist",Rhinolophidae,Rhinolophus dohrni,,taxonomy_unresolved,malaysia_bats.csv
Malaysia,"45-species GBIF recording cohort (Penang, Langkawi and HNHM Asian Bat Database); not a national checklist",Rhinolophidae,Rhinolophus refulgens,1004731,no_structured_measurement,malaysia_bats.csv
Taiwan,17-species GBIF reference-call cohort; not a national checklist,Vespertilionidae,Harpiola isodon,1005316,no_structured_measurement,taiwan_bats.csv
Taiwan,17-species GBIF reference-call cohort; not a national checklist,Vespertilionidae,Murina bicolor,1005322,no_structured_measurement,taiwan_bats.csv
Taiwan,17-species GBIF reference-call cohort; not a national checklist,Vespertilionidae,Murina recondita,1005347,no_structured_measurement,taiwan_bats.csv
Taiwan,17-species GBIF reference-call cohort; not a national checklist,Vespertilionidae,Myotis secundus,1005469,no_structured_measurement,taiwan_bats.csv
Taiwan,17-species GBIF reference-call cohort; not a national checklist,Vespertilionidae,Pipistrellus abramus,,taxonomy_unresolved,taiwan_bats.csv
Taiwan,17-species GBIF reference-call cohort; not a national checklist,Vespertilionidae,Plecotus taivanus,1005675,no_structured_measurement,taiwan_bats.csv
Taiwan,17-species GBIF reference-call cohort; not a national checklist,Rhinolophidae,Rhinolophus formosae,1004685,no_structured_measurement,taiwan_bats.csv
Taiwan,17-species GBIF reference-call cohort; not a national checklist,Vespertilionidae,Submyotodon latirostris,1005490,no_structured_measurement,taiwan_bats.csv
