observation_id,mdd_id,verbatim_taxon_name,taxon_match_method,reference_id,locator,method_id,call_phase,call_variant,variant_label,signal_direction,recording_condition,habitat_class,country,locality,date_or_season,n_individuals,n_calls,parameter,statistic,value,value_min,value_max,unit,dispersion_type,dispersion_value,harmonic,verbatim_value,quality_flag,notes
mst-0122d897a061c4,1004980,Phyllostomus discolor,exact,yoh-2020,supplied worksheet record BAT02062 (southamerica_amazon_phyllostomid),yoh-2020-release,unspecified,,,,hand_release,,"BR | Central Brazilian Amazon (BDFFP, ~80km N of Manaus)",,,5,50,start_frequency,species_summary,47,,,kHz,,,2,47 45-50,definition_unstated,Imported from MASTER_call_records.csv record BAT02062; upload archive sha256 17ffdda2ba6929d03dabcce39119e90d4ee10712fdf690885b3d4a5128d3e464. [trait_class=call_parameter] [dietary_guild=Insectivore]
mst-0144a2e2b8c847,1004988,Chrotopterus auritus,exact,yoh-2020,supplied worksheet record BAT02106 (southamerica_amazon_phyllostomid),yoh-2020-release,unspecified,,,,hand_release,,"BR | Central Brazilian Amazon (BDFFP, ~80km N of Manaus)",,,4,40,duration,species_summary,2.2,,,ms,,,3,2.2 1.4-2.9,definition_unstated,Imported from MASTER_call_records.csv record BAT02106; upload archive sha256 17ffdda2ba6929d03dabcce39119e90d4ee10712fdf690885b3d4a5128d3e464. [trait_class=call_parameter] [dietary_guild=Insectivore/carnivore]
mst-01addde01d0318,1004988,Chrotopterus auritus,exact,yoh-2020,supplied worksheet record BAT02100 (southamerica_amazon_phyllostomid),yoh-2020-release,unspecified,,,,hand_release,,"BR | Central Brazilian Amazon (BDFFP, ~80km N of Manaus)",,,4,25,duration,species_summary,1.1,,,ms,,,2,1.1 0.8-1.4,definition_unstated,Imported from MASTER_call_records.csv record BAT02100; upload archive sha256 17ffdda2ba6929d03dabcce39119e90d4ee10712fdf690885b3d4a5128d3e464. [trait_class=call_parameter] [dietary_guild=Insectivore/carnivore]
mst-02dc189a22168c,1005031,Mesophylla macconnelli,exact,yoh-2020,supplied worksheet record BAT02293 (southamerica_amazon_phyllostomid),yoh-2020-release,unspecified,,,,hand_release,,"BR | Central Brazilian Amazon (BDFFP, ~80km N of Manaus)",,,1,9,peak_frequency,species_summary,101,,,kHz,,,1,101 94-106,definition_unstated,"Imported from MASTER_call_records.csv record BAT02293; upload archive sha256 17ffdda2ba6929d03dabcce39119e90d4ee10712fdf690885b3d4a5128d3e464. [trait_class=call_parameter] [dietary_guild=Frugivore] | Harmonic 1 of 2 measured. Range in brackets = min-max across pulses, not +/-SD (source gives both; SD in dispersion_value where retrievable)."
mst-0315dcac4a732d,1004873,Carollia brevicauda,exact,yoh-2020,supplied worksheet record BAT02174 (southamerica_amazon_phyllostomid),yoh-2020-release,unspecified,,,,hand_release,,"BR | Central Brazilian Amazon (BDFFP, ~80km N of Manaus)",,,4,40,max_frequency,species_summary,118,,,kHz,,,3,118,definition_unstated,Imported from MASTER_call_records.csv record BAT02174; upload archive sha256 17ffdda2ba6929d03dabcce39119e90d4ee10712fdf690885b3d4a5128d3e464. [trait_class=call_parameter] [dietary_guild=Frugivore]
mst-032161d25764ee,1005081,Sturnira lilium,exact,yoh-2020,supplied worksheet record BAT02290 (southamerica_amazon_phyllostomid),yoh-2020-release,unspecified,,,,hand_release,,"BR | Central Brazilian Amazon (BDFFP, ~80km N of Manaus)",,,1,10,start_frequency,species_summary,78,,,kHz,,,2,78 72-84,definition_unstated,Imported from MASTER_call_records.csv record BAT02290; upload archive sha256 17ffdda2ba6929d03dabcce39119e90d4ee10712fdf690885b3d4a5128d3e464. [trait_class=call_parameter] [dietary_guild=Frugivore]
mst-049f77f38b6e9d,1005031,Mesophylla macconnelli,exact,yoh-2020,supplied worksheet record BAT02295 (southamerica_amazon_phyllostomid),yoh-2020-release,unspecified,,,,hand_release,,"BR | Central Brazilian Amazon (BDFFP, ~80km N of Manaus)",,,1,9,min_frequency,species_summary,81,,,kHz,,,1,81,definition_unstated,Imported from MASTER_call_records.csv record BAT02295; upload archive sha256 17ffdda2ba6929d03dabcce39119e90d4ee10712fdf690885b3d4a5128d3e464. [trait_class=call_parameter] [dietary_guild=Frugivore]
mst-05070f5d43d736,1005027,Chiroderma trinitatum,exact,yoh-2020,supplied worksheet record BAT02318 (southamerica_amazon_phyllostomid),yoh-2020-release,unspecified,,,,hand_release,,"BR | Central Brazilian Amazon (BDFFP, ~80km N of Manaus)",,,2,20,max_frequency,species_summary,138,,,kHz,,,3,138,definition_unstated,Imported from MASTER_call_records.csv record BAT02318; upload archive sha256 17ffdda2ba6929d03dabcce39119e90d4ee10712fdf690885b3d4a5128d3e464. [trait_class=call_parameter] [dietary_guild=Frugivore]
mst-05c936c5fc1c99,1004982,Phyllostomus hastatus,exact,yoh-2020,supplied worksheet record BAT02092 (southamerica_amazon_phyllostomid),yoh-2020-release,unspecified,,,,hand_release,,"BR | Central Brazilian Amazon (BDFFP, ~80km N of Manaus)",,,3,30,start_frequency,species_summary,54,,,kHz,,,3,54 51-58,definition_unstated,Imported from MASTER_call_records.csv record BAT02092; upload archive sha256 17ffdda2ba6929d03dabcce39119e90d4ee10712fdf690885b3d4a5128d3e464. [trait_class=call_parameter] [dietary_guild=Insectivore]
mst-05d0c2c11696e9,1005093,Sturnira tildae,exact,yoh-2020,supplied worksheet record BAT02286 (southamerica_amazon_phyllostomid),yoh-2020-release,unspecified,,,,hand_release,,"BR | Central Brazilian Amazon (BDFFP, ~80km N of Manaus)",,,5,47,duration,species_summary,2,,,ms,,,3,2.0 1.7-2.4,definition_unstated,Imported from MASTER_call_records.csv record BAT02286; upload archive sha256 17ffdda2ba6929d03dabcce39119e90d4ee10712fdf690885b3d4a5128d3e464. [trait_class=call_parameter] [dietary_guild=Frugivore]
mst-08290e0bb9a293,1004900,Choeroniscus minor,exact,yoh-2020,supplied worksheet record BAT02159 (southamerica_amazon_phyllostomid),yoh-2020-release,unspecified,,,,hand_release,,"BR | Central Brazilian Amazon (BDFFP, ~80km N of Manaus)",,,1,10,end_frequency,species_summary,32,,,kHz,,,1,32 28-35,definition_unstated,Imported from MASTER_call_records.csv record BAT02159; upload archive sha256 17ffdda2ba6929d03dabcce39119e90d4ee10712fdf690885b3d4a5128d3e464. [trait_class=call_parameter] [dietary_guild=Nectarivore]
mst-08f92ddcc48bf5,1004967,Trachops cirrhosus,exact,yoh-2020,supplied worksheet record BAT02135 (southamerica_amazon_phyllostomid),yoh-2020-release,unspecified,,,,hand_release,,"BR | Central Brazilian Amazon (BDFFP, ~80km N of Manaus)",,,5,49,end_frequency,species_summary,46,,,kHz,,,2,46 37-52,definition_unstated,Imported from MASTER_call_records.csv record BAT02135; upload archive sha256 17ffdda2ba6929d03dabcce39119e90d4ee10712fdf690885b3d4a5128d3e464. [trait_class=call_parameter] [dietary_guild=Insectivore/carnivore]
mst-09080e225f2782,1004981,Phyllostomus elongatus,exact,yoh-2020,supplied worksheet record BAT02082 (southamerica_amazon_phyllostomid),yoh-2020-release,unspecified,,,,hand_release,,"BR | Central Brazilian Amazon (BDFFP, ~80km N of Manaus)",,,5,50,duration,species_summary,1.9,,,ms,,,3,1.9 1.3-3.3,definition_unstated,Imported from MASTER_call_records.csv record BAT02082; upload archive sha256 17ffdda2ba6929d03dabcce39119e90d4ee10712fdf690885b3d4a5128d3e464. [trait_class=call_parameter] [dietary_guild=Insectivore]
mst-0964535ea3294e,1005031,Mesophylla macconnelli,exact,yoh-2020,supplied worksheet record BAT02302 (southamerica_amazon_phyllostomid),yoh-2020-release,unspecified,,,,hand_release,,"BR | Central Brazilian Amazon (BDFFP, ~80km N of Manaus)",,,1,7,start_frequency,species_summary,140,,,kHz,,,2,140,definition_unstated,Imported from MASTER_call_records.csv record BAT02302; upload archive sha256 17ffdda2ba6929d03dabcce39119e90d4ee10712fdf690885b3d4a5128d3e464. [trait_class=call_parameter] [dietary_guild=Frugivore]
mst-0a60d29d30fc19,1004927,Hsunycteris thomasi,exact,yoh-2020,supplied worksheet record BAT02145 (southamerica_amazon_phyllostomid),yoh-2020-release,unspecified,,,,hand_release,,"BR | Central Brazilian Amazon (BDFFP, ~80km N of Manaus)",,,2,10,min_frequency,species_summary,51,,,kHz,,,3,51,definition_unstated,Imported from MASTER_call_records.csv record BAT02145; upload archive sha256 17ffdda2ba6929d03dabcce39119e90d4ee10712fdf690885b3d4a5128d3e464. [trait_class=call_parameter] [dietary_guild=Nectarivore]
mst-0bcb8a449a98fc,1005065,Vampyriscus bidens,exact,yoh-2020,supplied worksheet record BAT02272 (southamerica_amazon_phyllostomid),yoh-2020-release,unspecified,,,,hand_release,,"BR | Central Brazilian Amazon (BDFFP, ~80km N of Manaus)",,,2,16,start_frequency,species_summary,118,,,kHz,,,3,118 106-126,definition_unstated,Imported from MASTER_call_records.csv record BAT02272; upload archive sha256 17ffdda2ba6929d03dabcce39119e90d4ee10712fdf690885b3d4a5128d3e464. [trait_class=call_parameter] [dietary_guild=Frugivore]
mst-0e14c1cc402816,1004994,Rhinophylla pumilio,exact,yoh-2020,supplied worksheet record BAT02199 (southamerica_amazon_phyllostomid),yoh-2020-release,unspecified,,,,hand_release,,"BR | Central Brazilian Amazon (BDFFP, ~80km N of Manaus)",,,5,49,min_frequency,species_summary,41,,,kHz,,,2,41,definition_unstated,Imported from MASTER_call_records.csv record BAT02199; upload archive sha256 17ffdda2ba6929d03dabcce39119e90d4ee10712fdf690885b3d4a5128d3e464. [trait_class=call_parameter] [dietary_guild=Frugivore]
mst-0fcfca983d92a3,1004982,Phyllostomus hastatus,exact,yoh-2020,supplied worksheet record BAT02089 (southamerica_amazon_phyllostomid),yoh-2020-release,unspecified,,,,hand_release,,"BR | Central Brazilian Amazon (BDFFP, ~80km N of Manaus)",,,3,30,peak_frequency,species_summary,47,,,kHz,,,3,47 43-52,definition_unstated,"Imported from MASTER_call_records.csv record BAT02089; upload archive sha256 17ffdda2ba6929d03dabcce39119e90d4ee10712fdf690885b3d4a5128d3e464. [trait_class=call_parameter] [dietary_guild=Insectivore] | Harmonic 3 of 1 measured. Range in brackets = min-max across pulses, not +/-SD (source gives both; SD in dispersion_value where retrievable)."
mst-1014f9d68fc668,1004952,Lampronycteris brachyotis,exact,yoh-2020,supplied worksheet record BAT01981 (southamerica_amazon_phyllostomid),yoh-2020-release,unspecified,,,,hand_release,,"BR | Central Brazilian Amazon (BDFFP, ~80km N of Manaus)",,,1,8,max_frequency,species_summary,105,,,kHz,,,2,105,definition_unstated,Imported from MASTER_call_records.csv record BAT01981; upload archive sha256 17ffdda2ba6929d03dabcce39119e90d4ee10712fdf690885b3d4a5128d3e464. [trait_class=call_parameter] [dietary_guild=Insectivore]
mst-1064b2f9886fc9,1004952,Lampronycteris brachyotis,exact,yoh-2020,supplied worksheet record BAT01976 (southamerica_amazon_phyllostomid),yoh-2020-release,unspecified,,,,hand_release,,"BR | Central Brazilian Amazon (BDFFP, ~80km N of Manaus)",,,1,9,min_frequency,species_summary,27,,,kHz,,,1,27,definition_unstated,Imported from MASTER_call_records.csv record BAT01976; upload archive sha256 17ffdda2ba6929d03dabcce39119e90d4ee10712fdf690885b3d4a5128d3e464. [trait_class=call_parameter] [dietary_guild=Insectivore]
mst-10aa40b4684111,1004969,Gardnerycteris crenulatum,manual,yoh-2020,supplied worksheet record BAT02057 (southamerica_amazon_phyllostomid),yoh-2020-release,unspecified,,,,hand_release,,"BR | Central Brazilian Amazon (BDFFP, ~80km N of Manaus)",,,4,40,end_frequency,species_summary,60,,,kHz,,,3,60 54-64,definition_unstated,Imported from MASTER_call_records.csv record BAT02057; upload archive sha256 17ffdda2ba6929d03dabcce39119e90d4ee10712fdf690885b3d4a5128d3e464. [trait_class=call_parameter] [dietary_guild=Insectivore]
mst-11ae947ff3e4ff,1005056,Uroderma bilobatum,exact,yoh-2020,supplied worksheet record BAT02339 (southamerica_amazon_phyllostomid),yoh-2020-release,unspecified,,,,hand_release,,"BR | Central Brazilian Amazon (BDFFP, ~80km N of Manaus)",,,2,20,end_frequency,species_summary,78,,,kHz,,,3,78 65-85,definition_unstated,Imported from MASTER_call_records.csv record BAT02339; upload archive sha256 17ffdda2ba6929d03dabcce39119e90d4ee10712fdf690885b3d4a5128d3e464. [trait_class=call_parameter] [dietary_guild=Frugivore]
mst-125ab6593c05b2,1004900,Choeroniscus minor,exact,yoh-2020,supplied worksheet record BAT02158 (southamerica_amazon_phyllostomid),yoh-2020-release,unspecified,,,,hand_release,,"BR | Central Brazilian Amazon (BDFFP, ~80km N of Manaus)",,,1,10,start_frequency,species_summary,61,,,kHz,,,1,61 59-64,definition_unstated,Imported from MASTER_call_records.csv record BAT02158; upload archive sha256 17ffdda2ba6929d03dabcce39119e90d4ee10712fdf690885b3d4a5128d3e464. [trait_class=call_parameter] [dietary_guild=Nectarivore]
mst-12a6dcacf15f7e,1004981,Phyllostomus elongatus,exact,yoh-2020,supplied worksheet record BAT02079 (southamerica_amazon_phyllostomid),yoh-2020-release,unspecified,,,,hand_release,,"BR | Central Brazilian Amazon (BDFFP, ~80km N of Manaus)",,,5,50,min_frequency,species_summary,47,,,kHz,,,3,47,definition_unstated,Imported from MASTER_call_records.csv record BAT02079; upload archive sha256 17ffdda2ba6929d03dabcce39119e90d4ee10712fdf690885b3d4a5128d3e464. [trait_class=call_parameter] [dietary_guild=Insectivore]
mst-147e0ad731ad44,1005065,Vampyriscus bidens,exact,yoh-2020,supplied worksheet record BAT02271 (southamerica_amazon_phyllostomid),yoh-2020-release,unspecified,,,,hand_release,,"BR | Central Brazilian Amazon (BDFFP, ~80km N of Manaus)",,,2,16,min_frequency,species_summary,81,,,kHz,,,3,81,definition_unstated,Imported from MASTER_call_records.csv record BAT02271; upload archive sha256 17ffdda2ba6929d03dabcce39119e90d4ee10712fdf690885b3d4a5128d3e464. [trait_class=call_parameter] [dietary_guild=Frugivore]
mst-155ca2112ada12,1005013,Artibeus obscurus,exact,yoh-2020,supplied worksheet record BAT02240 (southamerica_amazon_phyllostomid),yoh-2020-release,unspecified,,,,hand_release,,"BR | Central Brazilian Amazon (BDFFP, ~80km N of Manaus)",,,8,50,max_frequency,species_summary,119,,,kHz,,,4,119,definition_unstated,Imported from MASTER_call_records.csv record BAT02240; upload archive sha256 17ffdda2ba6929d03dabcce39119e90d4ee10712fdf690885b3d4a5128d3e464. [trait_class=call_parameter] [dietary_guild=Frugivore]
mst-156d1b2267d92a,1004877,Carollia perspicillata,exact,yoh-2020,supplied worksheet record BAT02193 (southamerica_amazon_phyllostomid),yoh-2020-release,unspecified,,,,hand_release,,"BR | Central Brazilian Amazon (BDFFP, ~80km N of Manaus)",,,5,46,min_frequency,species_summary,71,,,kHz,,,3,71,definition_unstated,Imported from MASTER_call_records.csv record BAT02193; upload archive sha256 17ffdda2ba6929d03dabcce39119e90d4ee10712fdf690885b3d4a5128d3e464. [trait_class=call_parameter] [dietary_guild=Frugivore]
mst-1572dfcd30add7,1005056,Uroderma bilobatum,exact,yoh-2020,supplied worksheet record BAT02337 (southamerica_amazon_phyllostomid),yoh-2020-release,unspecified,,,,hand_release,,"BR | Central Brazilian Amazon (BDFFP, ~80km N of Manaus)",,,2,20,min_frequency,species_summary,62,,,kHz,,,3,62,definition_unstated,Imported from MASTER_call_records.csv record BAT02337; upload archive sha256 17ffdda2ba6929d03dabcce39119e90d4ee10712fdf690885b3d4a5128d3e464. [trait_class=call_parameter] [dietary_guild=Frugivore]
mst-19232d053b55ee,1004877,Carollia perspicillata,exact,yoh-2020,supplied worksheet record BAT02189 (southamerica_amazon_phyllostomid),yoh-2020-release,unspecified,,,,hand_release,,"BR | Central Brazilian Amazon (BDFFP, ~80km N of Manaus)",,,5,50,end_frequency,species_summary,52,,,kHz,,,2,52 47-58,definition_unstated,Imported from MASTER_call_records.csv record BAT02189; upload archive sha256 17ffdda2ba6929d03dabcce39119e90d4ee10712fdf690885b3d4a5128d3e464. [trait_class=call_parameter] [dietary_guild=Frugivore]
mst-193772a6dc07a3,1004995,Ametrida centurio,exact,yoh-2020,supplied worksheet record BAT02324 (southamerica_amazon_phyllostomid),yoh-2020-release,unspecified,,,,hand_release,,"BR | Central Brazilian Amazon (BDFFP, ~80km N of Manaus)",,,5,50,max_frequency,species_summary,199,,,kHz,,,1,199,definition_unstated,Imported from MASTER_call_records.csv record BAT02324; upload archive sha256 17ffdda2ba6929d03dabcce39119e90d4ee10712fdf690885b3d4a5128d3e464. [trait_class=call_parameter] [dietary_guild=Frugivore]
mst-1a8bea2a7b1a79,1004873,Carollia brevicauda,exact,yoh-2020,supplied worksheet record BAT02175 (southamerica_amazon_phyllostomid),yoh-2020-release,unspecified,,,,hand_release,,"BR | Central Brazilian Amazon (BDFFP, ~80km N of Manaus)",,,4,40,min_frequency,species_summary,62,,,kHz,,,3,62,definition_unstated,Imported from MASTER_call_records.csv record BAT02175; upload archive sha256 17ffdda2ba6929d03dabcce39119e90d4ee10712fdf690885b3d4a5128d3e464. [trait_class=call_parameter] [dietary_guild=Frugivore]
mst-1c4b832efbbc1c,1005066,Vampyriscus brocki,exact,yoh-2020,supplied worksheet record BAT02262 (southamerica_amazon_phyllostomid),yoh-2020-release,unspecified,,,,hand_release,,"BR | Central Brazilian Amazon (BDFFP, ~80km N of Manaus)",,,2,10,duration,species_summary,1.4,,,ms,,,3,1.4 1.2-1.5,definition_unstated,Imported from MASTER_call_records.csv record BAT02262; upload archive sha256 17ffdda2ba6929d03dabcce39119e90d4ee10712fdf690885b3d4a5128d3e464. [trait_class=call_parameter] [dietary_guild=Frugivore]
mst-1d273d9b6da844,1005056,Uroderma bilobatum,exact,yoh-2020,supplied worksheet record BAT02332 (southamerica_amazon_phyllostomid),yoh-2020-release,unspecified,,,,hand_release,,"BR | Central Brazilian Amazon (BDFFP, ~80km N of Manaus)",,,2,6,start_frequency,species_summary,83,,,kHz,,,2,83 81-86,definition_unstated,Imported from MASTER_call_records.csv record BAT02332; upload archive sha256 17ffdda2ba6929d03dabcce39119e90d4ee10712fdf690885b3d4a5128d3e464. [trait_class=call_parameter] [dietary_guild=Frugivore]
mst-1d3e293735fb62,1005066,Vampyriscus brocki,exact,yoh-2020,supplied worksheet record BAT02255 (southamerica_amazon_phyllostomid),yoh-2020-release,unspecified,,,,hand_release,,"BR | Central Brazilian Amazon (BDFFP, ~80km N of Manaus)",,,2,19,end_frequency,species_summary,60,,,kHz,,,2,60 56-65,definition_unstated,Imported from MASTER_call_records.csv record BAT02255; upload archive sha256 17ffdda2ba6929d03dabcce39119e90d4ee10712fdf690885b3d4a5128d3e464. [trait_class=call_parameter] [dietary_guild=Frugivore]
mst-1e5ff53e885e97,1004900,Choeroniscus minor,exact,yoh-2020,supplied worksheet record BAT02156 (southamerica_amazon_phyllostomid),yoh-2020-release,unspecified,,,,hand_release,,"BR | Central Brazilian Amazon (BDFFP, ~80km N of Manaus)",,,1,10,max_frequency,species_summary,68,,,kHz,,,1,68,definition_unstated,Imported from MASTER_call_records.csv record BAT02156; upload archive sha256 17ffdda2ba6929d03dabcce39119e90d4ee10712fdf690885b3d4a5128d3e464. [trait_class=call_parameter] [dietary_guild=Nectarivore]
mst-1f7724ec5e08ff,1004920,Glyphonycteris daviesi,exact,yoh-2020,supplied worksheet record BAT02112 (southamerica_amazon_phyllostomid),yoh-2020-release,unspecified,,,,hand_release,,"BR | Central Brazilian Amazon (BDFFP, ~80km N of Manaus)",,,1,10,duration,species_summary,1.2,,,ms,,,3,1.2 0.8-1.4,definition_unstated,Imported from MASTER_call_records.csv record BAT02112; upload archive sha256 17ffdda2ba6929d03dabcce39119e90d4ee10712fdf690885b3d4a5128d3e464. [trait_class=call_parameter] [dietary_guild=Insectivore/carnivore]
mst-1ff51d7e6c1ba2,1005093,Sturnira tildae,exact,yoh-2020,supplied worksheet record BAT02278 (southamerica_amazon_phyllostomid),yoh-2020-release,unspecified,,,,hand_release,,"BR | Central Brazilian Amazon (BDFFP, ~80km N of Manaus)",,,5,49,start_frequency,species_summary,81,,,kHz,,,2,81 69-98,definition_unstated,Imported from MASTER_call_records.csv record BAT02278; upload archive sha256 17ffdda2ba6929d03dabcce39119e90d4ee10712fdf690885b3d4a5128d3e464. [trait_class=call_parameter] [dietary_guild=Frugivore]
mst-213aa2e807e660,1004927,Hsunycteris thomasi,exact,yoh-2020,supplied worksheet record BAT02150 (southamerica_amazon_phyllostomid),yoh-2020-release,unspecified,,,,hand_release,,"BR | Central Brazilian Amazon (BDFFP, ~80km N of Manaus)",,,2,20,max_frequency,species_summary,134,,,kHz,,,4,134,definition_unstated,Imported from MASTER_call_records.csv record BAT02150; upload archive sha256 17ffdda2ba6929d03dabcce39119e90d4ee10712fdf690885b3d4a5128d3e464. [trait_class=call_parameter] [dietary_guild=Nectarivore]
mst-214bec49e6ab9a,1004988,Chrotopterus auritus,exact,yoh-2020,supplied worksheet record BAT02099 (southamerica_amazon_phyllostomid),yoh-2020-release,unspecified,,,,hand_release,,"BR | Central Brazilian Amazon (BDFFP, ~80km N of Manaus)",,,4,25,end_frequency,species_summary,71,,,kHz,,,2,71 68-75,definition_unstated,Imported from MASTER_call_records.csv record BAT02099; upload archive sha256 17ffdda2ba6929d03dabcce39119e90d4ee10712fdf690885b3d4a5128d3e464. [trait_class=call_parameter] [dietary_guild=Insectivore/carnivore]
mst-2163778796e8b3,1004952,Lampronycteris brachyotis,exact,yoh-2020,supplied worksheet record BAT01984 (southamerica_amazon_phyllostomid),yoh-2020-release,unspecified,,,,hand_release,,"BR | Central Brazilian Amazon (BDFFP, ~80km N of Manaus)",,,1,8,end_frequency,species_summary,66,,,kHz,,,2,66 62-69,definition_unstated,Imported from MASTER_call_records.csv record BAT01984; upload archive sha256 17ffdda2ba6929d03dabcce39119e90d4ee10712fdf690885b3d4a5128d3e464. [trait_class=call_parameter] [dietary_guild=Insectivore]
mst-22514a8dfa8811,1005027,Chiroderma trinitatum,exact,yoh-2020,supplied worksheet record BAT02320 (southamerica_amazon_phyllostomid),yoh-2020-release,unspecified,,,,hand_release,,"BR | Central Brazilian Amazon (BDFFP, ~80km N of Manaus)",,,2,20,start_frequency,species_summary,126,,,kHz,,,3,126 113-137,definition_unstated,Imported from MASTER_call_records.csv record BAT02320; upload archive sha256 17ffdda2ba6929d03dabcce39119e90d4ee10712fdf690885b3d4a5128d3e464. [trait_class=call_parameter] [dietary_guild=Frugivore]
mst-239840420628e2,1004880,Desmodus rotundus,exact,yoh-2020,supplied worksheet record BAT02344 (southamerica_amazon_phyllostomid),yoh-2020-release,unspecified,,,,hand_release,,"BR | Central Brazilian Amazon (BDFFP, ~80km N of Manaus)",,,4,18,start_frequency,species_summary,42,,,kHz,,,1,42 40-43,definition_unstated,Imported from MASTER_call_records.csv record BAT02344; upload archive sha256 17ffdda2ba6929d03dabcce39119e90d4ee10712fdf690885b3d4a5128d3e464. [trait_class=call_parameter] [dietary_guild=Sanguivore]
mst-23a8c26cfd18bf,1004927,Hsunycteris thomasi,exact,yoh-2020,supplied worksheet record BAT02147 (southamerica_amazon_phyllostomid),yoh-2020-release,unspecified,,,,hand_release,,"BR | Central Brazilian Amazon (BDFFP, ~80km N of Manaus)",,,2,10,end_frequency,species_summary,52,,,kHz,,,3,52 51-55,definition_unstated,Imported from MASTER_call_records.csv record BAT02147; upload archive sha256 17ffdda2ba6929d03dabcce39119e90d4ee10712fdf690885b3d4a5128d3e464. [trait_class=call_parameter] [dietary_guild=Nectarivore]
mst-23c8b5c9f29d73,1004980,Phyllostomus discolor,exact,yoh-2020,supplied worksheet record BAT02063 (southamerica_amazon_phyllostomid),yoh-2020-release,unspecified,,,,hand_release,,"BR | Central Brazilian Amazon (BDFFP, ~80km N of Manaus)",,,5,50,end_frequency,species_summary,31,,,kHz,,,2,31 27-36,definition_unstated,Imported from MASTER_call_records.csv record BAT02063; upload archive sha256 17ffdda2ba6929d03dabcce39119e90d4ee10712fdf690885b3d4a5128d3e464. [trait_class=call_parameter] [dietary_guild=Insectivore]
mst-240586c1ed9b30,1004981,Phyllostomus elongatus,exact,yoh-2020,supplied worksheet record BAT02083 (southamerica_amazon_phyllostomid),yoh-2020-release,unspecified,,,,hand_release,,"BR | Central Brazilian Amazon (BDFFP, ~80km N of Manaus)",,,5,49,peak_frequency,species_summary,75,,,kHz,,,4,75 72-76,definition_unstated,"Imported from MASTER_call_records.csv record BAT02083; upload archive sha256 17ffdda2ba6929d03dabcce39119e90d4ee10712fdf690885b3d4a5128d3e464. [trait_class=call_parameter] [dietary_guild=Insectivore] | Harmonic 4 of 2 measured. Range in brackets = min-max across pulses, not +/-SD (source gives both; SD in dispersion_value where retrievable)."
mst-24ada50855c210,1004956,Micronycteris hirsuta,exact,yoh-2020,supplied worksheet record BAT02115 (southamerica_amazon_phyllostomid),yoh-2020-release,unspecified,,,,hand_release,,"BR | Central Brazilian Amazon (BDFFP, ~80km N of Manaus)",,,3,25,min_frequency,species_summary,42,,,kHz,,,2,42,definition_unstated,Imported from MASTER_call_records.csv record BAT02115; upload archive sha256 17ffdda2ba6929d03dabcce39119e90d4ee10712fdf690885b3d4a5128d3e464. [trait_class=call_parameter] [dietary_guild=Insectivore]
mst-25d024c7cc29e3,1004900,Choeroniscus minor,exact,yoh-2020,supplied worksheet record BAT02157 (southamerica_amazon_phyllostomid),yoh-2020-release,unspecified,,,,hand_release,,"BR | Central Brazilian Amazon (BDFFP, ~80km N of Manaus)",,,1,10,min_frequency,species_summary,28,,,kHz,,,1,28,definition_unstated,Imported from MASTER_call_records.csv record BAT02157; upload archive sha256 17ffdda2ba6929d03dabcce39119e90d4ee10712fdf690885b3d4a5128d3e464. [trait_class=call_parameter] [dietary_guild=Nectarivore]
mst-25e52abfedaf88,1004923,Trinycteris nicefori,exact,yoh-2020,supplied worksheet record BAT01996 (southamerica_amazon_phyllostomid),yoh-2020-release,unspecified,,,,hand_release,,"BR | Central Brazilian Amazon (BDFFP, ~80km N of Manaus)",,,3,30,end_frequency,species_summary,64,,,kHz,,,3,64 61-70,definition_unstated,Imported from MASTER_call_records.csv record BAT01996; upload archive sha256 17ffdda2ba6929d03dabcce39119e90d4ee10712fdf690885b3d4a5128d3e464. [trait_class=call_parameter] [dietary_guild=Insectivore]
mst-27116b56b4ca58,1004969,Gardnerycteris crenulatum,manual,yoh-2020,supplied worksheet record BAT02058 (southamerica_amazon_phyllostomid),yoh-2020-release,unspecified,,,,hand_release,,"BR | Central Brazilian Amazon (BDFFP, ~80km N of Manaus)",,,4,40,duration,species_summary,2,,,ms,,,3,2.0 1.0-2.9,definition_unstated,Imported from MASTER_call_records.csv record BAT02058; upload archive sha256 17ffdda2ba6929d03dabcce39119e90d4ee10712fdf690885b3d4a5128d3e464. [trait_class=call_parameter] [dietary_guild=Insectivore]
mst-2721955a8c17a8,1004927,Hsunycteris thomasi,exact,yoh-2020,supplied worksheet record BAT02152 (southamerica_amazon_phyllostomid),yoh-2020-release,unspecified,,,,hand_release,,"BR | Central Brazilian Amazon (BDFFP, ~80km N of Manaus)",,,2,20,start_frequency,species_summary,121,,,kHz,,,4,121 113-130,definition_unstated,Imported from MASTER_call_records.csv record BAT02152; upload archive sha256 17ffdda2ba6929d03dabcce39119e90d4ee10712fdf690885b3d4a5128d3e464. [trait_class=call_parameter] [dietary_guild=Nectarivore]
mst-2824b2873ad655,1005013,Artibeus obscurus,exact,yoh-2020,supplied worksheet record BAT02232 (southamerica_amazon_phyllostomid),yoh-2020-release,unspecified,,,,hand_release,,"BR | Central Brazilian Amazon (BDFFP, ~80km N of Manaus)",,,8,58,duration,species_summary,1.7,,,ms,,,2,1.7 1.3-2.1,definition_unstated,Imported from MASTER_call_records.csv record BAT02232; upload archive sha256 17ffdda2ba6929d03dabcce39119e90d4ee10712fdf690885b3d4a5128d3e464. [trait_class=call_parameter] [dietary_guild=Frugivore]
mst-283d7bff761321,1004988,Chrotopterus auritus,exact,yoh-2020,supplied worksheet record BAT02101 (southamerica_amazon_phyllostomid),yoh-2020-release,unspecified,,,,hand_release,,"BR | Central Brazilian Amazon (BDFFP, ~80km N of Manaus)",,,4,40,peak_frequency,species_summary,91,,,kHz,,,3,91 84-102,definition_unstated,"Imported from MASTER_call_records.csv record BAT02101; upload archive sha256 17ffdda2ba6929d03dabcce39119e90d4ee10712fdf690885b3d4a5128d3e464. [trait_class=call_parameter] [dietary_guild=Insectivore/carnivore] | Harmonic 3 of 2 measured. Range in brackets = min-max across pulses, not +/-SD (source gives both; SD in dispersion_value where retrievable)."
mst-2894f17e995964,1004873,Carollia brevicauda,exact,yoh-2020,supplied worksheet record BAT02177 (southamerica_amazon_phyllostomid),yoh-2020-release,unspecified,,,,hand_release,,"BR | Central Brazilian Amazon (BDFFP, ~80km N of Manaus)",,,4,40,end_frequency,species_summary,72,,,kHz,,,3,72 62-81,definition_unstated,Imported from MASTER_call_records.csv record BAT02177; upload archive sha256 17ffdda2ba6929d03dabcce39119e90d4ee10712fdf690885b3d4a5128d3e464. [trait_class=call_parameter] [dietary_guild=Frugivore]
mst-298cdd26de609c,1004978,Lophostoma silvicolum,synonym_via_mdd,yoh-2020,supplied worksheet record BAT01998 (southamerica_amazon_phyllostomid),yoh-2020-release,unspecified,,,,hand_release,,"BR | Central Brazilian Amazon (BDFFP, ~80km N of Manaus)",,,2,20,peak_frequency,species_summary,64,,,kHz,,,2,64 61-67,definition_unstated,"Imported from MASTER_call_records.csv record BAT01998; upload archive sha256 17ffdda2ba6929d03dabcce39119e90d4ee10712fdf690885b3d4a5128d3e464. [trait_class=call_parameter] [dietary_guild=Insectivore] | Harmonic 2 of 1 measured. Range in brackets = min-max across pulses, not +/-SD (source gives both; SD in dispersion_value where retrievable)."
mst-2a688b63244184,1005081,Sturnira lilium,exact,yoh-2020,supplied worksheet record BAT02291 (southamerica_amazon_phyllostomid),yoh-2020-release,unspecified,,,,hand_release,,"BR | Central Brazilian Amazon (BDFFP, ~80km N of Manaus)",,,1,10,end_frequency,species_summary,50,,,kHz,,,2,50 47-54,definition_unstated,Imported from MASTER_call_records.csv record BAT02291; upload archive sha256 17ffdda2ba6929d03dabcce39119e90d4ee10712fdf690885b3d4a5128d3e464. [trait_class=call_parameter] [dietary_guild=Frugivore]
mst-2ab2796303b6e5,1005065,Vampyriscus bidens,exact,yoh-2020,supplied worksheet record BAT02273 (southamerica_amazon_phyllostomid),yoh-2020-release,unspecified,,,,hand_release,,"BR | Central Brazilian Amazon (BDFFP, ~80km N of Manaus)",,,2,16,end_frequency,species_summary,91,,,kHz,,,3,91 85-100,definition_unstated,Imported from MASTER_call_records.csv record BAT02273; upload archive sha256 17ffdda2ba6929d03dabcce39119e90d4ee10712fdf690885b3d4a5128d3e464. [trait_class=call_parameter] [dietary_guild=Frugivore]
mst-2b3f257b93c71b,1004994,Rhinophylla pumilio,exact,yoh-2020,supplied worksheet record BAT02202 (southamerica_amazon_phyllostomid),yoh-2020-release,unspecified,,,,hand_release,,"BR | Central Brazilian Amazon (BDFFP, ~80km N of Manaus)",,,5,49,duration,species_summary,1.6,,,ms,,,2,1.6 0.9-2.1,definition_unstated,Imported from MASTER_call_records.csv record BAT02202; upload archive sha256 17ffdda2ba6929d03dabcce39119e90d4ee10712fdf690885b3d4a5128d3e464. [trait_class=call_parameter] [dietary_guild=Frugivore]
mst-2be333a158531a,1004880,Desmodus rotundus,exact,yoh-2020,supplied worksheet record BAT02356 (southamerica_amazon_phyllostomid),yoh-2020-release,unspecified,,,,hand_release,,"BR | Central Brazilian Amazon (BDFFP, ~80km N of Manaus)",,,4,27,start_frequency,species_summary,105,,,kHz,,,3,105 94-111,definition_unstated,Imported from MASTER_call_records.csv record BAT02356; upload archive sha256 17ffdda2ba6929d03dabcce39119e90d4ee10712fdf690885b3d4a5128d3e464. [trait_class=call_parameter] [dietary_guild=Sanguivore]
mst-2ca2c8341fcdce,1004900,Choeroniscus minor,exact,yoh-2020,supplied worksheet record BAT02161 (southamerica_amazon_phyllostomid),yoh-2020-release,unspecified,,,,hand_release,,"BR | Central Brazilian Amazon (BDFFP, ~80km N of Manaus)",,,1,9,peak_frequency,species_summary,105,,,kHz,,,3,105 100-113,definition_unstated,"Imported from MASTER_call_records.csv record BAT02161; upload archive sha256 17ffdda2ba6929d03dabcce39119e90d4ee10712fdf690885b3d4a5128d3e464. [trait_class=call_parameter] [dietary_guild=Nectarivore] | Harmonic 3 of 2 measured. Range in brackets = min-max across pulses, not +/-SD (source gives both; SD in dispersion_value where retrievable)."
mst-2dc93a9d3f8225,1004873,Carollia brevicauda,exact,yoh-2020,supplied worksheet record BAT02171 (southamerica_amazon_phyllostomid),yoh-2020-release,unspecified,,,,hand_release,,"BR | Central Brazilian Amazon (BDFFP, ~80km N of Manaus)",,,4,38,end_frequency,species_summary,50,,,kHz,,,2,50 39-57,definition_unstated,Imported from MASTER_call_records.csv record BAT02171; upload archive sha256 17ffdda2ba6929d03dabcce39119e90d4ee10712fdf690885b3d4a5128d3e464. [trait_class=call_parameter] [dietary_guild=Frugivore]
mst-2df3c19381aa91,1005013,Artibeus obscurus,exact,yoh-2020,supplied worksheet record BAT02243 (southamerica_amazon_phyllostomid),yoh-2020-release,unspecified,,,,hand_release,,"BR | Central Brazilian Amazon (BDFFP, ~80km N of Manaus)",,,8,50,end_frequency,species_summary,66,,,kHz,,,4,66 59-75,definition_unstated,Imported from MASTER_call_records.csv record BAT02243; upload archive sha256 17ffdda2ba6929d03dabcce39119e90d4ee10712fdf690885b3d4a5128d3e464. [trait_class=call_parameter] [dietary_guild=Frugivore]
mst-305197a8452adb,1005093,Sturnira tildae,exact,yoh-2020,supplied worksheet record BAT02277 (southamerica_amazon_phyllostomid),yoh-2020-release,unspecified,,,,hand_release,,"BR | Central Brazilian Amazon (BDFFP, ~80km N of Manaus)",,,5,49,min_frequency,species_summary,34.5,,,kHz,,,2,34.5,definition_unstated,Imported from MASTER_call_records.csv record BAT02277; upload archive sha256 17ffdda2ba6929d03dabcce39119e90d4ee10712fdf690885b3d4a5128d3e464. [trait_class=call_parameter] [dietary_guild=Frugivore]
mst-30fc6d2ac1a4f1,1004972,Lophostoma brasiliense,exact,yoh-2020,supplied worksheet record BAT02006 (southamerica_amazon_phyllostomid),yoh-2020-release,unspecified,,,,hand_release,,"BR | Central Brazilian Amazon (BDFFP, ~80km N of Manaus)",,,2,20,min_frequency,species_summary,72,,,kHz,,,3,72,definition_unstated,Imported from MASTER_call_records.csv record BAT02006; upload archive sha256 17ffdda2ba6929d03dabcce39119e90d4ee10712fdf690885b3d4a5128d3e464. [trait_class=call_parameter] [dietary_guild=Insectivore]
mst-3218c1ef40d116,1005013,Artibeus obscurus,exact,yoh-2020,supplied worksheet record BAT02241 (southamerica_amazon_phyllostomid),yoh-2020-release,unspecified,,,,hand_release,,"BR | Central Brazilian Amazon (BDFFP, ~80km N of Manaus)",,,8,50,min_frequency,species_summary,59,,,kHz,,,4,59,definition_unstated,Imported from MASTER_call_records.csv record BAT02241; upload archive sha256 17ffdda2ba6929d03dabcce39119e90d4ee10712fdf690885b3d4a5128d3e464. [trait_class=call_parameter] [dietary_guild=Frugivore]
mst-3225f1026da7f8,1005066,Vampyriscus brocki,exact,yoh-2020,supplied worksheet record BAT02254 (southamerica_amazon_phyllostomid),yoh-2020-release,unspecified,,,,hand_release,,"BR | Central Brazilian Amazon (BDFFP, ~80km N of Manaus)",,,2,19,start_frequency,species_summary,83,,,kHz,,,2,83 73-93,definition_unstated,Imported from MASTER_call_records.csv record BAT02254; upload archive sha256 17ffdda2ba6929d03dabcce39119e90d4ee10712fdf690885b3d4a5128d3e464. [trait_class=call_parameter] [dietary_guild=Frugivore]
mst-323dc2650a4fa3,1004978,Lophostoma silvicolum,synonym_via_mdd,yoh-2020,supplied worksheet record BAT02002 (southamerica_amazon_phyllostomid),yoh-2020-release,unspecified,,,,hand_release,,"BR | Central Brazilian Amazon (BDFFP, ~80km N of Manaus)",,,2,20,end_frequency,species_summary,46,,,kHz,,,2,46 44-50,definition_unstated,Imported from MASTER_call_records.csv record BAT02002; upload archive sha256 17ffdda2ba6929d03dabcce39119e90d4ee10712fdf690885b3d4a5128d3e464. [trait_class=call_parameter] [dietary_guild=Insectivore]
mst-32f121e5aab9ae,1004980,Phyllostomus discolor,exact,yoh-2020,supplied worksheet record BAT02072 (southamerica_amazon_phyllostomid),yoh-2020-release,unspecified,,,,hand_release,,"BR | Central Brazilian Amazon (BDFFP, ~80km N of Manaus)",,,5,37,max_frequency,species_summary,94,,,kHz,,,4,94,definition_unstated,Imported from MASTER_call_records.csv record BAT02072; upload archive sha256 17ffdda2ba6929d03dabcce39119e90d4ee10712fdf690885b3d4a5128d3e464. [trait_class=call_parameter] [dietary_guild=Insectivore]
mst-3389404ce20c07,1004900,Choeroniscus minor,exact,yoh-2020,supplied worksheet record BAT02164 (southamerica_amazon_phyllostomid),yoh-2020-release,unspecified,,,,hand_release,,"BR | Central Brazilian Amazon (BDFFP, ~80km N of Manaus)",,,1,9,start_frequency,species_summary,149,,,kHz,,,3,149 137-159,definition_unstated,Imported from MASTER_call_records.csv record BAT02164; upload archive sha256 17ffdda2ba6929d03dabcce39119e90d4ee10712fdf690885b3d4a5128d3e464. [trait_class=call_parameter] [dietary_guild=Nectarivore]
mst-33c3b015bc3351,1004979,Phylloderma stenops,exact,yoh-2020,supplied worksheet record BAT02052 (southamerica_amazon_phyllostomid),yoh-2020-release,unspecified,,,,hand_release,,"BR | Central Brazilian Amazon (BDFFP, ~80km N of Manaus)",,,3,30,duration,species_summary,1.5,,,ms,,,3,1.5 1.0-2.0,definition_unstated,Imported from MASTER_call_records.csv record BAT02052; upload archive sha256 17ffdda2ba6929d03dabcce39119e90d4ee10712fdf690885b3d4a5128d3e464. [trait_class=call_parameter] [dietary_guild=Insectivore]
mst-353f472b4fa1e7,1004979,Phylloderma stenops,exact,yoh-2020,supplied worksheet record BAT02041 (southamerica_amazon_phyllostomid),yoh-2020-release,unspecified,,,,hand_release,,"BR | Central Brazilian Amazon (BDFFP, ~80km N of Manaus)",,,3,24,peak_frequency,species_summary,52,,,kHz,,,2,52 51-52,definition_unstated,"Imported from MASTER_call_records.csv record BAT02041; upload archive sha256 17ffdda2ba6929d03dabcce39119e90d4ee10712fdf690885b3d4a5128d3e464. [trait_class=call_parameter] [dietary_guild=Insectivore] | Harmonic 2 of 2 measured. Range in brackets = min-max across pulses, not +/-SD (source gives both; SD in dispersion_value where retrievable)."
mst-3567e74f6b474f,1005081,Sturnira lilium,exact,yoh-2020,supplied worksheet record BAT02287 (southamerica_amazon_phyllostomid),yoh-2020-release,unspecified,,,,hand_release,,"BR | Central Brazilian Amazon (BDFFP, ~80km N of Manaus)",,,1,10,peak_frequency,species_summary,66.5,,,kHz,,,2,66.5 60.3-76.2,definition_unstated,"Imported from MASTER_call_records.csv record BAT02287; upload archive sha256 17ffdda2ba6929d03dabcce39119e90d4ee10712fdf690885b3d4a5128d3e464. [trait_class=call_parameter] [dietary_guild=Frugivore] | Harmonic 2 of 1 measured. Range in brackets = min-max across pulses, not +/-SD (source gives both; SD in dispersion_value where retrievable)."
mst-3686c10ee122fe,1005013,Artibeus obscurus,exact,yoh-2020,supplied worksheet record BAT02236 (southamerica_amazon_phyllostomid),yoh-2020-release,unspecified,,,,hand_release,,"BR | Central Brazilian Amazon (BDFFP, ~80km N of Manaus)",,,8,80,start_frequency,species_summary,87,,,kHz,,,3,87 70-98,definition_unstated,Imported from MASTER_call_records.csv record BAT02236; upload archive sha256 17ffdda2ba6929d03dabcce39119e90d4ee10712fdf690885b3d4a5128d3e464. [trait_class=call_parameter] [dietary_guild=Frugivore]
mst-3770936441b2ac,1005015,Artibeus planirostris,exact,yoh-2020,supplied worksheet record BAT02209 (southamerica_amazon_phyllostomid),yoh-2020-release,unspecified,,,,hand_release,,"BR | Central Brazilian Amazon (BDFFP, ~80km N of Manaus)",,,6,60,peak_frequency,species_summary,52,,,kHz,,,2,52 43-63,definition_unstated,"Imported from MASTER_call_records.csv record BAT02209; upload archive sha256 17ffdda2ba6929d03dabcce39119e90d4ee10712fdf690885b3d4a5128d3e464. [trait_class=call_parameter] [dietary_guild=Frugivore] | Harmonic 2 of 2 measured. Range in brackets = min-max across pulses, not +/-SD (source gives both; SD in dispersion_value where retrievable)."
mst-39b1f612fbc043,1005013,Artibeus obscurus,exact,yoh-2020,supplied worksheet record BAT02234 (southamerica_amazon_phyllostomid),yoh-2020-release,unspecified,,,,hand_release,,"BR | Central Brazilian Amazon (BDFFP, ~80km N of Manaus)",,,8,80,max_frequency,species_summary,103,,,kHz,,,3,103,definition_unstated,Imported from MASTER_call_records.csv record BAT02234; upload archive sha256 17ffdda2ba6929d03dabcce39119e90d4ee10712fdf690885b3d4a5128d3e464. [trait_class=call_parameter] [dietary_guild=Frugivore]
mst-3a2db11634a5cf,1004956,Micronycteris hirsuta,exact,yoh-2020,supplied worksheet record BAT02117 (southamerica_amazon_phyllostomid),yoh-2020-release,unspecified,,,,hand_release,,"BR | Central Brazilian Amazon (BDFFP, ~80km N of Manaus)",,,3,25,end_frequency,species_summary,48,,,kHz,,,2,48 43-51,definition_unstated,Imported from MASTER_call_records.csv record BAT02117; upload archive sha256 17ffdda2ba6929d03dabcce39119e90d4ee10712fdf690885b3d4a5128d3e464. [trait_class=call_parameter] [dietary_guild=Insectivore]
mst-3acf772602f60d,1004952,Lampronycteris brachyotis,exact,yoh-2020,supplied worksheet record BAT01977 (southamerica_amazon_phyllostomid),yoh-2020-release,unspecified,,,,hand_release,,"BR | Central Brazilian Amazon (BDFFP, ~80km N of Manaus)",,,1,9,start_frequency,species_summary,47,,,kHz,,,1,47 43-53,definition_unstated,Imported from MASTER_call_records.csv record BAT01977; upload archive sha256 17ffdda2ba6929d03dabcce39119e90d4ee10712fdf690885b3d4a5128d3e464. [trait_class=call_parameter] [dietary_guild=Insectivore]
mst-3be62f54c4353f,1004979,Phylloderma stenops,exact,yoh-2020,supplied worksheet record BAT02044 (southamerica_amazon_phyllostomid),yoh-2020-release,unspecified,,,,hand_release,,"BR | Central Brazilian Amazon (BDFFP, ~80km N of Manaus)",,,3,24,start_frequency,species_summary,58,,,kHz,,,2,58 57-58,definition_unstated,Imported from MASTER_call_records.csv record BAT02044; upload archive sha256 17ffdda2ba6929d03dabcce39119e90d4ee10712fdf690885b3d4a5128d3e464. [trait_class=call_parameter] [dietary_guild=Insectivore]
mst-3c6cb850968fd2,1004877,Carollia perspicillata,exact,yoh-2020,supplied worksheet record BAT02185 (southamerica_amazon_phyllostomid),yoh-2020-release,unspecified,,,,hand_release,,"BR | Central Brazilian Amazon (BDFFP, ~80km N of Manaus)",,,5,50,peak_frequency,species_summary,69,,,kHz,,,2,69 59-76,definition_unstated,"Imported from MASTER_call_records.csv record BAT02185; upload archive sha256 17ffdda2ba6929d03dabcce39119e90d4ee10712fdf690885b3d4a5128d3e464. [trait_class=call_parameter] [dietary_guild=Frugivore] | Harmonic 2 of 2 measured. Range in brackets = min-max across pulses, not +/-SD (source gives both; SD in dispersion_value where retrievable)."
mst-3cba9341c20d2f,1004923,Trinycteris nicefori,exact,yoh-2020,supplied worksheet record BAT01989 (southamerica_amazon_phyllostomid),yoh-2020-release,unspecified,,,,hand_release,,"BR | Central Brazilian Amazon (BDFFP, ~80km N of Manaus)",,,3,26,start_frequency,species_summary,67,,,kHz,,,2,67 60-73,definition_unstated,Imported from MASTER_call_records.csv record BAT01989; upload archive sha256 17ffdda2ba6929d03dabcce39119e90d4ee10712fdf690885b3d4a5128d3e464. [trait_class=call_parameter] [dietary_guild=Insectivore]
mst-3dcd45e3f7c77b,1005056,Uroderma bilobatum,exact,yoh-2020,supplied worksheet record BAT02334 (southamerica_amazon_phyllostomid),yoh-2020-release,unspecified,,,,hand_release,,"BR | Central Brazilian Amazon (BDFFP, ~80km N of Manaus)",,,2,6,duration,species_summary,2.7,,,ms,,,2,2.7 2.1-3.7,definition_unstated,Imported from MASTER_call_records.csv record BAT02334; upload archive sha256 17ffdda2ba6929d03dabcce39119e90d4ee10712fdf690885b3d4a5128d3e464. [trait_class=call_parameter] [dietary_guild=Frugivore]
mst-3e369583f6ffce,1004980,Phyllostomus discolor,exact,yoh-2020,supplied worksheet record BAT02061 (southamerica_amazon_phyllostomid),yoh-2020-release,unspecified,,,,hand_release,,"BR | Central Brazilian Amazon (BDFFP, ~80km N of Manaus)",,,5,50,min_frequency,species_summary,27,,,kHz,,,2,27,definition_unstated,Imported from MASTER_call_records.csv record BAT02061; upload archive sha256 17ffdda2ba6929d03dabcce39119e90d4ee10712fdf690885b3d4a5128d3e464. [trait_class=call_parameter] [dietary_guild=Insectivore]
mst-3e8428a1c6ec6e,1004877,Carollia perspicillata,exact,yoh-2020,supplied worksheet record BAT02192 (southamerica_amazon_phyllostomid),yoh-2020-release,unspecified,,,,hand_release,,"BR | Central Brazilian Amazon (BDFFP, ~80km N of Manaus)",,,5,46,max_frequency,species_summary,116,,,kHz,,,3,116,definition_unstated,Imported from MASTER_call_records.csv record BAT02192; upload archive sha256 17ffdda2ba6929d03dabcce39119e90d4ee10712fdf690885b3d4a5128d3e464. [trait_class=call_parameter] [dietary_guild=Frugivore]
mst-3ef1f9da6ab82a,1004988,Chrotopterus auritus,exact,yoh-2020,supplied worksheet record BAT02098 (southamerica_amazon_phyllostomid),yoh-2020-release,unspecified,,,,hand_release,,"BR | Central Brazilian Amazon (BDFFP, ~80km N of Manaus)",,,4,25,start_frequency,species_summary,83,,,kHz,,,2,83 76-86,definition_unstated,Imported from MASTER_call_records.csv record BAT02098; upload archive sha256 17ffdda2ba6929d03dabcce39119e90d4ee10712fdf690885b3d4a5128d3e464. [trait_class=call_parameter] [dietary_guild=Insectivore/carnivore]
mst-3efd02257363c0,1004967,Trachops cirrhosus,exact,yoh-2020,supplied worksheet record BAT02133 (southamerica_amazon_phyllostomid),yoh-2020-release,unspecified,,,,hand_release,,"BR | Central Brazilian Amazon (BDFFP, ~80km N of Manaus)",,,5,49,min_frequency,species_summary,37,,,kHz,,,2,37,definition_unstated,Imported from MASTER_call_records.csv record BAT02133; upload archive sha256 17ffdda2ba6929d03dabcce39119e90d4ee10712fdf690885b3d4a5128d3e464. [trait_class=call_parameter] [dietary_guild=Insectivore/carnivore]
mst-3f1e391b55c1b1,1005093,Sturnira tildae,exact,yoh-2020,supplied worksheet record BAT02285 (southamerica_amazon_phyllostomid),yoh-2020-release,unspecified,,,,hand_release,,"BR | Central Brazilian Amazon (BDFFP, ~80km N of Manaus)",,,5,47,end_frequency,species_summary,70,,,kHz,,,3,70 62-77,definition_unstated,Imported from MASTER_call_records.csv record BAT02285; upload archive sha256 17ffdda2ba6929d03dabcce39119e90d4ee10712fdf690885b3d4a5128d3e464. [trait_class=call_parameter] [dietary_guild=Frugivore]
mst-3f303868281867,1004927,Hsunycteris thomasi,exact,yoh-2020,supplied worksheet record BAT02144 (southamerica_amazon_phyllostomid),yoh-2020-release,unspecified,,,,hand_release,,"BR | Central Brazilian Amazon (BDFFP, ~80km N of Manaus)",,,2,10,max_frequency,species_summary,95,,,kHz,,,3,95,definition_unstated,Imported from MASTER_call_records.csv record BAT02144; upload archive sha256 17ffdda2ba6929d03dabcce39119e90d4ee10712fdf690885b3d4a5128d3e464. [trait_class=call_parameter] [dietary_guild=Nectarivore]
mst-41b8ec7d71c788,1004972,Lophostoma brasiliense,exact,yoh-2020,supplied worksheet record BAT02007 (southamerica_amazon_phyllostomid),yoh-2020-release,unspecified,,,,hand_release,,"BR | Central Brazilian Amazon (BDFFP, ~80km N of Manaus)",,,2,20,start_frequency,species_summary,105,,,kHz,,,3,105 100-113,definition_unstated,Imported from MASTER_call_records.csv record BAT02007; upload archive sha256 17ffdda2ba6929d03dabcce39119e90d4ee10712fdf690885b3d4a5128d3e464. [trait_class=call_parameter] [dietary_guild=Insectivore]
mst-42fd5ba795b17b,1004979,Phylloderma stenops,exact,yoh-2020,supplied worksheet record BAT02045 (southamerica_amazon_phyllostomid),yoh-2020-release,unspecified,,,,hand_release,,"BR | Central Brazilian Amazon (BDFFP, ~80km N of Manaus)",,,3,24,end_frequency,species_summary,37.8,,,kHz,,,2,37.8 37-39,definition_unstated,Imported from MASTER_call_records.csv record BAT02045; upload archive sha256 17ffdda2ba6929d03dabcce39119e90d4ee10712fdf690885b3d4a5128d3e464. [trait_class=call_parameter] [dietary_guild=Insectivore]
mst-43823a9872c5c6,1004877,Carollia perspicillata,exact,yoh-2020,supplied worksheet record BAT02194 (southamerica_amazon_phyllostomid),yoh-2020-release,unspecified,,,,hand_release,,"BR | Central Brazilian Amazon (BDFFP, ~80km N of Manaus)",,,5,46,start_frequency,species_summary,110,,,kHz,,,3,110 102-116,definition_unstated,Imported from MASTER_call_records.csv record BAT02194; upload archive sha256 17ffdda2ba6929d03dabcce39119e90d4ee10712fdf690885b3d4a5128d3e464. [trait_class=call_parameter] [dietary_guild=Frugivore]
mst-438eb69d296e44,1005013,Artibeus obscurus,exact,yoh-2020,supplied worksheet record BAT02233 (southamerica_amazon_phyllostomid),yoh-2020-release,unspecified,,,,hand_release,,"BR | Central Brazilian Amazon (BDFFP, ~80km N of Manaus)",,,8,80,peak_frequency,species_summary,70,,,kHz,,,3,70 59-84,definition_unstated,"Imported from MASTER_call_records.csv record BAT02233; upload archive sha256 17ffdda2ba6929d03dabcce39119e90d4ee10712fdf690885b3d4a5128d3e464. [trait_class=call_parameter] [dietary_guild=Frugivore] | Harmonic 3 of 3 measured. Range in brackets = min-max across pulses, not +/-SD (source gives both; SD in dispersion_value where retrievable)."
mst-449187ca902e8e,1005013,Artibeus obscurus,exact,yoh-2020,supplied worksheet record BAT02228 (southamerica_amazon_phyllostomid),yoh-2020-release,unspecified,,,,hand_release,,"BR | Central Brazilian Amazon (BDFFP, ~80km N of Manaus)",,,8,58,max_frequency,species_summary,78,,,kHz,,,2,78,definition_unstated,Imported from MASTER_call_records.csv record BAT02228; upload archive sha256 17ffdda2ba6929d03dabcce39119e90d4ee10712fdf690885b3d4a5128d3e464. [trait_class=call_parameter] [dietary_guild=Frugivore]
mst-44d665ce8dca6e,1005081,Sturnira lilium,exact,yoh-2020,supplied worksheet record BAT02289 (southamerica_amazon_phyllostomid),yoh-2020-release,unspecified,,,,hand_release,,"BR | Central Brazilian Amazon (BDFFP, ~80km N of Manaus)",,,1,10,min_frequency,species_summary,42.2,,,kHz,,,2,42.2,definition_unstated,Imported from MASTER_call_records.csv record BAT02289; upload archive sha256 17ffdda2ba6929d03dabcce39119e90d4ee10712fdf690885b3d4a5128d3e464. [trait_class=call_parameter] [dietary_guild=Frugivore]
mst-46bcdd8c506149,1004880,Desmodus rotundus,exact,yoh-2020,supplied worksheet record BAT02341 (southamerica_amazon_phyllostomid),yoh-2020-release,unspecified,,,,hand_release,,"BR | Central Brazilian Amazon (BDFFP, ~80km N of Manaus)",,,4,18,peak_frequency,species_summary,33,,,kHz,,,1,33,definition_unstated,"Imported from MASTER_call_records.csv record BAT02341; upload archive sha256 17ffdda2ba6929d03dabcce39119e90d4ee10712fdf690885b3d4a5128d3e464. [trait_class=call_parameter] [dietary_guild=Sanguivore] | Harmonic 1 of 3 measured. Range in brackets = min-max across pulses, not +/-SD (source gives both; SD in dispersion_value where retrievable)."
mst-46beebbfcf675c,1004980,Phyllostomus discolor,exact,yoh-2020,supplied worksheet record BAT02066 (southamerica_amazon_phyllostomid),yoh-2020-release,unspecified,,,,hand_release,,"BR | Central Brazilian Amazon (BDFFP, ~80km N of Manaus)",,,5,49,max_frequency,species_summary,88,,,kHz,,,3,88,definition_unstated,Imported from MASTER_call_records.csv record BAT02066; upload archive sha256 17ffdda2ba6929d03dabcce39119e90d4ee10712fdf690885b3d4a5128d3e464. [trait_class=call_parameter] [dietary_guild=Insectivore]
mst-470d5e263e3f57,1004979,Phylloderma stenops,exact,yoh-2020,supplied worksheet record BAT02042 (southamerica_amazon_phyllostomid),yoh-2020-release,unspecified,,,,hand_release,,"BR | Central Brazilian Amazon (BDFFP, ~80km N of Manaus)",,,3,24,max_frequency,species_summary,61,,,kHz,,,2,61,definition_unstated,Imported from MASTER_call_records.csv record BAT02042; upload archive sha256 17ffdda2ba6929d03dabcce39119e90d4ee10712fdf690885b3d4a5128d3e464. [trait_class=call_parameter] [dietary_guild=Insectivore]
mst-479ef642864ccf,1004994,Rhinophylla pumilio,exact,yoh-2020,supplied worksheet record BAT02205 (southamerica_amazon_phyllostomid),yoh-2020-release,unspecified,,,,hand_release,,"BR | Central Brazilian Amazon (BDFFP, ~80km N of Manaus)",,,5,48,min_frequency,species_summary,57,,,kHz,,,3,57,definition_unstated,Imported from MASTER_call_records.csv record BAT02205; upload archive sha256 17ffdda2ba6929d03dabcce39119e90d4ee10712fdf690885b3d4a5128d3e464. [trait_class=call_parameter] [dietary_guild=Frugivore]
mst-4901e173f90893,1004979,Phylloderma stenops,exact,yoh-2020,supplied worksheet record BAT02051 (southamerica_amazon_phyllostomid),yoh-2020-release,unspecified,,,,hand_release,,"BR | Central Brazilian Amazon (BDFFP, ~80km N of Manaus)",,,3,30,end_frequency,species_summary,54,,,kHz,,,3,54 47-61,definition_unstated,Imported from MASTER_call_records.csv record BAT02051; upload archive sha256 17ffdda2ba6929d03dabcce39119e90d4ee10712fdf690885b3d4a5128d3e464. [trait_class=call_parameter] [dietary_guild=Insectivore]
mst-494852922d4574,1005031,Mesophylla macconnelli,exact,yoh-2020,supplied worksheet record BAT02299 (southamerica_amazon_phyllostomid),yoh-2020-release,unspecified,,,,hand_release,,"BR | Central Brazilian Amazon (BDFFP, ~80km N of Manaus)",,,1,7,peak_frequency,species_summary,118,,,kHz,,,2,118 117-119,definition_unstated,"Imported from MASTER_call_records.csv record BAT02299; upload archive sha256 17ffdda2ba6929d03dabcce39119e90d4ee10712fdf690885b3d4a5128d3e464. [trait_class=call_parameter] [dietary_guild=Frugivore] | Harmonic 2 of 2 measured. Range in brackets = min-max across pulses, not +/-SD (source gives both; SD in dispersion_value where retrievable)."
mst-4a8fe6912a521d,1005066,Vampyriscus brocki,exact,yoh-2020,supplied worksheet record BAT02258 (southamerica_amazon_phyllostomid),yoh-2020-release,unspecified,,,,hand_release,,"BR | Central Brazilian Amazon (BDFFP, ~80km N of Manaus)",,,2,10,max_frequency,species_summary,138,,,kHz,,,3,138,definition_unstated,Imported from MASTER_call_records.csv record BAT02258; upload archive sha256 17ffdda2ba6929d03dabcce39119e90d4ee10712fdf690885b3d4a5128d3e464. [trait_class=call_parameter] [dietary_guild=Frugivore]
mst-4ca4fc8aa09dc3,1004981,Phyllostomus elongatus,exact,yoh-2020,supplied worksheet record BAT02084 (southamerica_amazon_phyllostomid),yoh-2020-release,unspecified,,,,hand_release,,"BR | Central Brazilian Amazon (BDFFP, ~80km N of Manaus)",,,5,49,max_frequency,species_summary,94,,,kHz,,,4,94,definition_unstated,Imported from MASTER_call_records.csv record BAT02084; upload archive sha256 17ffdda2ba6929d03dabcce39119e90d4ee10712fdf690885b3d4a5128d3e464. [trait_class=call_parameter] [dietary_guild=Insectivore]
mst-4cb5563a2031ab,1005027,Chiroderma trinitatum,exact,yoh-2020,supplied worksheet record BAT02317 (southamerica_amazon_phyllostomid),yoh-2020-release,unspecified,,,,hand_release,,"BR | Central Brazilian Amazon (BDFFP, ~80km N of Manaus)",,,2,20,peak_frequency,species_summary,97,,,kHz,,,3,97 94-100,definition_unstated,"Imported from MASTER_call_records.csv record BAT02317; upload archive sha256 17ffdda2ba6929d03dabcce39119e90d4ee10712fdf690885b3d4a5128d3e464. [trait_class=call_parameter] [dietary_guild=Frugivore] | Harmonic 3 of 1 measured. Range in brackets = min-max across pulses, not +/-SD (source gives both; SD in dispersion_value where retrievable)."
mst-4cd20d967ab875,1005066,Vampyriscus brocki,exact,yoh-2020,supplied worksheet record BAT02259 (southamerica_amazon_phyllostomid),yoh-2020-release,unspecified,,,,hand_release,,"BR | Central Brazilian Amazon (BDFFP, ~80km N of Manaus)",,,2,10,min_frequency,species_summary,79,,,kHz,,,3,79,definition_unstated,Imported from MASTER_call_records.csv record BAT02259; upload archive sha256 17ffdda2ba6929d03dabcce39119e90d4ee10712fdf690885b3d4a5128d3e464. [trait_class=call_parameter] [dietary_guild=Frugivore]
mst-4e2d2bcf53bdea,1005004,Artibeus concolor,exact,yoh-2020,supplied worksheet record BAT02250 (southamerica_amazon_phyllostomid),yoh-2020-release,unspecified,,,,hand_release,,"BR | Central Brazilian Amazon (BDFFP, ~80km N of Manaus)",,,9,90,duration,species_summary,1.7,,,ms,,,2,1.7 1.1-2.8,definition_unstated,Imported from MASTER_call_records.csv record BAT02250; upload archive sha256 17ffdda2ba6929d03dabcce39119e90d4ee10712fdf690885b3d4a5128d3e464. [trait_class=call_parameter] [dietary_guild=Frugivore]
mst-4e44df2c8acdf8,1004981,Phyllostomus elongatus,exact,yoh-2020,supplied worksheet record BAT02081 (southamerica_amazon_phyllostomid),yoh-2020-release,unspecified,,,,hand_release,,"BR | Central Brazilian Amazon (BDFFP, ~80km N of Manaus)",,,5,50,end_frequency,species_summary,52,,,kHz,,,3,52 48-57,definition_unstated,Imported from MASTER_call_records.csv record BAT02081; upload archive sha256 17ffdda2ba6929d03dabcce39119e90d4ee10712fdf690885b3d4a5128d3e464. [trait_class=call_parameter] [dietary_guild=Insectivore]
mst-4ff6dc4de13ae3,1004874,Carollia castanea,exact,yoh-2020,supplied worksheet record BAT02183 (southamerica_amazon_phyllostomid),yoh-2020-release,unspecified,,,,hand_release,,"BR | Central Brazilian Amazon (BDFFP, ~80km N of Manaus)",,,1,10,end_frequency,species_summary,69,,,kHz,,,3,69 65-76,definition_unstated,"Imported from MASTER_call_records.csv record BAT02183; upload archive sha256 17ffdda2ba6929d03dabcce39119e90d4ee10712fdf690885b3d4a5128d3e464. [trait_class=call_parameter] [dietary_guild=Frugivore] | TAXONOMY FLAG 2026-09-08: C. castanea is listed as only a DOUBTFUL record for Brazil (Garbino et al. 2024, citing Uieda 1980) - its confirmed range is Central America and northwestern South America. Yoh et al. 2020 captured it at BDFFP near Manaus; either the species' confirmed range needs updating or this specific record needs re-examination. Measurements retained but excluded from confirmed Brazil coverage pending resolution."
mst-5177dc7a5420b7,1004880,Desmodus rotundus,exact,yoh-2020,supplied worksheet record BAT02358 (southamerica_amazon_phyllostomid),yoh-2020-release,unspecified,,,,hand_release,,"BR | Central Brazilian Amazon (BDFFP, ~80km N of Manaus)",,,4,27,duration,species_summary,1.8,,,ms,,,3,1.8 1.4-2.8,definition_unstated,Imported from MASTER_call_records.csv record BAT02358; upload archive sha256 17ffdda2ba6929d03dabcce39119e90d4ee10712fdf690885b3d4a5128d3e464. [trait_class=call_parameter] [dietary_guild=Sanguivore]
mst-51d954495f8840,1004873,Carollia brevicauda,exact,yoh-2020,supplied worksheet record BAT02176 (southamerica_amazon_phyllostomid),yoh-2020-release,unspecified,,,,hand_release,,"BR | Central Brazilian Amazon (BDFFP, ~80km N of Manaus)",,,4,40,start_frequency,species_summary,99,,,kHz,,,3,99,definition_unstated,Imported from MASTER_call_records.csv record BAT02176; upload archive sha256 17ffdda2ba6929d03dabcce39119e90d4ee10712fdf690885b3d4a5128d3e464. [trait_class=call_parameter] [dietary_guild=Frugivore]
mst-532f59eaad6cb3,1004952,Lampronycteris brachyotis,exact,yoh-2020,supplied worksheet record BAT01983 (southamerica_amazon_phyllostomid),yoh-2020-release,unspecified,,,,hand_release,,"BR | Central Brazilian Amazon (BDFFP, ~80km N of Manaus)",,,1,8,start_frequency,species_summary,98,,,kHz,,,2,98 92-101,definition_unstated,Imported from MASTER_call_records.csv record BAT01983; upload archive sha256 17ffdda2ba6929d03dabcce39119e90d4ee10712fdf690885b3d4a5128d3e464. [trait_class=call_parameter] [dietary_guild=Insectivore]
mst-5445b0bede2354,1004981,Phyllostomus elongatus,exact,yoh-2020,supplied worksheet record BAT02086 (southamerica_amazon_phyllostomid),yoh-2020-release,unspecified,,,,hand_release,,"BR | Central Brazilian Amazon (BDFFP, ~80km N of Manaus)",,,5,49,start_frequency,species_summary,88,,,kHz,,,4,88 81-92,definition_unstated,Imported from MASTER_call_records.csv record BAT02086; upload archive sha256 17ffdda2ba6929d03dabcce39119e90d4ee10712fdf690885b3d4a5128d3e464. [trait_class=call_parameter] [dietary_guild=Insectivore]
mst-549017446b7c8c,1004988,Chrotopterus auritus,exact,yoh-2020,supplied worksheet record BAT02103 (southamerica_amazon_phyllostomid),yoh-2020-release,unspecified,,,,hand_release,,"BR | Central Brazilian Amazon (BDFFP, ~80km N of Manaus)",,,4,40,min_frequency,species_summary,73,,,kHz,,,3,73,definition_unstated,Imported from MASTER_call_records.csv record BAT02103; upload archive sha256 17ffdda2ba6929d03dabcce39119e90d4ee10712fdf690885b3d4a5128d3e464. [trait_class=call_parameter] [dietary_guild=Insectivore/carnivore]
mst-5660fd6101d6ad,1005027,Chiroderma trinitatum,exact,yoh-2020,supplied worksheet record BAT02322 (southamerica_amazon_phyllostomid),yoh-2020-release,unspecified,,,,hand_release,,"BR | Central Brazilian Amazon (BDFFP, ~80km N of Manaus)",,,2,20,duration,species_summary,2.2,,,ms,,,3,2.2 1.7-3.3,definition_unstated,Imported from MASTER_call_records.csv record BAT02322; upload archive sha256 17ffdda2ba6929d03dabcce39119e90d4ee10712fdf690885b3d4a5128d3e464. [trait_class=call_parameter] [dietary_guild=Frugivore]
mst-56eca81740bd81,1004952,Lampronycteris brachyotis,exact,yoh-2020,supplied worksheet record BAT01974 (southamerica_amazon_phyllostomid),yoh-2020-release,unspecified,,,,hand_release,,"BR | Central Brazilian Amazon (BDFFP, ~80km N of Manaus)",,,1,9,peak_frequency,species_summary,40,,,kHz,,,1,40 37-43,definition_unstated,"Imported from MASTER_call_records.csv record BAT01974; upload archive sha256 17ffdda2ba6929d03dabcce39119e90d4ee10712fdf690885b3d4a5128d3e464. [trait_class=call_parameter] [dietary_guild=Insectivore] | Harmonic 1 of 2 measured. Range in brackets = min-max across pulses, not +/-SD (source gives both; SD in dispersion_value where retrievable)."
mst-58455222d98231,1004927,Hsunycteris thomasi,exact,yoh-2020,supplied worksheet record BAT02149 (southamerica_amazon_phyllostomid),yoh-2020-release,unspecified,,,,hand_release,,"BR | Central Brazilian Amazon (BDFFP, ~80km N of Manaus)",,,2,20,peak_frequency,species_summary,99,,,kHz,,,4,99 88-104,definition_unstated,"Imported from MASTER_call_records.csv record BAT02149; upload archive sha256 17ffdda2ba6929d03dabcce39119e90d4ee10712fdf690885b3d4a5128d3e464. [trait_class=call_parameter] [dietary_guild=Nectarivore] | Harmonic 4 of 2 measured. Range in brackets = min-max across pulses, not +/-SD (source gives both; SD in dispersion_value where retrievable)."
mst-58c93ce24a21e5,1004913,Glossophaga soricina,exact,yoh-2020,supplied worksheet record BAT02140 (southamerica_amazon_phyllostomid),yoh-2020-release,unspecified,,,,hand_release,,"BR | Central Brazilian Amazon (BDFFP, ~80km N of Manaus)",,,1,10,start_frequency,species_summary,83,,,kHz,,,2,83 78-90,definition_unstated,Imported from MASTER_call_records.csv record BAT02140; upload archive sha256 17ffdda2ba6929d03dabcce39119e90d4ee10712fdf690885b3d4a5128d3e464. [trait_class=call_parameter] [dietary_guild=Nectarivore]
mst-58d2f49c4bef6d,1004880,Desmodus rotundus,exact,yoh-2020,supplied worksheet record BAT02346 (southamerica_amazon_phyllostomid),yoh-2020-release,unspecified,,,,hand_release,,"BR | Central Brazilian Amazon (BDFFP, ~80km N of Manaus)",,,4,18,duration,species_summary,1.8,,,ms,,,1,1.8 1.8-1.9,definition_unstated,Imported from MASTER_call_records.csv record BAT02346; upload archive sha256 17ffdda2ba6929d03dabcce39119e90d4ee10712fdf690885b3d4a5128d3e464. [trait_class=call_parameter] [dietary_guild=Sanguivore]
mst-59021bea67723a,1005066,Vampyriscus brocki,exact,yoh-2020,supplied worksheet record BAT02260 (southamerica_amazon_phyllostomid),yoh-2020-release,unspecified,,,,hand_release,,"BR | Central Brazilian Amazon (BDFFP, ~80km N of Manaus)",,,2,10,start_frequency,species_summary,122,,,kHz,,,3,122 105-134,definition_unstated,Imported from MASTER_call_records.csv record BAT02260; upload archive sha256 17ffdda2ba6929d03dabcce39119e90d4ee10712fdf690885b3d4a5128d3e464. [trait_class=call_parameter] [dietary_guild=Frugivore]
mst-59fb8f729f9551,1005004,Artibeus concolor,exact,yoh-2020,supplied worksheet record BAT02246 (southamerica_amazon_phyllostomid),yoh-2020-release,unspecified,,,,hand_release,,"BR | Central Brazilian Amazon (BDFFP, ~80km N of Manaus)",,,9,90,max_frequency,species_summary,129,,,kHz,,,2,129,definition_unstated,Imported from MASTER_call_records.csv record BAT02246; upload archive sha256 17ffdda2ba6929d03dabcce39119e90d4ee10712fdf690885b3d4a5128d3e464. [trait_class=call_parameter] [dietary_guild=Frugivore]
mst-5aa9d2c95cc7bb,1005066,Vampyriscus brocki,exact,yoh-2020,supplied worksheet record BAT02257 (southamerica_amazon_phyllostomid),yoh-2020-release,unspecified,,,,hand_release,,"BR | Central Brazilian Amazon (BDFFP, ~80km N of Manaus)",,,2,10,peak_frequency,species_summary,107,,,kHz,,,3,107 89.9-115.4,definition_unstated,"Imported from MASTER_call_records.csv record BAT02257; upload archive sha256 17ffdda2ba6929d03dabcce39119e90d4ee10712fdf690885b3d4a5128d3e464. [trait_class=call_parameter] [dietary_guild=Frugivore] | Harmonic 3 of 2 measured. Range in brackets = min-max across pulses, not +/-SD (source gives both; SD in dispersion_value where retrievable)."
mst-5b5dab467fb30f,1004982,Phyllostomus hastatus,exact,yoh-2020,supplied worksheet record BAT02093 (southamerica_amazon_phyllostomid),yoh-2020-release,unspecified,,,,hand_release,,"BR | Central Brazilian Amazon (BDFFP, ~80km N of Manaus)",,,3,30,end_frequency,species_summary,40,,,kHz,,,3,40 35-44,definition_unstated,Imported from MASTER_call_records.csv record BAT02093; upload archive sha256 17ffdda2ba6929d03dabcce39119e90d4ee10712fdf690885b3d4a5128d3e464. [trait_class=call_parameter] [dietary_guild=Insectivore]
mst-5b8d40d31baf2a,1004874,Carollia castanea,exact,yoh-2020,supplied worksheet record BAT02184 (southamerica_amazon_phyllostomid),yoh-2020-release,unspecified,,,,hand_release,,"BR | Central Brazilian Amazon (BDFFP, ~80km N of Manaus)",,,1,10,duration,species_summary,2.2,,,ms,,,3,2.2 1.8-2.7,definition_unstated,"Imported from MASTER_call_records.csv record BAT02184; upload archive sha256 17ffdda2ba6929d03dabcce39119e90d4ee10712fdf690885b3d4a5128d3e464. [trait_class=call_parameter] [dietary_guild=Frugivore] | TAXONOMY FLAG 2026-09-08: C. castanea is listed as only a DOUBTFUL record for Brazil (Garbino et al. 2024, citing Uieda 1980) - its confirmed range is Central America and northwestern South America. Yoh et al. 2020 captured it at BDFFP near Manaus; either the species' confirmed range needs updating or this specific record needs re-examination. Measurements retained but excluded from confirmed Brazil coverage pending resolution."
mst-5be31a9ed4cda3,1004980,Phyllostomus discolor,exact,yoh-2020,supplied worksheet record BAT02075 (southamerica_amazon_phyllostomid),yoh-2020-release,unspecified,,,,hand_release,,"BR | Central Brazilian Amazon (BDFFP, ~80km N of Manaus)",,,5,37,end_frequency,species_summary,65,,,kHz,,,4,65 63-67,definition_unstated,Imported from MASTER_call_records.csv record BAT02075; upload archive sha256 17ffdda2ba6929d03dabcce39119e90d4ee10712fdf690885b3d4a5128d3e464. [trait_class=call_parameter] [dietary_guild=Insectivore]
mst-5c2af57a32c10f,1004988,Chrotopterus auritus,exact,yoh-2020,supplied worksheet record BAT02096 (southamerica_amazon_phyllostomid),yoh-2020-release,unspecified,,,,hand_release,,"BR | Central Brazilian Amazon (BDFFP, ~80km N of Manaus)",,,4,25,max_frequency,species_summary,88,,,kHz,,,2,88,definition_unstated,Imported from MASTER_call_records.csv record BAT02096; upload archive sha256 17ffdda2ba6929d03dabcce39119e90d4ee10712fdf690885b3d4a5128d3e464. [trait_class=call_parameter] [dietary_guild=Insectivore/carnivore]
mst-5c9a76b76d94a4,1004880,Desmodus rotundus,exact,yoh-2020,supplied worksheet record BAT02351 (southamerica_amazon_phyllostomid),yoh-2020-release,unspecified,,,,hand_release,,"BR | Central Brazilian Amazon (BDFFP, ~80km N of Manaus)",,,4,40,end_frequency,species_summary,49,,,kHz,,,2,49 43-55,definition_unstated,Imported from MASTER_call_records.csv record BAT02351; upload archive sha256 17ffdda2ba6929d03dabcce39119e90d4ee10712fdf690885b3d4a5128d3e464. [trait_class=call_parameter] [dietary_guild=Sanguivore]
mst-602fc8a0f50bb9,1004994,Rhinophylla pumilio,exact,yoh-2020,supplied worksheet record BAT02198 (southamerica_amazon_phyllostomid),yoh-2020-release,unspecified,,,,hand_release,,"BR | Central Brazilian Amazon (BDFFP, ~80km N of Manaus)",,,5,49,max_frequency,species_summary,99,,,kHz,,,2,99,definition_unstated,Imported from MASTER_call_records.csv record BAT02198; upload archive sha256 17ffdda2ba6929d03dabcce39119e90d4ee10712fdf690885b3d4a5128d3e464. [trait_class=call_parameter] [dietary_guild=Frugivore]
mst-61ffe405a17ff6,1005065,Vampyriscus bidens,exact,yoh-2020,supplied worksheet record BAT02266 (southamerica_amazon_phyllostomid),yoh-2020-release,unspecified,,,,hand_release,,"BR | Central Brazilian Amazon (BDFFP, ~80km N of Manaus)",,,2,13,start_frequency,species_summary,88,,,kHz,,,2,88 84-92,definition_unstated,Imported from MASTER_call_records.csv record BAT02266; upload archive sha256 17ffdda2ba6929d03dabcce39119e90d4ee10712fdf690885b3d4a5128d3e464. [trait_class=call_parameter] [dietary_guild=Frugivore]
mst-62569e76338b89,1004880,Desmodus rotundus,exact,yoh-2020,supplied worksheet record BAT02352 (southamerica_amazon_phyllostomid),yoh-2020-release,unspecified,,,,hand_release,,"BR | Central Brazilian Amazon (BDFFP, ~80km N of Manaus)",,,4,40,duration,species_summary,1.7,,,ms,,,2,1.7 1.1-2.9,definition_unstated,Imported from MASTER_call_records.csv record BAT02352; upload archive sha256 17ffdda2ba6929d03dabcce39119e90d4ee10712fdf690885b3d4a5128d3e464. [trait_class=call_parameter] [dietary_guild=Sanguivore]
mst-638b57c7f8e1de,1004994,Rhinophylla pumilio,exact,yoh-2020,supplied worksheet record BAT02208 (southamerica_amazon_phyllostomid),yoh-2020-release,unspecified,,,,hand_release,,"BR | Central Brazilian Amazon (BDFFP, ~80km N of Manaus)",,,5,48,duration,species_summary,1.5,,,ms,,,3,1.5 1.1-2.4,definition_unstated,Imported from MASTER_call_records.csv record BAT02208; upload archive sha256 17ffdda2ba6929d03dabcce39119e90d4ee10712fdf690885b3d4a5128d3e464. [trait_class=call_parameter] [dietary_guild=Frugivore]
mst-63a697f210a366,1004988,Chrotopterus auritus,exact,yoh-2020,supplied worksheet record BAT02104 (southamerica_amazon_phyllostomid),yoh-2020-release,unspecified,,,,hand_release,,"BR | Central Brazilian Amazon (BDFFP, ~80km N of Manaus)",,,4,40,start_frequency,species_summary,110,,,kHz,,,3,110 98-117,definition_unstated,Imported from MASTER_call_records.csv record BAT02104; upload archive sha256 17ffdda2ba6929d03dabcce39119e90d4ee10712fdf690885b3d4a5128d3e464. [trait_class=call_parameter] [dietary_guild=Insectivore/carnivore]
mst-63fddad04d8353,1004880,Desmodus rotundus,exact,yoh-2020,supplied worksheet record BAT02345 (southamerica_amazon_phyllostomid),yoh-2020-release,unspecified,,,,hand_release,,"BR | Central Brazilian Amazon (BDFFP, ~80km N of Manaus)",,,4,18,end_frequency,species_summary,24,,,kHz,,,1,24 23-25,definition_unstated,Imported from MASTER_call_records.csv record BAT02345; upload archive sha256 17ffdda2ba6929d03dabcce39119e90d4ee10712fdf690885b3d4a5128d3e464. [trait_class=call_parameter] [dietary_guild=Sanguivore]
mst-649381bfa2acdb,1004978,Lophostoma silvicolum,synonym_via_mdd,yoh-2020,supplied worksheet record BAT02000 (southamerica_amazon_phyllostomid),yoh-2020-release,unspecified,,,,hand_release,,"BR | Central Brazilian Amazon (BDFFP, ~80km N of Manaus)",,,2,20,min_frequency,species_summary,42,,,kHz,,,2,42,definition_unstated,Imported from MASTER_call_records.csv record BAT02000; upload archive sha256 17ffdda2ba6929d03dabcce39119e90d4ee10712fdf690885b3d4a5128d3e464. [trait_class=call_parameter] [dietary_guild=Insectivore]
mst-64ce15760b088d,1004973,Lophostoma carrikeri,exact,yoh-2020,supplied worksheet record BAT02014 (southamerica_amazon_phyllostomid),yoh-2020-release,unspecified,,,,hand_release,,"BR | Central Brazilian Amazon (BDFFP, ~80km N of Manaus)",,,1,10,end_frequency,species_summary,46,,,kHz,,,2,46 43-53,definition_unstated,Imported from MASTER_call_records.csv record BAT02014; upload archive sha256 17ffdda2ba6929d03dabcce39119e90d4ee10712fdf690885b3d4a5128d3e464. [trait_class=call_parameter] [dietary_guild=Insectivore]
mst-657edaaba1d278,1004880,Desmodus rotundus,exact,yoh-2020,supplied worksheet record BAT02342 (southamerica_amazon_phyllostomid),yoh-2020-release,unspecified,,,,hand_release,,"BR | Central Brazilian Amazon (BDFFP, ~80km N of Manaus)",,,4,18,max_frequency,species_summary,45,,,kHz,,,1,45,definition_unstated,Imported from MASTER_call_records.csv record BAT02342; upload archive sha256 17ffdda2ba6929d03dabcce39119e90d4ee10712fdf690885b3d4a5128d3e464. [trait_class=call_parameter] [dietary_guild=Sanguivore]
mst-660b44328f50e4,1004980,Phyllostomus discolor,exact,yoh-2020,supplied worksheet record BAT02070 (southamerica_amazon_phyllostomid),yoh-2020-release,unspecified,,,,hand_release,,"BR | Central Brazilian Amazon (BDFFP, ~80km N of Manaus)",,,5,49,duration,species_summary,2.7,,,ms,,,3,2.7 1.8-3.8,definition_unstated,Imported from MASTER_call_records.csv record BAT02070; upload archive sha256 17ffdda2ba6929d03dabcce39119e90d4ee10712fdf690885b3d4a5128d3e464. [trait_class=call_parameter] [dietary_guild=Insectivore]
mst-6708b6e4cf4cfa,1004980,Phyllostomus discolor,exact,yoh-2020,supplied worksheet record BAT02071 (southamerica_amazon_phyllostomid),yoh-2020-release,unspecified,,,,hand_release,,"BR | Central Brazilian Amazon (BDFFP, ~80km N of Manaus)",,,5,37,peak_frequency,species_summary,74,,,kHz,,,4,74 72-75,definition_unstated,"Imported from MASTER_call_records.csv record BAT02071; upload archive sha256 17ffdda2ba6929d03dabcce39119e90d4ee10712fdf690885b3d4a5128d3e464. [trait_class=call_parameter] [dietary_guild=Insectivore] | Harmonic 4 of 3 measured. Range in brackets = min-max across pulses, not +/-SD (source gives both; SD in dispersion_value where retrievable)."
mst-681f2eb7f863f0,1005056,Uroderma bilobatum,exact,yoh-2020,supplied worksheet record BAT02340 (southamerica_amazon_phyllostomid),yoh-2020-release,unspecified,,,,hand_release,,"BR | Central Brazilian Amazon (BDFFP, ~80km N of Manaus)",,,2,20,duration,species_summary,1.6,,,ms,,,3,1.6 1.0-2.3,definition_unstated,Imported from MASTER_call_records.csv record BAT02340; upload archive sha256 17ffdda2ba6929d03dabcce39119e90d4ee10712fdf690885b3d4a5128d3e464. [trait_class=call_parameter] [dietary_guild=Frugivore]
mst-683b96de692907,1005031,Mesophylla macconnelli,exact,yoh-2020,supplied worksheet record BAT02297 (southamerica_amazon_phyllostomid),yoh-2020-release,unspecified,,,,hand_release,,"BR | Central Brazilian Amazon (BDFFP, ~80km N of Manaus)",,,1,9,end_frequency,species_summary,86,,,kHz,,,1,86 81-94,definition_unstated,Imported from MASTER_call_records.csv record BAT02297; upload archive sha256 17ffdda2ba6929d03dabcce39119e90d4ee10712fdf690885b3d4a5128d3e464. [trait_class=call_parameter] [dietary_guild=Frugivore]
mst-68c8a7f64e79ab,1004981,Phyllostomus elongatus,exact,yoh-2020,supplied worksheet record BAT02088 (southamerica_amazon_phyllostomid),yoh-2020-release,unspecified,,,,hand_release,,"BR | Central Brazilian Amazon (BDFFP, ~80km N of Manaus)",,,5,49,duration,species_summary,1.9,,,ms,,,4,1.9 1.5-2.2,definition_unstated,Imported from MASTER_call_records.csv record BAT02088; upload archive sha256 17ffdda2ba6929d03dabcce39119e90d4ee10712fdf690885b3d4a5128d3e464. [trait_class=call_parameter] [dietary_guild=Insectivore]
mst-699bc68c581058,1005012,Artibeus lituratus,exact,yoh-2020,supplied worksheet record BAT02226 (southamerica_amazon_phyllostomid),yoh-2020-release,unspecified,,,,hand_release,,"BR | Central Brazilian Amazon (BDFFP, ~80km N of Manaus)",,,10,99,duration,species_summary,1.7,,,ms,,,2,1.7 0.8-3.0,definition_unstated,Imported from MASTER_call_records.csv record BAT02226; upload archive sha256 17ffdda2ba6929d03dabcce39119e90d4ee10712fdf690885b3d4a5128d3e464. [trait_class=call_parameter] [dietary_guild=Frugivore]
mst-6a04ca233402fd,1004900,Choeroniscus minor,exact,yoh-2020,supplied worksheet record BAT02162 (southamerica_amazon_phyllostomid),yoh-2020-release,unspecified,,,,hand_release,,"BR | Central Brazilian Amazon (BDFFP, ~80km N of Manaus)",,,1,9,max_frequency,species_summary,159,,,kHz,,,3,159,definition_unstated,Imported from MASTER_call_records.csv record BAT02162; upload archive sha256 17ffdda2ba6929d03dabcce39119e90d4ee10712fdf690885b3d4a5128d3e464. [trait_class=call_parameter] [dietary_guild=Nectarivore]
mst-6c34ac35f042b4,1004923,Trinycteris nicefori,exact,yoh-2020,supplied worksheet record BAT01994 (southamerica_amazon_phyllostomid),yoh-2020-release,unspecified,,,,hand_release,,"BR | Central Brazilian Amazon (BDFFP, ~80km N of Manaus)",,,3,30,min_frequency,species_summary,57,,,kHz,,,3,57,definition_unstated,Imported from MASTER_call_records.csv record BAT01994; upload archive sha256 17ffdda2ba6929d03dabcce39119e90d4ee10712fdf690885b3d4a5128d3e464. [trait_class=call_parameter] [dietary_guild=Insectivore]
mst-6cde52deb42ac0,1004880,Desmodus rotundus,exact,yoh-2020,supplied worksheet record BAT02355 (southamerica_amazon_phyllostomid),yoh-2020-release,unspecified,,,,hand_release,,"BR | Central Brazilian Amazon (BDFFP, ~80km N of Manaus)",,,4,27,min_frequency,species_summary,66,,,kHz,,,3,66,definition_unstated,Imported from MASTER_call_records.csv record BAT02355; upload archive sha256 17ffdda2ba6929d03dabcce39119e90d4ee10712fdf690885b3d4a5128d3e464. [trait_class=call_parameter] [dietary_guild=Sanguivore]
mst-6d8a2144012b0e,1004956,Micronycteris hirsuta,exact,yoh-2020,supplied worksheet record BAT02113 (southamerica_amazon_phyllostomid),yoh-2020-release,unspecified,,,,hand_release,,"BR | Central Brazilian Amazon (BDFFP, ~80km N of Manaus)",,,3,25,peak_frequency,species_summary,52,,,kHz,,,2,52 51-55,definition_unstated,"Imported from MASTER_call_records.csv record BAT02113; upload archive sha256 17ffdda2ba6929d03dabcce39119e90d4ee10712fdf690885b3d4a5128d3e464. [trait_class=call_parameter] [dietary_guild=Insectivore] | Harmonic 2 of 1 measured. Range in brackets = min-max across pulses, not +/-SD (source gives both; SD in dispersion_value where retrievable)."
mst-6d8b3815af1506,1005013,Artibeus obscurus,exact,yoh-2020,supplied worksheet record BAT02227 (southamerica_amazon_phyllostomid),yoh-2020-release,unspecified,,,,hand_release,,"BR | Central Brazilian Amazon (BDFFP, ~80km N of Manaus)",,,8,58,peak_frequency,species_summary,53,,,kHz,,,2,53 51-57,definition_unstated,"Imported from MASTER_call_records.csv record BAT02227; upload archive sha256 17ffdda2ba6929d03dabcce39119e90d4ee10712fdf690885b3d4a5128d3e464. [trait_class=call_parameter] [dietary_guild=Frugivore] | Harmonic 2 of 3 measured. Range in brackets = min-max across pulses, not +/-SD (source gives both; SD in dispersion_value where retrievable)."
mst-6d90a66100ff19,1005015,Artibeus planirostris,exact,yoh-2020,supplied worksheet record BAT02213 (southamerica_amazon_phyllostomid),yoh-2020-release,unspecified,,,,hand_release,,"BR | Central Brazilian Amazon (BDFFP, ~80km N of Manaus)",,,6,60,end_frequency,species_summary,43,,,kHz,,,2,43 35-49,definition_unstated,Imported from MASTER_call_records.csv record BAT02213; upload archive sha256 17ffdda2ba6929d03dabcce39119e90d4ee10712fdf690885b3d4a5128d3e464. [trait_class=call_parameter] [dietary_guild=Frugivore]
mst-6fc947d72ab1b4,1004873,Carollia brevicauda,exact,yoh-2020,supplied worksheet record BAT02178 (southamerica_amazon_phyllostomid),yoh-2020-release,unspecified,,,,hand_release,,"BR | Central Brazilian Amazon (BDFFP, ~80km N of Manaus)",,,4,40,duration,species_summary,1.4,,,ms,,,3,1.4 1.0-1.8,definition_unstated,Imported from MASTER_call_records.csv record BAT02178; upload archive sha256 17ffdda2ba6929d03dabcce39119e90d4ee10712fdf690885b3d4a5128d3e464. [trait_class=call_parameter] [dietary_guild=Frugivore]
mst-704de2957d31b0,1004923,Trinycteris nicefori,exact,yoh-2020,supplied worksheet record BAT01995 (southamerica_amazon_phyllostomid),yoh-2020-release,unspecified,,,,hand_release,,"BR | Central Brazilian Amazon (BDFFP, ~80km N of Manaus)",,,3,30,start_frequency,species_summary,92,,,kHz,,,3,92 85-98,definition_unstated,Imported from MASTER_call_records.csv record BAT01995; upload archive sha256 17ffdda2ba6929d03dabcce39119e90d4ee10712fdf690885b3d4a5128d3e464. [trait_class=call_parameter] [dietary_guild=Insectivore]
mst-70a659478b0005,1004973,Lophostoma carrikeri,exact,yoh-2020,supplied worksheet record BAT02015 (southamerica_amazon_phyllostomid),yoh-2020-release,unspecified,,,,hand_release,,"BR | Central Brazilian Amazon (BDFFP, ~80km N of Manaus)",,,1,10,duration,species_summary,1.8,,,ms,,,2,1.8 1.3-2.3,definition_unstated,Imported from MASTER_call_records.csv record BAT02015; upload archive sha256 17ffdda2ba6929d03dabcce39119e90d4ee10712fdf690885b3d4a5128d3e464. [trait_class=call_parameter] [dietary_guild=Insectivore]
mst-718a50a0851481,1005065,Vampyriscus bidens,exact,yoh-2020,supplied worksheet record BAT02263 (southamerica_amazon_phyllostomid),yoh-2020-release,unspecified,,,,hand_release,,"BR | Central Brazilian Amazon (BDFFP, ~80km N of Manaus)",,,2,13,peak_frequency,species_summary,71,,,kHz,,,2,71 69-80,definition_unstated,"Imported from MASTER_call_records.csv record BAT02263; upload archive sha256 17ffdda2ba6929d03dabcce39119e90d4ee10712fdf690885b3d4a5128d3e464. [trait_class=call_parameter] [dietary_guild=Frugivore] | Harmonic 2 of 2 measured. Range in brackets = min-max across pulses, not +/-SD (source gives both; SD in dispersion_value where retrievable)."
mst-7191b5731d6a6b,1005031,Mesophylla macconnelli,exact,yoh-2020,supplied worksheet record BAT02303 (southamerica_amazon_phyllostomid),yoh-2020-release,unspecified,,,,hand_release,,"BR | Central Brazilian Amazon (BDFFP, ~80km N of Manaus)",,,1,7,end_frequency,species_summary,103,,,kHz,,,2,103 103-104,definition_unstated,Imported from MASTER_call_records.csv record BAT02303; upload archive sha256 17ffdda2ba6929d03dabcce39119e90d4ee10712fdf690885b3d4a5128d3e464. [trait_class=call_parameter] [dietary_guild=Frugivore]
mst-71b99f246e308a,1005065,Vampyriscus bidens,exact,yoh-2020,supplied worksheet record BAT02264 (southamerica_amazon_phyllostomid),yoh-2020-release,unspecified,,,,hand_release,,"BR | Central Brazilian Amazon (BDFFP, ~80km N of Manaus)",,,2,13,max_frequency,species_summary,94,,,kHz,,,2,94,definition_unstated,Imported from MASTER_call_records.csv record BAT02264; upload archive sha256 17ffdda2ba6929d03dabcce39119e90d4ee10712fdf690885b3d4a5128d3e464. [trait_class=call_parameter] [dietary_guild=Frugivore]
mst-71bdf74b3f1b69,1005065,Vampyriscus bidens,exact,yoh-2020,supplied worksheet record BAT02265 (southamerica_amazon_phyllostomid),yoh-2020-release,unspecified,,,,hand_release,,"BR | Central Brazilian Amazon (BDFFP, ~80km N of Manaus)",,,2,13,min_frequency,species_summary,57,,,kHz,,,2,57,definition_unstated,Imported from MASTER_call_records.csv record BAT02265; upload archive sha256 17ffdda2ba6929d03dabcce39119e90d4ee10712fdf690885b3d4a5128d3e464. [trait_class=call_parameter] [dietary_guild=Frugivore]
mst-728ca2ea4b3057,1005031,Mesophylla macconnelli,exact,yoh-2020,supplied worksheet record BAT02298 (southamerica_amazon_phyllostomid),yoh-2020-release,unspecified,,,,hand_release,,"BR | Central Brazilian Amazon (BDFFP, ~80km N of Manaus)",,,1,9,duration,species_summary,1.6,,,ms,,,1,1.6 1.3-2.0,definition_unstated,Imported from MASTER_call_records.csv record BAT02298; upload archive sha256 17ffdda2ba6929d03dabcce39119e90d4ee10712fdf690885b3d4a5128d3e464. [trait_class=call_parameter] [dietary_guild=Frugivore]
mst-730ee2dfa90527,1004900,Choeroniscus minor,exact,yoh-2020,supplied worksheet record BAT02163 (southamerica_amazon_phyllostomid),yoh-2020-release,unspecified,,,,hand_release,,"BR | Central Brazilian Amazon (BDFFP, ~80km N of Manaus)",,,1,9,min_frequency,species_summary,87,,,kHz,,,3,87,definition_unstated,Imported from MASTER_call_records.csv record BAT02163; upload archive sha256 17ffdda2ba6929d03dabcce39119e90d4ee10712fdf690885b3d4a5128d3e464. [trait_class=call_parameter] [dietary_guild=Nectarivore]
mst-73c84d4e09c059,1004969,Gardnerycteris crenulatum,manual,yoh-2020,supplied worksheet record BAT02056 (southamerica_amazon_phyllostomid),yoh-2020-release,unspecified,,,,hand_release,,"BR | Central Brazilian Amazon (BDFFP, ~80km N of Manaus)",,,4,40,start_frequency,species_summary,82,,,kHz,,,3,82 76-88,definition_unstated,Imported from MASTER_call_records.csv record BAT02056; upload archive sha256 17ffdda2ba6929d03dabcce39119e90d4ee10712fdf690885b3d4a5128d3e464. [trait_class=call_parameter] [dietary_guild=Insectivore]
mst-7537ebe0ffeedd,1004920,Glyphonycteris daviesi,exact,yoh-2020,supplied worksheet record BAT02111 (southamerica_amazon_phyllostomid),yoh-2020-release,unspecified,,,,hand_release,,"BR | Central Brazilian Amazon (BDFFP, ~80km N of Manaus)",,,1,10,end_frequency,species_summary,50,,,kHz,,,3,50 44-57,definition_unstated,Imported from MASTER_call_records.csv record BAT02111; upload archive sha256 17ffdda2ba6929d03dabcce39119e90d4ee10712fdf690885b3d4a5128d3e464. [trait_class=call_parameter] [dietary_guild=Insectivore/carnivore]
mst-75757e954e961c,1004873,Carollia brevicauda,exact,yoh-2020,supplied worksheet record BAT02173 (southamerica_amazon_phyllostomid),yoh-2020-release,unspecified,,,,hand_release,,"BR | Central Brazilian Amazon (BDFFP, ~80km N of Manaus)",,,4,40,peak_frequency,species_summary,86,,,kHz,,,3,86 78-101,definition_unstated,"Imported from MASTER_call_records.csv record BAT02173; upload archive sha256 17ffdda2ba6929d03dabcce39119e90d4ee10712fdf690885b3d4a5128d3e464. [trait_class=call_parameter] [dietary_guild=Frugivore] | Harmonic 3 of 2 measured. Range in brackets = min-max across pulses, not +/-SD (source gives both; SD in dispersion_value where retrievable)."
mst-75d340c2da72c9,1004979,Phylloderma stenops,exact,yoh-2020,supplied worksheet record BAT02043 (southamerica_amazon_phyllostomid),yoh-2020-release,unspecified,,,,hand_release,,"BR | Central Brazilian Amazon (BDFFP, ~80km N of Manaus)",,,3,24,min_frequency,species_summary,36,,,kHz,,,2,36,definition_unstated,Imported from MASTER_call_records.csv record BAT02043; upload archive sha256 17ffdda2ba6929d03dabcce39119e90d4ee10712fdf690885b3d4a5128d3e464. [trait_class=call_parameter] [dietary_guild=Insectivore]
mst-761a840940bcdf,1004877,Carollia perspicillata,exact,yoh-2020,supplied worksheet record BAT02190 (southamerica_amazon_phyllostomid),yoh-2020-release,unspecified,,,,hand_release,,"BR | Central Brazilian Amazon (BDFFP, ~80km N of Manaus)",,,5,50,duration,species_summary,1.7,,,ms,,,2,1.7 1.2-2.2,definition_unstated,Imported from MASTER_call_records.csv record BAT02190; upload archive sha256 17ffdda2ba6929d03dabcce39119e90d4ee10712fdf690885b3d4a5128d3e464. [trait_class=call_parameter] [dietary_guild=Frugivore]
mst-76f4001f61d442,1004981,Phyllostomus elongatus,exact,yoh-2020,supplied worksheet record BAT02087 (southamerica_amazon_phyllostomid),yoh-2020-release,unspecified,,,,hand_release,,"BR | Central Brazilian Amazon (BDFFP, ~80km N of Manaus)",,,5,49,end_frequency,species_summary,61,,,kHz,,,4,61 57-64,definition_unstated,Imported from MASTER_call_records.csv record BAT02087; upload archive sha256 17ffdda2ba6929d03dabcce39119e90d4ee10712fdf690885b3d4a5128d3e464. [trait_class=call_parameter] [dietary_guild=Insectivore]
mst-76f8cbc3dec410,1005012,Artibeus lituratus,exact,yoh-2020,supplied worksheet record BAT02223 (southamerica_amazon_phyllostomid),yoh-2020-release,unspecified,,,,hand_release,,"BR | Central Brazilian Amazon (BDFFP, ~80km N of Manaus)",,,10,99,min_frequency,species_summary,32,,,kHz,,,2,32,definition_unstated,Imported from MASTER_call_records.csv record BAT02223; upload archive sha256 17ffdda2ba6929d03dabcce39119e90d4ee10712fdf690885b3d4a5128d3e464. [trait_class=call_parameter] [dietary_guild=Frugivore]
mst-7779a132b493f2,1004980,Phyllostomus discolor,exact,yoh-2020,supplied worksheet record BAT02073 (southamerica_amazon_phyllostomid),yoh-2020-release,unspecified,,,,hand_release,,"BR | Central Brazilian Amazon (BDFFP, ~80km N of Manaus)",,,5,37,min_frequency,species_summary,60,,,kHz,,,4,60,definition_unstated,Imported from MASTER_call_records.csv record BAT02073; upload archive sha256 17ffdda2ba6929d03dabcce39119e90d4ee10712fdf690885b3d4a5128d3e464. [trait_class=call_parameter] [dietary_guild=Insectivore]
mst-786831c981fd13,1004979,Phylloderma stenops,exact,yoh-2020,supplied worksheet record BAT02047 (southamerica_amazon_phyllostomid),yoh-2020-release,unspecified,,,,hand_release,,"BR | Central Brazilian Amazon (BDFFP, ~80km N of Manaus)",,,3,30,peak_frequency,species_summary,64,,,kHz,,,3,64 61-68,definition_unstated,"Imported from MASTER_call_records.csv record BAT02047; upload archive sha256 17ffdda2ba6929d03dabcce39119e90d4ee10712fdf690885b3d4a5128d3e464. [trait_class=call_parameter] [dietary_guild=Insectivore] | Harmonic 3 of 2 measured. Range in brackets = min-max across pulses, not +/-SD (source gives both; SD in dispersion_value where retrievable)."
mst-78a2b7d3a3d426,1005013,Artibeus obscurus,exact,yoh-2020,supplied worksheet record BAT02229 (southamerica_amazon_phyllostomid),yoh-2020-release,unspecified,,,,hand_release,,"BR | Central Brazilian Amazon (BDFFP, ~80km N of Manaus)",,,8,58,min_frequency,species_summary,38,,,kHz,,,2,38,definition_unstated,Imported from MASTER_call_records.csv record BAT02229; upload archive sha256 17ffdda2ba6929d03dabcce39119e90d4ee10712fdf690885b3d4a5128d3e464. [trait_class=call_parameter] [dietary_guild=Frugivore]
mst-7b6acf8ce40ede,1004995,Ametrida centurio,exact,yoh-2020,supplied worksheet record BAT02328 (southamerica_amazon_phyllostomid),yoh-2020-release,unspecified,,,,hand_release,,"BR | Central Brazilian Amazon (BDFFP, ~80km N of Manaus)",,,5,50,duration,species_summary,2.8,,,ms,,,1,2.8 1.8-4.6,definition_unstated,Imported from MASTER_call_records.csv record BAT02328; upload archive sha256 17ffdda2ba6929d03dabcce39119e90d4ee10712fdf690885b3d4a5128d3e464. [trait_class=call_parameter] [dietary_guild=Frugivore]
mst-7cfb6f4f0735fb,1004980,Phyllostomus discolor,exact,yoh-2020,supplied worksheet record BAT02064 (southamerica_amazon_phyllostomid),yoh-2020-release,unspecified,,,,hand_release,,"BR | Central Brazilian Amazon (BDFFP, ~80km N of Manaus)",,,5,50,duration,species_summary,4.1,,,ms,,,2,4.1 1.4-5.9,definition_unstated,Imported from MASTER_call_records.csv record BAT02064; upload archive sha256 17ffdda2ba6929d03dabcce39119e90d4ee10712fdf690885b3d4a5128d3e464. [trait_class=call_parameter] [dietary_guild=Insectivore]
mst-7d31bcfc44c486,1004982,Phyllostomus hastatus,exact,yoh-2020,supplied worksheet record BAT02091 (southamerica_amazon_phyllostomid),yoh-2020-release,unspecified,,,,hand_release,,"BR | Central Brazilian Amazon (BDFFP, ~80km N of Manaus)",,,3,30,min_frequency,species_summary,34,,,kHz,,,3,34,definition_unstated,Imported from MASTER_call_records.csv record BAT02091; upload archive sha256 17ffdda2ba6929d03dabcce39119e90d4ee10712fdf690885b3d4a5128d3e464. [trait_class=call_parameter] [dietary_guild=Insectivore]
mst-7e18d62088d4e1,1004874,Carollia castanea,exact,yoh-2020,supplied worksheet record BAT02180 (southamerica_amazon_phyllostomid),yoh-2020-release,unspecified,,,,hand_release,,"BR | Central Brazilian Amazon (BDFFP, ~80km N of Manaus)",,,1,10,max_frequency,species_summary,107,,,kHz,,,3,107,definition_unstated,"Imported from MASTER_call_records.csv record BAT02180; upload archive sha256 17ffdda2ba6929d03dabcce39119e90d4ee10712fdf690885b3d4a5128d3e464. [trait_class=call_parameter] [dietary_guild=Frugivore] | TAXONOMY FLAG 2026-09-08: C. castanea is listed as only a DOUBTFUL record for Brazil (Garbino et al. 2024, citing Uieda 1980) - its confirmed range is Central America and northwestern South America. Yoh et al. 2020 captured it at BDFFP near Manaus; either the species' confirmed range needs updating or this specific record needs re-examination. Measurements retained but excluded from confirmed Brazil coverage pending resolution."
mst-7ea0e9560f53ad,1005081,Sturnira lilium,exact,yoh-2020,supplied worksheet record BAT02288 (southamerica_amazon_phyllostomid),yoh-2020-release,unspecified,,,,hand_release,,"BR | Central Brazilian Amazon (BDFFP, ~80km N of Manaus)",,,1,10,max_frequency,species_summary,90.8,,,kHz,,,2,90.8,definition_unstated,Imported from MASTER_call_records.csv record BAT02288; upload archive sha256 17ffdda2ba6929d03dabcce39119e90d4ee10712fdf690885b3d4a5128d3e464. [trait_class=call_parameter] [dietary_guild=Frugivore]
mst-7efe4c5769fe51,1005056,Uroderma bilobatum,exact,yoh-2020,supplied worksheet record BAT02330 (southamerica_amazon_phyllostomid),yoh-2020-release,unspecified,,,,hand_release,,"BR | Central Brazilian Amazon (BDFFP, ~80km N of Manaus)",,,2,6,max_frequency,species_summary,91,,,kHz,,,2,91,definition_unstated,Imported from MASTER_call_records.csv record BAT02330; upload archive sha256 17ffdda2ba6929d03dabcce39119e90d4ee10712fdf690885b3d4a5128d3e464. [trait_class=call_parameter] [dietary_guild=Frugivore]
mst-7f0c451323bf78,1004979,Phylloderma stenops,exact,yoh-2020,supplied worksheet record BAT02046 (southamerica_amazon_phyllostomid),yoh-2020-release,unspecified,,,,hand_release,,"BR | Central Brazilian Amazon (BDFFP, ~80km N of Manaus)",,,3,24,duration,species_summary,1.7,,,ms,,,2,1.7 1.6-1.7,definition_unstated,Imported from MASTER_call_records.csv record BAT02046; upload archive sha256 17ffdda2ba6929d03dabcce39119e90d4ee10712fdf690885b3d4a5128d3e464. [trait_class=call_parameter] [dietary_guild=Insectivore]
mst-7f2c274a4f9183,1005093,Sturnira tildae,exact,yoh-2020,supplied worksheet record BAT02276 (southamerica_amazon_phyllostomid),yoh-2020-release,unspecified,,,,hand_release,,"BR | Central Brazilian Amazon (BDFFP, ~80km N of Manaus)",,,5,49,max_frequency,species_summary,100.4,,,kHz,,,2,100.4,definition_unstated,Imported from MASTER_call_records.csv record BAT02276; upload archive sha256 17ffdda2ba6929d03dabcce39119e90d4ee10712fdf690885b3d4a5128d3e464. [trait_class=call_parameter] [dietary_guild=Frugivore]
mst-8003cedc391a80,1004877,Carollia perspicillata,exact,yoh-2020,supplied worksheet record BAT02196 (southamerica_amazon_phyllostomid),yoh-2020-release,unspecified,,,,hand_release,,"BR | Central Brazilian Amazon (BDFFP, ~80km N of Manaus)",,,5,46,duration,species_summary,1.6,,,ms,,,3,1.6 1.2-2.1,definition_unstated,Imported from MASTER_call_records.csv record BAT02196; upload archive sha256 17ffdda2ba6929d03dabcce39119e90d4ee10712fdf690885b3d4a5128d3e464. [trait_class=call_parameter] [dietary_guild=Frugivore]
mst-80630597217302,1004880,Desmodus rotundus,exact,yoh-2020,supplied worksheet record BAT02350 (southamerica_amazon_phyllostomid),yoh-2020-release,unspecified,,,,hand_release,,"BR | Central Brazilian Amazon (BDFFP, ~80km N of Manaus)",,,4,40,start_frequency,species_summary,77,,,kHz,,,2,77 72-84,definition_unstated,Imported from MASTER_call_records.csv record BAT02350; upload archive sha256 17ffdda2ba6929d03dabcce39119e90d4ee10712fdf690885b3d4a5128d3e464. [trait_class=call_parameter] [dietary_guild=Sanguivore]
mst-830df28be5ebe2,1005056,Uroderma bilobatum,exact,yoh-2020,supplied worksheet record BAT02338 (southamerica_amazon_phyllostomid),yoh-2020-release,unspecified,,,,hand_release,,"BR | Central Brazilian Amazon (BDFFP, ~80km N of Manaus)",,,2,20,start_frequency,species_summary,109,,,kHz,,,3,109 96-116,definition_unstated,Imported from MASTER_call_records.csv record BAT02338; upload archive sha256 17ffdda2ba6929d03dabcce39119e90d4ee10712fdf690885b3d4a5128d3e464. [trait_class=call_parameter] [dietary_guild=Frugivore]
mst-8326d29ae016df,1005093,Sturnira tildae,exact,yoh-2020,supplied worksheet record BAT02279 (southamerica_amazon_phyllostomid),yoh-2020-release,unspecified,,,,hand_release,,"BR | Central Brazilian Amazon (BDFFP, ~80km N of Manaus)",,,5,49,end_frequency,species_summary,45,,,kHz,,,2,45 37-52,definition_unstated,Imported from MASTER_call_records.csv record BAT02279; upload archive sha256 17ffdda2ba6929d03dabcce39119e90d4ee10712fdf690885b3d4a5128d3e464. [trait_class=call_parameter] [dietary_guild=Frugivore]
mst-86f85f9da14a7c,1005013,Artibeus obscurus,exact,yoh-2020,supplied worksheet record BAT02237 (southamerica_amazon_phyllostomid),yoh-2020-release,unspecified,,,,hand_release,,"BR | Central Brazilian Amazon (BDFFP, ~80km N of Manaus)",,,8,80,end_frequency,species_summary,57,,,kHz,,,3,57 45-76,definition_unstated,Imported from MASTER_call_records.csv record BAT02237; upload archive sha256 17ffdda2ba6929d03dabcce39119e90d4ee10712fdf690885b3d4a5128d3e464. [trait_class=call_parameter] [dietary_guild=Frugivore]
mst-872184e7c10601,1004923,Trinycteris nicefori,exact,yoh-2020,supplied worksheet record BAT01993 (southamerica_amazon_phyllostomid),yoh-2020-release,unspecified,,,,hand_release,,"BR | Central Brazilian Amazon (BDFFP, ~80km N of Manaus)",,,3,30,max_frequency,species_summary,100,,,kHz,,,3,100,definition_unstated,Imported from MASTER_call_records.csv record BAT01993; upload archive sha256 17ffdda2ba6929d03dabcce39119e90d4ee10712fdf690885b3d4a5128d3e464. [trait_class=call_parameter] [dietary_guild=Insectivore]
mst-87fcf9620b56e2,1005093,Sturnira tildae,exact,yoh-2020,supplied worksheet record BAT02283 (southamerica_amazon_phyllostomid),yoh-2020-release,unspecified,,,,hand_release,,"BR | Central Brazilian Amazon (BDFFP, ~80km N of Manaus)",,,5,47,min_frequency,species_summary,61.6,,,kHz,,,3,61.6,definition_unstated,Imported from MASTER_call_records.csv record BAT02283; upload archive sha256 17ffdda2ba6929d03dabcce39119e90d4ee10712fdf690885b3d4a5128d3e464. [trait_class=call_parameter] [dietary_guild=Frugivore]
mst-88b06599600558,1004995,Ametrida centurio,exact,yoh-2020,supplied worksheet record BAT02327 (southamerica_amazon_phyllostomid),yoh-2020-release,unspecified,,,,hand_release,,"BR | Central Brazilian Amazon (BDFFP, ~80km N of Manaus)",,,5,50,end_frequency,species_summary,65,,,kHz,,,1,65 58-80,definition_unstated,Imported from MASTER_call_records.csv record BAT02327; upload archive sha256 17ffdda2ba6929d03dabcce39119e90d4ee10712fdf690885b3d4a5128d3e464. [trait_class=call_parameter] [dietary_guild=Frugivore]
mst-893ee983073835,1004923,Trinycteris nicefori,exact,yoh-2020,supplied worksheet record BAT01997 (southamerica_amazon_phyllostomid),yoh-2020-release,unspecified,,,,hand_release,,"BR | Central Brazilian Amazon (BDFFP, ~80km N of Manaus)",,,3,30,duration,species_summary,1.7,,,ms,,,3,1.7 1.0-2.5,definition_unstated,Imported from MASTER_call_records.csv record BAT01997; upload archive sha256 17ffdda2ba6929d03dabcce39119e90d4ee10712fdf690885b3d4a5128d3e464. [trait_class=call_parameter] [dietary_guild=Insectivore]
mst-89935e08ae919e,1004874,Carollia castanea,exact,yoh-2020,supplied worksheet record BAT02182 (southamerica_amazon_phyllostomid),yoh-2020-release,unspecified,,,,hand_release,,"BR | Central Brazilian Amazon (BDFFP, ~80km N of Manaus)",,,1,10,start_frequency,species_summary,100,,,kHz,,,3,100 93-104,definition_unstated,"Imported from MASTER_call_records.csv record BAT02182; upload archive sha256 17ffdda2ba6929d03dabcce39119e90d4ee10712fdf690885b3d4a5128d3e464. [trait_class=call_parameter] [dietary_guild=Frugivore] | TAXONOMY FLAG 2026-09-08: C. castanea is listed as only a DOUBTFUL record for Brazil (Garbino et al. 2024, citing Uieda 1980) - its confirmed range is Central America and northwestern South America. Yoh et al. 2020 captured it at BDFFP near Manaus; either the species' confirmed range needs updating or this specific record needs re-examination. Measurements retained but excluded from confirmed Brazil coverage pending resolution."
mst-89e5448cd70079,1004988,Chrotopterus auritus,exact,yoh-2020,supplied worksheet record BAT02105 (southamerica_amazon_phyllostomid),yoh-2020-release,unspecified,,,,hand_release,,"BR | Central Brazilian Amazon (BDFFP, ~80km N of Manaus)",,,4,40,end_frequency,species_summary,79,,,kHz,,,3,79 74-85,definition_unstated,Imported from MASTER_call_records.csv record BAT02105; upload archive sha256 17ffdda2ba6929d03dabcce39119e90d4ee10712fdf690885b3d4a5128d3e464. [trait_class=call_parameter] [dietary_guild=Insectivore/carnivore]
mst-8a1e4ca1a8c36e,1004980,Phyllostomus discolor,exact,yoh-2020,supplied worksheet record BAT02069 (southamerica_amazon_phyllostomid),yoh-2020-release,unspecified,,,,hand_release,,"BR | Central Brazilian Amazon (BDFFP, ~80km N of Manaus)",,,5,49,end_frequency,species_summary,48,,,kHz,,,3,48 43-56,definition_unstated,Imported from MASTER_call_records.csv record BAT02069; upload archive sha256 17ffdda2ba6929d03dabcce39119e90d4ee10712fdf690885b3d4a5128d3e464. [trait_class=call_parameter] [dietary_guild=Insectivore]
mst-8ad02855ad9175,1004995,Ametrida centurio,exact,yoh-2020,supplied worksheet record BAT02323 (southamerica_amazon_phyllostomid),yoh-2020-release,unspecified,,,,hand_release,,"BR | Central Brazilian Amazon (BDFFP, ~80km N of Manaus)",,,5,50,peak_frequency,species_summary,100,,,kHz,,,1,100 84-116,definition_unstated,"Imported from MASTER_call_records.csv record BAT02323; upload archive sha256 17ffdda2ba6929d03dabcce39119e90d4ee10712fdf690885b3d4a5128d3e464. [trait_class=call_parameter] [dietary_guild=Frugivore] | Harmonic 1 of 1 measured. Range in brackets = min-max across pulses, not +/-SD (source gives both; SD in dispersion_value where retrievable)."
mst-8b2f69dd1608d3,1005066,Vampyriscus brocki,exact,yoh-2020,supplied worksheet record BAT02253 (southamerica_amazon_phyllostomid),yoh-2020-release,unspecified,,,,hand_release,,"BR | Central Brazilian Amazon (BDFFP, ~80km N of Manaus)",,,2,19,min_frequency,species_summary,53,,,kHz,,,2,53,definition_unstated,Imported from MASTER_call_records.csv record BAT02253; upload archive sha256 17ffdda2ba6929d03dabcce39119e90d4ee10712fdf690885b3d4a5128d3e464. [trait_class=call_parameter] [dietary_guild=Frugivore]
mst-8ba261acc58172,1004994,Rhinophylla pumilio,exact,yoh-2020,supplied worksheet record BAT02206 (southamerica_amazon_phyllostomid),yoh-2020-release,unspecified,,,,hand_release,,"BR | Central Brazilian Amazon (BDFFP, ~80km N of Manaus)",,,5,48,start_frequency,species_summary,112,,,kHz,,,3,112 93-127,definition_unstated,Imported from MASTER_call_records.csv record BAT02206; upload archive sha256 17ffdda2ba6929d03dabcce39119e90d4ee10712fdf690885b3d4a5128d3e464. [trait_class=call_parameter] [dietary_guild=Frugivore]
mst-8c6e70a31bf43a,1005065,Vampyriscus bidens,exact,yoh-2020,supplied worksheet record BAT02267 (southamerica_amazon_phyllostomid),yoh-2020-release,unspecified,,,,hand_release,,"BR | Central Brazilian Amazon (BDFFP, ~80km N of Manaus)",,,2,13,end_frequency,species_summary,60,,,kHz,,,2,60 57-65,definition_unstated,Imported from MASTER_call_records.csv record BAT02267; upload archive sha256 17ffdda2ba6929d03dabcce39119e90d4ee10712fdf690885b3d4a5128d3e464. [trait_class=call_parameter] [dietary_guild=Frugivore]
mst-8cd6045aec12d7,1004877,Carollia perspicillata,exact,yoh-2020,supplied worksheet record BAT02187 (southamerica_amazon_phyllostomid),yoh-2020-release,unspecified,,,,hand_release,,"BR | Central Brazilian Amazon (BDFFP, ~80km N of Manaus)",,,5,50,min_frequency,species_summary,47,,,kHz,,,2,47,definition_unstated,Imported from MASTER_call_records.csv record BAT02187; upload archive sha256 17ffdda2ba6929d03dabcce39119e90d4ee10712fdf690885b3d4a5128d3e464. [trait_class=call_parameter] [dietary_guild=Frugivore]
mst-8d152f98055487,1004978,Lophostoma silvicolum,synonym_via_mdd,yoh-2020,supplied worksheet record BAT01999 (southamerica_amazon_phyllostomid),yoh-2020-release,unspecified,,,,hand_release,,"BR | Central Brazilian Amazon (BDFFP, ~80km N of Manaus)",,,2,20,max_frequency,species_summary,85,,,kHz,,,2,85,definition_unstated,Imported from MASTER_call_records.csv record BAT01999; upload archive sha256 17ffdda2ba6929d03dabcce39119e90d4ee10712fdf690885b3d4a5128d3e464. [trait_class=call_parameter] [dietary_guild=Insectivore]
mst-8d732be83a4cb5,1004980,Phyllostomus discolor,exact,yoh-2020,supplied worksheet record BAT02067 (southamerica_amazon_phyllostomid),yoh-2020-release,unspecified,,,,hand_release,,"BR | Central Brazilian Amazon (BDFFP, ~80km N of Manaus)",,,5,49,min_frequency,species_summary,38,,,kHz,,,3,38,definition_unstated,Imported from MASTER_call_records.csv record BAT02067; upload archive sha256 17ffdda2ba6929d03dabcce39119e90d4ee10712fdf690885b3d4a5128d3e464. [trait_class=call_parameter] [dietary_guild=Insectivore]
mst-8eabe70fb06b13,1004988,Chrotopterus auritus,exact,yoh-2020,supplied worksheet record BAT02102 (southamerica_amazon_phyllostomid),yoh-2020-release,unspecified,,,,hand_release,,"BR | Central Brazilian Amazon (BDFFP, ~80km N of Manaus)",,,4,40,max_frequency,species_summary,117,,,kHz,,,3,117,definition_unstated,Imported from MASTER_call_records.csv record BAT02102; upload archive sha256 17ffdda2ba6929d03dabcce39119e90d4ee10712fdf690885b3d4a5128d3e464. [trait_class=call_parameter] [dietary_guild=Insectivore/carnivore]
mst-8eef539a7d2c6f,1004923,Trinycteris nicefori,exact,yoh-2020,supplied worksheet record BAT01987 (southamerica_amazon_phyllostomid),yoh-2020-release,unspecified,,,,hand_release,,"BR | Central Brazilian Amazon (BDFFP, ~80km N of Manaus)",,,3,26,max_frequency,species_summary,77,,,kHz,,,2,77,definition_unstated,Imported from MASTER_call_records.csv record BAT01987; upload archive sha256 17ffdda2ba6929d03dabcce39119e90d4ee10712fdf690885b3d4a5128d3e464. [trait_class=call_parameter] [dietary_guild=Insectivore]
mst-9174f040b6f0f6,1005093,Sturnira tildae,exact,yoh-2020,supplied worksheet record BAT02284 (southamerica_amazon_phyllostomid),yoh-2020-release,unspecified,,,,hand_release,,"BR | Central Brazilian Amazon (BDFFP, ~80km N of Manaus)",,,5,47,start_frequency,species_summary,107,,,kHz,,,3,107 93-128,definition_unstated,Imported from MASTER_call_records.csv record BAT02284; upload archive sha256 17ffdda2ba6929d03dabcce39119e90d4ee10712fdf690885b3d4a5128d3e464. [trait_class=call_parameter] [dietary_guild=Frugivore]
mst-91a5db83d71de1,1004952,Lampronycteris brachyotis,exact,yoh-2020,supplied worksheet record BAT01985 (southamerica_amazon_phyllostomid),yoh-2020-release,unspecified,,,,hand_release,,"BR | Central Brazilian Amazon (BDFFP, ~80km N of Manaus)",,,1,8,duration,species_summary,1.8,,,ms,,,2,1.8 1.5-2.0,definition_unstated,Imported from MASTER_call_records.csv record BAT01985; upload archive sha256 17ffdda2ba6929d03dabcce39119e90d4ee10712fdf690885b3d4a5128d3e464. [trait_class=call_parameter] [dietary_guild=Insectivore]
mst-92940a8e609d0c,1005056,Uroderma bilobatum,exact,yoh-2020,supplied worksheet record BAT02331 (southamerica_amazon_phyllostomid),yoh-2020-release,unspecified,,,,hand_release,,"BR | Central Brazilian Amazon (BDFFP, ~80km N of Manaus)",,,2,6,min_frequency,species_summary,52,,,kHz,,,2,52,definition_unstated,Imported from MASTER_call_records.csv record BAT02331; upload archive sha256 17ffdda2ba6929d03dabcce39119e90d4ee10712fdf690885b3d4a5128d3e464. [trait_class=call_parameter] [dietary_guild=Frugivore]
mst-93c187b24bdab4,1004988,Chrotopterus auritus,exact,yoh-2020,supplied worksheet record BAT02095 (southamerica_amazon_phyllostomid),yoh-2020-release,unspecified,,,,hand_release,,"BR | Central Brazilian Amazon (BDFFP, ~80km N of Manaus)",,,4,25,peak_frequency,species_summary,77,,,kHz,,,2,77 76-78,definition_unstated,"Imported from MASTER_call_records.csv record BAT02095; upload archive sha256 17ffdda2ba6929d03dabcce39119e90d4ee10712fdf690885b3d4a5128d3e464. [trait_class=call_parameter] [dietary_guild=Insectivore/carnivore] | Harmonic 2 of 2 measured. Range in brackets = min-max across pulses, not +/-SD (source gives both; SD in dispersion_value where retrievable)."
mst-9415bb92031d68,1004873,Carollia brevicauda,exact,yoh-2020,supplied worksheet record BAT02170 (southamerica_amazon_phyllostomid),yoh-2020-release,unspecified,,,,hand_release,,"BR | Central Brazilian Amazon (BDFFP, ~80km N of Manaus)",,,4,38,start_frequency,species_summary,79,,,kHz,,,2,79 74-84,definition_unstated,Imported from MASTER_call_records.csv record BAT02170; upload archive sha256 17ffdda2ba6929d03dabcce39119e90d4ee10712fdf690885b3d4a5128d3e464. [trait_class=call_parameter] [dietary_guild=Frugivore]
mst-94593bce969d8e,1004880,Desmodus rotundus,exact,yoh-2020,supplied worksheet record BAT02357 (southamerica_amazon_phyllostomid),yoh-2020-release,unspecified,,,,hand_release,,"BR | Central Brazilian Amazon (BDFFP, ~80km N of Manaus)",,,4,27,end_frequency,species_summary,67,,,kHz,,,3,67 66-72,definition_unstated,Imported from MASTER_call_records.csv record BAT02357; upload archive sha256 17ffdda2ba6929d03dabcce39119e90d4ee10712fdf690885b3d4a5128d3e464. [trait_class=call_parameter] [dietary_guild=Sanguivore]
mst-9579a11f3a2f0a,1005031,Mesophylla macconnelli,exact,yoh-2020,supplied worksheet record BAT02296 (southamerica_amazon_phyllostomid),yoh-2020-release,unspecified,,,,hand_release,,"BR | Central Brazilian Amazon (BDFFP, ~80km N of Manaus)",,,1,9,start_frequency,species_summary,112,,,kHz,,,1,112 106-119,definition_unstated,Imported from MASTER_call_records.csv record BAT02296; upload archive sha256 17ffdda2ba6929d03dabcce39119e90d4ee10712fdf690885b3d4a5128d3e464. [trait_class=call_parameter] [dietary_guild=Frugivore]
mst-95832846cb5265,1005004,Artibeus concolor,exact,yoh-2020,supplied worksheet record BAT02248 (southamerica_amazon_phyllostomid),yoh-2020-release,unspecified,,,,hand_release,,"BR | Central Brazilian Amazon (BDFFP, ~80km N of Manaus)",,,9,90,start_frequency,species_summary,111,,,kHz,,,2,111 99-126,definition_unstated,Imported from MASTER_call_records.csv record BAT02248; upload archive sha256 17ffdda2ba6929d03dabcce39119e90d4ee10712fdf690885b3d4a5128d3e464. [trait_class=call_parameter] [dietary_guild=Frugivore]
mst-9650ce44a10ca2,1004978,Lophostoma silvicolum,synonym_via_mdd,yoh-2020,supplied worksheet record BAT02003 (southamerica_amazon_phyllostomid),yoh-2020-release,unspecified,,,,hand_release,,"BR | Central Brazilian Amazon (BDFFP, ~80km N of Manaus)",,,2,20,duration,species_summary,1.6,,,ms,,,2,1.6 1.1-2.0,definition_unstated,Imported from MASTER_call_records.csv record BAT02003; upload archive sha256 17ffdda2ba6929d03dabcce39119e90d4ee10712fdf690885b3d4a5128d3e464. [trait_class=call_parameter] [dietary_guild=Insectivore]
mst-96e2ad50d5ebd8,1004900,Choeroniscus minor,exact,yoh-2020,supplied worksheet record BAT02160 (southamerica_amazon_phyllostomid),yoh-2020-release,unspecified,,,,hand_release,,"BR | Central Brazilian Amazon (BDFFP, ~80km N of Manaus)",,,1,10,duration,species_summary,2,,,ms,,,1,2.0 1.6-2.4,definition_unstated,Imported from MASTER_call_records.csv record BAT02160; upload archive sha256 17ffdda2ba6929d03dabcce39119e90d4ee10712fdf690885b3d4a5128d3e464. [trait_class=call_parameter] [dietary_guild=Nectarivore]
mst-97a3e69ebdd5b3,1005056,Uroderma bilobatum,exact,yoh-2020,supplied worksheet record BAT02333 (southamerica_amazon_phyllostomid),yoh-2020-release,unspecified,,,,hand_release,,"BR | Central Brazilian Amazon (BDFFP, ~80km N of Manaus)",,,2,6,end_frequency,species_summary,56,,,kHz,,,2,56 52-59,definition_unstated,Imported from MASTER_call_records.csv record BAT02333; upload archive sha256 17ffdda2ba6929d03dabcce39119e90d4ee10712fdf690885b3d4a5128d3e464. [trait_class=call_parameter] [dietary_guild=Frugivore]
mst-9983aa20d20bd5,1004956,Micronycteris hirsuta,exact,yoh-2020,supplied worksheet record BAT02116 (southamerica_amazon_phyllostomid),yoh-2020-release,unspecified,,,,hand_release,,"BR | Central Brazilian Amazon (BDFFP, ~80km N of Manaus)",,,3,25,start_frequency,species_summary,63,,,kHz,,,2,63 59-68,definition_unstated,Imported from MASTER_call_records.csv record BAT02116; upload archive sha256 17ffdda2ba6929d03dabcce39119e90d4ee10712fdf690885b3d4a5128d3e464. [trait_class=call_parameter] [dietary_guild=Insectivore]
mst-9a74697ea13858,1004877,Carollia perspicillata,exact,yoh-2020,supplied worksheet record BAT02195 (southamerica_amazon_phyllostomid),yoh-2020-release,unspecified,,,,hand_release,,"BR | Central Brazilian Amazon (BDFFP, ~80km N of Manaus)",,,5,46,end_frequency,species_summary,75,,,kHz,,,3,75 71-86,definition_unstated,Imported from MASTER_call_records.csv record BAT02195; upload archive sha256 17ffdda2ba6929d03dabcce39119e90d4ee10712fdf690885b3d4a5128d3e464. [trait_class=call_parameter] [dietary_guild=Frugivore]
mst-9aac5237fb070e,1004956,Micronycteris hirsuta,exact,yoh-2020,supplied worksheet record BAT02118 (southamerica_amazon_phyllostomid),yoh-2020-release,unspecified,,,,hand_release,,"BR | Central Brazilian Amazon (BDFFP, ~80km N of Manaus)",,,3,25,duration,species_summary,1.3,,,ms,,,2,1.3 1.0-1.8,definition_unstated,Imported from MASTER_call_records.csv record BAT02118; upload archive sha256 17ffdda2ba6929d03dabcce39119e90d4ee10712fdf690885b3d4a5128d3e464. [trait_class=call_parameter] [dietary_guild=Insectivore]
mst-9b1d7f036b7cf2,1005012,Artibeus lituratus,exact,yoh-2020,supplied worksheet record BAT02222 (southamerica_amazon_phyllostomid),yoh-2020-release,unspecified,,,,hand_release,,"BR | Central Brazilian Amazon (BDFFP, ~80km N of Manaus)",,,10,99,max_frequency,species_summary,94,,,kHz,,,2,94,definition_unstated,Imported from MASTER_call_records.csv record BAT02222; upload archive sha256 17ffdda2ba6929d03dabcce39119e90d4ee10712fdf690885b3d4a5128d3e464. [trait_class=call_parameter] [dietary_guild=Frugivore]
mst-9baafcb5fa3657,1004880,Desmodus rotundus,exact,yoh-2020,supplied worksheet record BAT02354 (southamerica_amazon_phyllostomid),yoh-2020-release,unspecified,,,,hand_release,,"BR | Central Brazilian Amazon (BDFFP, ~80km N of Manaus)",,,4,27,max_frequency,species_summary,111,,,kHz,,,3,111,definition_unstated,Imported from MASTER_call_records.csv record BAT02354; upload archive sha256 17ffdda2ba6929d03dabcce39119e90d4ee10712fdf690885b3d4a5128d3e464. [trait_class=call_parameter] [dietary_guild=Sanguivore]
mst-9cc45abbf5fc97,1005066,Vampyriscus brocki,exact,yoh-2020,supplied worksheet record BAT02252 (southamerica_amazon_phyllostomid),yoh-2020-release,unspecified,,,,hand_release,,"BR | Central Brazilian Amazon (BDFFP, ~80km N of Manaus)",,,2,19,max_frequency,species_summary,101,,,kHz,,,2,101,definition_unstated,Imported from MASTER_call_records.csv record BAT02252; upload archive sha256 17ffdda2ba6929d03dabcce39119e90d4ee10712fdf690885b3d4a5128d3e464. [trait_class=call_parameter] [dietary_guild=Frugivore]
mst-9cec1cd2b2cb42,1005015,Artibeus planirostris,exact,yoh-2020,supplied worksheet record BAT02217 (southamerica_amazon_phyllostomid),yoh-2020-release,unspecified,,,,hand_release,,"BR | Central Brazilian Amazon (BDFFP, ~80km N of Manaus)",,,6,57,min_frequency,species_summary,46,,,kHz,,,3,46,definition_unstated,Imported from MASTER_call_records.csv record BAT02217; upload archive sha256 17ffdda2ba6929d03dabcce39119e90d4ee10712fdf690885b3d4a5128d3e464. [trait_class=call_parameter] [dietary_guild=Frugivore]
mst-9d3d6f0be45b4c,1004920,Glyphonycteris daviesi,exact,yoh-2020,supplied worksheet record BAT02108 (southamerica_amazon_phyllostomid),yoh-2020-release,unspecified,,,,hand_release,,"BR | Central Brazilian Amazon (BDFFP, ~80km N of Manaus)",,,1,10,max_frequency,species_summary,80,,,kHz,,,3,80,definition_unstated,Imported from MASTER_call_records.csv record BAT02108; upload archive sha256 17ffdda2ba6929d03dabcce39119e90d4ee10712fdf690885b3d4a5128d3e464. [trait_class=call_parameter] [dietary_guild=Insectivore/carnivore]
mst-9db561e39e02e5,1004979,Phylloderma stenops,exact,yoh-2020,supplied worksheet record BAT02049 (southamerica_amazon_phyllostomid),yoh-2020-release,unspecified,,,,hand_release,,"BR | Central Brazilian Amazon (BDFFP, ~80km N of Manaus)",,,3,30,min_frequency,species_summary,47,,,kHz,,,3,47,definition_unstated,Imported from MASTER_call_records.csv record BAT02049; upload archive sha256 17ffdda2ba6929d03dabcce39119e90d4ee10712fdf690885b3d4a5128d3e464. [trait_class=call_parameter] [dietary_guild=Insectivore]
mst-9dfe7d90b49b8d,1004927,Hsunycteris thomasi,exact,yoh-2020,supplied worksheet record BAT02146 (southamerica_amazon_phyllostomid),yoh-2020-release,unspecified,,,,hand_release,,"BR | Central Brazilian Amazon (BDFFP, ~80km N of Manaus)",,,2,10,start_frequency,species_summary,83,,,kHz,,,3,83 79-87,definition_unstated,Imported from MASTER_call_records.csv record BAT02146; upload archive sha256 17ffdda2ba6929d03dabcce39119e90d4ee10712fdf690885b3d4a5128d3e464. [trait_class=call_parameter] [dietary_guild=Nectarivore]
mst-a135b9b8f14fc9,1004972,Lophostoma brasiliense,exact,yoh-2020,supplied worksheet record BAT02009 (southamerica_amazon_phyllostomid),yoh-2020-release,unspecified,,,,hand_release,,"BR | Central Brazilian Amazon (BDFFP, ~80km N of Manaus)",,,2,20,duration,species_summary,1.9,,,ms,,,3,1.9 1.5-2.3,definition_unstated,Imported from MASTER_call_records.csv record BAT02009; upload archive sha256 17ffdda2ba6929d03dabcce39119e90d4ee10712fdf690885b3d4a5128d3e464. [trait_class=call_parameter] [dietary_guild=Insectivore]
mst-a31292164a9ee3,1004923,Trinycteris nicefori,exact,yoh-2020,supplied worksheet record BAT01992 (southamerica_amazon_phyllostomid),yoh-2020-release,unspecified,,,,hand_release,,"BR | Central Brazilian Amazon (BDFFP, ~80km N of Manaus)",,,3,30,peak_frequency,species_summary,73,,,kHz,,,3,73 70-76,definition_unstated,"Imported from MASTER_call_records.csv record BAT01992; upload archive sha256 17ffdda2ba6929d03dabcce39119e90d4ee10712fdf690885b3d4a5128d3e464. [trait_class=call_parameter] [dietary_guild=Insectivore] | Harmonic 3 of 2 measured. Range in brackets = min-max across pulses, not +/-SD (source gives both; SD in dispersion_value where retrievable)."
mst-a398720e97a134,1005004,Artibeus concolor,exact,yoh-2020,supplied worksheet record BAT02245 (southamerica_amazon_phyllostomid),yoh-2020-release,unspecified,,,,hand_release,,"BR | Central Brazilian Amazon (BDFFP, ~80km N of Manaus)",,,9,90,peak_frequency,species_summary,95,,,kHz,,,2,95 78-104,definition_unstated,"Imported from MASTER_call_records.csv record BAT02245; upload archive sha256 17ffdda2ba6929d03dabcce39119e90d4ee10712fdf690885b3d4a5128d3e464. [trait_class=call_parameter] [dietary_guild=Frugivore] | Harmonic 2 of 1 measured. Range in brackets = min-max across pulses, not +/-SD (source gives both; SD in dispersion_value where retrievable)."
mst-a4495808a38bbc,1004994,Rhinophylla pumilio,exact,yoh-2020,supplied worksheet record BAT02201 (southamerica_amazon_phyllostomid),yoh-2020-release,unspecified,,,,hand_release,,"BR | Central Brazilian Amazon (BDFFP, ~80km N of Manaus)",,,5,49,end_frequency,species_summary,51,,,kHz,,,2,51 41-61,definition_unstated,Imported from MASTER_call_records.csv record BAT02201; upload archive sha256 17ffdda2ba6929d03dabcce39119e90d4ee10712fdf690885b3d4a5128d3e464. [trait_class=call_parameter] [dietary_guild=Frugivore]
mst-a4575a2ab27bf8,1004913,Glossophaga soricina,exact,yoh-2020,supplied worksheet record BAT02139 (southamerica_amazon_phyllostomid),yoh-2020-release,unspecified,,,,hand_release,,"BR | Central Brazilian Amazon (BDFFP, ~80km N of Manaus)",,,1,10,min_frequency,species_summary,34,,,kHz,,,2,34,definition_unstated,Imported from MASTER_call_records.csv record BAT02139; upload archive sha256 17ffdda2ba6929d03dabcce39119e90d4ee10712fdf690885b3d4a5128d3e464. [trait_class=call_parameter] [dietary_guild=Nectarivore]
mst-a5d2fe7ffb3d93,1005093,Sturnira tildae,exact,yoh-2020,supplied worksheet record BAT02280 (southamerica_amazon_phyllostomid),yoh-2020-release,unspecified,,,,hand_release,,"BR | Central Brazilian Amazon (BDFFP, ~80km N of Manaus)",,,5,49,duration,species_summary,2.2,,,ms,,,2,2.2 1.5-3.1,definition_unstated,Imported from MASTER_call_records.csv record BAT02280; upload archive sha256 17ffdda2ba6929d03dabcce39119e90d4ee10712fdf690885b3d4a5128d3e464. [trait_class=call_parameter] [dietary_guild=Frugivore]
mst-a6661560722eda,1004873,Carollia brevicauda,exact,yoh-2020,supplied worksheet record BAT02169 (southamerica_amazon_phyllostomid),yoh-2020-release,unspecified,,,,hand_release,,"BR | Central Brazilian Amazon (BDFFP, ~80km N of Manaus)",,,4,38,min_frequency,species_summary,39,,,kHz,,,2,39,definition_unstated,Imported from MASTER_call_records.csv record BAT02169; upload archive sha256 17ffdda2ba6929d03dabcce39119e90d4ee10712fdf690885b3d4a5128d3e464. [trait_class=call_parameter] [dietary_guild=Frugivore]
mst-a70d3cba7cf1f7,1004880,Desmodus rotundus,exact,yoh-2020,supplied worksheet record BAT02348 (southamerica_amazon_phyllostomid),yoh-2020-release,unspecified,,,,hand_release,,"BR | Central Brazilian Amazon (BDFFP, ~80km N of Manaus)",,,4,40,max_frequency,species_summary,84,,,kHz,,,2,84,definition_unstated,Imported from MASTER_call_records.csv record BAT02348; upload archive sha256 17ffdda2ba6929d03dabcce39119e90d4ee10712fdf690885b3d4a5128d3e464. [trait_class=call_parameter] [dietary_guild=Sanguivore]
mst-a7480600283f9d,1005093,Sturnira tildae,exact,yoh-2020,supplied worksheet record BAT02282 (southamerica_amazon_phyllostomid),yoh-2020-release,unspecified,,,,hand_release,,"BR | Central Brazilian Amazon (BDFFP, ~80km N of Manaus)",,,5,47,max_frequency,species_summary,132.8,,,kHz,,,3,132.8,definition_unstated,Imported from MASTER_call_records.csv record BAT02282; upload archive sha256 17ffdda2ba6929d03dabcce39119e90d4ee10712fdf690885b3d4a5128d3e464. [trait_class=call_parameter] [dietary_guild=Frugivore]
mst-a8500edea185dc,1005031,Mesophylla macconnelli,exact,yoh-2020,supplied worksheet record BAT02294 (southamerica_amazon_phyllostomid),yoh-2020-release,unspecified,,,,hand_release,,"BR | Central Brazilian Amazon (BDFFP, ~80km N of Manaus)",,,1,9,max_frequency,species_summary,123,,,kHz,,,1,123,definition_unstated,Imported from MASTER_call_records.csv record BAT02294; upload archive sha256 17ffdda2ba6929d03dabcce39119e90d4ee10712fdf690885b3d4a5128d3e464. [trait_class=call_parameter] [dietary_guild=Frugivore]
mst-a874e62c027d1a,1005013,Artibeus obscurus,exact,yoh-2020,supplied worksheet record BAT02239 (southamerica_amazon_phyllostomid),yoh-2020-release,unspecified,,,,hand_release,,"BR | Central Brazilian Amazon (BDFFP, ~80km N of Manaus)",,,8,50,peak_frequency,species_summary,88,,,kHz,,,4,88 78-94,definition_unstated,"Imported from MASTER_call_records.csv record BAT02239; upload archive sha256 17ffdda2ba6929d03dabcce39119e90d4ee10712fdf690885b3d4a5128d3e464. [trait_class=call_parameter] [dietary_guild=Frugivore] | Harmonic 4 of 3 measured. Range in brackets = min-max across pulses, not +/-SD (source gives both; SD in dispersion_value where retrievable)."
mst-a93e1dda7c613c,1004994,Rhinophylla pumilio,exact,yoh-2020,supplied worksheet record BAT02197 (southamerica_amazon_phyllostomid),yoh-2020-release,unspecified,,,,hand_release,,"BR | Central Brazilian Amazon (BDFFP, ~80km N of Manaus)",,,5,49,peak_frequency,species_summary,67,,,kHz,,,2,67 57-82,definition_unstated,"Imported from MASTER_call_records.csv record BAT02197; upload archive sha256 17ffdda2ba6929d03dabcce39119e90d4ee10712fdf690885b3d4a5128d3e464. [trait_class=call_parameter] [dietary_guild=Frugivore] | Harmonic 2 of 2 measured. Range in brackets = min-max across pulses, not +/-SD (source gives both; SD in dispersion_value where retrievable)."
mst-a973cf232f8d6d,1005015,Artibeus planirostris,exact,yoh-2020,supplied worksheet record BAT02212 (southamerica_amazon_phyllostomid),yoh-2020-release,unspecified,,,,hand_release,,"BR | Central Brazilian Amazon (BDFFP, ~80km N of Manaus)",,,6,60,start_frequency,species_summary,65,,,kHz,,,2,65 53-76,definition_unstated,Imported from MASTER_call_records.csv record BAT02212; upload archive sha256 17ffdda2ba6929d03dabcce39119e90d4ee10712fdf690885b3d4a5128d3e464. [trait_class=call_parameter] [dietary_guild=Frugivore]
mst-a97733c504297f,1004979,Phylloderma stenops,exact,yoh-2020,supplied worksheet record BAT02048 (southamerica_amazon_phyllostomid),yoh-2020-release,unspecified,,,,hand_release,,"BR | Central Brazilian Amazon (BDFFP, ~80km N of Manaus)",,,3,30,max_frequency,species_summary,87,,,kHz,,,3,87,definition_unstated,Imported from MASTER_call_records.csv record BAT02048; upload archive sha256 17ffdda2ba6929d03dabcce39119e90d4ee10712fdf690885b3d4a5128d3e464. [trait_class=call_parameter] [dietary_guild=Insectivore]
mst-a97a1f9c1160b7,1004969,Gardnerycteris crenulatum,manual,yoh-2020,supplied worksheet record BAT02054 (southamerica_amazon_phyllostomid),yoh-2020-release,unspecified,,,,hand_release,,"BR | Central Brazilian Amazon (BDFFP, ~80km N of Manaus)",,,4,40,max_frequency,species_summary,91,,,kHz,,,3,91,definition_unstated,Imported from MASTER_call_records.csv record BAT02054; upload archive sha256 17ffdda2ba6929d03dabcce39119e90d4ee10712fdf690885b3d4a5128d3e464. [trait_class=call_parameter] [dietary_guild=Insectivore]
mst-aa90f4df72bd90,1005065,Vampyriscus bidens,exact,yoh-2020,supplied worksheet record BAT02269 (southamerica_amazon_phyllostomid),yoh-2020-release,unspecified,,,,hand_release,,"BR | Central Brazilian Amazon (BDFFP, ~80km N of Manaus)",,,2,16,peak_frequency,species_summary,101,,,kHz,,,3,101 95.8-103.2,definition_unstated,"Imported from MASTER_call_records.csv record BAT02269; upload archive sha256 17ffdda2ba6929d03dabcce39119e90d4ee10712fdf690885b3d4a5128d3e464. [trait_class=call_parameter] [dietary_guild=Frugivore] | Harmonic 3 of 2 measured. Range in brackets = min-max across pulses, not +/-SD (source gives both; SD in dispersion_value where retrievable)."
mst-ab348eb11d2436,1005015,Artibeus planirostris,exact,yoh-2020,supplied worksheet record BAT02219 (southamerica_amazon_phyllostomid),yoh-2020-release,unspecified,,,,hand_release,,"BR | Central Brazilian Amazon (BDFFP, ~80km N of Manaus)",,,6,57,end_frequency,species_summary,55,,,kHz,,,3,55 46-70,definition_unstated,Imported from MASTER_call_records.csv record BAT02219; upload archive sha256 17ffdda2ba6929d03dabcce39119e90d4ee10712fdf690885b3d4a5128d3e464. [trait_class=call_parameter] [dietary_guild=Frugivore]
mst-ab74baffbca6d4,1005093,Sturnira tildae,exact,yoh-2020,supplied worksheet record BAT02281 (southamerica_amazon_phyllostomid),yoh-2020-release,unspecified,,,,hand_release,,"BR | Central Brazilian Amazon (BDFFP, ~80km N of Manaus)",,,5,47,peak_frequency,species_summary,84.1,,,kHz,,,3,84.1 75.9-97.7,definition_unstated,"Imported from MASTER_call_records.csv record BAT02281; upload archive sha256 17ffdda2ba6929d03dabcce39119e90d4ee10712fdf690885b3d4a5128d3e464. [trait_class=call_parameter] [dietary_guild=Frugivore] | Harmonic 3 of 2 measured. Range in brackets = min-max across pulses, not +/-SD (source gives both; SD in dispersion_value where retrievable)."
mst-abb94896fde2eb,1004952,Lampronycteris brachyotis,exact,yoh-2020,supplied worksheet record BAT01979 (southamerica_amazon_phyllostomid),yoh-2020-release,unspecified,,,,hand_release,,"BR | Central Brazilian Amazon (BDFFP, ~80km N of Manaus)",,,1,9,duration,species_summary,1.7,,,ms,,,1,1.7 1.3-2.0,definition_unstated,Imported from MASTER_call_records.csv record BAT01979; upload archive sha256 17ffdda2ba6929d03dabcce39119e90d4ee10712fdf690885b3d4a5128d3e464. [trait_class=call_parameter] [dietary_guild=Insectivore]
mst-abf0ccea762d65,1004994,Rhinophylla pumilio,exact,yoh-2020,supplied worksheet record BAT02203 (southamerica_amazon_phyllostomid),yoh-2020-release,unspecified,,,,hand_release,,"BR | Central Brazilian Amazon (BDFFP, ~80km N of Manaus)",,,5,48,peak_frequency,species_summary,91,,,kHz,,,3,91 86-102,definition_unstated,"Imported from MASTER_call_records.csv record BAT02203; upload archive sha256 17ffdda2ba6929d03dabcce39119e90d4ee10712fdf690885b3d4a5128d3e464. [trait_class=call_parameter] [dietary_guild=Frugivore] | Harmonic 3 of 2 measured. Range in brackets = min-max across pulses, not +/-SD (source gives both; SD in dispersion_value where retrievable)."
mst-abf5768f2a72cf,1004978,Lophostoma silvicolum,synonym_via_mdd,yoh-2020,supplied worksheet record BAT02001 (southamerica_amazon_phyllostomid),yoh-2020-release,unspecified,,,,hand_release,,"BR | Central Brazilian Amazon (BDFFP, ~80km N of Manaus)",,,2,20,start_frequency,species_summary,72,,,kHz,,,2,72 64-85,definition_unstated,Imported from MASTER_call_records.csv record BAT02001; upload archive sha256 17ffdda2ba6929d03dabcce39119e90d4ee10712fdf690885b3d4a5128d3e464. [trait_class=call_parameter] [dietary_guild=Insectivore]
mst-ad8d276caf600b,1004994,Rhinophylla pumilio,exact,yoh-2020,supplied worksheet record BAT02204 (southamerica_amazon_phyllostomid),yoh-2020-release,unspecified,,,,hand_release,,"BR | Central Brazilian Amazon (BDFFP, ~80km N of Manaus)",,,5,48,max_frequency,species_summary,127,,,kHz,,,3,127,definition_unstated,Imported from MASTER_call_records.csv record BAT02204; upload archive sha256 17ffdda2ba6929d03dabcce39119e90d4ee10712fdf690885b3d4a5128d3e464. [trait_class=call_parameter] [dietary_guild=Frugivore]
mst-adc301d5f76b03,1005031,Mesophylla macconnelli,exact,yoh-2020,supplied worksheet record BAT02300 (southamerica_amazon_phyllostomid),yoh-2020-release,unspecified,,,,hand_release,,"BR | Central Brazilian Amazon (BDFFP, ~80km N of Manaus)",,,1,7,max_frequency,species_summary,145,,,kHz,,,2,145,definition_unstated,Imported from MASTER_call_records.csv record BAT02300; upload archive sha256 17ffdda2ba6929d03dabcce39119e90d4ee10712fdf690885b3d4a5128d3e464. [trait_class=call_parameter] [dietary_guild=Frugivore]
mst-adcf359d7626c1,1004923,Trinycteris nicefori,exact,yoh-2020,supplied worksheet record BAT01990 (southamerica_amazon_phyllostomid),yoh-2020-release,unspecified,,,,hand_release,,"BR | Central Brazilian Amazon (BDFFP, ~80km N of Manaus)",,,3,26,end_frequency,species_summary,41,,,kHz,,,2,41 37-43,definition_unstated,Imported from MASTER_call_records.csv record BAT01990; upload archive sha256 17ffdda2ba6929d03dabcce39119e90d4ee10712fdf690885b3d4a5128d3e464. [trait_class=call_parameter] [dietary_guild=Insectivore]
mst-ae53b47e141fdc,1005056,Uroderma bilobatum,exact,yoh-2020,supplied worksheet record BAT02335 (southamerica_amazon_phyllostomid),yoh-2020-release,unspecified,,,,hand_release,,"BR | Central Brazilian Amazon (BDFFP, ~80km N of Manaus)",,,2,20,peak_frequency,species_summary,90,,,kHz,,,3,90 86-96,definition_unstated,"Imported from MASTER_call_records.csv record BAT02335; upload archive sha256 17ffdda2ba6929d03dabcce39119e90d4ee10712fdf690885b3d4a5128d3e464. [trait_class=call_parameter] [dietary_guild=Frugivore] | Harmonic 3 of 2 measured. Range in brackets = min-max across pulses, not +/-SD (source gives both; SD in dispersion_value where retrievable)."
mst-afadcaa3ddf8dc,1005013,Artibeus obscurus,exact,yoh-2020,supplied worksheet record BAT02235 (southamerica_amazon_phyllostomid),yoh-2020-release,unspecified,,,,hand_release,,"BR | Central Brazilian Amazon (BDFFP, ~80km N of Manaus)",,,8,80,min_frequency,species_summary,42,,,kHz,,,3,42,definition_unstated,Imported from MASTER_call_records.csv record BAT02235; upload archive sha256 17ffdda2ba6929d03dabcce39119e90d4ee10712fdf690885b3d4a5128d3e464. [trait_class=call_parameter] [dietary_guild=Frugivore]
mst-b017e48ed71514,1004927,Hsunycteris thomasi,exact,yoh-2020,supplied worksheet record BAT02154 (southamerica_amazon_phyllostomid),yoh-2020-release,unspecified,,,,hand_release,,"BR | Central Brazilian Amazon (BDFFP, ~80km N of Manaus)",,,2,20,duration,species_summary,1.7,,,ms,,,4,1.7 1.1-2.6,definition_unstated,Imported from MASTER_call_records.csv record BAT02154; upload archive sha256 17ffdda2ba6929d03dabcce39119e90d4ee10712fdf690885b3d4a5128d3e464. [trait_class=call_parameter] [dietary_guild=Nectarivore]
mst-b2d13de1c5d17e,1004927,Hsunycteris thomasi,exact,yoh-2020,supplied worksheet record BAT02143 (southamerica_amazon_phyllostomid),yoh-2020-release,unspecified,,,,hand_release,,"BR | Central Brazilian Amazon (BDFFP, ~80km N of Manaus)",,,2,10,peak_frequency,species_summary,74,,,kHz,,,3,74 72-76,definition_unstated,"Imported from MASTER_call_records.csv record BAT02143; upload archive sha256 17ffdda2ba6929d03dabcce39119e90d4ee10712fdf690885b3d4a5128d3e464. [trait_class=call_parameter] [dietary_guild=Nectarivore] | Harmonic 3 of 2 measured. Range in brackets = min-max across pulses, not +/-SD (source gives both; SD in dispersion_value where retrievable)."
mst-b2d89fdf2145e2,1005065,Vampyriscus bidens,exact,yoh-2020,supplied worksheet record BAT02270 (southamerica_amazon_phyllostomid),yoh-2020-release,unspecified,,,,hand_release,,"BR | Central Brazilian Amazon (BDFFP, ~80km N of Manaus)",,,2,16,max_frequency,species_summary,127,,,kHz,,,3,127,definition_unstated,Imported from MASTER_call_records.csv record BAT02270; upload archive sha256 17ffdda2ba6929d03dabcce39119e90d4ee10712fdf690885b3d4a5128d3e464. [trait_class=call_parameter] [dietary_guild=Frugivore]
mst-b2f8278dfef8de,1004880,Desmodus rotundus,exact,yoh-2020,supplied worksheet record BAT02353 (southamerica_amazon_phyllostomid),yoh-2020-release,unspecified,,,,hand_release,,"BR | Central Brazilian Amazon (BDFFP, ~80km N of Manaus)",,,4,27,peak_frequency,species_summary,83,,,kHz,,,3,83 71-90,definition_unstated,"Imported from MASTER_call_records.csv record BAT02353; upload archive sha256 17ffdda2ba6929d03dabcce39119e90d4ee10712fdf690885b3d4a5128d3e464. [trait_class=call_parameter] [dietary_guild=Sanguivore] | Harmonic 3 of 3 measured. Range in brackets = min-max across pulses, not +/-SD (source gives both; SD in dispersion_value where retrievable)."
mst-b582ae3681d533,1004982,Phyllostomus hastatus,exact,yoh-2020,supplied worksheet record BAT02094 (southamerica_amazon_phyllostomid),yoh-2020-release,unspecified,,,,hand_release,,"BR | Central Brazilian Amazon (BDFFP, ~80km N of Manaus)",,,3,30,duration,species_summary,2.3,,,ms,,,3,2.3 1.5-3.3,definition_unstated,Imported from MASTER_call_records.csv record BAT02094; upload archive sha256 17ffdda2ba6929d03dabcce39119e90d4ee10712fdf690885b3d4a5128d3e464. [trait_class=call_parameter] [dietary_guild=Insectivore]
mst-b5c0cab8ab8c36,1005012,Artibeus lituratus,exact,yoh-2020,supplied worksheet record BAT02224 (southamerica_amazon_phyllostomid),yoh-2020-release,unspecified,,,,hand_release,,"BR | Central Brazilian Amazon (BDFFP, ~80km N of Manaus)",,,10,99,start_frequency,species_summary,77,,,kHz,,,2,77 57-90,definition_unstated,Imported from MASTER_call_records.csv record BAT02224; upload archive sha256 17ffdda2ba6929d03dabcce39119e90d4ee10712fdf690885b3d4a5128d3e464. [trait_class=call_parameter] [dietary_guild=Frugivore]
mst-b7149a560391d8,1005065,Vampyriscus bidens,exact,yoh-2020,supplied worksheet record BAT02274 (southamerica_amazon_phyllostomid),yoh-2020-release,unspecified,,,,hand_release,,"BR | Central Brazilian Amazon (BDFFP, ~80km N of Manaus)",,,2,16,duration,species_summary,1.2,,,ms,,,3,1.2 0.5-1.5,definition_unstated,Imported from MASTER_call_records.csv record BAT02274; upload archive sha256 17ffdda2ba6929d03dabcce39119e90d4ee10712fdf690885b3d4a5128d3e464. [trait_class=call_parameter] [dietary_guild=Frugivore]
mst-b773d29e38311e,1004913,Glossophaga soricina,exact,yoh-2020,supplied worksheet record BAT02142 (southamerica_amazon_phyllostomid),yoh-2020-release,unspecified,,,,hand_release,,"BR | Central Brazilian Amazon (BDFFP, ~80km N of Manaus)",,,1,10,duration,species_summary,3,,,ms,,,2,3.0 2.6-3.5,definition_unstated,Imported from MASTER_call_records.csv record BAT02142; upload archive sha256 17ffdda2ba6929d03dabcce39119e90d4ee10712fdf690885b3d4a5128d3e464. [trait_class=call_parameter] [dietary_guild=Nectarivore]
mst-b81db2ef907bdb,1005013,Artibeus obscurus,exact,yoh-2020,supplied worksheet record BAT02242 (southamerica_amazon_phyllostomid),yoh-2020-release,unspecified,,,,hand_release,,"BR | Central Brazilian Amazon (BDFFP, ~80km N of Manaus)",,,8,50,start_frequency,species_summary,107,,,kHz,,,4,107 100-114,definition_unstated,Imported from MASTER_call_records.csv record BAT02242; upload archive sha256 17ffdda2ba6929d03dabcce39119e90d4ee10712fdf690885b3d4a5128d3e464. [trait_class=call_parameter] [dietary_guild=Frugivore]
mst-b9c5657d96d64a,1004920,Glyphonycteris daviesi,exact,yoh-2020,supplied worksheet record BAT02109 (southamerica_amazon_phyllostomid),yoh-2020-release,unspecified,,,,hand_release,,"BR | Central Brazilian Amazon (BDFFP, ~80km N of Manaus)",,,1,10,min_frequency,species_summary,44,,,kHz,,,3,44,definition_unstated,Imported from MASTER_call_records.csv record BAT02109; upload archive sha256 17ffdda2ba6929d03dabcce39119e90d4ee10712fdf690885b3d4a5128d3e464. [trait_class=call_parameter] [dietary_guild=Insectivore/carnivore]
mst-baa5b9bd216a6a,1005013,Artibeus obscurus,exact,yoh-2020,supplied worksheet record BAT02231 (southamerica_amazon_phyllostomid),yoh-2020-release,unspecified,,,,hand_release,,"BR | Central Brazilian Amazon (BDFFP, ~80km N of Manaus)",,,8,58,end_frequency,species_summary,46,,,kHz,,,2,46 40-58,definition_unstated,Imported from MASTER_call_records.csv record BAT02231; upload archive sha256 17ffdda2ba6929d03dabcce39119e90d4ee10712fdf690885b3d4a5128d3e464. [trait_class=call_parameter] [dietary_guild=Frugivore]
mst-bb0b388c109494,1004873,Carollia brevicauda,exact,yoh-2020,supplied worksheet record BAT02172 (southamerica_amazon_phyllostomid),yoh-2020-release,unspecified,,,,hand_release,,"BR | Central Brazilian Amazon (BDFFP, ~80km N of Manaus)",,,4,38,duration,species_summary,1.9,,,ms,,,2,1.9 1.2-2.4,definition_unstated,Imported from MASTER_call_records.csv record BAT02172; upload archive sha256 17ffdda2ba6929d03dabcce39119e90d4ee10712fdf690885b3d4a5128d3e464. [trait_class=call_parameter] [dietary_guild=Frugivore]
mst-bbc1292a5b3672,1004877,Carollia perspicillata,exact,yoh-2020,supplied worksheet record BAT02186 (southamerica_amazon_phyllostomid),yoh-2020-release,unspecified,,,,hand_release,,"BR | Central Brazilian Amazon (BDFFP, ~80km N of Manaus)",,,5,50,max_frequency,species_summary,91,,,kHz,,,2,91,definition_unstated,Imported from MASTER_call_records.csv record BAT02186; upload archive sha256 17ffdda2ba6929d03dabcce39119e90d4ee10712fdf690885b3d4a5128d3e464. [trait_class=call_parameter] [dietary_guild=Frugivore]
mst-bbe0652bce54fe,1004952,Lampronycteris brachyotis,exact,yoh-2020,supplied worksheet record BAT01975 (southamerica_amazon_phyllostomid),yoh-2020-release,unspecified,,,,hand_release,,"BR | Central Brazilian Amazon (BDFFP, ~80km N of Manaus)",,,1,9,max_frequency,species_summary,59,,,kHz,,,1,59,definition_unstated,Imported from MASTER_call_records.csv record BAT01975; upload archive sha256 17ffdda2ba6929d03dabcce39119e90d4ee10712fdf690885b3d4a5128d3e464. [trait_class=call_parameter] [dietary_guild=Insectivore]
mst-bc603f31810e84,1005027,Chiroderma trinitatum,exact,yoh-2020,supplied worksheet record BAT02321 (southamerica_amazon_phyllostomid),yoh-2020-release,unspecified,,,,hand_release,,"BR | Central Brazilian Amazon (BDFFP, ~80km N of Manaus)",,,2,20,end_frequency,species_summary,82,,,kHz,,,3,82 73-94,definition_unstated,Imported from MASTER_call_records.csv record BAT02321; upload archive sha256 17ffdda2ba6929d03dabcce39119e90d4ee10712fdf690885b3d4a5128d3e464. [trait_class=call_parameter] [dietary_guild=Frugivore]
mst-bcceb542eb3d34,1004967,Trachops cirrhosus,exact,yoh-2020,supplied worksheet record BAT02134 (southamerica_amazon_phyllostomid),yoh-2020-release,unspecified,,,,hand_release,,"BR | Central Brazilian Amazon (BDFFP, ~80km N of Manaus)",,,5,49,start_frequency,species_summary,84,,,kHz,,,2,84 69-90,definition_unstated,Imported from MASTER_call_records.csv record BAT02134; upload archive sha256 17ffdda2ba6929d03dabcce39119e90d4ee10712fdf690885b3d4a5128d3e464. [trait_class=call_parameter] [dietary_guild=Insectivore/carnivore]
mst-be030ebc3e8ab7,1004994,Rhinophylla pumilio,exact,yoh-2020,supplied worksheet record BAT02207 (southamerica_amazon_phyllostomid),yoh-2020-release,unspecified,,,,hand_release,,"BR | Central Brazilian Amazon (BDFFP, ~80km N of Manaus)",,,5,48,end_frequency,species_summary,73,,,kHz,,,3,73 57-84,definition_unstated,Imported from MASTER_call_records.csv record BAT02207; upload archive sha256 17ffdda2ba6929d03dabcce39119e90d4ee10712fdf690885b3d4a5128d3e464. [trait_class=call_parameter] [dietary_guild=Frugivore]
mst-be15219d2d2dda,1004880,Desmodus rotundus,exact,yoh-2020,supplied worksheet record BAT02343 (southamerica_amazon_phyllostomid),yoh-2020-release,unspecified,,,,hand_release,,"BR | Central Brazilian Amazon (BDFFP, ~80km N of Manaus)",,,4,18,min_frequency,species_summary,23,,,kHz,,,1,23,definition_unstated,Imported from MASTER_call_records.csv record BAT02343; upload archive sha256 17ffdda2ba6929d03dabcce39119e90d4ee10712fdf690885b3d4a5128d3e464. [trait_class=call_parameter] [dietary_guild=Sanguivore]
mst-be220f78dd75fd,1005013,Artibeus obscurus,exact,yoh-2020,supplied worksheet record BAT02238 (southamerica_amazon_phyllostomid),yoh-2020-release,unspecified,,,,hand_release,,"BR | Central Brazilian Amazon (BDFFP, ~80km N of Manaus)",,,8,80,duration,species_summary,1.5,,,ms,,,3,1.5 1.0-2.5,definition_unstated,Imported from MASTER_call_records.csv record BAT02238; upload archive sha256 17ffdda2ba6929d03dabcce39119e90d4ee10712fdf690885b3d4a5128d3e464. [trait_class=call_parameter] [dietary_guild=Frugivore]
mst-be34cd65572863,1004913,Glossophaga soricina,exact,yoh-2020,supplied worksheet record BAT02138 (southamerica_amazon_phyllostomid),yoh-2020-release,unspecified,,,,hand_release,,"BR | Central Brazilian Amazon (BDFFP, ~80km N of Manaus)",,,1,10,max_frequency,species_summary,107,,,kHz,,,2,107,definition_unstated,Imported from MASTER_call_records.csv record BAT02138; upload archive sha256 17ffdda2ba6929d03dabcce39119e90d4ee10712fdf690885b3d4a5128d3e464. [trait_class=call_parameter] [dietary_guild=Nectarivore]
mst-c2b0c641be6788,1005015,Artibeus planirostris,exact,yoh-2020,supplied worksheet record BAT02220 (southamerica_amazon_phyllostomid),yoh-2020-release,unspecified,,,,hand_release,,"BR | Central Brazilian Amazon (BDFFP, ~80km N of Manaus)",,,6,57,duration,species_summary,1.8,,,ms,,,3,1.8 1.1-3.2,definition_unstated,Imported from MASTER_call_records.csv record BAT02220; upload archive sha256 17ffdda2ba6929d03dabcce39119e90d4ee10712fdf690885b3d4a5128d3e464. [trait_class=call_parameter] [dietary_guild=Frugivore]
mst-c2b2f220738d07,1004980,Phyllostomus discolor,exact,yoh-2020,supplied worksheet record BAT02060 (southamerica_amazon_phyllostomid),yoh-2020-release,unspecified,,,,hand_release,,"BR | Central Brazilian Amazon (BDFFP, ~80km N of Manaus)",,,5,50,max_frequency,species_summary,53,,,kHz,,,2,53,definition_unstated,Imported from MASTER_call_records.csv record BAT02060; upload archive sha256 17ffdda2ba6929d03dabcce39119e90d4ee10712fdf690885b3d4a5128d3e464. [trait_class=call_parameter] [dietary_guild=Insectivore]
mst-c2e4286016253f,1004967,Trachops cirrhosus,exact,yoh-2020,supplied worksheet record BAT02136 (southamerica_amazon_phyllostomid),yoh-2020-release,unspecified,,,,hand_release,,"BR | Central Brazilian Amazon (BDFFP, ~80km N of Manaus)",,,5,49,duration,species_summary,1.9,,,ms,,,2,1.9 1.1-3.5,definition_unstated,Imported from MASTER_call_records.csv record BAT02136; upload archive sha256 17ffdda2ba6929d03dabcce39119e90d4ee10712fdf690885b3d4a5128d3e464. [trait_class=call_parameter] [dietary_guild=Insectivore/carnivore]
mst-c494fc4c4f98fb,1005065,Vampyriscus bidens,exact,yoh-2020,supplied worksheet record BAT02268 (southamerica_amazon_phyllostomid),yoh-2020-release,unspecified,,,,hand_release,,"BR | Central Brazilian Amazon (BDFFP, ~80km N of Manaus)",,,2,13,duration,species_summary,2.2,,,ms,,,2,2.2 1.9-2.5,definition_unstated,Imported from MASTER_call_records.csv record BAT02268; upload archive sha256 17ffdda2ba6929d03dabcce39119e90d4ee10712fdf690885b3d4a5128d3e464. [trait_class=call_parameter] [dietary_guild=Frugivore]
mst-c4a1c43e5d0639,1004874,Carollia castanea,exact,yoh-2020,supplied worksheet record BAT02181 (southamerica_amazon_phyllostomid),yoh-2020-release,unspecified,,,,hand_release,,"BR | Central Brazilian Amazon (BDFFP, ~80km N of Manaus)",,,1,10,min_frequency,species_summary,64,,,kHz,,,3,64,definition_unstated,"Imported from MASTER_call_records.csv record BAT02181; upload archive sha256 17ffdda2ba6929d03dabcce39119e90d4ee10712fdf690885b3d4a5128d3e464. [trait_class=call_parameter] [dietary_guild=Frugivore] | TAXONOMY FLAG 2026-09-08: C. castanea is listed as only a DOUBTFUL record for Brazil (Garbino et al. 2024, citing Uieda 1980) - its confirmed range is Central America and northwestern South America. Yoh et al. 2020 captured it at BDFFP near Manaus; either the species' confirmed range needs updating or this specific record needs re-examination. Measurements retained but excluded from confirmed Brazil coverage pending resolution."
mst-c65920c31333ce,1004877,Carollia perspicillata,exact,yoh-2020,supplied worksheet record BAT02191 (southamerica_amazon_phyllostomid),yoh-2020-release,unspecified,,,,hand_release,,"BR | Central Brazilian Amazon (BDFFP, ~80km N of Manaus)",,,5,46,peak_frequency,species_summary,92,,,kHz,,,3,92 82-100,definition_unstated,"Imported from MASTER_call_records.csv record BAT02191; upload archive sha256 17ffdda2ba6929d03dabcce39119e90d4ee10712fdf690885b3d4a5128d3e464. [trait_class=call_parameter] [dietary_guild=Frugivore] | Harmonic 3 of 2 measured. Range in brackets = min-max across pulses, not +/-SD (source gives both; SD in dispersion_value where retrievable)."
mst-c6ad6cb5df8a80,1004900,Choeroniscus minor,exact,yoh-2020,supplied worksheet record BAT02165 (southamerica_amazon_phyllostomid),yoh-2020-release,unspecified,,,,hand_release,,"BR | Central Brazilian Amazon (BDFFP, ~80km N of Manaus)",,,1,9,end_frequency,species_summary,94,,,kHz,,,3,94 87-102,definition_unstated,Imported from MASTER_call_records.csv record BAT02165; upload archive sha256 17ffdda2ba6929d03dabcce39119e90d4ee10712fdf690885b3d4a5128d3e464. [trait_class=call_parameter] [dietary_guild=Nectarivore]
mst-c732d2855e3ce7,1004880,Desmodus rotundus,exact,yoh-2020,supplied worksheet record BAT02347 (southamerica_amazon_phyllostomid),yoh-2020-release,unspecified,,,,hand_release,,"BR | Central Brazilian Amazon (BDFFP, ~80km N of Manaus)",,,4,40,peak_frequency,species_summary,61,,,kHz,,,2,61 53-70,definition_unstated,"Imported from MASTER_call_records.csv record BAT02347; upload archive sha256 17ffdda2ba6929d03dabcce39119e90d4ee10712fdf690885b3d4a5128d3e464. [trait_class=call_parameter] [dietary_guild=Sanguivore] | Harmonic 2 of 3 measured. Range in brackets = min-max across pulses, not +/-SD (source gives both; SD in dispersion_value where retrievable)."
mst-c7c214a9dbc7f7,1004995,Ametrida centurio,exact,yoh-2020,supplied worksheet record BAT02325 (southamerica_amazon_phyllostomid),yoh-2020-release,unspecified,,,,hand_release,,"BR | Central Brazilian Amazon (BDFFP, ~80km N of Manaus)",,,5,50,min_frequency,species_summary,52,,,kHz,,,1,52,definition_unstated,Imported from MASTER_call_records.csv record BAT02325; upload archive sha256 17ffdda2ba6929d03dabcce39119e90d4ee10712fdf690885b3d4a5128d3e464. [trait_class=call_parameter] [dietary_guild=Frugivore]
mst-c87f2153d2c6db,1004927,Hsunycteris thomasi,exact,yoh-2020,supplied worksheet record BAT02151 (southamerica_amazon_phyllostomid),yoh-2020-release,unspecified,,,,hand_release,,"BR | Central Brazilian Amazon (BDFFP, ~80km N of Manaus)",,,2,20,min_frequency,species_summary,74,,,kHz,,,4,74,definition_unstated,Imported from MASTER_call_records.csv record BAT02151; upload archive sha256 17ffdda2ba6929d03dabcce39119e90d4ee10712fdf690885b3d4a5128d3e464. [trait_class=call_parameter] [dietary_guild=Nectarivore]
mst-c9739ad82013ac,1005012,Artibeus lituratus,exact,yoh-2020,supplied worksheet record BAT02221 (southamerica_amazon_phyllostomid),yoh-2020-release,unspecified,,,,hand_release,,"BR | Central Brazilian Amazon (BDFFP, ~80km N of Manaus)",,,10,99,peak_frequency,species_summary,65,,,kHz,,,2,65 49-78,definition_unstated,"Imported from MASTER_call_records.csv record BAT02221; upload archive sha256 17ffdda2ba6929d03dabcce39119e90d4ee10712fdf690885b3d4a5128d3e464. [trait_class=call_parameter] [dietary_guild=Frugivore] | Harmonic 2 of 1 measured. Range in brackets = min-max across pulses, not +/-SD (source gives both; SD in dispersion_value where retrievable)."
mst-cb77f7e2f49ad4,1005015,Artibeus planirostris,exact,yoh-2020,supplied worksheet record BAT02215 (southamerica_amazon_phyllostomid),yoh-2020-release,unspecified,,,,hand_release,,"BR | Central Brazilian Amazon (BDFFP, ~80km N of Manaus)",,,6,57,peak_frequency,species_summary,68,,,kHz,,,3,68 59-78,definition_unstated,"Imported from MASTER_call_records.csv record BAT02215; upload archive sha256 17ffdda2ba6929d03dabcce39119e90d4ee10712fdf690885b3d4a5128d3e464. [trait_class=call_parameter] [dietary_guild=Frugivore] | Harmonic 3 of 2 measured. Range in brackets = min-max across pulses, not +/-SD (source gives both; SD in dispersion_value where retrievable)."
mst-cb8906838de1ee,1005015,Artibeus planirostris,exact,yoh-2020,supplied worksheet record BAT02214 (southamerica_amazon_phyllostomid),yoh-2020-release,unspecified,,,,hand_release,,"BR | Central Brazilian Amazon (BDFFP, ~80km N of Manaus)",,,6,60,duration,species_summary,1.9,,,ms,,,2,1.9 1.3-3.5,definition_unstated,Imported from MASTER_call_records.csv record BAT02214; upload archive sha256 17ffdda2ba6929d03dabcce39119e90d4ee10712fdf690885b3d4a5128d3e464. [trait_class=call_parameter] [dietary_guild=Frugivore]
mst-cd0cf9ced3ac14,1005056,Uroderma bilobatum,exact,yoh-2020,supplied worksheet record BAT02329 (southamerica_amazon_phyllostomid),yoh-2020-release,unspecified,,,,hand_release,,"BR | Central Brazilian Amazon (BDFFP, ~80km N of Manaus)",,,2,6,peak_frequency,species_summary,68,,,kHz,,,2,68 66-70,definition_unstated,"Imported from MASTER_call_records.csv record BAT02329; upload archive sha256 17ffdda2ba6929d03dabcce39119e90d4ee10712fdf690885b3d4a5128d3e464. [trait_class=call_parameter] [dietary_guild=Frugivore] | Harmonic 2 of 2 measured. Range in brackets = min-max across pulses, not +/-SD (source gives both; SD in dispersion_value where retrievable)."
mst-ce275b558e399b,1004920,Glyphonycteris daviesi,exact,yoh-2020,supplied worksheet record BAT02107 (southamerica_amazon_phyllostomid),yoh-2020-release,unspecified,,,,hand_release,,"BR | Central Brazilian Amazon (BDFFP, ~80km N of Manaus)",,,1,10,peak_frequency,species_summary,60,,,kHz,,,3,60 57-67,definition_unstated,"Imported from MASTER_call_records.csv record BAT02107; upload archive sha256 17ffdda2ba6929d03dabcce39119e90d4ee10712fdf690885b3d4a5128d3e464. [trait_class=call_parameter] [dietary_guild=Insectivore/carnivore] | Harmonic 3 of 1 measured. Range in brackets = min-max across pulses, not +/-SD (source gives both; SD in dispersion_value where retrievable)."
mst-ce57709d719ec8,1004969,Gardnerycteris crenulatum,manual,yoh-2020,supplied worksheet record BAT02055 (southamerica_amazon_phyllostomid),yoh-2020-release,unspecified,,,,hand_release,,"BR | Central Brazilian Amazon (BDFFP, ~80km N of Manaus)",,,4,40,min_frequency,species_summary,52,,,kHz,,,3,52,definition_unstated,Imported from MASTER_call_records.csv record BAT02055; upload archive sha256 17ffdda2ba6929d03dabcce39119e90d4ee10712fdf690885b3d4a5128d3e464. [trait_class=call_parameter] [dietary_guild=Insectivore]
mst-cea646a6d8c24c,1005004,Artibeus concolor,exact,yoh-2020,supplied worksheet record BAT02247 (southamerica_amazon_phyllostomid),yoh-2020-release,unspecified,,,,hand_release,,"BR | Central Brazilian Amazon (BDFFP, ~80km N of Manaus)",,,9,90,min_frequency,species_summary,65,,,kHz,,,2,65,definition_unstated,Imported from MASTER_call_records.csv record BAT02247; upload archive sha256 17ffdda2ba6929d03dabcce39119e90d4ee10712fdf690885b3d4a5128d3e464. [trait_class=call_parameter] [dietary_guild=Frugivore]
mst-cf023f5718c1c7,1004973,Lophostoma carrikeri,exact,yoh-2020,supplied worksheet record BAT02013 (southamerica_amazon_phyllostomid),yoh-2020-release,unspecified,,,,hand_release,,"BR | Central Brazilian Amazon (BDFFP, ~80km N of Manaus)",,,1,10,start_frequency,species_summary,65,,,kHz,,,2,65 60-68,definition_unstated,Imported from MASTER_call_records.csv record BAT02013; upload archive sha256 17ffdda2ba6929d03dabcce39119e90d4ee10712fdf690885b3d4a5128d3e464. [trait_class=call_parameter] [dietary_guild=Insectivore]
mst-cfdb1d6a895faf,1005031,Mesophylla macconnelli,exact,yoh-2020,supplied worksheet record BAT02301 (southamerica_amazon_phyllostomid),yoh-2020-release,unspecified,,,,hand_release,,"BR | Central Brazilian Amazon (BDFFP, ~80km N of Manaus)",,,1,7,min_frequency,species_summary,97,,,kHz,,,2,97,definition_unstated,Imported from MASTER_call_records.csv record BAT02301; upload archive sha256 17ffdda2ba6929d03dabcce39119e90d4ee10712fdf690885b3d4a5128d3e464. [trait_class=call_parameter] [dietary_guild=Frugivore]
mst-d009c59615b09e,1004913,Glossophaga soricina,exact,yoh-2020,supplied worksheet record BAT02137 (southamerica_amazon_phyllostomid),yoh-2020-release,unspecified,,,,hand_release,,"BR | Central Brazilian Amazon (BDFFP, ~80km N of Manaus)",,,1,10,peak_frequency,species_summary,81,,,kHz,,,2,81 76-86,definition_unstated,"Imported from MASTER_call_records.csv record BAT02137; upload archive sha256 17ffdda2ba6929d03dabcce39119e90d4ee10712fdf690885b3d4a5128d3e464. [trait_class=call_parameter] [dietary_guild=Nectarivore] | Harmonic 2 of 1 measured. Range in brackets = min-max across pulses, not +/-SD (source gives both; SD in dispersion_value where retrievable)."
mst-d11ef68ee6b3a4,1004923,Trinycteris nicefori,exact,yoh-2020,supplied worksheet record BAT01988 (southamerica_amazon_phyllostomid),yoh-2020-release,unspecified,,,,hand_release,,"BR | Central Brazilian Amazon (BDFFP, ~80km N of Manaus)",,,3,26,min_frequency,species_summary,37,,,kHz,,,2,37,definition_unstated,Imported from MASTER_call_records.csv record BAT01988; upload archive sha256 17ffdda2ba6929d03dabcce39119e90d4ee10712fdf690885b3d4a5128d3e464. [trait_class=call_parameter] [dietary_guild=Insectivore]
mst-d3bd74bbb677ec,1004952,Lampronycteris brachyotis,exact,yoh-2020,supplied worksheet record BAT01982 (southamerica_amazon_phyllostomid),yoh-2020-release,unspecified,,,,hand_release,,"BR | Central Brazilian Amazon (BDFFP, ~80km N of Manaus)",,,1,8,min_frequency,species_summary,61,,,kHz,,,2,61,definition_unstated,Imported from MASTER_call_records.csv record BAT01982; upload archive sha256 17ffdda2ba6929d03dabcce39119e90d4ee10712fdf690885b3d4a5128d3e464. [trait_class=call_parameter] [dietary_guild=Insectivore]
mst-d591112041f67b,1004956,Micronycteris hirsuta,exact,yoh-2020,supplied worksheet record BAT02114 (southamerica_amazon_phyllostomid),yoh-2020-release,unspecified,,,,hand_release,,"BR | Central Brazilian Amazon (BDFFP, ~80km N of Manaus)",,,3,25,max_frequency,species_summary,74,,,kHz,,,2,74,definition_unstated,Imported from MASTER_call_records.csv record BAT02114; upload archive sha256 17ffdda2ba6929d03dabcce39119e90d4ee10712fdf690885b3d4a5128d3e464. [trait_class=call_parameter] [dietary_guild=Insectivore]
mst-d8433a8ceee21d,1005015,Artibeus planirostris,exact,yoh-2020,supplied worksheet record BAT02211 (southamerica_amazon_phyllostomid),yoh-2020-release,unspecified,,,,hand_release,,"BR | Central Brazilian Amazon (BDFFP, ~80km N of Manaus)",,,6,60,min_frequency,species_summary,35,,,kHz,,,2,35,definition_unstated,Imported from MASTER_call_records.csv record BAT02211; upload archive sha256 17ffdda2ba6929d03dabcce39119e90d4ee10712fdf690885b3d4a5128d3e464. [trait_class=call_parameter] [dietary_guild=Frugivore]
mst-d84729794f6334,1004952,Lampronycteris brachyotis,exact,yoh-2020,supplied worksheet record BAT01978 (southamerica_amazon_phyllostomid),yoh-2020-release,unspecified,,,,hand_release,,"BR | Central Brazilian Amazon (BDFFP, ~80km N of Manaus)",,,1,9,end_frequency,species_summary,33,,,kHz,,,1,33 30-38,definition_unstated,Imported from MASTER_call_records.csv record BAT01978; upload archive sha256 17ffdda2ba6929d03dabcce39119e90d4ee10712fdf690885b3d4a5128d3e464. [trait_class=call_parameter] [dietary_guild=Insectivore]
mst-d9a4f4286e3b78,1005066,Vampyriscus brocki,exact,yoh-2020,supplied worksheet record BAT02251 (southamerica_amazon_phyllostomid),yoh-2020-release,unspecified,,,,hand_release,,"BR | Central Brazilian Amazon (BDFFP, ~80km N of Manaus)",,,2,19,peak_frequency,species_summary,69,,,kHz,,,2,69 64-88,definition_unstated,"Imported from MASTER_call_records.csv record BAT02251; upload archive sha256 17ffdda2ba6929d03dabcce39119e90d4ee10712fdf690885b3d4a5128d3e464. [trait_class=call_parameter] [dietary_guild=Frugivore] | Harmonic 2 of 2 measured. Range in brackets = min-max across pulses, not +/-SD (source gives both; SD in dispersion_value where retrievable)."
mst-d9e37c9bbc9881,1004923,Trinycteris nicefori,exact,yoh-2020,supplied worksheet record BAT01991 (southamerica_amazon_phyllostomid),yoh-2020-release,unspecified,,,,hand_release,,"BR | Central Brazilian Amazon (BDFFP, ~80km N of Manaus)",,,3,26,duration,species_summary,2.6,,,ms,,,2,2.6 1.5-3.4,definition_unstated,Imported from MASTER_call_records.csv record BAT01991; upload archive sha256 17ffdda2ba6929d03dabcce39119e90d4ee10712fdf690885b3d4a5128d3e464. [trait_class=call_parameter] [dietary_guild=Insectivore]
mst-da2c971abcbe7e,1004920,Glyphonycteris daviesi,exact,yoh-2020,supplied worksheet record BAT02110 (southamerica_amazon_phyllostomid),yoh-2020-release,unspecified,,,,hand_release,,"BR | Central Brazilian Amazon (BDFFP, ~80km N of Manaus)",,,1,10,start_frequency,species_summary,65,,,kHz,,,3,65 60-73,definition_unstated,Imported from MASTER_call_records.csv record BAT02110; upload archive sha256 17ffdda2ba6929d03dabcce39119e90d4ee10712fdf690885b3d4a5128d3e464. [trait_class=call_parameter] [dietary_guild=Insectivore/carnivore]
mst-da80b2a472bccf,1004967,Trachops cirrhosus,exact,yoh-2020,supplied worksheet record BAT02131 (southamerica_amazon_phyllostomid),yoh-2020-release,unspecified,,,,hand_release,,"BR | Central Brazilian Amazon (BDFFP, ~80km N of Manaus)",,,5,49,peak_frequency,species_summary,61,,,kHz,,,2,61 53-72,definition_unstated,"Imported from MASTER_call_records.csv record BAT02131; upload archive sha256 17ffdda2ba6929d03dabcce39119e90d4ee10712fdf690885b3d4a5128d3e464. [trait_class=call_parameter] [dietary_guild=Insectivore/carnivore] | Harmonic 2 of 1 measured. Range in brackets = min-max across pulses, not +/-SD (source gives both; SD in dispersion_value where retrievable)."
mst-dae1dd93ab8014,1005015,Artibeus planirostris,exact,yoh-2020,supplied worksheet record BAT02218 (southamerica_amazon_phyllostomid),yoh-2020-release,unspecified,,,,hand_release,,"BR | Central Brazilian Amazon (BDFFP, ~80km N of Manaus)",,,6,57,start_frequency,species_summary,87,,,kHz,,,3,87 73-101,definition_unstated,Imported from MASTER_call_records.csv record BAT02218; upload archive sha256 17ffdda2ba6929d03dabcce39119e90d4ee10712fdf690885b3d4a5128d3e464. [trait_class=call_parameter] [dietary_guild=Frugivore]
mst-db4b733aba974c,1004969,Gardnerycteris crenulatum,manual,yoh-2020,supplied worksheet record BAT02053 (southamerica_amazon_phyllostomid),yoh-2020-release,unspecified,,,,hand_release,,"BR | Central Brazilian Amazon (BDFFP, ~80km N of Manaus)",,,4,40,peak_frequency,species_summary,69,,,kHz,,,3,69 65-76,definition_unstated,"Imported from MASTER_call_records.csv record BAT02053; upload archive sha256 17ffdda2ba6929d03dabcce39119e90d4ee10712fdf690885b3d4a5128d3e464. [trait_class=call_parameter] [dietary_guild=Insectivore] | Harmonic 3 of 1 measured. Range in brackets = min-max across pulses, not +/-SD (source gives both; SD in dispersion_value where retrievable)."
mst-db7aa7e3273342,1004972,Lophostoma brasiliense,exact,yoh-2020,supplied worksheet record BAT02008 (southamerica_amazon_phyllostomid),yoh-2020-release,unspecified,,,,hand_release,,"BR | Central Brazilian Amazon (BDFFP, ~80km N of Manaus)",,,2,20,end_frequency,species_summary,79,,,kHz,,,3,79 74-82,definition_unstated,Imported from MASTER_call_records.csv record BAT02008; upload archive sha256 17ffdda2ba6929d03dabcce39119e90d4ee10712fdf690885b3d4a5128d3e464. [trait_class=call_parameter] [dietary_guild=Insectivore]
mst-dbd399fac40f99,1005066,Vampyriscus brocki,exact,yoh-2020,supplied worksheet record BAT02256 (southamerica_amazon_phyllostomid),yoh-2020-release,unspecified,,,,hand_release,,"BR | Central Brazilian Amazon (BDFFP, ~80km N of Manaus)",,,2,19,duration,species_summary,1.5,,,ms,,,2,1.5 1.0-2.5,definition_unstated,Imported from MASTER_call_records.csv record BAT02256; upload archive sha256 17ffdda2ba6929d03dabcce39119e90d4ee10712fdf690885b3d4a5128d3e464. [trait_class=call_parameter] [dietary_guild=Frugivore]
mst-dcaa174f635c29,1004923,Trinycteris nicefori,exact,yoh-2020,supplied worksheet record BAT01986 (southamerica_amazon_phyllostomid),yoh-2020-release,unspecified,,,,hand_release,,"BR | Central Brazilian Amazon (BDFFP, ~80km N of Manaus)",,,3,26,peak_frequency,species_summary,57,,,kHz,,,2,57 45-64,definition_unstated,"Imported from MASTER_call_records.csv record BAT01986; upload archive sha256 17ffdda2ba6929d03dabcce39119e90d4ee10712fdf690885b3d4a5128d3e464. [trait_class=call_parameter] [dietary_guild=Insectivore] | Harmonic 2 of 2 measured. Range in brackets = min-max across pulses, not +/-SD (source gives both; SD in dispersion_value where retrievable)."
mst-dd06378a0b17c2,1004973,Lophostoma carrikeri,exact,yoh-2020,supplied worksheet record BAT02012 (southamerica_amazon_phyllostomid),yoh-2020-release,unspecified,,,,hand_release,,"BR | Central Brazilian Amazon (BDFFP, ~80km N of Manaus)",,,1,10,min_frequency,species_summary,38,,,kHz,,,2,38,definition_unstated,Imported from MASTER_call_records.csv record BAT02012; upload archive sha256 17ffdda2ba6929d03dabcce39119e90d4ee10712fdf690885b3d4a5128d3e464. [trait_class=call_parameter] [dietary_guild=Insectivore]
mst-dd819404d447a7,1004913,Glossophaga soricina,exact,yoh-2020,supplied worksheet record BAT02141 (southamerica_amazon_phyllostomid),yoh-2020-release,unspecified,,,,hand_release,,"BR | Central Brazilian Amazon (BDFFP, ~80km N of Manaus)",,,1,10,end_frequency,species_summary,45,,,kHz,,,2,45,definition_unstated,Imported from MASTER_call_records.csv record BAT02141; upload archive sha256 17ffdda2ba6929d03dabcce39119e90d4ee10712fdf690885b3d4a5128d3e464. [trait_class=call_parameter] [dietary_guild=Nectarivore]
mst-de3e94482c9266,1004994,Rhinophylla pumilio,exact,yoh-2020,supplied worksheet record BAT02200 (southamerica_amazon_phyllostomid),yoh-2020-release,unspecified,,,,hand_release,,"BR | Central Brazilian Amazon (BDFFP, ~80km N of Manaus)",,,5,49,start_frequency,species_summary,87,,,kHz,,,2,87 76-99,definition_unstated,Imported from MASTER_call_records.csv record BAT02200; upload archive sha256 17ffdda2ba6929d03dabcce39119e90d4ee10712fdf690885b3d4a5128d3e464. [trait_class=call_parameter] [dietary_guild=Frugivore]
mst-def684b847a2fa,1004873,Carollia brevicauda,exact,yoh-2020,supplied worksheet record BAT02167 (southamerica_amazon_phyllostomid),yoh-2020-release,unspecified,,,,hand_release,,"BR | Central Brazilian Amazon (BDFFP, ~80km N of Manaus)",,,4,38,peak_frequency,species_summary,69,,,kHz,,,2,69 66-70,definition_unstated,"Imported from MASTER_call_records.csv record BAT02167; upload archive sha256 17ffdda2ba6929d03dabcce39119e90d4ee10712fdf690885b3d4a5128d3e464. [trait_class=call_parameter] [dietary_guild=Frugivore] | Harmonic 2 of 2 measured. Range in brackets = min-max across pulses, not +/-SD (source gives both; SD in dispersion_value where retrievable)."
mst-e090b7391ba42a,1005066,Vampyriscus brocki,exact,yoh-2020,supplied worksheet record BAT02261 (southamerica_amazon_phyllostomid),yoh-2020-release,unspecified,,,,hand_release,,"BR | Central Brazilian Amazon (BDFFP, ~80km N of Manaus)",,,2,10,end_frequency,species_summary,89,,,kHz,,,3,89 88-90,definition_unstated,Imported from MASTER_call_records.csv record BAT02261; upload archive sha256 17ffdda2ba6929d03dabcce39119e90d4ee10712fdf690885b3d4a5128d3e464. [trait_class=call_parameter] [dietary_guild=Frugivore]
mst-e0fd131507aca7,1004980,Phyllostomus discolor,exact,yoh-2020,supplied worksheet record BAT02076 (southamerica_amazon_phyllostomid),yoh-2020-release,unspecified,,,,hand_release,,"BR | Central Brazilian Amazon (BDFFP, ~80km N of Manaus)",,,5,37,duration,species_summary,2,,,ms,,,4,2.0 1.7-2.4,definition_unstated,Imported from MASTER_call_records.csv record BAT02076; upload archive sha256 17ffdda2ba6929d03dabcce39119e90d4ee10712fdf690885b3d4a5128d3e464. [trait_class=call_parameter] [dietary_guild=Insectivore]
mst-e15763fb145ff1,1004988,Chrotopterus auritus,exact,yoh-2020,supplied worksheet record BAT02097 (southamerica_amazon_phyllostomid),yoh-2020-release,unspecified,,,,hand_release,,"BR | Central Brazilian Amazon (BDFFP, ~80km N of Manaus)",,,4,25,min_frequency,species_summary,67,,,kHz,,,2,67,definition_unstated,Imported from MASTER_call_records.csv record BAT02097; upload archive sha256 17ffdda2ba6929d03dabcce39119e90d4ee10712fdf690885b3d4a5128d3e464. [trait_class=call_parameter] [dietary_guild=Insectivore/carnivore]
mst-e44c7556b7ac4f,1004874,Carollia castanea,exact,yoh-2020,supplied worksheet record BAT02179 (southamerica_amazon_phyllostomid),yoh-2020-release,unspecified,,,,hand_release,,"BR | Central Brazilian Amazon (BDFFP, ~80km N of Manaus)",,,1,10,peak_frequency,species_summary,81,,,kHz,,,3,81 80-82,definition_unstated,"Imported from MASTER_call_records.csv record BAT02179; upload archive sha256 17ffdda2ba6929d03dabcce39119e90d4ee10712fdf690885b3d4a5128d3e464. [trait_class=call_parameter] [dietary_guild=Frugivore] | TAXONOMY FLAG 2026-09-08: C. castanea is listed as only a DOUBTFUL record for Brazil (Garbino et al. 2024, citing Uieda 1980) - its confirmed range is Central America and northwestern South America. Yoh et al. 2020 captured it at BDFFP near Manaus; either the species' confirmed range needs updating or this specific record needs re-examination. Measurements retained but excluded from confirmed Brazil coverage pending resolution. Harmonic 3 of 1 measured. Range in brackets = min-max across pulses, not +/-SD (source gives both; SD in dispersion_value where retrievable)."
mst-e4676e041b964d,1005015,Artibeus planirostris,exact,yoh-2020,supplied worksheet record BAT02216 (southamerica_amazon_phyllostomid),yoh-2020-release,unspecified,,,,hand_release,,"BR | Central Brazilian Amazon (BDFFP, ~80km N of Manaus)",,,6,57,max_frequency,species_summary,101,,,kHz,,,3,101,definition_unstated,Imported from MASTER_call_records.csv record BAT02216; upload archive sha256 17ffdda2ba6929d03dabcce39119e90d4ee10712fdf690885b3d4a5128d3e464. [trait_class=call_parameter] [dietary_guild=Frugivore]
mst-e525473e758a99,1004973,Lophostoma carrikeri,exact,yoh-2020,supplied worksheet record BAT02011 (southamerica_amazon_phyllostomid),yoh-2020-release,unspecified,,,,hand_release,,"BR | Central Brazilian Amazon (BDFFP, ~80km N of Manaus)",,,1,10,max_frequency,species_summary,72,,,kHz,,,2,72,definition_unstated,Imported from MASTER_call_records.csv record BAT02011; upload archive sha256 17ffdda2ba6929d03dabcce39119e90d4ee10712fdf690885b3d4a5128d3e464. [trait_class=call_parameter] [dietary_guild=Insectivore]
mst-e579df8dd40417,1004873,Carollia brevicauda,exact,yoh-2020,supplied worksheet record BAT02168 (southamerica_amazon_phyllostomid),yoh-2020-release,unspecified,,,,hand_release,,"BR | Central Brazilian Amazon (BDFFP, ~80km N of Manaus)",,,4,38,max_frequency,species_summary,95,,,kHz,,,2,95,definition_unstated,Imported from MASTER_call_records.csv record BAT02168; upload archive sha256 17ffdda2ba6929d03dabcce39119e90d4ee10712fdf690885b3d4a5128d3e464. [trait_class=call_parameter] [dietary_guild=Frugivore]
mst-e7438151c634cd,1005081,Sturnira lilium,exact,yoh-2020,supplied worksheet record BAT02292 (southamerica_amazon_phyllostomid),yoh-2020-release,unspecified,,,,hand_release,,"BR | Central Brazilian Amazon (BDFFP, ~80km N of Manaus)",,,1,10,duration,species_summary,1.7,,,ms,,,2,1.7 1.2-2.2,definition_unstated,Imported from MASTER_call_records.csv record BAT02292; upload archive sha256 17ffdda2ba6929d03dabcce39119e90d4ee10712fdf690885b3d4a5128d3e464. [trait_class=call_parameter] [dietary_guild=Frugivore]
mst-e762c47f811ef2,1005013,Artibeus obscurus,exact,yoh-2020,supplied worksheet record BAT02244 (southamerica_amazon_phyllostomid),yoh-2020-release,unspecified,,,,hand_release,,"BR | Central Brazilian Amazon (BDFFP, ~80km N of Manaus)",,,8,50,duration,species_summary,1.7,,,ms,,,4,1.7 1.0-2.1,definition_unstated,Imported from MASTER_call_records.csv record BAT02244; upload archive sha256 17ffdda2ba6929d03dabcce39119e90d4ee10712fdf690885b3d4a5128d3e464. [trait_class=call_parameter] [dietary_guild=Frugivore]
mst-e86b1de70708b2,1004982,Phyllostomus hastatus,exact,yoh-2020,supplied worksheet record BAT02090 (southamerica_amazon_phyllostomid),yoh-2020-release,unspecified,,,,hand_release,,"BR | Central Brazilian Amazon (BDFFP, ~80km N of Manaus)",,,3,30,max_frequency,species_summary,60,,,kHz,,,3,60,definition_unstated,Imported from MASTER_call_records.csv record BAT02090; upload archive sha256 17ffdda2ba6929d03dabcce39119e90d4ee10712fdf690885b3d4a5128d3e464. [trait_class=call_parameter] [dietary_guild=Insectivore]
mst-e961b9c13aea0d,1005004,Artibeus concolor,exact,yoh-2020,supplied worksheet record BAT02249 (southamerica_amazon_phyllostomid),yoh-2020-release,unspecified,,,,hand_release,,"BR | Central Brazilian Amazon (BDFFP, ~80km N of Manaus)",,,9,90,end_frequency,species_summary,79,,,kHz,,,2,79 67-125,definition_unstated,Imported from MASTER_call_records.csv record BAT02249; upload archive sha256 17ffdda2ba6929d03dabcce39119e90d4ee10712fdf690885b3d4a5128d3e464. [trait_class=call_parameter] [dietary_guild=Frugivore]
mst-e9c5e5a7110b84,1004972,Lophostoma brasiliense,exact,yoh-2020,supplied worksheet record BAT02005 (southamerica_amazon_phyllostomid),yoh-2020-release,unspecified,,,,hand_release,,"BR | Central Brazilian Amazon (BDFFP, ~80km N of Manaus)",,,2,20,max_frequency,species_summary,116,,,kHz,,,3,116,definition_unstated,Imported from MASTER_call_records.csv record BAT02005; upload archive sha256 17ffdda2ba6929d03dabcce39119e90d4ee10712fdf690885b3d4a5128d3e464. [trait_class=call_parameter] [dietary_guild=Insectivore]
mst-eabc500abc31c8,1004952,Lampronycteris brachyotis,exact,yoh-2020,supplied worksheet record BAT01980 (southamerica_amazon_phyllostomid),yoh-2020-release,unspecified,,,,hand_release,,"BR | Central Brazilian Amazon (BDFFP, ~80km N of Manaus)",,,1,8,peak_frequency,species_summary,81,,,kHz,,,2,81 72-86,definition_unstated,"Imported from MASTER_call_records.csv record BAT01980; upload archive sha256 17ffdda2ba6929d03dabcce39119e90d4ee10712fdf690885b3d4a5128d3e464. [trait_class=call_parameter] [dietary_guild=Insectivore] | Harmonic 2 of 2 measured. Range in brackets = min-max across pulses, not +/-SD (source gives both; SD in dispersion_value where retrievable)."
mst-eb6b6928712602,1004980,Phyllostomus discolor,exact,yoh-2020,supplied worksheet record BAT02065 (southamerica_amazon_phyllostomid),yoh-2020-release,unspecified,,,,hand_release,,"BR | Central Brazilian Amazon (BDFFP, ~80km N of Manaus)",,,5,49,peak_frequency,species_summary,62,,,kHz,,,3,62 59-69,definition_unstated,"Imported from MASTER_call_records.csv record BAT02065; upload archive sha256 17ffdda2ba6929d03dabcce39119e90d4ee10712fdf690885b3d4a5128d3e464. [trait_class=call_parameter] [dietary_guild=Insectivore] | Harmonic 3 of 3 measured. Range in brackets = min-max across pulses, not +/-SD (source gives both; SD in dispersion_value where retrievable)."
mst-eb7ec42e4faaf9,1004995,Ametrida centurio,exact,yoh-2020,supplied worksheet record BAT02326 (southamerica_amazon_phyllostomid),yoh-2020-release,unspecified,,,,hand_release,,"BR | Central Brazilian Amazon (BDFFP, ~80km N of Manaus)",,,5,50,start_frequency,species_summary,149,,,kHz,,,1,149 114-196,definition_unstated,Imported from MASTER_call_records.csv record BAT02326; upload archive sha256 17ffdda2ba6929d03dabcce39119e90d4ee10712fdf690885b3d4a5128d3e464. [trait_class=call_parameter] [dietary_guild=Frugivore]
mst-ebf338698f50ee,1004981,Phyllostomus elongatus,exact,yoh-2020,supplied worksheet record BAT02078 (southamerica_amazon_phyllostomid),yoh-2020-release,unspecified,,,,hand_release,,"BR | Central Brazilian Amazon (BDFFP, ~80km N of Manaus)",,,5,50,max_frequency,species_summary,76,,,kHz,,,3,76,definition_unstated,Imported from MASTER_call_records.csv record BAT02078; upload archive sha256 17ffdda2ba6929d03dabcce39119e90d4ee10712fdf690885b3d4a5128d3e464. [trait_class=call_parameter] [dietary_guild=Insectivore]
mst-ec488becf1619d,1005015,Artibeus planirostris,exact,yoh-2020,supplied worksheet record BAT02210 (southamerica_amazon_phyllostomid),yoh-2020-release,unspecified,,,,hand_release,,"BR | Central Brazilian Amazon (BDFFP, ~80km N of Manaus)",,,6,60,max_frequency,species_summary,81,,,kHz,,,2,81,definition_unstated,Imported from MASTER_call_records.csv record BAT02210; upload archive sha256 17ffdda2ba6929d03dabcce39119e90d4ee10712fdf690885b3d4a5128d3e464. [trait_class=call_parameter] [dietary_guild=Frugivore]
mst-ee63293b7f314d,1004927,Hsunycteris thomasi,exact,yoh-2020,supplied worksheet record BAT02148 (southamerica_amazon_phyllostomid),yoh-2020-release,unspecified,,,,hand_release,,"BR | Central Brazilian Amazon (BDFFP, ~80km N of Manaus)",,,2,10,duration,species_summary,2.3,,,ms,,,3,2.3 1.9-2.6,definition_unstated,Imported from MASTER_call_records.csv record BAT02148; upload archive sha256 17ffdda2ba6929d03dabcce39119e90d4ee10712fdf690885b3d4a5128d3e464. [trait_class=call_parameter] [dietary_guild=Nectarivore]
mst-efa0c2c6b5eae5,1005093,Sturnira tildae,exact,yoh-2020,supplied worksheet record BAT02275 (southamerica_amazon_phyllostomid),yoh-2020-release,unspecified,,,,hand_release,,"BR | Central Brazilian Amazon (BDFFP, ~80km N of Manaus)",,,5,49,peak_frequency,species_summary,65,,,kHz,,,2,65.0 55.1-72.4,definition_unstated,"Imported from MASTER_call_records.csv record BAT02275; upload archive sha256 17ffdda2ba6929d03dabcce39119e90d4ee10712fdf690885b3d4a5128d3e464. [trait_class=call_parameter] [dietary_guild=Frugivore] | Harmonic 2 of 2 measured. Range in brackets = min-max across pulses, not +/-SD (source gives both; SD in dispersion_value where retrievable)."
mst-f037a3f1b045b6,1004980,Phyllostomus discolor,exact,yoh-2020,supplied worksheet record BAT02068 (southamerica_amazon_phyllostomid),yoh-2020-release,unspecified,,,,hand_release,,"BR | Central Brazilian Amazon (BDFFP, ~80km N of Manaus)",,,5,49,start_frequency,species_summary,75,,,kHz,,,3,75 69-80,definition_unstated,Imported from MASTER_call_records.csv record BAT02068; upload archive sha256 17ffdda2ba6929d03dabcce39119e90d4ee10712fdf690885b3d4a5128d3e464. [trait_class=call_parameter] [dietary_guild=Insectivore]
mst-f0d70aa1eccbb5,1004979,Phylloderma stenops,exact,yoh-2020,supplied worksheet record BAT02050 (southamerica_amazon_phyllostomid),yoh-2020-release,unspecified,,,,hand_release,,"BR | Central Brazilian Amazon (BDFFP, ~80km N of Manaus)",,,3,30,start_frequency,species_summary,77,,,kHz,,,3,77 68-87,definition_unstated,Imported from MASTER_call_records.csv record BAT02050; upload archive sha256 17ffdda2ba6929d03dabcce39119e90d4ee10712fdf690885b3d4a5128d3e464. [trait_class=call_parameter] [dietary_guild=Insectivore]
mst-f1c26abd092dd6,1004981,Phyllostomus elongatus,exact,yoh-2020,supplied worksheet record BAT02080 (southamerica_amazon_phyllostomid),yoh-2020-release,unspecified,,,,hand_release,,"BR | Central Brazilian Amazon (BDFFP, ~80km N of Manaus)",,,5,50,start_frequency,species_summary,68,,,kHz,,,3,68 61-73,definition_unstated,Imported from MASTER_call_records.csv record BAT02080; upload archive sha256 17ffdda2ba6929d03dabcce39119e90d4ee10712fdf690885b3d4a5128d3e464. [trait_class=call_parameter] [dietary_guild=Insectivore]
mst-f34afdb4930fcf,1004877,Carollia perspicillata,exact,yoh-2020,supplied worksheet record BAT02188 (southamerica_amazon_phyllostomid),yoh-2020-release,unspecified,,,,hand_release,,"BR | Central Brazilian Amazon (BDFFP, ~80km N of Manaus)",,,5,50,start_frequency,species_summary,85,,,kHz,,,2,85 75-91,definition_unstated,Imported from MASTER_call_records.csv record BAT02188; upload archive sha256 17ffdda2ba6929d03dabcce39119e90d4ee10712fdf690885b3d4a5128d3e464. [trait_class=call_parameter] [dietary_guild=Frugivore]
mst-f3b6ae971ef82f,1005031,Mesophylla macconnelli,exact,yoh-2020,supplied worksheet record BAT02304 (southamerica_amazon_phyllostomid),yoh-2020-release,unspecified,,,,hand_release,,"BR | Central Brazilian Amazon (BDFFP, ~80km N of Manaus)",,,1,7,duration,species_summary,1.9,,,ms,,,2,1.9 1.9-1.9,definition_unstated,Imported from MASTER_call_records.csv record BAT02304; upload archive sha256 17ffdda2ba6929d03dabcce39119e90d4ee10712fdf690885b3d4a5128d3e464. [trait_class=call_parameter] [dietary_guild=Frugivore]
mst-f47ce5d47b90d5,1004927,Hsunycteris thomasi,exact,yoh-2020,supplied worksheet record BAT02153 (southamerica_amazon_phyllostomid),yoh-2020-release,unspecified,,,,hand_release,,"BR | Central Brazilian Amazon (BDFFP, ~80km N of Manaus)",,,2,20,end_frequency,species_summary,84,,,kHz,,,4,84 73-97,definition_unstated,Imported from MASTER_call_records.csv record BAT02153; upload archive sha256 17ffdda2ba6929d03dabcce39119e90d4ee10712fdf690885b3d4a5128d3e464. [trait_class=call_parameter] [dietary_guild=Nectarivore]
mst-f54760a6a3c113,1004981,Phyllostomus elongatus,exact,yoh-2020,supplied worksheet record BAT02077 (southamerica_amazon_phyllostomid),yoh-2020-release,unspecified,,,,hand_release,,"BR | Central Brazilian Amazon (BDFFP, ~80km N of Manaus)",,,5,50,peak_frequency,species_summary,61,,,kHz,,,3,61 57-66,definition_unstated,"Imported from MASTER_call_records.csv record BAT02077; upload archive sha256 17ffdda2ba6929d03dabcce39119e90d4ee10712fdf690885b3d4a5128d3e464. [trait_class=call_parameter] [dietary_guild=Insectivore] | Harmonic 3 of 2 measured. Range in brackets = min-max across pulses, not +/-SD (source gives both; SD in dispersion_value where retrievable)."
mst-f5ab85f7cd0bdb,1004980,Phyllostomus discolor,exact,yoh-2020,supplied worksheet record BAT02059 (southamerica_amazon_phyllostomid),yoh-2020-release,unspecified,,,,hand_release,,"BR | Central Brazilian Amazon (BDFFP, ~80km N of Manaus)",,,5,50,peak_frequency,species_summary,41,,,kHz,,,2,41 36-44,definition_unstated,"Imported from MASTER_call_records.csv record BAT02059; upload archive sha256 17ffdda2ba6929d03dabcce39119e90d4ee10712fdf690885b3d4a5128d3e464. [trait_class=call_parameter] [dietary_guild=Insectivore] | Harmonic 2 of 3 measured. Range in brackets = min-max across pulses, not +/-SD (source gives both; SD in dispersion_value where retrievable)."
mst-f624d26f37fb80,1004980,Phyllostomus discolor,exact,yoh-2020,supplied worksheet record BAT02074 (southamerica_amazon_phyllostomid),yoh-2020-release,unspecified,,,,hand_release,,"BR | Central Brazilian Amazon (BDFFP, ~80km N of Manaus)",,,5,37,start_frequency,species_summary,88,,,kHz,,,4,88 87-89,definition_unstated,Imported from MASTER_call_records.csv record BAT02074; upload archive sha256 17ffdda2ba6929d03dabcce39119e90d4ee10712fdf690885b3d4a5128d3e464. [trait_class=call_parameter] [dietary_guild=Insectivore]
mst-f65003dd868435,1005013,Artibeus obscurus,exact,yoh-2020,supplied worksheet record BAT02230 (southamerica_amazon_phyllostomid),yoh-2020-release,unspecified,,,,hand_release,,"BR | Central Brazilian Amazon (BDFFP, ~80km N of Manaus)",,,8,58,start_frequency,species_summary,68,,,kHz,,,2,68 66-75,definition_unstated,Imported from MASTER_call_records.csv record BAT02230; upload archive sha256 17ffdda2ba6929d03dabcce39119e90d4ee10712fdf690885b3d4a5128d3e464. [trait_class=call_parameter] [dietary_guild=Frugivore]
mst-f8fc935fc06f91,1004880,Desmodus rotundus,exact,yoh-2020,supplied worksheet record BAT02349 (southamerica_amazon_phyllostomid),yoh-2020-release,unspecified,,,,hand_release,,"BR | Central Brazilian Amazon (BDFFP, ~80km N of Manaus)",,,4,40,min_frequency,species_summary,43,,,kHz,,,2,43,definition_unstated,Imported from MASTER_call_records.csv record BAT02349; upload archive sha256 17ffdda2ba6929d03dabcce39119e90d4ee10712fdf690885b3d4a5128d3e464. [trait_class=call_parameter] [dietary_guild=Sanguivore]
mst-f997ec7766de3c,1004900,Choeroniscus minor,exact,yoh-2020,supplied worksheet record BAT02166 (southamerica_amazon_phyllostomid),yoh-2020-release,unspecified,,,,hand_release,,"BR | Central Brazilian Amazon (BDFFP, ~80km N of Manaus)",,,1,9,duration,species_summary,2.1,,,ms,,,3,2.1 1.8-2.2,definition_unstated,Imported from MASTER_call_records.csv record BAT02166; upload archive sha256 17ffdda2ba6929d03dabcce39119e90d4ee10712fdf690885b3d4a5128d3e464. [trait_class=call_parameter] [dietary_guild=Nectarivore]
mst-fb0c8bec6d57fa,1004972,Lophostoma brasiliense,exact,yoh-2020,supplied worksheet record BAT02004 (southamerica_amazon_phyllostomid),yoh-2020-release,unspecified,,,,hand_release,,"BR | Central Brazilian Amazon (BDFFP, ~80km N of Manaus)",,,2,20,peak_frequency,species_summary,91,,,kHz,,,3,91 86-100,definition_unstated,"Imported from MASTER_call_records.csv record BAT02004; upload archive sha256 17ffdda2ba6929d03dabcce39119e90d4ee10712fdf690885b3d4a5128d3e464. [trait_class=call_parameter] [dietary_guild=Insectivore] | Harmonic 3 of 1 measured. Range in brackets = min-max across pulses, not +/-SD (source gives both; SD in dispersion_value where retrievable)."
mst-fb51b4ac4d29aa,1005056,Uroderma bilobatum,exact,yoh-2020,supplied worksheet record BAT02336 (southamerica_amazon_phyllostomid),yoh-2020-release,unspecified,,,,hand_release,,"BR | Central Brazilian Amazon (BDFFP, ~80km N of Manaus)",,,2,20,max_frequency,species_summary,121,,,kHz,,,3,121,definition_unstated,Imported from MASTER_call_records.csv record BAT02336; upload archive sha256 17ffdda2ba6929d03dabcce39119e90d4ee10712fdf690885b3d4a5128d3e464. [trait_class=call_parameter] [dietary_guild=Frugivore]
mst-fbc2684fe5d5ca,1005027,Chiroderma trinitatum,exact,yoh-2020,supplied worksheet record BAT02319 (southamerica_amazon_phyllostomid),yoh-2020-release,unspecified,,,,hand_release,,"BR | Central Brazilian Amazon (BDFFP, ~80km N of Manaus)",,,2,20,min_frequency,species_summary,71,,,kHz,,,3,71,definition_unstated,Imported from MASTER_call_records.csv record BAT02319; upload archive sha256 17ffdda2ba6929d03dabcce39119e90d4ee10712fdf690885b3d4a5128d3e464. [trait_class=call_parameter] [dietary_guild=Frugivore]
mst-fddeb453e0adae,1004973,Lophostoma carrikeri,exact,yoh-2020,supplied worksheet record BAT02010 (southamerica_amazon_phyllostomid),yoh-2020-release,unspecified,,,,hand_release,,"BR | Central Brazilian Amazon (BDFFP, ~80km N of Manaus)",,,1,10,peak_frequency,species_summary,59,,,kHz,,,2,59 55-61,definition_unstated,"Imported from MASTER_call_records.csv record BAT02010; upload archive sha256 17ffdda2ba6929d03dabcce39119e90d4ee10712fdf690885b3d4a5128d3e464. [trait_class=call_parameter] [dietary_guild=Insectivore] | Harmonic 2 of 1 measured. Range in brackets = min-max across pulses, not +/-SD (source gives both; SD in dispersion_value where retrievable)."
mst-fe7ed6ada348bb,1004981,Phyllostomus elongatus,exact,yoh-2020,supplied worksheet record BAT02085 (southamerica_amazon_phyllostomid),yoh-2020-release,unspecified,,,,hand_release,,"BR | Central Brazilian Amazon (BDFFP, ~80km N of Manaus)",,,5,49,min_frequency,species_summary,57,,,kHz,,,4,57,definition_unstated,Imported from MASTER_call_records.csv record BAT02085; upload archive sha256 17ffdda2ba6929d03dabcce39119e90d4ee10712fdf690885b3d4a5128d3e464. [trait_class=call_parameter] [dietary_guild=Insectivore]
mst-ff200f7bd7fedd,1005012,Artibeus lituratus,exact,yoh-2020,supplied worksheet record BAT02225 (southamerica_amazon_phyllostomid),yoh-2020-release,unspecified,,,,hand_release,,"BR | Central Brazilian Amazon (BDFFP, ~80km N of Manaus)",,,10,99,end_frequency,species_summary,53,,,kHz,,,2,53 36-66,definition_unstated,Imported from MASTER_call_records.csv record BAT02225; upload archive sha256 17ffdda2ba6929d03dabcce39119e90d4ee10712fdf690885b3d4a5128d3e464. [trait_class=call_parameter] [dietary_guild=Frugivore]
mst-ff4ed9a26bc4c1,1004900,Choeroniscus minor,exact,yoh-2020,supplied worksheet record BAT02155 (southamerica_amazon_phyllostomid),yoh-2020-release,unspecified,,,,hand_release,,"BR | Central Brazilian Amazon (BDFFP, ~80km N of Manaus)",,,1,10,peak_frequency,species_summary,41,,,kHz,,,1,41 36-51,definition_unstated,"Imported from MASTER_call_records.csv record BAT02155; upload archive sha256 17ffdda2ba6929d03dabcce39119e90d4ee10712fdf690885b3d4a5128d3e464. [trait_class=call_parameter] [dietary_guild=Nectarivore] | Harmonic 1 of 2 measured. Range in brackets = min-max across pulses, not +/-SD (source gives both; SD in dispersion_value where retrievable)."
mst-ff9f7ac8b98f45,1004967,Trachops cirrhosus,exact,yoh-2020,supplied worksheet record BAT02132 (southamerica_amazon_phyllostomid),yoh-2020-release,unspecified,,,,hand_release,,"BR | Central Brazilian Amazon (BDFFP, ~80km N of Manaus)",,,5,49,max_frequency,species_summary,90,,,kHz,,,2,90,definition_unstated,Imported from MASTER_call_records.csv record BAT02132; upload archive sha256 17ffdda2ba6929d03dabcce39119e90d4ee10712fdf690885b3d4a5128d3e464. [trait_class=call_parameter] [dietary_guild=Insectivore/carnivore]
